
     Program THERMO_PW v.7.3.1 starts on 22May2025 at 18:20:39 

     This program is part of the open-source Quantum ESPRESSO suite
     for quantum simulation of materials; please cite
         "P. Giannozzi et al., J. Phys.:Condens. Matter 21 395502 (2009);
         "P. Giannozzi et al., J. Phys.:Condens. Matter 29 465901 (2017);
         "P. Giannozzi et al., J. Chem. Phys. 152 154105 (2020);
          URL http://www.quantum-espresso.org", 
     in publications or presentations arising from this work. More details at
     http://www.quantum-espresso.org/quote

     Parallel version (MPI), running on     8 processors

     MPI processes distributed on     1 nodes
     K-points division:     npool     =       4
     R & G space division:  proc/nbgrp/npool/nimage =       2
     wavefunctions fft division:  Y-proc x Z-proc =       2      1
     wavefunctions fft division:  task group distribution
                                  #TG    x Z-proc =       2      1
     59893 MiB available memory on the printing compute node when the environment starts

     Reading input from _temporary_1
     file Cs.pbe-spn-rrkjus_psl.1.0.0.UPF: wavefunction(s)  5S 6S renormalized
     file Zn.pbe-spn-kjpaw_psl.1.0.0.UPF: wavefunction(s)  3P 3D renormalized
     file Cl.pbe-n-kjpaw_psl.1.0.0.UPF: wavefunction(s)  3S 3P renormalized

     IMPORTANT: XC functional enforced from input :
     Exchange-correlation= PBE
                           (   1   4   3   4   0   0   0)
     Any further DFT definition will be discarded
     Please, verify this is what you really want


     Point group of the at O_h (m-3m) 


     ibrav=0, please use:

     ibrav=  1,
     celldm(1)=    9.5570599693,

ATOMIC_POSITIONS (alat)
Cs      0.0000000000     0.0000000000     0.0000000000
Zn      0.5000000000     0.5000000000     0.5000000000
Cl      0.5000000000     0.5000000000     0.0000000000
Cl      0.5000000000     0.0000000000     0.5000000000
Cl      0.0000000000     0.5000000000     0.5000000000

   Info: using nr1, nr2, nr3 values from input


     Computing the elastic constants at the minimum volume 

     FFT mesh: (   90,   90,   90 )

     Bravais lattice:

     ibrav=  1: simple cubic
     Cell parameters:

     alat=   9.557060 a.u.


     Starting primitive lattice vectors:
     crystal axes: (cart. coord. in units of alat)

               a(1) = (   1.000000   0.000000   0.000000 )  
               a(2) = (   0.000000   1.000000   0.000000 )  
               a(3) = (   0.000000   0.000000   1.000000 )  

     Starting reciprocal lattice vectors:
     reciprocal axes: (cart. coord. in units 2 pi/alat)

               b(1) = (  1.000000  0.000000  0.000000 )  
               b(2) = (  0.000000  1.000000  0.000000 )  
               b(3) = (  0.000000  0.000000  1.000000 )  

     Starting atomic positions in Cartesian axes:

     site n.     atom                  positions (alat units)
         1        Cs     tau(   1) = (   0.0000000   0.0000000   0.0000000  )
         2        Zn     tau(   2) = (   0.5000000   0.5000000   0.5000000  )
         3        Cl     tau(   3) = (   0.5000000   0.5000000   0.0000000  )
         4        Cl     tau(   4) = (   0.5000000   0.0000000   0.5000000  )
         5        Cl     tau(   5) = (   0.0000000   0.5000000   0.5000000  )

     Starting atomic positions in crystallographic axes:

     site n.     atom                  positions (cryst. coord.)
         1        Cs     tau(   1) = (  0.0000000  0.0000000  0.0000000  )
         2        Zn     tau(   2) = (  0.5000000  0.5000000  0.5000000  )
         3        Cl     tau(   3) = (  0.5000000  0.5000000  0.0000000  )
         4        Cl     tau(   4) = (  0.5000000  0.0000000  0.5000000  )
         5        Cl     tau(   5) = (  0.0000000  0.5000000  0.5000000  )

     The energy minimization will require  9 scf calculations

     The point group 136 O_h (m-3m) is compatible with the Bravais lattice.

     The rotation matrices with the order used inside thermo_pw are:

     48 Sym. Ops., with inversion, found


                          s                  frac. trans.

      isym =  1     identity                                     

 cryst.   s( 1) = (  1    0    0   )
                  (  0    1    0   )
                  (  0    0    1   )

 cart.    s( 1) = (  1.000  0.000  0.000 )
                  (  0.000  1.000  0.000 )
                  (  0.000  0.000  1.000 )


      isym =  2     180 deg rotation - cart. axis [0,0,1]        

 cryst.   s( 2) = ( -1    0    0   )
                  (  0   -1    0   )
                  (  0    0    1   )

 cart.    s( 2) = ( -1.000  0.000  0.000 )
                  (  0.000 -1.000  0.000 )
                  (  0.000  0.000  1.000 )


      isym =  3     180 deg rotation - cart. axis [0,1,0]        

 cryst.   s( 3) = ( -1    0    0   )
                  (  0    1    0   )
                  (  0    0   -1   )

 cart.    s( 3) = ( -1.000  0.000  0.000 )
                  (  0.000  1.000  0.000 )
                  (  0.000  0.000 -1.000 )


      isym =  4     180 deg rotation - cart. axis [1,0,0]        

 cryst.   s( 4) = (  1    0    0   )
                  (  0   -1    0   )
                  (  0    0   -1   )

 cart.    s( 4) = (  1.000  0.000  0.000 )
                  (  0.000 -1.000  0.000 )
                  (  0.000  0.000 -1.000 )


      isym =  5     180 deg rotation - cart. axis [1,1,0]        

 cryst.   s( 5) = (  0    1    0   )
                  (  1    0    0   )
                  (  0    0   -1   )

 cart.    s( 5) = (  0.000  1.000  0.000 )
                  (  1.000  0.000  0.000 )
                  (  0.000  0.000 -1.000 )


      isym =  6     180 deg rotation - cart. axis [1,-1,0]       

 cryst.   s( 6) = (  0   -1    0   )
                  ( -1    0    0   )
                  (  0    0   -1   )

 cart.    s( 6) = (  0.000 -1.000  0.000 )
                  ( -1.000  0.000  0.000 )
                  (  0.000  0.000 -1.000 )


      isym =  7      90 deg rotation - cart. axis [0,0,-1]       

 cryst.   s( 7) = (  0   -1    0   )
                  (  1    0    0   )
                  (  0    0    1   )

 cart.    s( 7) = (  0.000  1.000  0.000 )
                  ( -1.000  0.000  0.000 )
                  (  0.000  0.000  1.000 )


      isym =  8      90 deg rotation - cart. axis [0,0,1]        

 cryst.   s( 8) = (  0    1    0   )
                  ( -1    0    0   )
                  (  0    0    1   )

 cart.    s( 8) = (  0.000 -1.000  0.000 )
                  (  1.000  0.000  0.000 )
                  (  0.000  0.000  1.000 )


      isym =  9     180 deg rotation - cart. axis [1,0,1]        

 cryst.   s( 9) = (  0    0    1   )
                  (  0   -1    0   )
                  (  1    0    0   )

 cart.    s( 9) = (  0.000  0.000  1.000 )
                  (  0.000 -1.000  0.000 )
                  (  1.000  0.000  0.000 )


      isym = 10     180 deg rotation - cart. axis [-1,0,1]       

 cryst.   s(10) = (  0    0   -1   )
                  (  0   -1    0   )
                  ( -1    0    0   )

 cart.    s(10) = (  0.000  0.000 -1.000 )
                  (  0.000 -1.000  0.000 )
                  ( -1.000  0.000  0.000 )


      isym = 11      90 deg rotation - cart. axis [0,1,0]        

 cryst.   s(11) = (  0    0   -1   )
                  (  0    1    0   )
                  (  1    0    0   )

 cart.    s(11) = (  0.000  0.000  1.000 )
                  (  0.000  1.000  0.000 )
                  ( -1.000  0.000  0.000 )


      isym = 12      90 deg rotation - cart. axis [0,-1,0]       

 cryst.   s(12) = (  0    0    1   )
                  (  0    1    0   )
                  ( -1    0    0   )

 cart.    s(12) = (  0.000  0.000 -1.000 )
                  (  0.000  1.000  0.000 )
                  (  1.000  0.000  0.000 )


      isym = 13     180 deg rotation - cart. axis [0,1,1]        

 cryst.   s(13) = ( -1    0    0   )
                  (  0    0    1   )
                  (  0    1    0   )

 cart.    s(13) = ( -1.000  0.000  0.000 )
                  (  0.000  0.000  1.000 )
                  (  0.000  1.000  0.000 )


      isym = 14     180 deg rotation - cart. axis [0,1,-1]       

 cryst.   s(14) = ( -1    0    0   )
                  (  0    0   -1   )
                  (  0   -1    0   )

 cart.    s(14) = ( -1.000  0.000  0.000 )
                  (  0.000  0.000 -1.000 )
                  (  0.000 -1.000  0.000 )


      isym = 15      90 deg rotation - cart. axis [-1,0,0]       

 cryst.   s(15) = (  1    0    0   )
                  (  0    0   -1   )
                  (  0    1    0   )

 cart.    s(15) = (  1.000  0.000  0.000 )
                  (  0.000  0.000  1.000 )
                  (  0.000 -1.000  0.000 )


      isym = 16      90 deg rotation - cart. axis [1,0,0]        

 cryst.   s(16) = (  1    0    0   )
                  (  0    0    1   )
                  (  0   -1    0   )

 cart.    s(16) = (  1.000  0.000  0.000 )
                  (  0.000  0.000 -1.000 )
                  (  0.000  1.000  0.000 )


      isym = 17     120 deg rotation - cart. axis [-1,-1,-1]     

 cryst.   s(17) = (  0    0    1   )
                  (  1    0    0   )
                  (  0    1    0   )

 cart.    s(17) = (  0.000  1.000  0.000 )
                  (  0.000  0.000  1.000 )
                  (  1.000  0.000  0.000 )


      isym = 18     120 deg rotation - cart. axis [-1,1,1]       

 cryst.   s(18) = (  0    0   -1   )
                  ( -1    0    0   )
                  (  0    1    0   )

 cart.    s(18) = (  0.000 -1.000  0.000 )
                  (  0.000  0.000  1.000 )
                  ( -1.000  0.000  0.000 )


      isym = 19     120 deg rotation - cart. axis [1,1,-1]       

 cryst.   s(19) = (  0    0   -1   )
                  (  1    0    0   )
                  (  0   -1    0   )

 cart.    s(19) = (  0.000  1.000  0.000 )
                  (  0.000  0.000 -1.000 )
                  ( -1.000  0.000  0.000 )


      isym = 20     120 deg rotation - cart. axis [1,-1,1]       

 cryst.   s(20) = (  0    0    1   )
                  ( -1    0    0   )
                  (  0   -1    0   )

 cart.    s(20) = (  0.000 -1.000  0.000 )
                  (  0.000  0.000 -1.000 )
                  (  1.000  0.000  0.000 )


      isym = 21     120 deg rotation - cart. axis [1,1,1]        

 cryst.   s(21) = (  0    1    0   )
                  (  0    0    1   )
                  (  1    0    0   )

 cart.    s(21) = (  0.000  0.000  1.000 )
                  (  1.000  0.000  0.000 )
                  (  0.000  1.000  0.000 )


      isym = 22     120 deg rotation - cart. axis [-1,1,-1]      

 cryst.   s(22) = (  0   -1    0   )
                  (  0    0   -1   )
                  (  1    0    0   )

 cart.    s(22) = (  0.000  0.000  1.000 )
                  ( -1.000  0.000  0.000 )
                  (  0.000 -1.000  0.000 )


      isym = 23     120 deg rotation - cart. axis [1,-1,-1]      

 cryst.   s(23) = (  0   -1    0   )
                  (  0    0    1   )
                  ( -1    0    0   )

 cart.    s(23) = (  0.000  0.000 -1.000 )
                  ( -1.000  0.000  0.000 )
                  (  0.000  1.000  0.000 )


      isym = 24     120 deg rotation - cart. axis [-1,-1,1]      

 cryst.   s(24) = (  0    1    0   )
                  (  0    0   -1   )
                  ( -1    0    0   )

 cart.    s(24) = (  0.000  0.000 -1.000 )
                  (  1.000  0.000  0.000 )
                  (  0.000 -1.000  0.000 )


      isym = 25     inversion                                    

 cryst.   s(25) = ( -1    0    0   )
                  (  0   -1    0   )
                  (  0    0   -1   )

 cart.    s(25) = ( -1.000  0.000  0.000 )
                  (  0.000 -1.000  0.000 )
                  (  0.000  0.000 -1.000 )


      isym = 26     inv. 180 deg rotation - cart. axis [0,0,1]   

 cryst.   s(26) = (  1    0    0   )
                  (  0    1    0   )
                  (  0    0   -1   )

 cart.    s(26) = (  1.000  0.000  0.000 )
                  (  0.000  1.000  0.000 )
                  (  0.000  0.000 -1.000 )


      isym = 27     inv. 180 deg rotation - cart. axis [0,1,0]   

 cryst.   s(27) = (  1    0    0   )
                  (  0   -1    0   )
                  (  0    0    1   )

 cart.    s(27) = (  1.000  0.000  0.000 )
                  (  0.000 -1.000  0.000 )
                  (  0.000  0.000  1.000 )


      isym = 28     inv. 180 deg rotation - cart. axis [1,0,0]   

 cryst.   s(28) = ( -1    0    0   )
                  (  0    1    0   )
                  (  0    0    1   )

 cart.    s(28) = ( -1.000  0.000  0.000 )
                  (  0.000  1.000  0.000 )
                  (  0.000  0.000  1.000 )


      isym = 29     inv. 180 deg rotation - cart. axis [1,1,0]   

 cryst.   s(29) = (  0   -1    0   )
                  ( -1    0    0   )
                  (  0    0    1   )

 cart.    s(29) = (  0.000 -1.000  0.000 )
                  ( -1.000  0.000  0.000 )
                  (  0.000  0.000  1.000 )


      isym = 30     inv. 180 deg rotation - cart. axis [1,-1,0]  

 cryst.   s(30) = (  0    1    0   )
                  (  1    0    0   )
                  (  0    0    1   )

 cart.    s(30) = (  0.000  1.000  0.000 )
                  (  1.000  0.000  0.000 )
                  (  0.000  0.000  1.000 )


      isym = 31     inv.  90 deg rotation - cart. axis [0,0,-1]  

 cryst.   s(31) = (  0    1    0   )
                  ( -1    0    0   )
                  (  0    0   -1   )

 cart.    s(31) = (  0.000 -1.000  0.000 )
                  (  1.000  0.000  0.000 )
                  (  0.000  0.000 -1.000 )


      isym = 32     inv.  90 deg rotation - cart. axis [0,0,1]   

 cryst.   s(32) = (  0   -1    0   )
                  (  1    0    0   )
                  (  0    0   -1   )

 cart.    s(32) = (  0.000  1.000  0.000 )
                  ( -1.000  0.000  0.000 )
                  (  0.000  0.000 -1.000 )


      isym = 33     inv. 180 deg rotation - cart. axis [1,0,1]   

 cryst.   s(33) = (  0    0   -1   )
                  (  0    1    0   )
                  ( -1    0    0   )

 cart.    s(33) = (  0.000  0.000 -1.000 )
                  (  0.000  1.000  0.000 )
                  ( -1.000  0.000  0.000 )


      isym = 34     inv. 180 deg rotation - cart. axis [-1,0,1]  

 cryst.   s(34) = (  0    0    1   )
                  (  0    1    0   )
                  (  1    0    0   )

 cart.    s(34) = (  0.000  0.000  1.000 )
                  (  0.000  1.000  0.000 )
                  (  1.000  0.000  0.000 )


      isym = 35     inv.  90 deg rotation - cart. axis [0,1,0]   

 cryst.   s(35) = (  0    0    1   )
                  (  0   -1    0   )
                  ( -1    0    0   )

 cart.    s(35) = (  0.000  0.000 -1.000 )
                  (  0.000 -1.000  0.000 )
                  (  1.000  0.000  0.000 )


      isym = 36     inv.  90 deg rotation - cart. axis [0,-1,0]  

 cryst.   s(36) = (  0    0   -1   )
                  (  0   -1    0   )
                  (  1    0    0   )

 cart.    s(36) = (  0.000  0.000  1.000 )
                  (  0.000 -1.000  0.000 )
                  ( -1.000  0.000  0.000 )


      isym = 37     inv. 180 deg rotation - cart. axis [0,1,1]   

 cryst.   s(37) = (  1    0    0   )
                  (  0    0   -1   )
                  (  0   -1    0   )

 cart.    s(37) = (  1.000  0.000  0.000 )
                  (  0.000  0.000 -1.000 )
                  (  0.000 -1.000  0.000 )


      isym = 38     inv. 180 deg rotation - cart. axis [0,1,-1]  

 cryst.   s(38) = (  1    0    0   )
                  (  0    0    1   )
                  (  0    1    0   )

 cart.    s(38) = (  1.000  0.000  0.000 )
                  (  0.000  0.000  1.000 )
                  (  0.000  1.000  0.000 )


      isym = 39     inv.  90 deg rotation - cart. axis [-1,0,0]  

 cryst.   s(39) = ( -1    0    0   )
                  (  0    0    1   )
                  (  0   -1    0   )

 cart.    s(39) = ( -1.000  0.000  0.000 )
                  (  0.000  0.000 -1.000 )
                  (  0.000  1.000  0.000 )


      isym = 40     inv.  90 deg rotation - cart. axis [1,0,0]   

 cryst.   s(40) = ( -1    0    0   )
                  (  0    0   -1   )
                  (  0    1    0   )

 cart.    s(40) = ( -1.000  0.000  0.000 )
                  (  0.000  0.000  1.000 )
                  (  0.000 -1.000  0.000 )


      isym = 41     inv. 120 deg rotation - cart. axis [-1,-1,-1]

 cryst.   s(41) = (  0    0   -1   )
                  ( -1    0    0   )
                  (  0   -1    0   )

 cart.    s(41) = (  0.000 -1.000  0.000 )
                  (  0.000  0.000 -1.000 )
                  ( -1.000  0.000  0.000 )


      isym = 42     inv. 120 deg rotation - cart. axis [-1,1,1]  

 cryst.   s(42) = (  0    0    1   )
                  (  1    0    0   )
                  (  0   -1    0   )

 cart.    s(42) = (  0.000  1.000  0.000 )
                  (  0.000  0.000 -1.000 )
                  (  1.000  0.000  0.000 )


      isym = 43     inv. 120 deg rotation - cart. axis [1,1,-1]  

 cryst.   s(43) = (  0    0    1   )
                  ( -1    0    0   )
                  (  0    1    0   )

 cart.    s(43) = (  0.000 -1.000  0.000 )
                  (  0.000  0.000  1.000 )
                  (  1.000  0.000  0.000 )


      isym = 44     inv. 120 deg rotation - cart. axis [1,-1,1]  

 cryst.   s(44) = (  0    0   -1   )
                  (  1    0    0   )
                  (  0    1    0   )

 cart.    s(44) = (  0.000  1.000  0.000 )
                  (  0.000  0.000  1.000 )
                  ( -1.000  0.000  0.000 )


      isym = 45     inv. 120 deg rotation - cart. axis [1,1,1]   

 cryst.   s(45) = (  0   -1    0   )
                  (  0    0   -1   )
                  ( -1    0    0   )

 cart.    s(45) = (  0.000  0.000 -1.000 )
                  ( -1.000  0.000  0.000 )
                  (  0.000 -1.000  0.000 )


      isym = 46     inv. 120 deg rotation - cart. axis [-1,1,-1] 

 cryst.   s(46) = (  0    1    0   )
                  (  0    0    1   )
                  ( -1    0    0   )

 cart.    s(46) = (  0.000  0.000 -1.000 )
                  (  1.000  0.000  0.000 )
                  (  0.000  1.000  0.000 )


      isym = 47     inv. 120 deg rotation - cart. axis [1,-1,-1] 

 cryst.   s(47) = (  0    1    0   )
                  (  0    0   -1   )
                  (  1    0    0   )

 cart.    s(47) = (  0.000  0.000  1.000 )
                  (  1.000  0.000  0.000 )
                  (  0.000 -1.000  0.000 )


      isym = 48     inv. 120 deg rotation - cart. axis [-1,-1,1] 

 cryst.   s(48) = (  0   -1    0   )
                  (  0    0    1   )
                  (  1    0    0   )

 cart.    s(48) = (  0.000  0.000  1.000 )
                  ( -1.000  0.000  0.000 )
                  (  0.000  1.000  0.000 )


     point group O_h (m-3m) 
     there are 10 classes
     the character table:

       E     8C3   3C2   6C4   6C2'  i     8S6   3s_h  6S4   6s_d 
A_1g   1.00  1.00  1.00  1.00  1.00  1.00  1.00  1.00  1.00  1.00
A_2g   1.00  1.00  1.00 -1.00 -1.00  1.00  1.00  1.00 -1.00 -1.00
E_g    2.00 -1.00  2.00  0.00  0.00  2.00 -1.00  2.00  0.00  0.00
T_1g   3.00  0.00 -1.00  1.00 -1.00  3.00  0.00 -1.00  1.00 -1.00
T_2g   3.00  0.00 -1.00 -1.00  1.00  3.00  0.00 -1.00 -1.00  1.00
A_1u   1.00  1.00  1.00  1.00  1.00 -1.00 -1.00 -1.00 -1.00 -1.00
A_2u   1.00  1.00  1.00 -1.00 -1.00 -1.00 -1.00 -1.00  1.00  1.00
E_u    2.00 -1.00  2.00  0.00  0.00 -2.00  1.00 -2.00  0.00  0.00
T_1u   3.00  0.00 -1.00  1.00 -1.00 -3.00  0.00  1.00 -1.00  1.00
T_2u   3.00  0.00 -1.00 -1.00  1.00 -3.00  0.00  1.00  1.00 -1.00

     the symmetry operations in each class and the name of the first element:

     E        1
          identity                                               
     8C3     17   19   20   18   24   21   22   23
          120 deg rotation - cart. axis [-1,-1,-1]               
     3C2      2    4    3
          180 deg rotation - cart. axis [0,0,1]                  
     6C4      7    8   15   16   12   11
           90 deg rotation - cart. axis [0,0,-1]                 
     6C2'     5    6   14   13   10    9
          180 deg rotation - cart. axis [1,1,0]                  
     i       25
          inversion                                              
     8S6     41   43   44   42   48   45   46   47
          inv. 120 deg rotation - cart. axis [-1,-1,-1]          
     3s_h    26   28   27
          inv. 180 deg rotation - cart. axis [0,0,1]             
     6S4     31   32   39   40   36   35
          inv.  90 deg rotation - cart. axis [0,0,-1]            
     6s_d    29   30   38   37   34   33
          inv. 180 deg rotation - cart. axis [1,1,0]             

     Space group identification,  48 symmetries:

     Bravais lattice   1  simple cubic                            
     Point group number  32 / 136  O_h (m-3m)

     Nonsymmorphic operations not found: All fractional translations vanish
     Symmetries of the point group in standard order

        1       E   1
        2      2x   4
        3      2y   3
        4      2z   2
        5    3xyz  21
        6  3x-y-z  23
        7  3-xy-z  22
        8  3-x-yz  24
        9 3-x-y-z  17
       10   3-xyz  18
       11   3x-yz  20
       12   3xy-z  19
       13     4-x  15
       14      4x  16
       15     4-y  12
       16      4y  11
       17     4-z   7
       18      4z   8
       19    2y-z  14
       20     2yz  13
       21    2x-z  10
       22     2xz   9
       23    2x-y   6
       24     2xy   5
       25       i  33
       26     i2x  36
       27     i2y  35
       28     i2z  34
       29   i3xyz  53
       30 i3x-y-z  55
       31 i3-xy-z  54
       32 i3-x-yz  56
       33i3-x-y-z  49
       34  i3-xyz  50
       35  i3x-yz  52
       36  i3xy-z  51
       37    i4-x  47
       38     i4x  48
       39    i4-y  44
       40     i4y  43
       41    i4-z  39
       42     i4z  40
       43   i2y-z  46
       44    i2yz  45
       45   i2x-z  42
       46    i2xz  41
       47   i2x-y  38
       48    i2xy  37


     Space group number  221

     Space group Pm-3m   (group number 221).
     The origin coincides with the ITA tables.

     The Laue class is O_h (m-3m) 

     In this class the elastic tensor is

     ( c11  c12  c12   .    .    .  )
     ( c12  c11  c12   .    .    .  )
     ( c12  c12  c11   .    .    .  )
     (  .    .    .   c44   .    .  )
     (  .    .    .    .   c44   .  )
     (  .    .    .    .    .   c44 )

     It requires two strains: e1 and e4
     for a total of  8 scf calculations

     ----------------------------------------------------------------------
     Ions are relaxed in each calculation
     ----------------------------------------------------------------------

     Total mass of this unit cell        304.6445 a.m.u.
     Density of this solid                3910.80 kg/m^3         3.9108 g/cm^3

  ++++++++++++++++++++++++++++++++++++++++++++++++++++++++++++++++++++++++++++
     Doing work    1 /     9
  ++++++++++++++++++++++++++++++++++++++++++++++++++++++++++++++++++++++++++++


     Current dimensions of program PWSCF are:
     Max number of different atomic species (ntypx) = 10
     Max number of k-points (npk) = 120000
     Max angular momentum in pseudopotentials (lmaxx) =  4

     WARNING: check_stop already initialized

     K-points division:     npool     =       4
     R & G space division:  proc/nbgrp/npool/nimage =       2
     wavefunctions fft division:  Y-proc x Z-proc =       2      1
     wavefunctions fft division:  task group distribution
                                  #TG    x Z-proc =       2      1
     Subspace diagonalization in iterative solution of the eigenvalue problem:
     a serial algorithm will be used


     Parallelization info
     --------------------
     sticks:   dense  smooth     PW     G-vecs:    dense   smooth      PW
     Min        2784    1389    387               156543    55349    8184
     Max        2797    1396    390               156730    55350    8191
     Sum        5581    2785    777               313273   110699   16375

     Using Pencil Decomposition



     bravais-lattice index     =            1
     lattice parameter (alat)  =       9.3571  a.u.
     unit-cell volume          =     819.2534 (a.u.)^3
     number of atoms/cell      =            5
     number of atomic types    =            3
     number of electrons       =        50.00
     number of Kohn-Sham states=           30
     kinetic-energy cutoff     =     100.0000  Ry
     charge density cutoff     =     800.0000  Ry
     scf convergence threshold =      1.0E-10
     mixing beta               =       0.3000
     number of iterations used =            8  plain     mixing
     energy convergence thresh.=      1.0E-05
     force convergence thresh. =      1.0E-03
     Exchange-correlation= PBE
                           (   1   4   3   4   0   0   0)
     nstep                     =           20


     celldm(1)=   9.357060  celldm(2)=   0.000000  celldm(3)=   0.000000
     celldm(4)=   0.000000  celldm(5)=   0.000000  celldm(6)=   0.000000

     crystal axes: (cart. coord. in units of alat)
               a(1) = (   1.000000   0.000000   0.000000 )  
               a(2) = (   0.000000   1.000000   0.000000 )  
               a(3) = (   0.000000   0.000000   1.000000 )  

     reciprocal axes: (cart. coord. in units 2 pi/alat)
               b(1) = (  1.000000  0.000000  0.000000 )  
               b(2) = (  0.000000  1.000000  0.000000 )  
               b(3) = (  0.000000  0.000000  1.000000 )  


     PseudoPot. # 1 for Cs read from file:
     /home/administrator/Downloads/BURAI/BURAI1.3/pseudopot/Cs.pbe-spn-rrkjus_psl.1.0.0.UPF
     MD5 check sum: 0e4a2db85f86c9a13762b1b689b65a6d
     Pseudo is Ultrasoft + core correction, Zval =  9.0
     Generated using "atomic" code by A. Dal Corso  v.5.1.2
     Using radial grid of 1251 points,  9 beta functions with: 
                l(1) =   0
                l(2) =   0
                l(3) =   0
                l(4) =   1
                l(5) =   1
                l(6) =   2
                l(7) =   2
                l(8) =   3
                l(9) =   3
     Q(r) pseudized with 0 coefficients 


     PseudoPot. # 2 for Zn read from file:
     /home/administrator/Downloads/BURAI/BURAI1.3/pseudopot/Zn.pbe-spn-kjpaw_psl.1.0.0.UPF
     MD5 check sum: 9ae49ce97c5e3111e3f06ee7e23c2246
     Pseudo is Projector augmented-wave + core cor, Zval = 20.0
     Generated using "atomic" code by A. Dal Corso  v.5.1.2
     Shape of augmentation charge: PSQ
     Using radial grid of 1201 points,  6 beta functions with: 
                l(1) =   0
                l(2) =   0
                l(3) =   1
                l(4) =   1
                l(5) =   2
                l(6) =   2
     Q(r) pseudized with 0 coefficients 


     PseudoPot. # 3 for Cl read from file:
     /home/administrator/Downloads/BURAI/BURAI1.3/pseudopot/Cl.pbe-n-kjpaw_psl.1.0.0.UPF
     MD5 check sum: d11ac872591ccaf6ebdc6d6d0c764b72
     Pseudo is Projector augmented-wave + core cor, Zval =  7.0
     Generated using "atomic" code by A. Dal Corso  v.5.1.2
     Shape of augmentation charge: PSQ
     Using radial grid of 1157 points,  6 beta functions with: 
                l(1) =   0
                l(2) =   0
                l(3) =   1
                l(4) =   1
                l(5) =   2
                l(6) =   2
     Q(r) pseudized with 0 coefficients 


     atomic species   valence    mass     pseudopotential
     Cs                9.00   132.90550     Cs( 1.00)
     Zn               20.00    65.38000     Zn( 1.00)
     Cl                7.00    35.45300     Cl( 1.00)

     48 Sym. Ops., with inversion, found



   Cartesian axes

     site n.     atom                  positions (alat units)
         1        Cs     tau(   1) = (   0.0000000   0.0000000   0.0000000  )
         2        Zn     tau(   2) = (   0.5000000   0.5000000   0.5000000  )
         3        Cl     tau(   3) = (   0.5000000   0.5000000   0.0000000  )
         4        Cl     tau(   4) = (   0.5000000   0.0000000   0.5000000  )
         5        Cl     tau(   5) = (   0.0000000   0.5000000   0.5000000  )

     number of k points=    56  Gaussian smearing, width (Ry)=  0.0050
                       cart. coord. in units 2pi/alat
        k(    1) = (   0.0000000   0.0000000   0.0000000), wk =   0.0020000
        k(    2) = (   0.0000000   0.0000000   0.1000000), wk =   0.0120000
        k(    3) = (   0.0000000   0.0000000   0.2000000), wk =   0.0120000
        k(    4) = (   0.0000000   0.0000000   0.3000000), wk =   0.0120000
        k(    5) = (   0.0000000   0.0000000   0.4000000), wk =   0.0120000
        k(    6) = (   0.0000000   0.0000000  -0.5000000), wk =   0.0060000
        k(    7) = (   0.0000000   0.1000000   0.1000000), wk =   0.0240000
        k(    8) = (   0.0000000   0.1000000   0.2000000), wk =   0.0480000
        k(    9) = (   0.0000000   0.1000000   0.3000000), wk =   0.0480000
        k(   10) = (   0.0000000   0.1000000   0.4000000), wk =   0.0480000
        k(   11) = (   0.0000000   0.1000000  -0.5000000), wk =   0.0240000
        k(   12) = (   0.0000000   0.2000000   0.2000000), wk =   0.0240000
        k(   13) = (   0.0000000   0.2000000   0.3000000), wk =   0.0480000
        k(   14) = (   0.0000000   0.2000000   0.4000000), wk =   0.0480000
        k(   15) = (   0.0000000   0.2000000  -0.5000000), wk =   0.0240000
        k(   16) = (   0.0000000   0.3000000   0.3000000), wk =   0.0240000
        k(   17) = (   0.0000000   0.3000000   0.4000000), wk =   0.0480000
        k(   18) = (   0.0000000   0.3000000  -0.5000000), wk =   0.0240000
        k(   19) = (   0.0000000   0.4000000   0.4000000), wk =   0.0240000
        k(   20) = (   0.0000000   0.4000000  -0.5000000), wk =   0.0240000
        k(   21) = (   0.0000000  -0.5000000  -0.5000000), wk =   0.0060000
        k(   22) = (   0.1000000   0.1000000   0.1000000), wk =   0.0160000
        k(   23) = (   0.1000000   0.1000000   0.2000000), wk =   0.0480000
        k(   24) = (   0.1000000   0.1000000   0.3000000), wk =   0.0480000
        k(   25) = (   0.1000000   0.1000000   0.4000000), wk =   0.0480000
        k(   26) = (   0.1000000   0.1000000  -0.5000000), wk =   0.0240000
        k(   27) = (   0.1000000   0.2000000   0.2000000), wk =   0.0480000
        k(   28) = (   0.1000000   0.2000000   0.3000000), wk =   0.0960000
        k(   29) = (   0.1000000   0.2000000   0.4000000), wk =   0.0960000
        k(   30) = (   0.1000000   0.2000000  -0.5000000), wk =   0.0480000
        k(   31) = (   0.1000000   0.3000000   0.3000000), wk =   0.0480000
        k(   32) = (   0.1000000   0.3000000   0.4000000), wk =   0.0960000
        k(   33) = (   0.1000000   0.3000000  -0.5000000), wk =   0.0480000
        k(   34) = (   0.1000000   0.4000000   0.4000000), wk =   0.0480000
        k(   35) = (   0.1000000   0.4000000  -0.5000000), wk =   0.0480000
        k(   36) = (   0.1000000  -0.5000000  -0.5000000), wk =   0.0120000
        k(   37) = (   0.2000000   0.2000000   0.2000000), wk =   0.0160000
        k(   38) = (   0.2000000   0.2000000   0.3000000), wk =   0.0480000
        k(   39) = (   0.2000000   0.2000000   0.4000000), wk =   0.0480000
        k(   40) = (   0.2000000   0.2000000  -0.5000000), wk =   0.0240000
        k(   41) = (   0.2000000   0.3000000   0.3000000), wk =   0.0480000
        k(   42) = (   0.2000000   0.3000000   0.4000000), wk =   0.0960000
        k(   43) = (   0.2000000   0.3000000  -0.5000000), wk =   0.0480000
        k(   44) = (   0.2000000   0.4000000   0.4000000), wk =   0.0480000
        k(   45) = (   0.2000000   0.4000000  -0.5000000), wk =   0.0480000
        k(   46) = (   0.2000000  -0.5000000  -0.5000000), wk =   0.0120000
        k(   47) = (   0.3000000   0.3000000   0.3000000), wk =   0.0160000
        k(   48) = (   0.3000000   0.3000000   0.4000000), wk =   0.0480000
        k(   49) = (   0.3000000   0.3000000  -0.5000000), wk =   0.0240000
        k(   50) = (   0.3000000   0.4000000   0.4000000), wk =   0.0480000
        k(   51) = (   0.3000000   0.4000000  -0.5000000), wk =   0.0480000
        k(   52) = (   0.3000000  -0.5000000  -0.5000000), wk =   0.0120000
        k(   53) = (   0.4000000   0.4000000   0.4000000), wk =   0.0160000
        k(   54) = (   0.4000000   0.4000000  -0.5000000), wk =   0.0240000
        k(   55) = (   0.4000000  -0.5000000  -0.5000000), wk =   0.0120000
        k(   56) = (  -0.5000000  -0.5000000  -0.5000000), wk =   0.0020000

     Dense  grid:   313273 G-vectors     FFT dimensions: (  90,  90,  90)

     Smooth grid:   110699 G-vectors     FFT dimensions: (  60,  60,  60)

     Estimated max dynamical RAM per process >     546.57 MB

     Estimated total dynamical RAM >       4.05 GB

     Initial potential from superposition of free atoms

     starting charge      49.9591, renormalised to      50.0000
     Starting wfcs are   27 randomized atomic wfcs +    3 random wfcs
     Checking if some PAW data can be deallocated... 

     total cpu time spent up to now is       10.4 secs

     Self-consistent Calculation

     iteration #  1     ecut=   100.00 Ry     beta= 0.30
     Davidson diagonalization with overlap
     ethr =  1.00E-02,  avg # of iterations =  6.8

     Threshold (ethr) on eigenvalues was too large:
     Diagonalizing with lowered threshold

     Davidson diagonalization with overlap
     ethr =  5.31E-04,  avg # of iterations =  2.8

     total cpu time spent up to now is       53.7 secs

     total energy              =    -842.51743086 Ry
     estimated scf accuracy    <       0.24092735 Ry

     iteration #  2     ecut=   100.00 Ry     beta= 0.30
     Davidson diagonalization with overlap
     ethr =  4.82E-04,  avg # of iterations =  2.1

     total cpu time spent up to now is       74.6 secs

     total energy              =    -842.53050735 Ry
     estimated scf accuracy    <       0.03992791 Ry

     iteration #  3     ecut=   100.00 Ry     beta= 0.30
     Davidson diagonalization with overlap
     ethr =  7.99E-05,  avg # of iterations =  9.1

     total cpu time spent up to now is      101.1 secs

     total energy              =    -842.53734594 Ry
     estimated scf accuracy    <       0.00553544 Ry

     iteration #  4     ecut=   100.00 Ry     beta= 0.30
     Davidson diagonalization with overlap
     c_bands:  1 eigenvalues not converged
     ethr =  1.11E-05,  avg # of iterations =  7.6

     total cpu time spent up to now is      127.3 secs

     total energy              =    -842.53828994 Ry
     estimated scf accuracy    <       0.00117729 Ry

     iteration #  5     ecut=   100.00 Ry     beta= 0.30
     Davidson diagonalization with overlap
     c_bands:  1 eigenvalues not converged
     ethr =  2.35E-06,  avg # of iterations =  8.2

     total cpu time spent up to now is      153.6 secs

     total energy              =    -842.53851418 Ry
     estimated scf accuracy    <       0.00007984 Ry

     iteration #  6     ecut=   100.00 Ry     beta= 0.30
     Davidson diagonalization with overlap
     c_bands:  1 eigenvalues not converged
     ethr =  1.60E-07,  avg # of iterations =  5.3

     total cpu time spent up to now is      179.0 secs

     total energy              =    -842.53853998 Ry
     estimated scf accuracy    <       0.00002245 Ry

     iteration #  7     ecut=   100.00 Ry     beta= 0.30
     Davidson diagonalization with overlap
     ethr =  4.49E-08,  avg # of iterations =  2.3

     total cpu time spent up to now is      200.7 secs

     total energy              =    -842.53854532 Ry
     estimated scf accuracy    <       0.00000088 Ry

     iteration #  8     ecut=   100.00 Ry     beta= 0.30
     Davidson diagonalization with overlap
     ethr =  1.76E-09,  avg # of iterations =  6.0

     total cpu time spent up to now is      229.1 secs

     total energy              =    -842.53854667 Ry
     estimated scf accuracy    <       0.00000080 Ry

     iteration #  9     ecut=   100.00 Ry     beta= 0.30
     Davidson diagonalization with overlap
     ethr =  1.60E-09,  avg # of iterations =  2.0

     total cpu time spent up to now is      249.9 secs

     total energy              =    -842.53854714 Ry
     estimated scf accuracy    <       0.00000006 Ry

     iteration # 10     ecut=   100.00 Ry     beta= 0.30
     Davidson diagonalization with overlap
     ethr =  1.21E-10,  avg # of iterations =  4.2

     total cpu time spent up to now is      274.5 secs

     total energy              =    -842.53854732 Ry
     estimated scf accuracy    <       0.00000005 Ry

     iteration # 11     ecut=   100.00 Ry     beta= 0.30
     Davidson diagonalization with overlap
     ethr =  1.09E-10,  avg # of iterations =  2.0

     total cpu time spent up to now is      295.4 secs

     total energy              =    -842.53854741 Ry
     estimated scf accuracy    <          1.7E-09 Ry

     iteration # 12     ecut=   100.00 Ry     beta= 0.30
     Davidson diagonalization with overlap
     ethr =  3.31E-12,  avg # of iterations =  7.3

     total cpu time spent up to now is      325.7 secs

     total energy              =    -842.53854745 Ry
     estimated scf accuracy    <          3.6E-10 Ry

     iteration # 13     ecut=   100.00 Ry     beta= 0.30
     Davidson diagonalization with overlap
     ethr =  7.20E-13,  avg # of iterations =  2.7

     total cpu time spent up to now is      348.9 secs

     total energy              =    -842.53854747 Ry
     estimated scf accuracy    <          1.6E-10 Ry

     iteration # 14     ecut=   100.00 Ry     beta= 0.30
     Davidson diagonalization with overlap
     ethr =  3.21E-13,  avg # of iterations =  2.4

     total cpu time spent up to now is      370.2 secs

     End of self-consistent calculation

          k = 0.0000 0.0000 0.0000 ( 13805 PWs)   bands (ev):

  -119.7636 -73.9453 -73.9453 -73.9453 -14.1394  -9.4410  -8.5565  -8.5565
    -1.1935  -1.1935  -1.1935  -0.7151  -0.7151  -0.7151  -0.5592  -0.5592
     1.4318   1.4318   1.4318   3.5670   3.5670   3.5670   4.1041   4.1041
     4.1041   5.8791  10.7345  10.7345  11.0953  11.8434

          k = 0.0000 0.0000 0.1000 ( 13789 PWs)   bands (ev):

  -119.7636 -73.9453 -73.9453 -73.9453 -14.1371  -9.4270  -8.5749  -8.5555
    -1.1838  -1.1838  -1.1827  -0.7150  -0.7135  -0.7135  -0.6187  -0.5592
     1.4298   1.4298   1.4590   3.5373   3.5496   3.5496   3.9453   4.0759
     4.0759   6.1382  10.8480  10.8580  11.2538  11.8913

          k = 0.0000 0.0000 0.2000 ( 13802 PWs)   bands (ev):

  -119.7636 -73.9453 -73.9453 -73.9453 -14.1310  -9.3875  -8.6256  -8.5529
    -1.1630  -1.1590  -1.1590  -0.7557  -0.7148  -0.7076  -0.7076  -0.5590
     1.4213   1.4213   1.5342   3.4619   3.5137   3.5137   3.6041   3.9968
     3.9968   6.7713  11.1661  11.2006  11.7019  12.0328

          k = 0.0000 0.0000 0.3000 ( 13794 PWs)   bands (ev):

  -119.7636 -73.9453 -73.9453 -73.9453 -14.1235  -9.3314  -8.6953  -8.5498
    -1.1777  -1.1297  -1.1297  -0.8691  -0.7145  -0.6965  -0.6965  -0.5588
     1.4035   1.4035   1.6443   3.2358   3.3728   3.4946   3.4946   3.8826
     3.8826   7.5876  11.6270  11.6777  12.2580  12.3496

          k = 0.0000 0.0000 0.4000 ( 13838 PWs)   bands (ev):

  -119.7636 -73.9454 -73.9453 -73.9453 -14.1173  -9.2763  -8.7611  -8.5472
    -1.2422  -1.1074  -1.1074  -0.8971  -0.7143  -0.6838  -0.6838  -0.5587
     1.3824   1.3824   1.7638   2.9355   3.3037   3.5172   3.5172   3.7594
     3.7594   8.3871  12.0733  12.1339  12.5306  13.0190

          k = 0.0000 0.0000-0.5000 ( 13854 PWs)   bands (ev):

  -119.7636 -73.9454 -73.9453 -73.9453 -14.1150  -9.2514  -8.7899  -8.5462
    -1.2768  -1.0993  -1.0993  -0.8954  -0.7142  -0.6778  -0.6778  -0.5586
     1.3727   1.3727   1.8244   2.8100   3.2780   3.5540   3.5540   3.6859
     3.6859   8.7720  12.2019  12.3347  12.6946  12.9962

          k = 0.0000 0.1000 0.1000 ( 13791 PWs)   bands (ev):

  -119.7636 -73.9453 -73.9453 -73.9453 -14.1348  -9.4126  -8.5831  -8.5643
    -1.2000  -1.1740  -1.1501  -0.7197  -0.7123  -0.7079  -0.6434  -0.5922
     1.2620   1.4305   1.6602   3.4608   3.5308   3.5860   3.7622   4.0469
     4.1213   6.3518  10.9563  10.9679  11.3898  12.0197

          k = 0.0000 0.1000 0.2000 ( 13799 PWs)   bands (ev):

  -119.7636 -73.9453 -73.9453 -73.9453 -14.1289  -9.3722  -8.6291  -8.5654
    -1.1979  -1.1485  -1.1172  -0.7676  -0.7227  -0.7070  -0.7013  -0.6070
     1.1458   1.4292   1.8657   3.3485   3.4669   3.4912   3.5901   3.9657
     4.0886   6.9175  11.2503  11.2958  11.7814  12.1635

          k = 0.0000 0.1000 0.3000 ( 13813 PWs)   bands (ev):

  -119.7636 -73.9454 -73.9453 -73.9453 -14.1216  -9.3145  -8.6976  -8.5626
    -1.1977  -1.1181  -1.1106  -0.8853  -0.7224  -0.7001  -0.6939  -0.6134
     1.0950   1.4209   2.0340   3.1045   3.3154   3.4670   3.5840   3.8486
     3.9826   7.6906  11.6969  11.7606  12.3644  12.3810

          k = 0.0000 0.1000 0.4000 ( 13836 PWs)   bands (ev):

  -119.7636 -73.9454 -73.9453 -73.9453 -14.1156  -9.2574  -8.7635  -8.5600
    -1.2434  -1.1113  -1.0948  -0.9200  -0.7203  -0.6939  -0.6862  -0.6193
     1.0860   1.4080   2.1538   2.8565   3.2654   3.4858   3.6139   3.7226
     3.8436   8.4716  12.1643  12.2046  12.6445  12.9862

          k = 0.0000 0.1000-0.5000 ( 13832 PWs)   bands (ev):

  -119.7636 -73.9454 -73.9453 -73.9453 -14.1133  -9.2314  -8.7928  -8.5590
    -1.2754  -1.1065  -1.0863  -0.9213  -0.7193  -0.6918  -0.6826  -0.6219
     1.0881   1.4015   2.2042   2.7522   3.2504   3.5220   3.6472   3.6859
     3.7287   8.8545  12.3075  12.3852  12.8039  12.8876

          k = 0.0000 0.2000 0.2000 ( 13833 PWs)   bands (ev):

  -119.7636 -73.9454 -73.9454 -73.9453 -14.1235  -9.3289  -8.6512  -8.5881
    -1.2174  -1.1209  -1.0837  -0.8156  -0.7345  -0.7320  -0.6957  -0.6856
     0.9320   1.4480   2.2306   3.1143   3.3321   3.4405   3.6507   3.8786
     4.1702   7.3481  11.4496  11.6326  12.0556  12.5071

          k = 0.0000 0.2000 0.3000 ( 13833 PWs)   bands (ev):

  -119.7636 -73.9454 -73.9453 -73.9453 -14.1167  -9.2665  -8.7069  -8.5966
    -1.2233  -1.0869  -1.0854  -0.9258  -0.7720  -0.7363  -0.7044  -0.6939
     0.8302   1.4669   2.5167   2.8637   3.2756   3.4009   3.6921   3.7545
     4.1462   8.0080  11.8086  12.1114  12.5142  12.7267

          k = 0.0000 0.2000 0.4000 ( 13822 PWs)   bands (ev):

  -119.7636 -73.9453 -73.9453 -73.9453 -14.1112  -9.2034  -8.7702  -8.5976
    -1.2461  -1.1184  -1.0601  -0.9792  -0.7851  -0.7347  -0.7208  -0.6954
     0.8000   1.4777   2.6500   2.7130   3.2792   3.4061   3.6224   3.7543
     4.0351   8.7331  12.2546  12.5553  12.9667  12.9692

          k = 0.0000 0.2000-0.5000 ( 13866 PWs)   bands (ev):

  -119.7636 -73.9454 -73.9454 -73.9453 -14.1091  -9.1738  -8.8004  -8.5975
    -1.2708  -1.1236  -1.0501  -0.9902  -0.7883  -0.7324  -0.7289  -0.6970
     0.7964   1.4806   2.6056   2.7379   3.2925   3.4392   3.5422   3.8494
     3.9129   9.1094  12.3323  12.5840  12.8984  13.1083

          k = 0.0000 0.3000 0.3000 ( 13839 PWs)   bands (ev):

  -119.7636 -73.9454 -73.9453 -73.9453 -14.1106  -9.1965  -8.7327  -8.6349
    -1.2365  -1.0777  -1.0466  -0.9804  -0.9384  -0.7474  -0.7333  -0.7007
     0.6948   1.5242   2.6467   2.9157   3.2768   3.3364   3.6225   3.7927
     4.2352   8.5378  12.0492  12.6295  12.8183  13.1830

          k = 0.0000 0.3000 0.4000 ( 13845 PWs)   bands (ev):

  -119.7636 -73.9454 -73.9454 -73.9453 -14.1057  -9.1230  -8.7803  -8.6560
    -1.2465  -1.1222  -1.0560  -1.0124  -0.9818  -0.7629  -0.7503  -0.7126
     0.6410   1.5707   2.5024   3.1275   3.3152   3.3395   3.4862   3.9113
     4.2094   9.1826  12.3581  12.6616  13.1125  13.1996

          k = 0.0000 0.3000-0.5000 ( 13858 PWs)   bands (ev):

  -119.7636 -73.9454 -73.9454 -73.9454 -14.1038  -9.0862  -8.8098  -8.6614
    -1.2619  -1.1408  -1.0839  -0.9990  -0.9826  -0.7763  -0.7480  -0.7205
     0.6277   1.5883   2.4516   3.1718   3.3387   3.3879   3.4029   4.0264
     4.1245   9.5518  12.0708  12.8511  13.0464  13.4156

          k = 0.0000 0.4000 0.4000 ( 13845 PWs)   bands (ev):

  -119.7636 -73.9454 -73.9454 -73.9453 -14.1012  -9.0333  -8.7965  -8.7199
    -1.2422  -1.1549  -1.1203  -1.1014  -0.9674  -0.8010  -0.7600  -0.7347
     0.5678   1.6530   2.3854   3.2575   3.3547   3.3836   3.4075   4.0847
     4.2900   9.7759  12.2432  12.4838  12.8576  13.2204

          k = 0.0000 0.4000-0.5000 ( 13828 PWs)   bands (ev):

  -119.7636 -73.9453 -73.9453 -73.9453 -14.0995  -8.9816  -8.8175  -8.7470
    -1.2473  -1.1876  -1.1509  -1.1104  -0.9477  -0.8168  -0.7603  -0.7490
     0.5470   1.6867   2.3444   3.2588   3.2793   3.4252   3.4717   4.2009
     4.2733  10.1660  11.8518  12.3844  12.9641  13.0934

          k = 0.0000-0.5000-0.5000 ( 13852 PWs)   bands (ev):

  -119.7636 -73.9454 -73.9454 -73.9453 -14.0979  -8.9008  -8.8204  -8.8204
    -1.2372  -1.2348  -1.1537  -1.1537  -0.9229  -0.8330  -0.7649  -0.7649
     0.5234   1.7279   2.3065   3.2285   3.2285   3.5040   3.5040   4.2753
     4.3272  10.6415  11.7717  11.7717  12.9071  13.1929

          k = 0.1000 0.1000 0.1000 ( 13805 PWs)   bands (ev):

  -119.7636 -73.9453 -73.9453 -73.9453 -14.1326  -9.3980  -8.5819  -8.5819
    -1.1943  -1.1943  -1.1131  -0.7186  -0.7186  -0.7033  -0.6440  -0.6440
     1.0696   1.6615   1.6615   3.4475   3.4475   3.5999   3.6335   4.0966
     4.0966   6.5363  11.0592  11.0592  11.5037  12.1676

          k = 0.1000 0.1000 0.2000 ( 13796 PWs)   bands (ev):

  -119.7636 -73.9453 -73.9453 -73.9453 -14.1269  -9.3568  -8.6308  -8.5788
    -1.2012  -1.1797  -1.0697  -0.7803  -0.7185  -0.7142  -0.7000  -0.6462
     0.8960   1.6624   1.9424   3.3030   3.3384   3.4293   3.6569   4.0273
     4.0868   7.0500  11.3335  11.3590  11.8361  12.3116

          k = 0.1000 0.1000 0.3000 ( 13830 PWs)   bands (ev):

  -119.7636 -73.9454 -73.9453 -73.9453 -14.1198  -9.2977  -8.6992  -8.5750
    -1.2038  -1.1627  -1.0558  -0.9011  -0.7223  -0.7046  -0.7024  -0.6513
     0.8099   1.6581   2.1700   3.0194   3.2548   3.4264   3.6568   3.9275
     3.9793   7.7848  11.7595  11.8077  12.3475  12.5302

          k = 0.1000 0.1000 0.4000 ( 13827 PWs)   bands (ev):

  -119.7636 -73.9454 -73.9453 -73.9453 -14.1140  -9.2389  -8.7653  -8.5719
    -1.2441  -1.1497  -1.0562  -0.9428  -0.7217  -0.7103  -0.6903  -0.6602
     0.7846   1.6497   2.3181   2.8031   3.2090   3.4921   3.6690   3.8129
     3.8192   8.5486  12.2190  12.2527  12.7599  12.9329

          k = 0.1000 0.1000-0.5000 ( 13818 PWs)   bands (ev):

  -119.7636 -73.9454 -73.9453 -73.9453 -14.1118  -9.2118  -8.7952  -8.5708
    -1.2744  -1.1450  -1.0473  -0.9505  -0.7199  -0.7164  -0.6772  -0.6708
     0.7823   1.6454   2.3730   2.7162   3.1954   3.6212   3.6461   3.7060
     3.7433   8.9298  12.3634  12.4453  12.6492  13.0806

          k = 0.1000 0.2000 0.2000 ( 13834 PWs)   bands (ev):

  -119.7636 -73.9454 -73.9453 -73.9453 -14.1216  -9.3133  -8.6496  -8.6030
    -1.2209  -1.1806  -1.0190  -0.8274  -0.7598  -0.7219  -0.7055  -0.6914
     0.6475   1.7819   2.2401   3.0536   3.2761   3.3592   3.7228   3.9766
     4.1520   7.4496  11.5214  11.6390  12.0468  12.6661

          k = 0.1000 0.2000 0.3000 ( 13825 PWs)   bands (ev):

  -119.7636 -73.9454 -73.9453 -73.9453 -14.1150  -9.2503  -8.7064  -8.6081
    -1.2298  -1.1748  -1.0063  -0.9383  -0.7954  -0.7288  -0.7224  -0.6878
     0.5178   1.8194   2.5473   2.8250   3.2153   3.3513   3.7588   3.8709
     4.1305   8.0809  11.8643  12.0695  12.4247  12.8817

          k = 0.1000 0.2000 0.4000 ( 13830 PWs)   bands (ev):

  -119.7636 -73.9454 -73.9453 -73.9453 -14.1097  -9.1862  -8.7706  -8.6071
    -1.2486  -1.1805  -1.0400  -0.9792  -0.8079  -0.7490  -0.7254  -0.6841
     0.4722   1.8368   2.6624   2.7349   3.1900   3.4356   3.7425   3.7948
     4.0198   8.7914  12.2997  12.4790  12.7464  12.9076

          k = 0.1000 0.2000-0.5000 ( 13856 PWs)   bands (ev):

  -119.7636 -73.9454 -73.9454 -73.9453 -14.1076  -9.1557  -8.8013  -8.6064
    -1.2711  -1.1834  -1.0239  -1.0082  -0.8111  -0.7596  -0.7248  -0.6829
     0.4635   1.8417   2.6112   2.7791   3.1852   3.5808   3.6057   3.8524
     3.9118   9.1666  12.2806  12.6075  12.6647  13.1214

          k = 0.1000 0.3000 0.3000 ( 13825 PWs)   bands (ev):

  -119.7636 -73.9454 -73.9453 -73.9453 -14.1091  -9.1809  -8.7305  -8.6445
    -1.2485  -1.1742  -0.9991  -0.9743  -0.9457  -0.7583  -0.7340  -0.6908
     0.3596   1.9077   2.6468   2.9306   3.2084   3.3048   3.7657   3.8457
     4.2249   8.5881  12.0835  12.4978  12.6289  13.0614

          k = 0.1000 0.3000 0.4000 ( 13833 PWs)   bands (ev):

  -119.7636 -73.9454 -73.9453 -73.9453 -14.1044  -9.1078  -8.7788  -8.6621
    -1.2557  -1.1879  -1.0934  -0.9948  -0.9771  -0.7845  -0.7356  -0.6958
     0.2952   1.9643   2.5332   3.1089   3.2093   3.3967   3.6577   3.9370
     4.2028   9.2197  12.3160  12.5513  12.8780  12.9767

          k = 0.1000 0.3000-0.5000 ( 13842 PWs)   bands (ev):

  -119.7636 -73.9454 -73.9454 -73.9453 -14.1025  -9.0707  -8.8090  -8.6660
    -1.2646  -1.2047  -1.1138  -0.9967  -0.9948  -0.7927  -0.7340  -0.6994
     0.2790   1.9844   2.4947   3.1333   3.2053   3.5084   3.5841   4.0283
     4.1248   9.5881  11.9660  12.8752  12.9022  13.0300

          k = 0.1000 0.4000 0.4000 ( 13838 PWs)   bands (ev):

  -119.7636 -73.9454 -73.9453 -73.9453 -14.1000  -9.0203  -8.7939  -8.7220
    -1.2552  -1.1878  -1.1548  -1.1315  -0.9987  -0.7929  -0.7428  -0.7125
     0.2164   2.0602   2.4457   3.1922   3.2313   3.4993   3.6059   4.0946
     4.2883   9.7987  12.1030  12.3751  12.6975  13.1679

          k = 0.1000 0.4000-0.5000 ( 13832 PWs)   bands (ev):

  -119.7636 -73.9453 -73.9453 -73.9453 -14.0984  -8.9694  -8.8153  -8.7468
    -1.2520  -1.2063  -1.1961  -1.1433  -1.0177  -0.7886  -0.7426  -0.7242
     0.1947   2.0984   2.4159   3.1976   3.2109   3.5616   3.5993   4.2024
     4.2752  10.1888  11.7349  12.2467  12.7247  13.1614

          k = 0.1000-0.5000-0.5000 ( 13848 PWs)   bands (ev):

  -119.7636 -73.9454 -73.9454 -73.9454 -14.0968  -8.8907  -8.8177  -8.8177
    -1.2366  -1.2346  -1.2016  -1.2016  -1.0365  -0.7696  -0.7461  -0.7461
     0.1710   2.1460   2.3891   3.1872   3.1872   3.6130   3.6130   4.2765
     4.3295  10.6752  11.6517  11.6517  12.6569  13.2646

          k = 0.2000 0.2000 0.2000 ( 13820 PWs)   bands (ev):

  -119.7636 -73.9454 -73.9453 -73.9453 -14.1167  -9.2689  -8.6452  -8.6452
    -1.2308  -1.2308  -0.9590  -0.8498  -0.8498  -0.7277  -0.7036  -0.7036
     0.3187   2.2638   2.2638   2.8872   3.2437   3.2437   3.8149   4.1030
     4.1030   7.7720  11.7420  11.7420  12.1237  13.0010

          k = 0.2000 0.2000 0.3000 ( 13830 PWs)   bands (ev):

  -119.7636 -73.9454 -73.9453 -73.9453 -14.1107  -9.2043  -8.7070  -8.6398
    -1.2500  -1.2441  -0.9903  -0.9374  -0.8695  -0.7598  -0.7118  -0.6881
     0.1310   2.2905   2.6723   2.7324   3.1645   3.2684   3.8687   4.0382
     4.1117   8.3210  12.0142  12.0821  12.3370  13.0841

          k = 0.2000 0.2000 0.4000 ( 13837 PWs)   bands (ev):

  -119.7636 -73.9454 -73.9453 -73.9453 -14.1058  -9.1372  -8.7718  -8.6354
    -1.2587  -1.2558  -1.0892  -0.9690  -0.8818  -0.7820  -0.7144  -0.6786
     0.0569   2.3095   2.6407   2.8802   3.1283   3.4339   3.8906   3.9792
     3.9800   8.9837  12.2565  12.4276  12.6320  12.7489

          k = 0.2000 0.2000-0.5000 ( 13856 PWs)   bands (ev):

  -119.7636 -73.9454 -73.9454 -73.9453 -14.1039  -9.1043  -8.8038  -8.6338
    -1.2732  -1.2604  -1.1029  -0.9998  -0.8859  -0.7880  -0.7147  -0.6754
     0.0395   2.3161   2.6126   2.9156   3.1197   3.6560   3.7935   3.8975
     3.9542   9.3539  11.9965  12.6302  12.8014  12.9867

          k = 0.2000 0.3000 0.3000 ( 13825 PWs)   bands (ev):

  -119.7636 -73.9454 -73.9453 -73.9453 -14.1053  -9.1368  -8.7247  -8.6726
    -1.2843  -1.2730  -1.0334  -0.9826  -0.9583  -0.7789  -0.7088  -0.6856
    -0.1041   2.5144   2.6534   2.9710   3.1507   3.2487   3.9551   4.0017
     4.1975   8.7611  12.1550  12.2615  12.3570  13.0340

          k = 0.2000 0.3000 0.4000 ( 13852 PWs)   bands (ev):

  -119.7636 -73.9454 -73.9453 -73.9453 -14.1009  -9.0647  -8.7750  -8.6806
    -1.3027  -1.2817  -1.1418  -1.0312  -1.0132  -0.7755  -0.7108  -0.6813
    -0.2038   2.5858   2.6217   3.0914   3.1319   3.4937   3.9224   4.0108
     4.1847   9.3462  12.0143  12.3700  12.4943  12.9113

          k = 0.2000 0.3000-0.5000 ( 13838 PWs)   bands (ev):

  -119.7636 -73.9453 -73.9453 -73.9453 -14.0992  -9.0270  -8.8068  -8.6810
    -1.3107  -1.2814  -1.1836  -1.0689  -1.0224  -0.7728  -0.7112  -0.6798
    -0.2293   2.6032   2.6181   3.1003   3.1224   3.7161   3.8296   4.0409
     4.1294   9.7083  11.6623  12.4938  12.6049  12.8366

          k = 0.2000 0.4000 0.4000 ( 13852 PWs)   bands (ev):

  -119.7636 -73.9454 -73.9453 -73.9453 -14.0969  -8.9839  -8.7870  -8.7296
    -1.3116  -1.3095  -1.1726  -1.1582  -1.1112  -0.7532  -0.7118  -0.6882
    -0.3172   2.5984   2.7446   3.1356   3.1620   3.6825   3.8747   4.1270
     4.2837   9.8690  11.7473  12.0254  12.3792  13.2265

          k = 0.2000 0.4000-0.5000 ( 13834 PWs)   bands (ev):

  -119.7636 -73.9453 -73.9453 -73.9453 -14.0954  -8.9360  -8.8094  -8.7476
    -1.3212  -1.3011  -1.2259  -1.1685  -1.1615  -0.7424  -0.7120  -0.6933
    -0.3467   2.5983   2.7967   3.1368   3.1601   3.7967   3.8349   4.2073
     4.2801  10.2474  11.4221  11.8850  12.3586  13.1896

          k = 0.2000-0.5000-0.5000 ( 13816 PWs)   bands (ev):

  -119.7636 -73.9453 -73.9453 -73.9453 -14.0939  -8.8639  -8.8104  -8.8104
    -1.3092  -1.3092  -1.2349  -1.2342  -1.2125  -0.7164  -0.7128  -0.7128
    -0.3770   2.5984   2.8756   3.1407   3.1407   3.8386   3.8386   4.2798
     4.3357  10.7452  11.3355  11.3355  12.2711  13.4376

          k = 0.3000 0.3000 0.3000 ( 13814 PWs)   bands (ev):

  -119.7636 -73.9453 -73.9453 -73.9453 -14.1005  -9.0721  -8.7175  -8.7175
    -1.3349  -1.3349  -1.0582  -1.0582  -1.0428  -0.7619  -0.6884  -0.6884
    -0.4277   2.6744   3.0251   3.0251   3.2057   3.2057   4.0559   4.1643
     4.1643   9.1022  12.0865  12.0865  12.2182  13.1038

          k = 0.3000 0.3000 0.4000 ( 13850 PWs)   bands (ev):

  -119.7636 -73.9454 -73.9453 -73.9453 -14.0965  -9.0017  -8.7715  -8.7116
    -1.3782  -1.3491  -1.1705  -1.1427  -1.0704  -0.7432  -0.6939  -0.6768
    -0.5753   2.7091   3.0760   3.0955   3.1788   3.6147   4.1002   4.1564
     4.1656   9.6001  11.6639  11.9935  12.2449  13.0064

          k = 0.3000 0.3000-0.5000 ( 13846 PWs)   bands (ev):

  -119.7636 -73.9454 -73.9454 -73.9453 -14.0951  -8.9627  -8.8042  -8.7093
    -1.3950  -1.3394  -1.2234  -1.1948  -1.0740  -0.7362  -0.6966  -0.6731
    -0.6122   2.7268   3.0971   3.1005   3.1662   3.9162   4.0255   4.0978
     4.1693   9.9436  11.3080  11.9654  12.3269  12.8352

          k = 0.3000 0.4000 0.4000 ( 13826 PWs)   bands (ev):

  -119.7636 -73.9453 -73.9453 -73.9453 -14.0930  -8.9321  -8.7784  -8.7453
    -1.4148  -1.4001  -1.2593  -1.1876  -1.1595  -0.7526  -0.7176  -0.6880
    -0.6766   2.7865   3.0997   3.1131   3.4337   3.8411   4.1277   4.1892
     4.2777   9.9985  11.3584  11.5569  12.1598  13.1190

          k = 0.3000 0.4000-0.5000 ( 13832 PWs)   bands (ev):

  -119.7636 -73.9453 -73.9453 -73.9453 -14.0917  -8.8893  -8.8021  -8.7533
    -1.4312  -1.4009  -1.3140  -1.2320  -1.1744  -0.7927  -0.7074  -0.6895
    -0.6765   2.8160   3.1116   3.1131   3.4875   4.0355   4.0785   4.2208
     4.2871  10.3227  11.0478  11.4210  12.1702  12.9568

          k = 0.3000-0.5000-0.5000 ( 13820 PWs)   bands (ev):

  -119.7636 -73.9453 -73.9453 -73.9453 -14.0904  -8.8300  -8.8013  -8.8013
    -1.4230  -1.4230  -1.3787  -1.2338  -1.2329  -0.8322  -0.6880  -0.6879
    -0.6879   2.8472   3.1209   3.1209   3.5783   4.0851   4.0851   4.2839
     4.3434  10.7413  10.9534  10.9534  12.1193  13.0817

          k = 0.4000 0.4000 0.4000 ( 13859 PWs)   bands (ev):

  -119.7636 -73.9454 -73.9453 -73.9453 -14.0899  -8.8763  -8.7714  -8.7714
    -1.4715  -1.4715  -1.3792  -1.1920  -1.1920  -1.0053  -0.6957  -0.6752
    -0.6752   2.9326   3.1092   3.1092   3.9285   3.9285   4.2669   4.2738
     4.2738  10.2120  11.0780  11.0780  12.1491  12.9728

          k = 0.4000 0.4000-0.5000 ( 13832 PWs)   bands (ev):

  -119.7636 -73.9454 -73.9453 -73.9453 -14.0887  -8.8401  -8.7962  -8.7688
    -1.4980  -1.4782  -1.4351  -1.2327  -1.1930  -1.0639  -0.6859  -0.6780
    -0.6713   2.9849   3.1098   3.1156   3.9531   4.1883   4.2502   4.2701
     4.3061  10.4291  10.7603  10.9770  12.2336  12.8015

          k = 0.4000-0.5000-0.5000 ( 13816 PWs)   bands (ev):

  -119.7636 -73.9453 -73.9453 -73.9453 -14.0875  -8.8019  -8.7939  -8.7939
    -1.5060  -1.5060  -1.4947  -1.2334  -1.2314  -1.1250  -0.6746  -0.6746
    -0.6746   3.0431   3.1169   3.1169   4.0951   4.2783   4.2783   4.2872
     4.3496  10.6162  10.6537  10.6537  12.3548  12.7443

          k =-0.5000-0.5000-0.5000 ( 13776 PWs)   bands (ev):

  -119.7636 -73.9453 -73.9453 -73.9453 -14.0864  -8.7911  -8.7911  -8.7911
    -1.5361  -1.5361  -1.5361  -1.2332  -1.2332  -1.2234  -0.6706  -0.6706
    -0.6706   3.1170   3.1170   3.1170   4.2884   4.2884   4.3520   4.3520
     4.3520  10.5410  10.5410  10.5410  12.6254  12.7140

     the Fermi energy is     4.6566 ev

!    total energy              =    -842.53854749 Ry
     estimated scf accuracy    <          3.4E-12 Ry
     smearing contrib. (-TS)   =      -0.00000000 Ry
     internal energy E=F+TS    =    -842.53854749 Ry

     The total energy is F=E-TS. E is the sum of the following terms:
     one-electron contribution =    -517.19524290 Ry
     hartree contribution      =     279.39028551 Ry
     xc contribution           =     -95.84097580 Ry
     ewald contribution        =    -271.72609559 Ry
     one-center paw contrib.   =    -237.16651870 Ry

     convergence has been achieved in  14 iterations

     Forces acting on atoms (cartesian axes, Ry/au):

     atom    1 type  1   force =     0.00000000    0.00000000    0.00000000
     atom    2 type  2   force =     0.00000000    0.00000000    0.00000000
     atom    3 type  3   force =     0.00000000    0.00000000    0.00000000
     atom    4 type  3   force =     0.00000000    0.00000000    0.00000000
     atom    5 type  3   force =     0.00000000    0.00000000    0.00000000

     Total force =     0.000000     Total SCF correction =     0.000000


     Computing stress (Cartesian axis) and pressure

          total   stress  (Ry/bohr**3)                   (kbar)     P=       29.58
   0.00020108   0.00000000   0.00000000           29.58        0.00        0.00
   0.00000000   0.00020108   0.00000000            0.00       29.58        0.00
   0.00000000   0.00000000   0.00020108            0.00        0.00       29.58


     BFGS Geometry Optimization
     Energy error            =      0.0E+00 Ry
     Gradient error          =      0.0E+00 Ry/Bohr

     bfgs converged in   1 scf cycles and   0 bfgs steps
     (criteria: energy <  1.0E-05 Ry, force <  1.0E-03 Ry/Bohr)

     End of BFGS Geometry Optimization

     Final energy             =    -842.5385474853 Ry
Begin final coordinates

ATOMIC_POSITIONS (crystal)
Cs               0.0000000000        0.0000000000        0.0000000000
Zn               0.5000000000        0.5000000000        0.5000000000
Cl               0.5000000000        0.5000000000        0.0000000000
Cl               0.5000000000        0.0000000000        0.5000000000
Cl               0.0000000000        0.5000000000        0.5000000000
End final coordinates



  ++++++++++++++++++++++++++++++++++++++++++++++++++++++++++++++++++++++++++++
     Doing work    2 /     9
  ++++++++++++++++++++++++++++++++++++++++++++++++++++++++++++++++++++++++++++


     Current dimensions of program PWSCF are:
     Max number of different atomic species (ntypx) = 10
     Max number of k-points (npk) = 120000
     Max angular momentum in pseudopotentials (lmaxx) =  4

     WARNING: check_stop already initialized

     Parallelization info
     --------------------
     sticks:   dense  smooth     PW     G-vecs:    dense   smooth      PW
     Min        2812    1397    391               159038    56093    8331
     Max        2817    1404    402               159107    56166    8332
     Sum        5629    2801    793               318145   112259   16663

     Using Pencil Decomposition



     bravais-lattice index     =            1
     lattice parameter (alat)  =       9.4071  a.u.
     unit-cell volume          =     832.4569 (a.u.)^3
     number of atoms/cell      =            5
     number of atomic types    =            3
     number of electrons       =        50.00
     number of Kohn-Sham states=           30
     kinetic-energy cutoff     =     100.0000  Ry
     charge density cutoff     =     800.0000  Ry
     scf convergence threshold =      1.0E-10
     mixing beta               =       0.3000
     number of iterations used =            8  plain     mixing
     energy convergence thresh.=      1.0E-05
     force convergence thresh. =      1.0E-03
     Exchange-correlation= PBE
                           (   1   4   3   4   0   0   0)
     nstep                     =           20


     celldm(1)=   9.407060  celldm(2)=   0.000000  celldm(3)=   0.000000
     celldm(4)=   0.000000  celldm(5)=   0.000000  celldm(6)=   0.000000

     crystal axes: (cart. coord. in units of alat)
               a(1) = (   1.000000   0.000000   0.000000 )  
               a(2) = (   0.000000   1.000000   0.000000 )  
               a(3) = (   0.000000   0.000000   1.000000 )  

     reciprocal axes: (cart. coord. in units 2 pi/alat)
               b(1) = (  1.000000  0.000000  0.000000 )  
               b(2) = (  0.000000  1.000000  0.000000 )  
               b(3) = (  0.000000  0.000000  1.000000 )  


     PseudoPot. # 1 for Cs read from file:
     /home/administrator/Downloads/BURAI/BURAI1.3/pseudopot/Cs.pbe-spn-rrkjus_psl.1.0.0.UPF
     MD5 check sum: 0e4a2db85f86c9a13762b1b689b65a6d
     Pseudo is Ultrasoft + core correction, Zval =  9.0
     Generated using "atomic" code by A. Dal Corso  v.5.1.2
     Using radial grid of 1251 points,  9 beta functions with: 
                l(1) =   0
                l(2) =   0
                l(3) =   0
                l(4) =   1
                l(5) =   1
                l(6) =   2
                l(7) =   2
                l(8) =   3
                l(9) =   3
     Q(r) pseudized with 0 coefficients 


     PseudoPot. # 2 for Zn read from file:
     /home/administrator/Downloads/BURAI/BURAI1.3/pseudopot/Zn.pbe-spn-kjpaw_psl.1.0.0.UPF
     MD5 check sum: 9ae49ce97c5e3111e3f06ee7e23c2246
     Pseudo is Projector augmented-wave + core cor, Zval = 20.0
     Generated using "atomic" code by A. Dal Corso  v.5.1.2
     Shape of augmentation charge: PSQ
     Using radial grid of 1201 points,  6 beta functions with: 
                l(1) =   0
                l(2) =   0
                l(3) =   1
                l(4) =   1
                l(5) =   2
                l(6) =   2
     Q(r) pseudized with 0 coefficients 


     PseudoPot. # 3 for Cl read from file:
     /home/administrator/Downloads/BURAI/BURAI1.3/pseudopot/Cl.pbe-n-kjpaw_psl.1.0.0.UPF
     MD5 check sum: d11ac872591ccaf6ebdc6d6d0c764b72
     Pseudo is Projector augmented-wave + core cor, Zval =  7.0
     Generated using "atomic" code by A. Dal Corso  v.5.1.2
     Shape of augmentation charge: PSQ
     Using radial grid of 1157 points,  6 beta functions with: 
                l(1) =   0
                l(2) =   0
                l(3) =   1
                l(4) =   1
                l(5) =   2
                l(6) =   2
     Q(r) pseudized with 0 coefficients 


     atomic species   valence    mass     pseudopotential
     Cs                9.00   132.90550     Cs( 1.00)
     Zn               20.00    65.38000     Zn( 1.00)
     Cl                7.00    35.45300     Cl( 1.00)

     48 Sym. Ops., with inversion, found



   Cartesian axes

     site n.     atom                  positions (alat units)
         1        Cs     tau(   1) = (   0.0000000   0.0000000   0.0000000  )
         2        Zn     tau(   2) = (   0.5000000   0.5000000   0.5000000  )
         3        Cl     tau(   3) = (   0.5000000   0.5000000   0.0000000  )
         4        Cl     tau(   4) = (   0.5000000   0.0000000   0.5000000  )
         5        Cl     tau(   5) = (   0.0000000   0.5000000   0.5000000  )

     number of k points=    56  Gaussian smearing, width (Ry)=  0.0050
                       cart. coord. in units 2pi/alat
        k(    1) = (   0.0000000   0.0000000   0.0000000), wk =   0.0020000
        k(    2) = (   0.0000000   0.0000000   0.1000000), wk =   0.0120000
        k(    3) = (   0.0000000   0.0000000   0.2000000), wk =   0.0120000
        k(    4) = (   0.0000000   0.0000000   0.3000000), wk =   0.0120000
        k(    5) = (   0.0000000   0.0000000   0.4000000), wk =   0.0120000
        k(    6) = (   0.0000000   0.0000000  -0.5000000), wk =   0.0060000
        k(    7) = (   0.0000000   0.1000000   0.1000000), wk =   0.0240000
        k(    8) = (   0.0000000   0.1000000   0.2000000), wk =   0.0480000
        k(    9) = (   0.0000000   0.1000000   0.3000000), wk =   0.0480000
        k(   10) = (   0.0000000   0.1000000   0.4000000), wk =   0.0480000
        k(   11) = (   0.0000000   0.1000000  -0.5000000), wk =   0.0240000
        k(   12) = (   0.0000000   0.2000000   0.2000000), wk =   0.0240000
        k(   13) = (   0.0000000   0.2000000   0.3000000), wk =   0.0480000
        k(   14) = (   0.0000000   0.2000000   0.4000000), wk =   0.0480000
        k(   15) = (   0.0000000   0.2000000  -0.5000000), wk =   0.0240000
        k(   16) = (   0.0000000   0.3000000   0.3000000), wk =   0.0240000
        k(   17) = (   0.0000000   0.3000000   0.4000000), wk =   0.0480000
        k(   18) = (   0.0000000   0.3000000  -0.5000000), wk =   0.0240000
        k(   19) = (   0.0000000   0.4000000   0.4000000), wk =   0.0240000
        k(   20) = (   0.0000000   0.4000000  -0.5000000), wk =   0.0240000
        k(   21) = (   0.0000000  -0.5000000  -0.5000000), wk =   0.0060000
        k(   22) = (   0.1000000   0.1000000   0.1000000), wk =   0.0160000
        k(   23) = (   0.1000000   0.1000000   0.2000000), wk =   0.0480000
        k(   24) = (   0.1000000   0.1000000   0.3000000), wk =   0.0480000
        k(   25) = (   0.1000000   0.1000000   0.4000000), wk =   0.0480000
        k(   26) = (   0.1000000   0.1000000  -0.5000000), wk =   0.0240000
        k(   27) = (   0.1000000   0.2000000   0.2000000), wk =   0.0480000
        k(   28) = (   0.1000000   0.2000000   0.3000000), wk =   0.0960000
        k(   29) = (   0.1000000   0.2000000   0.4000000), wk =   0.0960000
        k(   30) = (   0.1000000   0.2000000  -0.5000000), wk =   0.0480000
        k(   31) = (   0.1000000   0.3000000   0.3000000), wk =   0.0480000
        k(   32) = (   0.1000000   0.3000000   0.4000000), wk =   0.0960000
        k(   33) = (   0.1000000   0.3000000  -0.5000000), wk =   0.0480000
        k(   34) = (   0.1000000   0.4000000   0.4000000), wk =   0.0480000
        k(   35) = (   0.1000000   0.4000000  -0.5000000), wk =   0.0480000
        k(   36) = (   0.1000000  -0.5000000  -0.5000000), wk =   0.0120000
        k(   37) = (   0.2000000   0.2000000   0.2000000), wk =   0.0160000
        k(   38) = (   0.2000000   0.2000000   0.3000000), wk =   0.0480000
        k(   39) = (   0.2000000   0.2000000   0.4000000), wk =   0.0480000
        k(   40) = (   0.2000000   0.2000000  -0.5000000), wk =   0.0240000
        k(   41) = (   0.2000000   0.3000000   0.3000000), wk =   0.0480000
        k(   42) = (   0.2000000   0.3000000   0.4000000), wk =   0.0960000
        k(   43) = (   0.2000000   0.3000000  -0.5000000), wk =   0.0480000
        k(   44) = (   0.2000000   0.4000000   0.4000000), wk =   0.0480000
        k(   45) = (   0.2000000   0.4000000  -0.5000000), wk =   0.0480000
        k(   46) = (   0.2000000  -0.5000000  -0.5000000), wk =   0.0120000
        k(   47) = (   0.3000000   0.3000000   0.3000000), wk =   0.0160000
        k(   48) = (   0.3000000   0.3000000   0.4000000), wk =   0.0480000
        k(   49) = (   0.3000000   0.3000000  -0.5000000), wk =   0.0240000
        k(   50) = (   0.3000000   0.4000000   0.4000000), wk =   0.0480000
        k(   51) = (   0.3000000   0.4000000  -0.5000000), wk =   0.0480000
        k(   52) = (   0.3000000  -0.5000000  -0.5000000), wk =   0.0120000
        k(   53) = (   0.4000000   0.4000000   0.4000000), wk =   0.0160000
        k(   54) = (   0.4000000   0.4000000  -0.5000000), wk =   0.0240000
        k(   55) = (   0.4000000  -0.5000000  -0.5000000), wk =   0.0120000
        k(   56) = (  -0.5000000  -0.5000000  -0.5000000), wk =   0.0020000

     Dense  grid:   318145 G-vectors     FFT dimensions: (  90,  90,  90)

     Smooth grid:   112259 G-vectors     FFT dimensions: (  60,  60,  60)

     Estimated max dynamical RAM per process >     554.07 MB

     Estimated total dynamical RAM >       4.10 GB

     Initial potential from superposition of free atoms

     starting charge      49.9591, renormalised to      50.0000
     Starting wfcs are   27 randomized atomic wfcs +    3 random wfcs
     Checking if some PAW data can be deallocated... 

     total cpu time spent up to now is      412.2 secs

     Self-consistent Calculation

     iteration #  1     ecut=   100.00 Ry     beta= 0.30
     Davidson diagonalization with overlap
     ethr =  1.00E-02,  avg # of iterations =  6.6

     Threshold (ethr) on eigenvalues was too large:
     Diagonalizing with lowered threshold

     Davidson diagonalization with overlap
     ethr =  5.36E-04,  avg # of iterations =  3.1

     total cpu time spent up to now is      455.7 secs

     total energy              =    -842.52019842 Ry
     estimated scf accuracy    <       0.24179059 Ry

     iteration #  2     ecut=   100.00 Ry     beta= 0.30
     Davidson diagonalization with overlap
     ethr =  4.84E-04,  avg # of iterations =  2.1

     total cpu time spent up to now is      476.7 secs

     total energy              =    -842.53252432 Ry
     estimated scf accuracy    <       0.04038431 Ry

     iteration #  3     ecut=   100.00 Ry     beta= 0.30
     Davidson diagonalization with overlap
     ethr =  8.08E-05,  avg # of iterations =  8.9

     total cpu time spent up to now is      503.9 secs

     total energy              =    -842.53977537 Ry
     estimated scf accuracy    <       0.00539961 Ry

     iteration #  4     ecut=   100.00 Ry     beta= 0.30
     Davidson diagonalization with overlap
     ethr =  1.08E-05,  avg # of iterations =  8.0

     total cpu time spent up to now is      530.8 secs

     total energy              =    -842.54071538 Ry
     estimated scf accuracy    <       0.00119653 Ry

     iteration #  5     ecut=   100.00 Ry     beta= 0.30
     Davidson diagonalization with overlap
     c_bands:  1 eigenvalues not converged
     ethr =  2.39E-06,  avg # of iterations =  7.9

     total cpu time spent up to now is      557.1 secs

     total energy              =    -842.54095060 Ry
     estimated scf accuracy    <       0.00007918 Ry

     iteration #  6     ecut=   100.00 Ry     beta= 0.30
     Davidson diagonalization with overlap
     ethr =  1.58E-07,  avg # of iterations =  4.6

     total cpu time spent up to now is      582.3 secs

     total energy              =    -842.54097497 Ry
     estimated scf accuracy    <       0.00002042 Ry

     iteration #  7     ecut=   100.00 Ry     beta= 0.30
     Davidson diagonalization with overlap
     ethr =  4.08E-08,  avg # of iterations =  2.9

     total cpu time spent up to now is      604.7 secs

     total energy              =    -842.54098040 Ry
     estimated scf accuracy    <       0.00000077 Ry

     iteration #  8     ecut=   100.00 Ry     beta= 0.30
     Davidson diagonalization with overlap
     ethr =  1.55E-09,  avg # of iterations =  6.7

     total cpu time spent up to now is      634.4 secs

     total energy              =    -842.54098184 Ry
     estimated scf accuracy    <       0.00000067 Ry

     iteration #  9     ecut=   100.00 Ry     beta= 0.30
     Davidson diagonalization with overlap
     ethr =  1.34E-09,  avg # of iterations =  2.0

     total cpu time spent up to now is      655.3 secs

     total energy              =    -842.54098228 Ry
     estimated scf accuracy    <       0.00000006 Ry

     iteration # 10     ecut=   100.00 Ry     beta= 0.30
     Davidson diagonalization with overlap
     ethr =  1.15E-10,  avg # of iterations =  4.6

     total cpu time spent up to now is      680.0 secs

     total energy              =    -842.54098247 Ry
     estimated scf accuracy    <       0.00000005 Ry

     iteration # 11     ecut=   100.00 Ry     beta= 0.30
     Davidson diagonalization with overlap
     ethr =  1.07E-10,  avg # of iterations =  2.0

     total cpu time spent up to now is      700.8 secs

     total energy              =    -842.54098255 Ry
     estimated scf accuracy    <          1.4E-09 Ry

     iteration # 12     ecut=   100.00 Ry     beta= 0.30
     Davidson diagonalization with overlap
     ethr =  2.84E-12,  avg # of iterations =  7.1

     total cpu time spent up to now is      730.5 secs

     total energy              =    -842.54098259 Ry
     estimated scf accuracy    <          1.2E-10 Ry

     iteration # 13     ecut=   100.00 Ry     beta= 0.30
     Davidson diagonalization with overlap
     ethr =  2.40E-13,  avg # of iterations =  5.0

     total cpu time spent up to now is      756.7 secs

     total energy              =    -842.54098261 Ry
     estimated scf accuracy    <          1.4E-10 Ry

     iteration # 14     ecut=   100.00 Ry     beta= 0.30
     Davidson diagonalization with overlap
     ethr =  2.40E-13,  avg # of iterations =  2.0

     total cpu time spent up to now is      778.2 secs

     End of self-consistent calculation

          k = 0.0000 0.0000 0.0000 ( 13997 PWs)   bands (ev):

  -119.9551 -74.1367 -74.1367 -74.1367 -14.3315  -9.5620  -8.7078  -8.7078
    -1.3640  -1.3640  -1.3640  -0.9008  -0.9008  -0.9008  -0.7535  -0.7535
     1.2980   1.2980   1.2980   3.4104   3.4104   3.4104   3.9211   3.9211
     3.9211   5.6437  10.5782  10.5782  10.8625  11.6814

          k = 0.0000 0.0000 0.1000 ( 14018 PWs)   bands (ev):

  -119.9551 -74.1367 -74.1367 -74.1367 -14.3294  -9.5482  -8.7254  -8.7069
    -1.3552  -1.3552  -1.3539  -0.9007  -0.8993  -0.8993  -0.8098  -0.7534
     1.2972   1.2972   1.3214   3.3820   3.3935   3.3935   3.7635   3.8940
     3.8940   5.9025  10.6892  10.6988  11.0181  11.7287

          k = 0.0000 0.0000 0.2000 ( 14010 PWs)   bands (ev):

  -119.9551 -74.1367 -74.1367 -74.1367 -14.3239  -9.5092  -8.7741  -8.7045
    -1.3347  -1.3323  -1.3323  -0.9413  -0.9005  -0.8942  -0.8942  -0.7533
     1.2921   1.2921   1.3878   3.3097   3.3579   3.3579   3.4284   3.8179
     3.8179   6.5311  10.9983  11.0332  11.4608  11.8683

          k = 0.0000 0.0000 0.3000 ( 14058 PWs)   bands (ev):

  -119.9551 -74.1367 -74.1367 -74.1367 -14.3171  -9.4537  -8.8414  -8.7015
    -1.3447  -1.3053  -1.3053  -1.0555  -0.9002  -0.8846  -0.8846  -0.7531
     1.2795   1.2795   1.4871   3.0708   3.2242   3.3373   3.3373   3.7084
     3.7084   7.3368  11.4435  11.4988  12.0902  12.1069

          k = 0.0000 0.0000 0.4000 ( 14030 PWs)   bands (ev):

  -119.9551 -74.1367 -74.1367 -74.1367 -14.3116  -9.3990  -8.9053  -8.6991
    -1.4022  -1.2847  -1.2847  -1.0884  -0.9000  -0.8736  -0.8736  -0.7530
     1.2636   1.2636   1.5953   2.7830   3.1579   3.3557   3.3557   3.5912
     3.5912   8.1210  11.8741  11.9433  12.3576  12.7909

          k = 0.0000 0.0000-0.5000 ( 14030 PWs)   bands (ev):

  -119.9551 -74.1368 -74.1366 -74.1366 -14.3095  -9.3742  -8.9336  -8.6982
    -1.4344  -1.2772  -1.2772  -1.0886  -0.8999  -0.8685  -0.8685  -0.7529
     1.2561   1.2561   1.6495   2.6647   3.1331   3.3873   3.3873   3.5235
     3.5235   8.4954  12.0049  12.1386  12.5170  12.7199

          k = 0.0000 0.1000 0.1000 ( 14021 PWs)   bands (ev):

  -119.9551 -74.1367 -74.1367 -74.1367 -14.3274  -9.5341  -8.7333  -8.7153
    -1.3703  -1.3461  -1.3236  -0.9051  -0.8983  -0.8943  -0.8333  -0.7845
     1.1299   1.2988   1.5194   3.3070   3.3752   3.4292   3.5850   3.8660
     3.9375   6.1152  10.7954  10.8069  11.1523  11.8534

          k = 0.0000 0.1000 0.2000 ( 14039 PWs)   bands (ev):

  -119.9551 -74.1367 -74.1367 -74.1367 -14.3220  -9.4942  -8.7775  -8.7164
    -1.3682  -1.3226  -1.2927  -0.9523  -0.9079  -0.8939  -0.8885  -0.7984
     1.0135   1.3005   1.7187   3.1930   3.3012   3.3362   3.4332   3.7878
     3.9058   6.6765  11.0835  11.1268  11.5410  11.9952

          k = 0.0000 0.1000 0.3000 ( 14053 PWs)   bands (ev):

  -119.9551 -74.1367 -74.1367 -74.1367 -14.3154  -9.4373  -8.8436  -8.7138
    -1.3656  -1.2945  -1.2858  -1.0698  -0.9076  -0.8882  -0.8822  -0.8041
     0.9612   1.2968   1.8814   2.9450   3.1643   3.3110   3.4269   3.6755
     3.8039   7.4396  11.5189  11.5770  12.1250  12.2094

          k = 0.0000 0.1000 0.4000 ( 14049 PWs)   bands (ev):

  -119.9551 -74.1367 -74.1367 -74.1367 -14.3101  -9.3808  -8.9075  -8.7114
    -1.4038  -1.2881  -1.2729  -1.1091  -0.9056  -0.8830  -0.8759  -0.8091
     0.9507   1.2885   1.9961   2.7065   3.1156   3.3258   3.4539   3.5557
     3.6710   8.2056  11.9725  12.0067  12.4678  12.7629

          k = 0.0000 0.1000-0.5000 ( 14056 PWs)   bands (ev):

  -119.9551 -74.1368 -74.1367 -74.1367 -14.3080  -9.3550  -8.9362  -8.7105
    -1.4331  -1.2842  -1.2650  -1.1121  -0.9046  -0.8813  -0.8730  -0.8112
     0.9522   1.2840   2.0431   2.6080   3.1009   3.3570   3.4859   3.5202
     3.5627   8.5779  12.1107  12.1893  12.6149  12.6227

          k = 0.0000 0.2000 0.2000 ( 14033 PWs)   bands (ev):

  -119.9551 -74.1367 -74.1367 -74.1367 -14.3171  -9.4519  -8.7987  -8.7383
    -1.3866  -1.2970  -1.2616  -0.9991  -0.9164  -0.9164  -0.8837  -0.8747
     0.7977   1.3209   2.0757   2.9563   3.1791   3.2870   3.4917   3.7040
     3.9847   7.1038  11.2810  11.4587  11.8134  12.3283

          k = 0.0000 0.2000 0.3000 ( 14049 PWs)   bands (ev):

  -119.9551 -74.1367 -74.1367 -74.1367 -14.3110  -9.3908  -8.8523  -8.7465
    -1.3912  -1.2655  -1.2622  -1.1066  -0.9507  -0.9205  -0.8932  -0.8825
     0.6904   1.3426   2.3562   2.7121   3.1237   3.2475   3.5309   3.5846
     3.9619   7.7558  11.6328  11.9241  12.2737  12.5444

          k = 0.0000 0.2000 0.4000 ( 14054 PWs)   bands (ev):

  -119.9551 -74.1367 -74.1367 -74.1367 -14.3060  -9.3289  -8.9136  -8.7475
    -1.4080  -1.2944  -1.2405  -1.1627  -0.9631  -0.9190  -0.9081  -0.8845
     0.6547   1.3565   2.4995   2.5563   3.1246   3.2500   3.4585   3.5887
     3.8562   8.4671  12.0661  12.3538  12.7164  12.7899

          k = 0.0000 0.2000-0.5000 ( 14066 PWs)   bands (ev):

  -119.9551 -74.1367 -74.1367 -74.1367 -14.3041  -9.2996  -8.9430  -8.7474
    -1.4291  -1.3012  -1.2312  -1.1743  -0.9663  -0.9168  -0.9153  -0.8864
     0.6488   1.3607   2.4642   2.5753   3.1364   3.2787   3.3839   3.6735
     3.7444   8.8330  12.1184  12.3848  12.6509  13.0128

          k = 0.0000 0.3000 0.3000 ( 14035 PWs)   bands (ev):

  -119.9551 -74.1367 -74.1367 -74.1367 -14.3055  -9.3229  -8.8769  -8.7834
    -1.4041  -1.2566  -1.2280  -1.1596  -1.1033  -0.9307  -0.9200  -0.8891
     0.5465   1.4001   2.5020   2.7476   3.1229   3.1851   3.4575   3.6259
     4.0485   8.2811  11.8685  12.4390  12.5737  13.1101

          k = 0.0000 0.3000 0.4000 ( 14061 PWs)   bands (ev):

  -119.9551 -74.1368 -74.1367 -74.1367 -14.3011  -9.2515  -8.9228  -8.8036
    -1.4106  -1.2971  -1.2307  -1.1963  -1.1503  -0.9466  -0.9334  -0.9004
     0.4863   1.4472   2.3622   2.9596   3.1634   3.1797   3.3269   3.7357
     4.0256   8.9155  12.1546  12.4391  12.8759  12.9827

          k = 0.0000 0.3000-0.5000 ( 14046 PWs)   bands (ev):

  -119.9551 -74.1367 -74.1367 -74.1367 -14.2993  -9.2156  -8.9516  -8.8087
    -1.4213  -1.3188  -1.2552  -1.1838  -1.1537  -0.9585  -0.9312  -0.9080
     0.4708   1.4652   2.3131   3.0058   3.1836   3.2250   3.2486   3.8369
     3.9517   9.2744  11.8476  12.6513  12.8203  13.1768

          k = 0.0000 0.4000 0.4000 ( 14071 PWs)   bands (ev):

  -119.9551 -74.1367 -74.1367 -74.1367 -14.2970  -9.1652  -8.9382  -8.8648
    -1.4075  -1.3045  -1.2992  -1.2790  -1.1551  -0.9809  -0.9424  -0.9205
     0.4072   1.5277   2.2479   3.1077   3.2002   3.2129   3.2438   3.8973
     4.1052   9.5023  12.0133  12.2507  12.6436  12.9981

          k = 0.0000 0.4000-0.5000 ( 14042 PWs)   bands (ev):

  -119.9551 -74.1367 -74.1367 -74.1367 -14.2955  -9.1153  -8.9585  -8.8907
    -1.4079  -1.3382  -1.3300  -1.2882  -1.1372  -0.9950  -0.9426  -0.9333
     0.3845   1.5606   2.2077   3.1079   3.1286   3.2566   3.3037   4.0001
     4.0970   9.8816  11.6300  12.1410  12.7464  12.8948

          k = 0.0000-0.5000-0.5000 ( 14060 PWs)   bands (ev):

  -119.9551 -74.1367 -74.1367 -74.1367 -14.2940  -9.0377  -8.9612  -8.9612
    -1.3967  -1.3803  -1.3334  -1.3334  -1.1154  -1.0094  -0.9469  -0.9469
     0.3592   1.6006   2.1705   3.0793   3.0793   3.3343   3.3343   4.0703
     4.1494  10.3377  11.5508  11.5508  12.6878  12.9949

          k = 0.1000 0.1000 0.1000 ( 14045 PWs)   bands (ev):

  -119.9551 -74.1367 -74.1367 -74.1367 -14.3254  -9.5197  -8.7322  -8.7322
    -1.3650  -1.3650  -1.2893  -0.9040  -0.9040  -0.8904  -0.8339  -0.8339
     0.9433   1.5216   1.5216   3.2941   3.2941   3.4269   3.4752   3.9139
     3.9139   6.2988  10.8968  10.8969  11.2666  11.9965

          k = 0.1000 0.1000 0.2000 ( 14038 PWs)   bands (ev):

  -119.9551 -74.1367 -74.1367 -74.1367 -14.3202  -9.4792  -8.7792  -8.7293
    -1.3713  -1.3517  -1.2489  -0.9638  -0.9045  -0.8999  -0.8879  -0.8361
     0.7718   1.5252   1.7939   3.1386   3.1867   3.2754   3.4982   3.8478
     3.9041   6.8084  11.1660  11.1907  11.5995  12.1375

          k = 0.1000 0.1000 0.3000 ( 14043 PWs)   bands (ev):

  -119.9551 -74.1367 -74.1367 -74.1367 -14.3138  -9.4211  -8.8450  -8.7258
    -1.3716  -1.3361  -1.2349  -1.0841  -0.9081  -0.8911  -0.8906  -0.8408
     0.6843   1.5249   2.0149   2.8632   3.1032   3.2721   3.4980   3.7526
     3.7998   7.5338  11.5825  11.6257  12.1150  12.3504

          k = 0.1000 0.1000 0.4000 ( 14054 PWs)   bands (ev):

  -119.9551 -74.1367 -74.1367 -74.1367 -14.3086  -9.3630  -8.9092  -8.7229
    -1.4050  -1.3243  -1.2367  -1.1297  -0.9076  -0.8981  -0.8781  -0.8489
     0.6567   1.5204   2.1586   2.6551   3.0566   3.3336   3.5087   3.6395
     3.6499   8.2830  12.0304  12.0540  12.5685  12.7144

          k = 0.1000 0.1000-0.5000 ( 14088 PWs)   bands (ev):

  -119.9551 -74.1368 -74.1367 -74.1367 -14.3066  -9.3362  -8.9383  -8.7218
    -1.4324  -1.3199  -1.2294  -1.1385  -0.9056  -0.9040  -0.8678  -0.8570
     0.6532   1.5176   2.2112   2.5727   3.0426   3.4555   3.4803   3.5422
     3.5789   8.6536  12.1674  12.2506  12.4084  12.8656

          k = 0.1000 0.2000 0.2000 ( 14035 PWs)   bands (ev):

  -119.9551 -74.1367 -74.1367 -74.1367 -14.3154  -9.4367  -8.7971  -8.7526
    -1.3901  -1.3525  -1.2022  -1.0091  -0.9409  -0.9078  -0.8937  -0.8802
     0.5257   1.6417   2.0855   2.8971   3.1242   3.2064   3.5621   3.7991
     3.9675   7.2053  11.3522  11.4669  11.8132  12.4797

          k = 0.1000 0.2000 0.3000 ( 14056 PWs)   bands (ev):

  -119.9551 -74.1367 -74.1367 -74.1367 -14.3095  -9.3751  -8.8518  -8.7576
    -1.3977  -1.3470  -1.1884  -1.1188  -0.9738  -0.9150  -0.9086  -0.8771
     0.3926   1.6806   2.3860   2.6756   3.0620   3.1980   3.5965   3.6979
     3.9471   7.8293  11.6881  11.8858  12.1948  12.6884

          k = 0.1000 0.2000 0.4000 ( 14060 PWs)   bands (ev):

  -119.9551 -74.1367 -74.1367 -74.1367 -14.3047  -9.3123  -8.9139  -8.7567
    -1.4110  -1.3526  -1.2188  -1.1654  -0.9853  -0.9336  -0.9110  -0.8740
     0.3424   1.7001   2.5177   2.5721   3.0337   3.2778   3.5745   3.6297
     3.8420   8.5265  12.1089  12.2757  12.5180  12.6887

          k = 0.1000 0.2000-0.5000 ( 14072 PWs)   bands (ev):

  -119.9551 -74.1367 -74.1367 -74.1367 -14.3028  -9.2823  -8.9438  -8.7560
    -1.4298  -1.3562  -1.2049  -1.1943  -0.9883  -0.9429  -0.9104  -0.8731
     0.3317   1.7060   2.4694   2.6161   3.0275   3.4157   3.4432   3.6793
     3.7439   8.8912  12.0520  12.4087  12.4598  12.9094

          k = 0.1000 0.3000 0.3000 ( 14027 PWs)   bands (ev):

  -119.9551 -74.1367 -74.1367 -74.1367 -14.3042  -9.3079  -8.8748  -8.7926
    -1.4158  -1.3470  -1.1755  -1.1604  -1.1135  -0.9418  -0.9189  -0.8801
     0.2284   1.7669   2.5025   2.7620   3.0530   3.1517   3.5976   3.6787
     4.0389   8.3327  11.9020  12.3057  12.3984  12.8421

          k = 0.1000 0.3000 0.4000 ( 14067 PWs)   bands (ev):

  -119.9551 -74.1368 -74.1367 -74.1367 -14.2998  -9.2369  -8.9214  -8.8094
    -1.4206  -1.3596  -1.2633  -1.1693  -1.1579  -0.9651  -0.9205  -0.8850
     0.1584   1.8232   2.3917   2.9429   3.0505   3.2372   3.4943   3.7623
     4.0195   8.9543  12.0965  12.3380  12.6573  12.7764

          k = 0.1000 0.3000-0.5000 ( 14054 PWs)   bands (ev):

  -119.9551 -74.1367 -74.1367 -74.1367 -14.2982  -9.2008  -8.9508  -8.8132
    -1.4249  -1.3771  -1.2844  -1.1823  -1.1644  -0.9726  -0.9191  -0.8885
     0.1400   1.8435   2.3540   2.9696   3.0450   3.3462   3.4227   3.8404
     3.9521   9.3124  11.7394  12.6565  12.7039  12.8224

          k = 0.1000 0.4000 0.4000 ( 14067 PWs)   bands (ev):

  -119.9551 -74.1367 -74.1367 -74.1367 -14.2959  -9.1527  -8.9357  -8.8670
    -1.4213  -1.3619  -1.3044  -1.3036  -1.1850  -0.9735  -0.9272  -0.9005
     0.0739   1.9164   2.3050   3.0337   3.0704   3.3336   3.4443   3.9077
     4.1038   9.5274  11.8727  12.1363  12.4879  12.9561

          k = 0.1000 0.4000-0.5000 ( 14050 PWs)   bands (ev):

  -119.9551 -74.1367 -74.1367 -74.1367 -14.2944  -9.1037  -8.9564  -8.8906
    -1.4146  -1.3802  -1.3509  -1.3112  -1.2011  -0.9705  -0.9271  -0.9113
     0.0502   1.9536   2.2754   3.0393   3.0517   3.3973   3.4353   4.0019
     4.0988   9.9068  11.5124  12.0033  12.5145  12.9630

          k = 0.1000-0.5000-0.5000 ( 14056 PWs)   bands (ev):

  -119.9551 -74.1367 -74.1367 -74.1367 -14.2930  -9.0282  -8.9586  -8.9586
    -1.3965  -1.3799  -1.3770  -1.3770  -1.2166  -0.9551  -0.9303  -0.9303
     0.0247   1.9995   2.2484   3.0305   3.0305   3.4472   3.4472   4.0715
     4.1517  10.3724  11.4307  11.4307  12.4466  13.0662

          k = 0.2000 0.2000 0.2000 ( 14054 PWs)   bands (ev):

  -119.9551 -74.1367 -74.1367 -74.1367 -14.3110  -9.3935  -8.7930  -8.7930
    -1.3997  -1.3997  -1.1477  -1.0287  -1.0287  -0.9140  -0.8916  -0.8916
     0.2051   2.1104   2.1104   2.7370   3.0905   3.0905   3.6518   3.9213
     3.9213   7.5266  11.5696  11.5696  11.8980  12.7981

          k = 0.2000 0.2000 0.3000 ( 14053 PWs)   bands (ev):

  -119.9551 -74.1367 -74.1367 -74.1367 -14.3055  -9.3306  -8.8525  -8.7880
    -1.4174  -1.4125  -1.1643  -1.1283  -1.0460  -0.9425  -0.8990  -0.8776
     0.0165   2.1392   2.5083   2.5867   3.0085   3.1140   3.7039   3.8611
     3.9291   8.0703  11.8352  11.8979  12.1171  12.8692

          k = 0.2000 0.2000 0.4000 ( 14063 PWs)   bands (ev):

  -119.9551 -74.1367 -74.1367 -74.1367 -14.3011  -9.2652  -8.9150  -8.7839
    -1.4237  -1.4226  -1.2601  -1.1594  -1.0569  -0.9625  -0.9015  -0.8689
    -0.0623   2.1603   2.4971   2.7146   2.9685   3.2706   3.7235   3.8007
     3.8085   8.7214  12.0315  12.2367  12.4175  12.5462

          k = 0.2000 0.2000-0.5000 ( 14088 PWs)   bands (ev):

  -119.9551 -74.1368 -74.1368 -74.1367 -14.2994  -9.2330  -8.9460  -8.7824
    -1.4333  -1.4281  -1.2761  -1.1880  -1.0605  -0.9682  -0.9018  -0.8660
    -0.0818   2.1678   2.4694   2.7521   2.9581   3.4771   3.6270   3.7280
     3.7867   9.0813  11.7637  12.4341  12.6076  12.7563

          k = 0.2000 0.3000 0.3000 ( 14072 PWs)   bands (ev):

  -119.9551 -74.1368 -74.1367 -74.1367 -14.3006  -9.2654  -8.8694  -8.8196
    -1.4505  -1.4398  -1.2051  -1.1509  -1.1491  -0.9596  -0.8964  -0.8752
    -0.2185   2.3575   2.5085   2.8014   2.9919   3.0919   3.7871   3.8264
     4.0133   8.5086  11.9661  12.0606  12.1418  12.8192

          k = 0.2000 0.3000 0.4000 ( 14077 PWs)   bands (ev):

  -119.9551 -74.1368 -74.1367 -74.1367 -14.2966  -9.1955  -8.9179  -8.8273
    -1.4679  -1.4475  -1.3059  -1.2135  -1.1824  -0.9579  -0.8983  -0.8713
    -0.3229   2.4313   2.4727   2.9255   2.9691   3.3245   3.7514   3.8375
     4.0031   9.0857  11.7847  12.1603  12.2792  12.7120

          k = 0.2000 0.3000-0.5000 ( 14066 PWs)   bands (ev):

  -119.9551 -74.1367 -74.1367 -74.1367 -14.2951  -9.1590  -8.9487  -8.8278
    -1.4755  -1.4451  -1.3466  -1.2506  -1.1889  -0.9559  -0.8988  -0.8700
    -0.3505   2.4569   2.4606   2.9357   2.9575   3.5383   3.6637   3.8586
     3.9570   9.4380  11.4365  12.2658  12.3889  12.6369

          k = 0.2000 0.4000 0.4000 ( 14058 PWs)   bands (ev):

  -119.9551 -74.1367 -74.1367 -74.1367 -14.2930  -9.1180  -8.9293  -8.8744
    -1.4770  -1.4747  -1.3384  -1.3111  -1.2869  -0.9384  -0.8993  -0.8779
    -0.4412   2.4499   2.5815   2.9709   2.9960   3.5120   3.7070   3.9422
     4.1000   9.6055  11.5213  11.7899  12.1701  13.0153

          k = 0.2000 0.4000-0.5000 ( 14068 PWs)   bands (ev):

  -119.9551 -74.1367 -74.1367 -74.1367 -14.2917  -9.0719  -8.9509  -8.8916
    -1.4863  -1.4674  -1.3822  -1.3352  -1.3243  -0.9286  -0.8995  -0.8827
    -0.4728   2.4483   2.6324   2.9712   2.9937   3.6275   3.6690   4.0084
     4.1035   9.9748  11.2019  11.6479  12.1493  12.9813

          k = 0.2000-0.5000-0.5000 ( 14092 PWs)   bands (ev):

  -119.9551 -74.1367 -74.1367 -74.1367 -14.2903  -9.0027  -8.9518  -8.9518
    -1.4762  -1.4762  -1.3962  -1.3815  -1.3788  -0.9053  -0.9003  -0.9003
    -0.5054   2.4466   2.7075   2.9755   2.9755   3.6723   3.6723   4.0746
     4.1576  10.4512  11.1173  11.1173  12.0639  13.2357

          k = 0.3000 0.3000 0.3000 ( 14090 PWs)   bands (ev):

  -119.9551 -74.1368 -74.1367 -74.1367 -14.2962  -9.2030  -8.8626  -8.8626
    -1.4983  -1.4983  -1.2270  -1.2270  -1.2256  -0.9458  -0.8778  -0.8778
    -0.5332   2.5269   2.8544   2.8544   3.0439   3.0439   3.8861   3.9828
     3.9828   8.8517  11.8751  11.8751  12.0095  12.8976

          k = 0.3000 0.3000 0.4000 ( 14079 PWs)   bands (ev):

  -119.9551 -74.1367 -74.1367 -74.1367 -14.2927  -9.1352  -8.9146  -8.8572
    -1.5389  -1.5122  -1.3322  -1.3180  -1.2379  -0.9292  -0.8828  -0.8670
    -0.6824   2.5573   2.9054   2.9276   3.0120   3.4374   3.9255   3.9811
     3.9830   9.3462  11.4400  11.7733  12.0333  12.8021

          k = 0.3000 0.3000-0.5000 ( 14102 PWs)   bands (ev):

  -119.9551 -74.1368 -74.1368 -74.1367 -14.2913  -9.0976  -8.9462  -8.8551
    -1.5547  -1.5033  -1.3802  -1.3672  -1.2411  -0.9229  -0.8852  -0.8636
    -0.7214   2.5730   2.9295   2.9311   2.9963   3.7220   3.8551   3.9216
     3.9962   9.6818  11.0887  11.7417  12.1080  12.6347

          k = 0.3000 0.4000 0.4000 ( 14064 PWs)   bands (ev):

  -119.9551 -74.1367 -74.1367 -74.1367 -14.2895  -9.0684  -8.9213  -8.8897
    -1.5735  -1.5604  -1.4267  -1.3514  -1.3170  -0.9062  -0.8774  -0.8682
    -0.8582   2.6283   2.9289   2.9430   3.2559   3.6606   3.9515   4.0088
     4.0951   9.7491  11.1398  11.3342  11.9388  12.8970

          k = 0.3000 0.4000-0.5000 ( 14064 PWs)   bands (ev):

  -119.9551 -74.1367 -74.1367 -74.1367 -14.2883  -9.0274  -8.9441  -8.8973
    -1.5891  -1.5611  -1.4785  -1.3890  -1.3320  -0.9037  -0.8960  -0.8787
    -0.8669   2.6550   2.9401   2.9426   3.3066   3.8525   3.9074   4.0281
     4.1104  10.0701  10.8340  11.1988  11.9401  12.7495

          k = 0.3000-0.5000-0.5000 ( 14056 PWs)   bands (ev):

  -119.9551 -74.1367 -74.1367 -74.1367 -14.2871  -8.9706  -8.9433  -8.9433
    -1.5822  -1.5822  -1.5386  -1.3958  -1.3784  -0.9473  -0.8781  -0.8773
    -0.8773   2.6830   2.9492   2.9492   3.3921   3.9140   3.9140   4.0785
     4.1650  10.4811  10.7417  10.7417  11.8833  12.8650

          k = 0.4000 0.4000 0.4000 ( 14082 PWs)   bands (ev):

  -119.9551 -74.1367 -74.1367 -74.1367 -14.2866  -9.0151  -8.9148  -8.9148
    -1.6271  -1.6271  -1.5397  -1.3553  -1.3553  -1.0996  -0.8850  -0.8655
    -0.8655   2.7663   2.9355   2.9355   3.7397   3.7397   4.0909   4.0909
     4.0909   9.9787  10.8652  10.8652  11.9056  12.7478

          k = 0.4000 0.4000-0.5000 ( 14064 PWs)   bands (ev):

  -119.9551 -74.1367 -74.1367 -74.1367 -14.2855  -8.9805  -8.9386  -8.9123
    -1.6519  -1.6336  -1.5927  -1.3907  -1.3563  -1.1609  -0.8758  -0.8681
    -0.8618   2.8151   2.9347   2.9412   3.7618   3.9857   4.0745   4.0893
     4.1288  10.2015  10.5527  10.7664  11.9684  12.5931

          k = 0.4000-0.5000-0.5000 ( 14084 PWs)   bands (ev):

  -119.9551 -74.1367 -74.1367 -74.1367 -14.2844  -8.9441  -8.9364  -8.9364
    -1.6598  -1.6598  -1.6487  -1.3954  -1.3829  -1.2272  -0.8650  -0.8649
    -0.8649   2.8694   2.9411   2.9411   3.8951   4.0817   4.1018   4.1018
     4.1710  10.3982  10.4485  10.4485  12.0641  12.5350

          k =-0.5000-0.5000-0.5000 ( 13992 PWs)   bands (ev):

  -119.9551 -74.1366 -74.1366 -74.1366 -14.2834  -8.9338  -8.9338  -8.9338
    -1.6880  -1.6880  -1.6880  -1.3953  -1.3953  -1.3126  -0.8612  -0.8612
    -0.8612   2.9399   2.9399   2.9399   4.0829   4.0829   4.1733   4.1733
     4.1733  10.3385  10.3385  10.3385  12.3489  12.4188

     the Fermi energy is     4.4554 ev

!    total energy              =    -842.54098263 Ry
     estimated scf accuracy    <          5.3E-12 Ry
     smearing contrib. (-TS)   =      -0.00000000 Ry
     internal energy E=F+TS    =    -842.54098263 Ry

     The total energy is F=E-TS. E is the sum of the following terms:
     one-electron contribution =    -519.48513426 Ry
     hartree contribution      =     280.20436689 Ry
     xc contribution           =     -95.81412131 Ry
     ewald contribution        =    -270.28182875 Ry
     one-center paw contrib.   =    -237.16426520 Ry

     convergence has been achieved in  14 iterations

     Forces acting on atoms (cartesian axes, Ry/au):

     atom    1 type  1   force =     0.00000000    0.00000000    0.00000000
     atom    2 type  2   force =     0.00000000    0.00000000    0.00000000
     atom    3 type  3   force =     0.00000000    0.00000000    0.00000000
     atom    4 type  3   force =     0.00000000    0.00000000    0.00000000
     atom    5 type  3   force =     0.00000000    0.00000000    0.00000000

     Total force =     0.000000     Total SCF correction =     0.000000


     Computing stress (Cartesian axis) and pressure

          total   stress  (Ry/bohr**3)                   (kbar)     P=       22.16
   0.00015066   0.00000000   0.00000000           22.16        0.00        0.00
   0.00000000   0.00015066   0.00000000            0.00       22.16        0.00
   0.00000000   0.00000000   0.00015066            0.00        0.00       22.16


     BFGS Geometry Optimization
     Energy error            =      0.0E+00 Ry
     Gradient error          =      0.0E+00 Ry/Bohr

     bfgs converged in   1 scf cycles and   0 bfgs steps
     (criteria: energy <  1.0E-05 Ry, force <  1.0E-03 Ry/Bohr)

     End of BFGS Geometry Optimization

     Final energy             =    -842.5409826302 Ry
Begin final coordinates

ATOMIC_POSITIONS (crystal)
Cs               0.0000000000        0.0000000000        0.0000000000
Zn               0.5000000000        0.5000000000        0.5000000000
Cl               0.5000000000        0.5000000000        0.0000000000
Cl               0.5000000000        0.0000000000        0.5000000000
Cl               0.0000000000        0.5000000000        0.5000000000
End final coordinates



  ++++++++++++++++++++++++++++++++++++++++++++++++++++++++++++++++++++++++++++
     Doing work    3 /     9
  ++++++++++++++++++++++++++++++++++++++++++++++++++++++++++++++++++++++++++++


     Current dimensions of program PWSCF are:
     Max number of different atomic species (ntypx) = 10
     Max number of k-points (npk) = 120000
     Max angular momentum in pseudopotentials (lmaxx) =  4

     WARNING: check_stop already initialized

     Parallelization info
     --------------------
     sticks:   dense  smooth     PW     G-vecs:    dense   smooth      PW
     Min        2850    1430    391               161666    57155    8411
     Max        2855    1431    402               161723    57270    8468
     Sum        5705    2861    793               323389   114425   16879

     Using Pencil Decomposition



     bravais-lattice index     =            1
     lattice parameter (alat)  =       9.4571  a.u.
     unit-cell volume          =     845.8015 (a.u.)^3
     number of atoms/cell      =            5
     number of atomic types    =            3
     number of electrons       =        50.00
     number of Kohn-Sham states=           30
     kinetic-energy cutoff     =     100.0000  Ry
     charge density cutoff     =     800.0000  Ry
     scf convergence threshold =      1.0E-10
     mixing beta               =       0.3000
     number of iterations used =            8  plain     mixing
     energy convergence thresh.=      1.0E-05
     force convergence thresh. =      1.0E-03
     Exchange-correlation= PBE
                           (   1   4   3   4   0   0   0)
     nstep                     =           20


     celldm(1)=   9.457060  celldm(2)=   0.000000  celldm(3)=   0.000000
     celldm(4)=   0.000000  celldm(5)=   0.000000  celldm(6)=   0.000000

     crystal axes: (cart. coord. in units of alat)
               a(1) = (   1.000000   0.000000   0.000000 )  
               a(2) = (   0.000000   1.000000   0.000000 )  
               a(3) = (   0.000000   0.000000   1.000000 )  

     reciprocal axes: (cart. coord. in units 2 pi/alat)
               b(1) = (  1.000000  0.000000  0.000000 )  
               b(2) = (  0.000000  1.000000  0.000000 )  
               b(3) = (  0.000000  0.000000  1.000000 )  


     PseudoPot. # 1 for Cs read from file:
     /home/administrator/Downloads/BURAI/BURAI1.3/pseudopot/Cs.pbe-spn-rrkjus_psl.1.0.0.UPF
     MD5 check sum: 0e4a2db85f86c9a13762b1b689b65a6d
     Pseudo is Ultrasoft + core correction, Zval =  9.0
     Generated using "atomic" code by A. Dal Corso  v.5.1.2
     Using radial grid of 1251 points,  9 beta functions with: 
                l(1) =   0
                l(2) =   0
                l(3) =   0
                l(4) =   1
                l(5) =   1
                l(6) =   2
                l(7) =   2
                l(8) =   3
                l(9) =   3
     Q(r) pseudized with 0 coefficients 


     PseudoPot. # 2 for Zn read from file:
     /home/administrator/Downloads/BURAI/BURAI1.3/pseudopot/Zn.pbe-spn-kjpaw_psl.1.0.0.UPF
     MD5 check sum: 9ae49ce97c5e3111e3f06ee7e23c2246
     Pseudo is Projector augmented-wave + core cor, Zval = 20.0
     Generated using "atomic" code by A. Dal Corso  v.5.1.2
     Shape of augmentation charge: PSQ
     Using radial grid of 1201 points,  6 beta functions with: 
                l(1) =   0
                l(2) =   0
                l(3) =   1
                l(4) =   1
                l(5) =   2
                l(6) =   2
     Q(r) pseudized with 0 coefficients 


     PseudoPot. # 3 for Cl read from file:
     /home/administrator/Downloads/BURAI/BURAI1.3/pseudopot/Cl.pbe-n-kjpaw_psl.1.0.0.UPF
     MD5 check sum: d11ac872591ccaf6ebdc6d6d0c764b72
     Pseudo is Projector augmented-wave + core cor, Zval =  7.0
     Generated using "atomic" code by A. Dal Corso  v.5.1.2
     Shape of augmentation charge: PSQ
     Using radial grid of 1157 points,  6 beta functions with: 
                l(1) =   0
                l(2) =   0
                l(3) =   1
                l(4) =   1
                l(5) =   2
                l(6) =   2
     Q(r) pseudized with 0 coefficients 


     atomic species   valence    mass     pseudopotential
     Cs                9.00   132.90550     Cs( 1.00)
     Zn               20.00    65.38000     Zn( 1.00)
     Cl                7.00    35.45300     Cl( 1.00)

     48 Sym. Ops., with inversion, found



   Cartesian axes

     site n.     atom                  positions (alat units)
         1        Cs     tau(   1) = (   0.0000000   0.0000000   0.0000000  )
         2        Zn     tau(   2) = (   0.5000000   0.5000000   0.5000000  )
         3        Cl     tau(   3) = (   0.5000000   0.5000000   0.0000000  )
         4        Cl     tau(   4) = (   0.5000000   0.0000000   0.5000000  )
         5        Cl     tau(   5) = (   0.0000000   0.5000000   0.5000000  )

     number of k points=    56  Gaussian smearing, width (Ry)=  0.0050
                       cart. coord. in units 2pi/alat
        k(    1) = (   0.0000000   0.0000000   0.0000000), wk =   0.0020000
        k(    2) = (   0.0000000   0.0000000   0.1000000), wk =   0.0120000
        k(    3) = (   0.0000000   0.0000000   0.2000000), wk =   0.0120000
        k(    4) = (   0.0000000   0.0000000   0.3000000), wk =   0.0120000
        k(    5) = (   0.0000000   0.0000000   0.4000000), wk =   0.0120000
        k(    6) = (   0.0000000   0.0000000  -0.5000000), wk =   0.0060000
        k(    7) = (   0.0000000   0.1000000   0.1000000), wk =   0.0240000
        k(    8) = (   0.0000000   0.1000000   0.2000000), wk =   0.0480000
        k(    9) = (   0.0000000   0.1000000   0.3000000), wk =   0.0480000
        k(   10) = (   0.0000000   0.1000000   0.4000000), wk =   0.0480000
        k(   11) = (   0.0000000   0.1000000  -0.5000000), wk =   0.0240000
        k(   12) = (   0.0000000   0.2000000   0.2000000), wk =   0.0240000
        k(   13) = (   0.0000000   0.2000000   0.3000000), wk =   0.0480000
        k(   14) = (   0.0000000   0.2000000   0.4000000), wk =   0.0480000
        k(   15) = (   0.0000000   0.2000000  -0.5000000), wk =   0.0240000
        k(   16) = (   0.0000000   0.3000000   0.3000000), wk =   0.0240000
        k(   17) = (   0.0000000   0.3000000   0.4000000), wk =   0.0480000
        k(   18) = (   0.0000000   0.3000000  -0.5000000), wk =   0.0240000
        k(   19) = (   0.0000000   0.4000000   0.4000000), wk =   0.0240000
        k(   20) = (   0.0000000   0.4000000  -0.5000000), wk =   0.0240000
        k(   21) = (   0.0000000  -0.5000000  -0.5000000), wk =   0.0060000
        k(   22) = (   0.1000000   0.1000000   0.1000000), wk =   0.0160000
        k(   23) = (   0.1000000   0.1000000   0.2000000), wk =   0.0480000
        k(   24) = (   0.1000000   0.1000000   0.3000000), wk =   0.0480000
        k(   25) = (   0.1000000   0.1000000   0.4000000), wk =   0.0480000
        k(   26) = (   0.1000000   0.1000000  -0.5000000), wk =   0.0240000
        k(   27) = (   0.1000000   0.2000000   0.2000000), wk =   0.0480000
        k(   28) = (   0.1000000   0.2000000   0.3000000), wk =   0.0960000
        k(   29) = (   0.1000000   0.2000000   0.4000000), wk =   0.0960000
        k(   30) = (   0.1000000   0.2000000  -0.5000000), wk =   0.0480000
        k(   31) = (   0.1000000   0.3000000   0.3000000), wk =   0.0480000
        k(   32) = (   0.1000000   0.3000000   0.4000000), wk =   0.0960000
        k(   33) = (   0.1000000   0.3000000  -0.5000000), wk =   0.0480000
        k(   34) = (   0.1000000   0.4000000   0.4000000), wk =   0.0480000
        k(   35) = (   0.1000000   0.4000000  -0.5000000), wk =   0.0480000
        k(   36) = (   0.1000000  -0.5000000  -0.5000000), wk =   0.0120000
        k(   37) = (   0.2000000   0.2000000   0.2000000), wk =   0.0160000
        k(   38) = (   0.2000000   0.2000000   0.3000000), wk =   0.0480000
        k(   39) = (   0.2000000   0.2000000   0.4000000), wk =   0.0480000
        k(   40) = (   0.2000000   0.2000000  -0.5000000), wk =   0.0240000
        k(   41) = (   0.2000000   0.3000000   0.3000000), wk =   0.0480000
        k(   42) = (   0.2000000   0.3000000   0.4000000), wk =   0.0960000
        k(   43) = (   0.2000000   0.3000000  -0.5000000), wk =   0.0480000
        k(   44) = (   0.2000000   0.4000000   0.4000000), wk =   0.0480000
        k(   45) = (   0.2000000   0.4000000  -0.5000000), wk =   0.0480000
        k(   46) = (   0.2000000  -0.5000000  -0.5000000), wk =   0.0120000
        k(   47) = (   0.3000000   0.3000000   0.3000000), wk =   0.0160000
        k(   48) = (   0.3000000   0.3000000   0.4000000), wk =   0.0480000
        k(   49) = (   0.3000000   0.3000000  -0.5000000), wk =   0.0240000
        k(   50) = (   0.3000000   0.4000000   0.4000000), wk =   0.0480000
        k(   51) = (   0.3000000   0.4000000  -0.5000000), wk =   0.0480000
        k(   52) = (   0.3000000  -0.5000000  -0.5000000), wk =   0.0120000
        k(   53) = (   0.4000000   0.4000000   0.4000000), wk =   0.0160000
        k(   54) = (   0.4000000   0.4000000  -0.5000000), wk =   0.0240000
        k(   55) = (   0.4000000  -0.5000000  -0.5000000), wk =   0.0120000
        k(   56) = (  -0.5000000  -0.5000000  -0.5000000), wk =   0.0020000

     Dense  grid:   323389 G-vectors     FFT dimensions: (  90,  90,  90)

     Smooth grid:   114425 G-vectors     FFT dimensions: (  64,  64,  64)

     Estimated max dynamical RAM per process >     562.60 MB

     Estimated total dynamical RAM >       4.16 GB

     Initial potential from superposition of free atoms

     starting charge      49.9591, renormalised to      50.0000
     Starting wfcs are   27 randomized atomic wfcs +    3 random wfcs
     Checking if some PAW data can be deallocated... 

     total cpu time spent up to now is      821.8 secs

     Self-consistent Calculation

     iteration #  1     ecut=   100.00 Ry     beta= 0.30
     Davidson diagonalization with overlap
     ethr =  1.00E-02,  avg # of iterations =  6.6

     Threshold (ethr) on eigenvalues was too large:
     Diagonalizing with lowered threshold

     Davidson diagonalization with overlap
     ethr =  5.45E-04,  avg # of iterations =  2.9

     total cpu time spent up to now is      872.2 secs

     total energy              =    -842.52175784 Ry
     estimated scf accuracy    <       0.24619246 Ry

     iteration #  2     ecut=   100.00 Ry     beta= 0.30
     Davidson diagonalization with overlap
     ethr =  4.92E-04,  avg # of iterations =  2.3

     total cpu time spent up to now is      896.9 secs

     total energy              =    -842.53454579 Ry
     estimated scf accuracy    <       0.04090632 Ry

     iteration #  3     ecut=   100.00 Ry     beta= 0.30
     Davidson diagonalization with overlap
     ethr =  8.18E-05,  avg # of iterations =  9.1

     total cpu time spent up to now is      928.7 secs

     total energy              =    -842.54159054 Ry
     estimated scf accuracy    <       0.00560751 Ry

     iteration #  4     ecut=   100.00 Ry     beta= 0.30
     Davidson diagonalization with overlap
     ethr =  1.12E-05,  avg # of iterations =  8.5

     total cpu time spent up to now is      960.8 secs

     total energy              =    -842.54252373 Ry
     estimated scf accuracy    <       0.00121736 Ry

     iteration #  5     ecut=   100.00 Ry     beta= 0.30
     Davidson diagonalization with overlap
     ethr =  2.43E-06,  avg # of iterations =  7.1

     total cpu time spent up to now is      993.1 secs

     total energy              =    -842.54276418 Ry
     estimated scf accuracy    <       0.00007891 Ry

     iteration #  6     ecut=   100.00 Ry     beta= 0.30
     Davidson diagonalization with overlap
     ethr =  1.58E-07,  avg # of iterations =  4.4

     total cpu time spent up to now is     1022.9 secs

     total energy              =    -842.54278614 Ry
     estimated scf accuracy    <       0.00001757 Ry

     iteration #  7     ecut=   100.00 Ry     beta= 0.30
     Davidson diagonalization with overlap
     ethr =  3.51E-08,  avg # of iterations =  2.9

     total cpu time spent up to now is     1050.6 secs

     total energy              =    -842.54279129 Ry
     estimated scf accuracy    <       0.00000081 Ry

     iteration #  8     ecut=   100.00 Ry     beta= 0.30
     Davidson diagonalization with overlap
     ethr =  1.63E-09,  avg # of iterations =  6.1

     total cpu time spent up to now is     1084.4 secs

     total energy              =    -842.54279258 Ry
     estimated scf accuracy    <       0.00000082 Ry

     iteration #  9     ecut=   100.00 Ry     beta= 0.30
     Davidson diagonalization with overlap
     ethr =  1.63E-09,  avg # of iterations =  2.0

     total cpu time spent up to now is     1108.4 secs

     total energy              =    -842.54279305 Ry
     estimated scf accuracy    <       0.00000005 Ry

     iteration # 10     ecut=   100.00 Ry     beta= 0.30
     Davidson diagonalization with overlap
     ethr =  1.06E-10,  avg # of iterations =  4.9

     total cpu time spent up to now is     1138.5 secs

     total energy              =    -842.54279324 Ry
     estimated scf accuracy    <       0.00000006 Ry

     iteration # 11     ecut=   100.00 Ry     beta= 0.30
     Davidson diagonalization with overlap
     ethr =  1.06E-10,  avg # of iterations =  2.0

     total cpu time spent up to now is     1163.6 secs

     total energy              =    -842.54279333 Ry
     estimated scf accuracy    <          4.0E-10 Ry

     iteration # 12     ecut=   100.00 Ry     beta= 0.30
     Davidson diagonalization with overlap
     ethr =  7.92E-13,  avg # of iterations = 10.2

     total cpu time spent up to now is     1207.5 secs

     total energy              =    -842.54279338 Ry
     estimated scf accuracy    <          1.3E-10 Ry

     iteration # 13     ecut=   100.00 Ry     beta= 0.30
     Davidson diagonalization with overlap
     ethr =  2.53E-13,  avg # of iterations =  2.9

     total cpu time spent up to now is     1234.9 secs

     total energy              =    -842.54279340 Ry
     estimated scf accuracy    <          1.7E-10 Ry

     iteration # 14     ecut=   100.00 Ry     beta= 0.30
     Davidson diagonalization with overlap
     ethr =  2.53E-13,  avg # of iterations =  2.0

     total cpu time spent up to now is     1259.8 secs

     End of self-consistent calculation

          k = 0.0000 0.0000 0.0000 ( 14243 PWs)   bands (ev):

  -120.1437 -74.3252 -74.3252 -74.3252 -14.5206  -9.6805  -8.8559  -8.8559
    -1.5331  -1.5331  -1.5331  -1.0839  -1.0839  -1.0839  -0.9447  -0.9447
     1.1684   1.1684   1.1684   3.2573   3.2573   3.2573   3.7429   3.7429
     3.7429   5.4130  10.4249  10.4249  10.6357  11.5224

          k = 0.0000 0.0000 0.1000 ( 14242 PWs)   bands (ev):

  -120.1437 -74.3252 -74.3252 -74.3252 -14.5187  -9.6669  -8.8728  -8.8551
    -1.5249  -1.5249  -1.5236  -1.0838  -1.0826  -1.0826  -0.9979  -0.9446
     1.1686   1.1686   1.1882   3.2301   3.2407   3.2407   3.5863   3.7167
     3.7167   5.6715  10.5332  10.5425  10.7887  11.5692

          k = 0.0000 0.0000 0.2000 ( 14286 PWs)   bands (ev):

  -120.1437 -74.3252 -74.3252 -74.3252 -14.5138  -9.6285  -8.9196  -8.8528
    -1.5049  -1.5039  -1.5039  -1.1239  -1.0836  -1.0782  -1.0782  -0.9445
     1.1667   1.1667   1.2458   3.1608   3.2055   3.2055   3.2573   3.6435
     3.6435   6.2954  10.8326  10.8690  11.2269  11.7069

          k = 0.0000 0.0000 0.3000 ( 14306 PWs)   bands (ev):

  -120.1437 -74.3253 -74.3252 -74.3252 -14.5076  -9.5737  -8.9844  -8.8500
    -1.5107  -1.4789  -1.4789  -1.2382  -1.0834  -1.0698  -1.0698  -0.9443
     1.1589   1.1589   1.3343   2.9102   3.0787   3.1836   3.1836   3.5384
     3.5384   7.0907  11.2618  11.3234  11.8715  11.9253

          k = 0.0000 0.0000 0.4000 ( 14282 PWs)   bands (ev):

  -120.1437 -74.3253 -74.3252 -74.3252 -14.5027  -9.5195  -9.0465  -8.8478
    -1.5611  -1.4599  -1.4599  -1.2759  -1.0832  -1.0604  -1.0604  -0.9442
     1.1476   1.1476   1.4315   2.6346   3.0149   3.1979   3.1979   3.4272
     3.4272   7.8598  11.6771  11.7566  12.1876  12.5670

          k = 0.0000 0.0000-0.5000 ( 14286 PWs)   bands (ev):

  -120.1437 -74.3252 -74.3252 -74.3252 -14.5008  -9.4949  -9.0741  -8.8469
    -1.5909  -1.4529  -1.4529  -1.2780  -1.0831  -1.0561  -1.0561  -0.9442
     1.1420   1.1420   1.4796   2.5230   2.9912   3.2249   3.2249   3.3648
     3.3648   8.2242  11.8108  11.9466  12.3426  12.4500

          k = 0.0000 0.1000 0.1000 ( 14259 PWs)   bands (ev):

  -120.1437 -74.3252 -74.3252 -74.3252 -14.5169  -9.6530  -8.8803  -8.8632
    -1.5390  -1.5165  -1.4955  -1.0878  -1.0818  -1.0780  -1.0204  -0.9738
     1.0018   1.1711   1.3830   3.1566   3.2230   3.2758   3.4123   3.6898
     3.7585   5.8833  10.6375  10.6490  10.9208  11.6902

          k = 0.0000 0.1000 0.2000 ( 14250 PWs)   bands (ev):

  -120.1437 -74.3252 -74.3252 -74.3252 -14.5121  -9.6138  -8.9228  -8.8643
    -1.5370  -1.4948  -1.4664  -1.1342  -1.0905  -1.0782  -1.0729  -0.9868
     0.8851   1.1755   1.5762   3.0400   3.1407   3.1846   3.2798   3.6144
     3.7278   6.4401  10.9195  10.9605  11.3069  11.8302

          k = 0.0000 0.1000 0.3000 ( 14289 PWs)   bands (ev):

  -120.1437 -74.3253 -74.3252 -74.3252 -14.5061  -9.5578  -8.9865  -8.8618
    -1.5325  -1.4689  -1.4591  -1.2510  -1.0902  -1.0734  -1.0677  -0.9919
     0.8310   1.1760   1.7334   2.7898   3.0166   3.1584   3.2734   3.5067
     3.6297   7.1933  11.3436  11.3959  11.8923  12.0409

          k = 0.0000 0.1000 0.4000 ( 14295 PWs)   bands (ev):

  -120.1437 -74.3253 -74.3252 -74.3252 -14.5013  -9.5020  -9.0485  -8.8596
    -1.5634  -1.4629  -1.4489  -1.2947  -1.0884  -1.0692  -1.0626  -0.9961
     0.8187   1.1718   1.8430   2.5606   2.9689   3.1696   3.2976   3.3927
     3.5027   7.9445  11.7820  11.8132  12.2942  12.5428

          k = 0.0000 0.1000-0.5000 ( 14292 PWs)   bands (ev):

  -120.1437 -74.3253 -74.3253 -74.3252 -14.4994  -9.4764  -9.0765  -8.8587
    -1.5898  -1.4598  -1.4416  -1.2994  -1.0874  -1.0678  -1.0602  -0.9979
     0.8194   1.1690   1.8869   2.4674   2.9545   3.1963   3.3283   3.3587
     3.4005   8.3068  11.9172  11.9972  12.3480  12.4448

          k = 0.0000 0.2000 0.2000 ( 14281 PWs)   bands (ev):

  -120.1437 -74.3252 -74.3252 -74.3252 -14.5076  -9.5725  -8.9430  -8.8853
    -1.5544  -1.4711  -1.4377  -1.1796  -1.0984  -1.0964  -1.0688  -1.0606
     0.6676   1.1974   1.9253   2.8022   3.0296   3.1369   3.3360   3.5337
     3.8040   6.8640  11.1155  11.2880  11.5766  12.1528

          k = 0.0000 0.2000 0.3000 ( 14271 PWs)   bands (ev):

  -120.1437 -74.3252 -74.3252 -74.3252 -14.5021  -9.5127  -8.9946  -8.8933
    -1.5578  -1.4419  -1.4374  -1.2844  -1.1273  -1.1021  -1.0789  -1.0682
     0.5551   1.2215   2.2002   2.5645   2.9753   3.0976   3.3732   3.4189
     3.7824   7.5081  11.4602  11.7388  12.0396  12.3654

          k = 0.0000 0.2000 0.4000 ( 14255 PWs)   bands (ev):

  -120.1437 -74.3252 -74.3252 -74.3252 -14.4976  -9.4520  -9.0540  -8.8942
    -1.5691  -1.4683  -1.4187  -1.3432  -1.1389  -1.1007  -1.0925  -1.0706
     0.5141   1.2380   2.3500   2.4068   2.9736   3.0976   3.2987   3.4267
     3.6820   8.2060  11.8806  12.1540  12.4623  12.5732

          k = 0.0000 0.2000-0.5000 ( 14286 PWs)   bands (ev):

  -120.1437 -74.3253 -74.3252 -74.3252 -14.4959  -9.4233  -9.0827  -8.8942
    -1.5865  -1.4766  -1.4101  -1.3556  -1.1420  -1.0989  -1.0986  -1.0726
     0.5060   1.2435   2.3265   2.4168   2.9839   3.1222   3.2292   3.5020
     3.5799   8.5617  11.9045  12.1896  12.4115  12.7978

          k = 0.0000 0.3000 0.3000 ( 14263 PWs)   bands (ev):

  -120.1437 -74.3252 -74.3252 -74.3252 -14.4971  -9.4469  -9.0181  -8.9288
    -1.5703  -1.4340  -1.4071  -1.3356  -1.2670  -1.1115  -1.1038  -1.0746
     0.4034   1.2790   2.3612   2.5840   2.9727   3.0372   3.2965   3.4625
     3.8669   8.0288  11.6910  12.2518  12.3341  12.9133

          k = 0.0000 0.3000 0.4000 ( 14265 PWs)   bands (ev):

  -120.1437 -74.3252 -74.3252 -74.3252 -14.4931  -9.3776  -9.0625  -8.9481
    -1.5738  -1.4709  -1.4041  -1.3777  -1.3149  -1.1276  -1.1140  -1.0853
     0.3371   1.3265   2.2257   2.7958   3.0149   3.0240   3.1713   3.5638
     3.8469   8.6527  11.9511  12.2218  12.6443  12.7714

          k = 0.0000 0.3000-0.5000 ( 14282 PWs)   bands (ev):

  -120.1437 -74.3253 -74.3252 -74.3252 -14.4915  -9.3427  -9.0904  -8.9529
    -1.5800  -1.4945  -1.4266  -1.3662  -1.3203  -1.1381  -1.1120  -1.0924
     0.3194   1.3448   2.1782   2.8438   3.0322   3.0663   3.0978   3.6524
     3.7829   9.0016  11.6269  12.4555  12.5976  12.9433

          k = 0.0000 0.4000 0.4000 ( 14260 PWs)   bands (ev):

  -120.1437 -74.3252 -74.3252 -74.3252 -14.4894  -9.2945  -9.0770  -9.0068
    -1.5717  -1.4790  -1.4533  -1.4507  -1.3400  -1.1585  -1.1224  -1.1035
     0.2524   1.4052   2.1140   2.9614   3.0467   3.0493   3.0843   3.7135
     3.9260   9.2325  11.7868  12.0192  12.4354  12.7814

          k = 0.0000 0.4000-0.5000 ( 14260 PWs)   bands (ev):

  -120.1437 -74.3252 -74.3252 -74.3252 -14.4880  -9.2464  -9.0967  -9.0315
    -1.5684  -1.5065  -1.4909  -1.4595  -1.3239  -1.1711  -1.1226  -1.1149
     0.2278   1.4373   2.0747   2.9606   2.9813   3.0924   3.1403   3.8045
     3.9246   9.6011  11.4115  11.9021  12.5342  12.6997

          k = 0.0000-0.5000-0.5000 ( 14332 PWs)   bands (ev):

  -120.1437 -74.3253 -74.3253 -74.3252 -14.4866  -9.1720  -9.0991  -9.0991
    -1.5568  -1.5234  -1.5104  -1.5104  -1.3046  -1.1840  -1.1265  -1.1265
     0.2007   1.4761   2.0382   2.9334   2.9334   3.1691   3.1691   3.8706
     3.9757  10.0385  11.3335  11.3335  12.4745  12.8003

          k = 0.1000 0.1000 0.1000 ( 14294 PWs)   bands (ev):

  -120.1437 -74.3253 -74.3252 -74.3252 -14.5151  -9.6389  -8.8793  -8.8793
    -1.5342  -1.5342  -1.4637  -1.0869  -1.0869  -1.0747  -1.0209  -1.0209
     0.8207   1.3860   1.3860   3.1439   3.1439   3.2583   3.3205   3.7359
     3.7359   6.0660  10.7375  10.7375  11.0350  11.8285

          k = 0.1000 0.1000 0.2000 ( 14267 PWs)   bands (ev):

  -120.1437 -74.3252 -74.3252 -74.3252 -14.5104  -9.5992  -8.9244  -8.8766
    -1.5399  -1.5220  -1.4260  -1.1445  -1.0879  -1.0830  -1.0729  -1.0230
     0.6509   1.3920   1.6499   2.9782   3.0384   3.1249   3.3430   3.6728
     3.7260   6.5714  11.0015  11.0250  11.3680  11.9667

          k = 0.1000 0.1000 0.3000 ( 14297 PWs)   bands (ev):

  -120.1437 -74.3253 -74.3253 -74.3252 -14.5046  -9.5421  -8.9878  -8.8733
    -1.5382  -1.5077  -1.4120  -1.2638  -1.0912  -1.0758  -1.0750  -1.0274
     0.5620   1.3954   1.8643   2.7110   2.9551   3.1213   3.3427   3.5820
     3.6249   7.2875  11.4088  11.4455  11.8874  12.1750

          k = 0.1000 0.1000 0.4000 ( 14274 PWs)   bands (ev):

  -120.1437 -74.3253 -74.3252 -74.3252 -14.4999  -9.4849  -9.0500  -8.8706
    -1.5649  -1.4968  -1.4150  -1.3134  -1.0909  -1.0827  -1.0635  -1.0346
     0.5318   1.3943   2.0036   2.5110   2.9077   3.1788   3.3521   3.4705
     3.4846   8.0222  11.8455  11.8569  12.3770  12.5018

          k = 0.1000 0.1000-0.5000 ( 14258 PWs)   bands (ev):

  -120.1437 -74.3252 -74.3252 -74.3252 -14.4981  -9.4584  -9.0784  -8.8696
    -1.5893  -1.4929  -1.4092  -1.3233  -1.0886  -1.0886  -1.0553  -1.0408
     0.5271   1.3930   2.0540   2.4328   2.8932   3.2938   3.3185   3.3824
     3.4183   8.3828  11.9746  12.0597  12.1662  12.6606

          k = 0.1000 0.2000 0.2000 ( 14272 PWs)   bands (ev):

  -120.1437 -74.3252 -74.3252 -74.3252 -14.5061  -9.5577  -8.9416  -8.8990
    -1.5578  -1.5228  -1.3831  -1.1881  -1.1197  -1.0909  -1.0788  -1.0661
     0.4073   1.5056   1.9354   2.7447   2.9758   3.0570   3.4049   3.6261
     3.7878   6.9655  11.1860  11.2979  11.5839  12.2998

          k = 0.1000 0.2000 0.3000 ( 14279 PWs)   bands (ev):

  -120.1437 -74.3252 -74.3252 -74.3252 -14.5007  -9.4976  -8.9942  -8.9039
    -1.5642  -1.5176  -1.3690  -1.2959  -1.1501  -1.0985  -1.0919  -1.0635
     0.2710   1.5457   2.2292   2.5300   2.9125   3.0482   3.4379   3.5292
     3.7683   7.5821  11.5150  11.7040  11.9700  12.4988

          k = 0.1000 0.2000 0.4000 ( 14272 PWs)   bands (ev):

  -120.1437 -74.3252 -74.3252 -74.3252 -14.4964  -9.4361  -9.0543  -8.9030
    -1.5727  -1.5229  -1.3953  -1.3485  -1.1606  -1.1155  -1.0938  -1.0609
     0.2164   1.5671   2.3760   2.4144   2.8814   3.1237   3.4104   3.4682
     3.6688   8.2663  11.9199  12.0730  12.2951  12.4750

          k = 0.1000 0.2000-0.5000 ( 14292 PWs)   bands (ev):

  -120.1437 -74.3253 -74.3253 -74.3252 -14.4947  -9.4067  -9.0834  -8.9024
    -1.5877  -1.5270  -1.3832  -1.3776  -1.1635  -1.1236  -1.0934  -1.0602
     0.2037   1.5739   2.3313   2.4573   2.8737   3.2545   3.2846   3.5106
     3.5799   8.6209  11.8249  12.2124  12.2610  12.7009

          k = 0.1000 0.3000 0.3000 ( 14262 PWs)   bands (ev):

  -120.1437 -74.3252 -74.3252 -74.3252 -14.4959  -9.4324  -9.0161  -8.9376
    -1.5818  -1.5180  -1.3492  -1.3457  -1.2784  -1.1226  -1.1013  -1.0664
     0.1015   1.6300   2.3620   2.5981   2.9013   3.0021   3.4336   3.5154
     3.8578   8.0816  11.7236  12.1159  12.1719  12.6261

          k = 0.1000 0.3000 0.4000 ( 14288 PWs)   bands (ev):

  -120.1437 -74.3253 -74.3252 -74.3252 -14.4920  -9.3636  -9.0611  -8.9537
    -1.5846  -1.5296  -1.4319  -1.3541  -1.3229  -1.1434  -1.1028  -1.0712
     0.0260   1.6860   2.2539   2.7810   2.8957   3.0817   3.3347   3.5913
     3.8414   8.6931  11.8765  12.1320  12.4385  12.5808

          k = 0.1000 0.3000-0.5000 ( 14288 PWs)   bands (ev):

  -120.1437 -74.3253 -74.3252 -74.3252 -14.4905  -9.3285  -9.0896  -8.9573
    -1.5845  -1.5475  -1.4539  -1.3669  -1.3291  -1.1504  -1.1015  -1.0745
     0.0057   1.7064   2.2171   2.8099   2.8889   3.1876   3.2652   3.6576
     3.7834   9.0413  11.5160  12.4394  12.5093  12.6187

          k = 0.1000 0.4000 0.4000 ( 14284 PWs)   bands (ev):

  -120.1437 -74.3252 -74.3252 -74.3252 -14.4884  -9.2826  -9.0747  -9.0089
    -1.5863  -1.5341  -1.4744  -1.4523  -1.3687  -1.1518  -1.1090  -1.0855
    -0.0638   1.7765   2.1681   2.8788   2.9138   3.1721   3.2865   3.7244
     3.9249   9.2598  11.6462  11.9006  12.2830  12.7492

          k = 0.1000 0.4000-0.5000 ( 14272 PWs)   bands (ev):

  -120.1437 -74.3252 -74.3252 -74.3252 -14.4870  -9.2354  -9.0947  -9.0315
    -1.5772  -1.5520  -1.5104  -1.4704  -1.3821  -1.1498  -1.1090  -1.0954
    -0.0894   1.8127   2.1387   2.8850   2.8964   3.2371   3.2754   3.8067
     3.9264   9.6285  11.2936  11.7649  12.3087  12.7681

          k = 0.1000-0.5000-0.5000 ( 14316 PWs)   bands (ev):

  -120.1437 -74.3253 -74.3253 -74.3252 -14.4857  -9.1629  -9.0967  -9.0967
    -1.5567  -1.5501  -1.5501  -1.5233  -1.3949  -1.1374  -1.1119  -1.1119
    -0.1168   1.8570   2.1117   2.8775   2.8775   3.2859   3.2859   3.8717
     3.9779  10.0744  11.2135  11.2135  12.2410  12.8713

          k = 0.2000 0.2000 0.2000 ( 14282 PWs)   bands (ev):

  -120.1437 -74.3252 -74.3252 -74.3252 -14.5021  -9.5157  -8.9378  -8.9378
    -1.5670  -1.5670  -1.3337  -1.2051  -1.2051  -1.0974  -1.0766  -1.0766
     0.0944   1.9614   1.9614   2.5905   2.9410   2.9410   3.4924   3.7443
     3.7443   7.2856  11.4001  11.4001  11.6764  12.5987

          k = 0.2000 0.2000 0.3000 ( 14288 PWs)   bands (ev):

  -120.1437 -74.3252 -74.3252 -74.3252 -14.4971  -9.4546  -8.9948  -8.9331
    -1.5834  -1.5793  -1.3378  -1.3145  -1.2204  -1.1227  -1.0833  -1.0640
    -0.0949   1.9919   2.3489   2.4448   2.8565   2.9631   3.5427   3.6884
     3.7512   7.8239  11.6591  11.7157  11.9018  12.6575

          k = 0.2000 0.2000 0.4000 ( 14300 PWs)   bands (ev):

  -120.1437 -74.3253 -74.3253 -74.3252 -14.4931  -9.3909  -9.0552  -8.9292
    -1.5899  -1.5856  -1.4288  -1.3465  -1.2300  -1.1408  -1.0857  -1.0561
    -0.1779   2.0150   2.3573   2.5533   2.8131   3.1113   3.5601   3.6270
     3.6412   8.4634  11.8083  12.0487  12.2070  12.3485

          k = 0.2000 0.2000-0.5000 ( 14280 PWs)   bands (ev):

  -120.1437 -74.3252 -74.3252 -74.3252 -14.4916  -9.3594  -9.0853  -8.9278
    -1.5941  -1.5928  -1.4470  -1.3731  -1.2332  -1.1462  -1.0861  -1.0534
    -0.1994   2.0233   2.3299   2.5927   2.8010   3.3030   3.4644   3.5625
     3.6230   8.8133  11.5348  12.2412  12.4175  12.5323

          k = 0.2000 0.3000 0.3000 ( 14290 PWs)   bands (ev):

  -120.1437 -74.3252 -74.3252 -74.3252 -14.4927  -9.3915  -9.0111  -8.9635
    -1.6151  -1.6051  -1.3747  -1.3378  -1.3169  -1.1381  -1.0812  -1.0619
    -0.3293   2.2047   2.3675   2.6364   2.8373   2.9386   3.6228   3.6555
     3.8338   8.2602  11.7796  11.8616  11.9303  12.6092

          k = 0.2000 0.3000 0.4000 ( 14314 PWs)   bands (ev):

  -120.1437 -74.3253 -74.3253 -74.3252 -14.4890  -9.3240  -9.0578  -8.9709
    -1.6317  -1.6119  -1.4687  -1.3952  -1.3480  -1.1377  -1.0830  -1.0583
    -0.4378   2.2794   2.3290   2.7639   2.8109   3.1593   3.5845   3.6679
     3.8265   8.8291  11.5591  11.9526  12.0685  12.5161

          k = 0.2000 0.3000-0.5000 ( 14280 PWs)   bands (ev):

  -120.1437 -74.3252 -74.3252 -74.3252 -14.4877  -9.2885  -9.0876  -8.9714
    -1.6389  -1.6081  -1.5080  -1.4298  -1.3537  -1.1362  -1.0835  -1.0572
    -0.4673   2.3070   2.3145   2.7754   2.7973   3.3643   3.5017   3.6816
     3.7885   9.1720  11.2148  12.0406  12.1780  12.4405

          k = 0.2000 0.4000 0.4000 ( 14300 PWs)   bands (ev):

  -120.1437 -74.3253 -74.3252 -74.3252 -14.4858  -9.2494  -9.0687  -9.0162
    -1.6410  -1.6385  -1.5023  -1.4720  -1.4531  -1.1208  -1.0839  -1.0645
    -0.5603   2.3057   2.4228   2.8106   2.8347   3.3452   3.5432   3.7612
     3.9219   9.3454  11.2997  11.5584  11.9650  12.8059

          k = 0.2000 0.4000-0.5000 ( 14302 PWs)   bands (ev):

  -120.1437 -74.3253 -74.3253 -74.3252 -14.4845  -9.2051  -9.0896  -9.0326
    -1.6498  -1.6323  -1.5397  -1.5071  -1.4776  -1.1119  -1.0842  -1.0691
    -0.5940   2.3025   2.4724   2.8103   2.8321   3.4620   3.5070   3.8151
     3.9310   9.7055  10.9858  11.4158  11.9438  12.7763

          k = 0.2000-0.5000-0.5000 ( 14288 PWs)   bands (ev):

  -120.1437 -74.3252 -74.3252 -74.3252 -14.4833  -9.1388  -9.0904  -9.0904
    -1.6416  -1.6416  -1.5564  -1.5490  -1.5235  -1.0911  -1.0849  -1.0849
    -0.6287   2.2993   2.5440   2.8149   2.8149   3.5099   3.5099   3.8747
     3.9836  10.1616  10.9032  10.9032  11.8602  13.0372

          k = 0.3000 0.3000 0.3000 ( 14273 PWs)   bands (ev):

  -120.1437 -74.3252 -74.3252 -74.3252 -14.4887  -9.3314  -9.0048  -9.0048
    -1.6603  -1.6603  -1.4063  -1.3938  -1.3938  -1.1269  -1.0642  -1.0642
    -0.6356   2.3834   2.6885   2.6885   2.8861   2.8861   3.7200   3.8059
     3.8059   8.6048  11.6664  11.6664  11.8042  12.6961

          k = 0.3000 0.3000 0.4000 ( 14299 PWs)   bands (ev):

  -120.1437 -74.3253 -74.3252 -74.3252 -14.4854  -9.2661  -9.0548  -8.9997
    -1.6984  -1.6738  -1.4956  -1.4887  -1.4036  -1.1123  -1.0688  -1.0543
    -0.7858   2.4099   2.7396   2.7645   2.8493   3.2641   3.7547   3.8053
     3.8103   9.0956  11.2202  11.5568  11.8248  12.6002

          k = 0.3000 0.3000-0.5000 ( 14328 PWs)   bands (ev):

  -120.1437 -74.3253 -74.3253 -74.3253 -14.4842  -9.2298  -9.0852  -8.9978
    -1.7131  -1.6657  -1.5379  -1.5366  -1.4065  -1.1066  -1.0710  -1.0511
    -0.8265   2.4235   2.7667   2.7667   2.8304   3.5328   3.6887   3.7497
     3.8269   9.4236  10.8736  11.5223  11.8924  12.4376

          k = 0.3000 0.4000 0.4000 ( 14302 PWs)   bands (ev):

  -120.1437 -74.3253 -74.3252 -74.3252 -14.4825  -9.2021  -9.0613  -9.0310
    -1.7311  -1.7193  -1.5928  -1.5133  -1.4745  -1.0911  -1.0639  -1.0544
    -0.9622   2.4748   2.7631   2.7780   3.0824   3.4836   3.7796   3.8324
     3.9180   9.5024  10.9257  11.1155  11.7208  12.6783

          k = 0.3000 0.4000-0.5000 ( 14306 PWs)   bands (ev):

  -120.1437 -74.3253 -74.3252 -74.3252 -14.4814  -9.1627  -9.0832  -9.0384
    -1.7458  -1.7202  -1.6416  -1.5463  -1.4887  -1.0817  -1.0653  -1.0542
    -1.0088   2.4988   2.7738   2.7771   3.1301   3.6722   3.7402   3.8421
     3.9377   9.8200  10.6245  10.9809  11.7134  12.5460

          k = 0.3000-0.5000-0.5000 ( 14280 PWs)   bands (ev):

  -120.1437 -74.3252 -74.3252 -74.3252 -14.4803  -9.1084  -9.0825  -9.0825
    -1.7401  -1.7401  -1.6973  -1.5560  -1.5265  -1.0651  -1.0638  -1.0638
    -1.0558   2.5237   2.7826   2.7826   3.2108   3.7467   3.7467   3.8785
     3.9907  10.2227  10.5343  10.5343  11.6512  12.6524

          k = 0.4000 0.4000 0.4000 ( 14316 PWs)   bands (ev):

  -120.1437 -74.3253 -74.3253 -74.3252 -14.4799  -9.1512  -9.0552  -9.0552
    -1.7817  -1.7817  -1.6991  -1.5169  -1.5169  -1.1915  -1.0714  -1.0528
    -1.0528   2.6050   2.7670   2.7670   3.5549   3.5549   3.9131   3.9131
     3.9188   9.7477  10.6567  10.6567  11.6630  12.5278

          k = 0.4000 0.4000-0.5000 ( 14302 PWs)   bands (ev):

  -120.1437 -74.3253 -74.3253 -74.3252 -14.4788  -9.1181  -9.0780  -9.0529
    -1.8049  -1.7879  -1.7491  -1.5489  -1.5177  -1.2535  -1.0626  -1.0552
    -1.0494   2.6505   2.7650   2.7721   3.5747   3.7883   3.9028   3.9133
     3.9556   9.9761  10.3493  10.5599  11.7041  12.3882

          k = 0.4000-0.5000-0.5000 ( 14332 PWs)   bands (ev):

  -120.1437 -74.3253 -74.3253 -74.3252 -14.4779  -9.0833  -9.0761  -9.0761
    -1.8126  -1.8126  -1.8016  -1.5556  -1.5391  -1.3207  -1.0525  -1.0522
    -1.0522   2.7011   2.7707   2.7707   3.7002   3.8815   3.9294   3.9294
     3.9964  10.1830  10.2475  10.2475  11.7728  12.3297

          k =-0.5000-0.5000-0.5000 ( 14328 PWs)   bands (ev):

  -120.1437 -74.3253 -74.3253 -74.3253 -14.4769  -9.0736  -9.0736  -9.0736
    -1.8390  -1.8390  -1.8390  -1.5555  -1.5555  -1.3997  -1.0487  -1.0487
    -1.0487   2.7682   2.7682   2.7682   3.8827   3.8827   3.9987   3.9987
     3.9987  10.1402  10.1402  10.1402  11.9915  12.2162

     the Fermi energy is     4.7831 ev

!    total energy              =    -842.54279342 Ry
     estimated scf accuracy    <          7.0E-12 Ry
     smearing contrib. (-TS)   =      -0.00000000 Ry
     internal energy E=F+TS    =    -842.54279342 Ry

     The total energy is F=E-TS. E is the sum of the following terms:
     one-electron contribution =    -521.75408892 Ry
     hartree contribution      =     281.01435991 Ry
     xc contribution           =     -95.78811565 Ry
     ewald contribution        =    -268.85283375 Ry
     one-center paw contrib.   =    -237.16211501 Ry

     convergence has been achieved in  14 iterations

     Forces acting on atoms (cartesian axes, Ry/au):

     atom    1 type  1   force =     0.00000000    0.00000000    0.00000000
     atom    2 type  2   force =     0.00000000    0.00000000    0.00000000
     atom    3 type  3   force =     0.00000000    0.00000000    0.00000000
     atom    4 type  3   force =     0.00000000    0.00000000    0.00000000
     atom    5 type  3   force =     0.00000000    0.00000000    0.00000000

     Total force =     0.000000     Total SCF correction =     0.000000


     Computing stress (Cartesian axis) and pressure

          total   stress  (Ry/bohr**3)                   (kbar)     P=       15.31
   0.00010406   0.00000000   0.00000000           15.31        0.00        0.00
   0.00000000   0.00010406   0.00000000            0.00       15.31        0.00
   0.00000000   0.00000000   0.00010406            0.00        0.00       15.31


     BFGS Geometry Optimization
     Energy error            =      0.0E+00 Ry
     Gradient error          =      0.0E+00 Ry/Bohr

     bfgs converged in   1 scf cycles and   0 bfgs steps
     (criteria: energy <  1.0E-05 Ry, force <  1.0E-03 Ry/Bohr)

     End of BFGS Geometry Optimization

     Final energy             =    -842.5427934159 Ry
Begin final coordinates

ATOMIC_POSITIONS (crystal)
Cs               0.0000000000        0.0000000000        0.0000000000
Zn               0.5000000000        0.5000000000        0.5000000000
Cl               0.5000000000        0.5000000000        0.0000000000
Cl               0.5000000000        0.0000000000        0.5000000000
Cl               0.0000000000        0.5000000000        0.5000000000
End final coordinates



  ++++++++++++++++++++++++++++++++++++++++++++++++++++++++++++++++++++++++++++
     Doing work    4 /     9
  ++++++++++++++++++++++++++++++++++++++++++++++++++++++++++++++++++++++++++++


     Current dimensions of program PWSCF are:
     Max number of different atomic species (ntypx) = 10
     Max number of k-points (npk) = 120000
     Max angular momentum in pseudopotentials (lmaxx) =  4

     WARNING: check_stop already initialized

     Parallelization info
     --------------------
     sticks:   dense  smooth     PW     G-vecs:    dense   smooth      PW
     Min        2872    1437    391               164138    58019    8491
     Max        2881    1440    402               164147    58110    8580
     Sum        5753    2877    793               328285   116129   17071

     Using Pencil Decomposition



     bravais-lattice index     =            1
     lattice parameter (alat)  =       9.5071  a.u.
     unit-cell volume          =     859.2879 (a.u.)^3
     number of atoms/cell      =            5
     number of atomic types    =            3
     number of electrons       =        50.00
     number of Kohn-Sham states=           30
     kinetic-energy cutoff     =     100.0000  Ry
     charge density cutoff     =     800.0000  Ry
     scf convergence threshold =      1.0E-10
     mixing beta               =       0.3000
     number of iterations used =            8  plain     mixing
     energy convergence thresh.=      1.0E-05
     force convergence thresh. =      1.0E-03
     Exchange-correlation= PBE
                           (   1   4   3   4   0   0   0)
     nstep                     =           20


     celldm(1)=   9.507060  celldm(2)=   0.000000  celldm(3)=   0.000000
     celldm(4)=   0.000000  celldm(5)=   0.000000  celldm(6)=   0.000000

     crystal axes: (cart. coord. in units of alat)
               a(1) = (   1.000000   0.000000   0.000000 )  
               a(2) = (   0.000000   1.000000   0.000000 )  
               a(3) = (   0.000000   0.000000   1.000000 )  

     reciprocal axes: (cart. coord. in units 2 pi/alat)
               b(1) = (  1.000000  0.000000  0.000000 )  
               b(2) = (  0.000000  1.000000  0.000000 )  
               b(3) = (  0.000000  0.000000  1.000000 )  


     PseudoPot. # 1 for Cs read from file:
     /home/administrator/Downloads/BURAI/BURAI1.3/pseudopot/Cs.pbe-spn-rrkjus_psl.1.0.0.UPF
     MD5 check sum: 0e4a2db85f86c9a13762b1b689b65a6d
     Pseudo is Ultrasoft + core correction, Zval =  9.0
     Generated using "atomic" code by A. Dal Corso  v.5.1.2
     Using radial grid of 1251 points,  9 beta functions with: 
                l(1) =   0
                l(2) =   0
                l(3) =   0
                l(4) =   1
                l(5) =   1
                l(6) =   2
                l(7) =   2
                l(8) =   3
                l(9) =   3
     Q(r) pseudized with 0 coefficients 


     PseudoPot. # 2 for Zn read from file:
     /home/administrator/Downloads/BURAI/BURAI1.3/pseudopot/Zn.pbe-spn-kjpaw_psl.1.0.0.UPF
     MD5 check sum: 9ae49ce97c5e3111e3f06ee7e23c2246
     Pseudo is Projector augmented-wave + core cor, Zval = 20.0
     Generated using "atomic" code by A. Dal Corso  v.5.1.2
     Shape of augmentation charge: PSQ
     Using radial grid of 1201 points,  6 beta functions with: 
                l(1) =   0
                l(2) =   0
                l(3) =   1
                l(4) =   1
                l(5) =   2
                l(6) =   2
     Q(r) pseudized with 0 coefficients 


     PseudoPot. # 3 for Cl read from file:
     /home/administrator/Downloads/BURAI/BURAI1.3/pseudopot/Cl.pbe-n-kjpaw_psl.1.0.0.UPF
     MD5 check sum: d11ac872591ccaf6ebdc6d6d0c764b72
     Pseudo is Projector augmented-wave + core cor, Zval =  7.0
     Generated using "atomic" code by A. Dal Corso  v.5.1.2
     Shape of augmentation charge: PSQ
     Using radial grid of 1157 points,  6 beta functions with: 
                l(1) =   0
                l(2) =   0
                l(3) =   1
                l(4) =   1
                l(5) =   2
                l(6) =   2
     Q(r) pseudized with 0 coefficients 


     atomic species   valence    mass     pseudopotential
     Cs                9.00   132.90550     Cs( 1.00)
     Zn               20.00    65.38000     Zn( 1.00)
     Cl                7.00    35.45300     Cl( 1.00)

     48 Sym. Ops., with inversion, found



   Cartesian axes

     site n.     atom                  positions (alat units)
         1        Cs     tau(   1) = (   0.0000000   0.0000000   0.0000000  )
         2        Zn     tau(   2) = (   0.5000000   0.5000000   0.5000000  )
         3        Cl     tau(   3) = (   0.5000000   0.5000000   0.0000000  )
         4        Cl     tau(   4) = (   0.5000000   0.0000000   0.5000000  )
         5        Cl     tau(   5) = (   0.0000000   0.5000000   0.5000000  )

     number of k points=    56  Gaussian smearing, width (Ry)=  0.0050
                       cart. coord. in units 2pi/alat
        k(    1) = (   0.0000000   0.0000000   0.0000000), wk =   0.0020000
        k(    2) = (   0.0000000   0.0000000   0.1000000), wk =   0.0120000
        k(    3) = (   0.0000000   0.0000000   0.2000000), wk =   0.0120000
        k(    4) = (   0.0000000   0.0000000   0.3000000), wk =   0.0120000
        k(    5) = (   0.0000000   0.0000000   0.4000000), wk =   0.0120000
        k(    6) = (   0.0000000   0.0000000  -0.5000000), wk =   0.0060000
        k(    7) = (   0.0000000   0.1000000   0.1000000), wk =   0.0240000
        k(    8) = (   0.0000000   0.1000000   0.2000000), wk =   0.0480000
        k(    9) = (   0.0000000   0.1000000   0.3000000), wk =   0.0480000
        k(   10) = (   0.0000000   0.1000000   0.4000000), wk =   0.0480000
        k(   11) = (   0.0000000   0.1000000  -0.5000000), wk =   0.0240000
        k(   12) = (   0.0000000   0.2000000   0.2000000), wk =   0.0240000
        k(   13) = (   0.0000000   0.2000000   0.3000000), wk =   0.0480000
        k(   14) = (   0.0000000   0.2000000   0.4000000), wk =   0.0480000
        k(   15) = (   0.0000000   0.2000000  -0.5000000), wk =   0.0240000
        k(   16) = (   0.0000000   0.3000000   0.3000000), wk =   0.0240000
        k(   17) = (   0.0000000   0.3000000   0.4000000), wk =   0.0480000
        k(   18) = (   0.0000000   0.3000000  -0.5000000), wk =   0.0240000
        k(   19) = (   0.0000000   0.4000000   0.4000000), wk =   0.0240000
        k(   20) = (   0.0000000   0.4000000  -0.5000000), wk =   0.0240000
        k(   21) = (   0.0000000  -0.5000000  -0.5000000), wk =   0.0060000
        k(   22) = (   0.1000000   0.1000000   0.1000000), wk =   0.0160000
        k(   23) = (   0.1000000   0.1000000   0.2000000), wk =   0.0480000
        k(   24) = (   0.1000000   0.1000000   0.3000000), wk =   0.0480000
        k(   25) = (   0.1000000   0.1000000   0.4000000), wk =   0.0480000
        k(   26) = (   0.1000000   0.1000000  -0.5000000), wk =   0.0240000
        k(   27) = (   0.1000000   0.2000000   0.2000000), wk =   0.0480000
        k(   28) = (   0.1000000   0.2000000   0.3000000), wk =   0.0960000
        k(   29) = (   0.1000000   0.2000000   0.4000000), wk =   0.0960000
        k(   30) = (   0.1000000   0.2000000  -0.5000000), wk =   0.0480000
        k(   31) = (   0.1000000   0.3000000   0.3000000), wk =   0.0480000
        k(   32) = (   0.1000000   0.3000000   0.4000000), wk =   0.0960000
        k(   33) = (   0.1000000   0.3000000  -0.5000000), wk =   0.0480000
        k(   34) = (   0.1000000   0.4000000   0.4000000), wk =   0.0480000
        k(   35) = (   0.1000000   0.4000000  -0.5000000), wk =   0.0480000
        k(   36) = (   0.1000000  -0.5000000  -0.5000000), wk =   0.0120000
        k(   37) = (   0.2000000   0.2000000   0.2000000), wk =   0.0160000
        k(   38) = (   0.2000000   0.2000000   0.3000000), wk =   0.0480000
        k(   39) = (   0.2000000   0.2000000   0.4000000), wk =   0.0480000
        k(   40) = (   0.2000000   0.2000000  -0.5000000), wk =   0.0240000
        k(   41) = (   0.2000000   0.3000000   0.3000000), wk =   0.0480000
        k(   42) = (   0.2000000   0.3000000   0.4000000), wk =   0.0960000
        k(   43) = (   0.2000000   0.3000000  -0.5000000), wk =   0.0480000
        k(   44) = (   0.2000000   0.4000000   0.4000000), wk =   0.0480000
        k(   45) = (   0.2000000   0.4000000  -0.5000000), wk =   0.0480000
        k(   46) = (   0.2000000  -0.5000000  -0.5000000), wk =   0.0120000
        k(   47) = (   0.3000000   0.3000000   0.3000000), wk =   0.0160000
        k(   48) = (   0.3000000   0.3000000   0.4000000), wk =   0.0480000
        k(   49) = (   0.3000000   0.3000000  -0.5000000), wk =   0.0240000
        k(   50) = (   0.3000000   0.4000000   0.4000000), wk =   0.0480000
        k(   51) = (   0.3000000   0.4000000  -0.5000000), wk =   0.0480000
        k(   52) = (   0.3000000  -0.5000000  -0.5000000), wk =   0.0120000
        k(   53) = (   0.4000000   0.4000000   0.4000000), wk =   0.0160000
        k(   54) = (   0.4000000   0.4000000  -0.5000000), wk =   0.0240000
        k(   55) = (   0.4000000  -0.5000000  -0.5000000), wk =   0.0120000
        k(   56) = (  -0.5000000  -0.5000000  -0.5000000), wk =   0.0020000

     Dense  grid:   328285 G-vectors     FFT dimensions: (  90,  90,  90)

     Smooth grid:   116129 G-vectors     FFT dimensions: (  64,  64,  64)

     Estimated max dynamical RAM per process >     570.41 MB

     Estimated total dynamical RAM >       4.22 GB

     Initial potential from superposition of free atoms

     starting charge      49.9591, renormalised to      50.0000
     Starting wfcs are   27 randomized atomic wfcs +    3 random wfcs
     Checking if some PAW data can be deallocated... 

     total cpu time spent up to now is     1303.9 secs

     Self-consistent Calculation

     iteration #  1     ecut=   100.00 Ry     beta= 0.30
     Davidson diagonalization with overlap
     ethr =  1.00E-02,  avg # of iterations =  6.6

     Threshold (ethr) on eigenvalues was too large:
     Diagonalizing with lowered threshold

     Davidson diagonalization with overlap
     ethr =  5.56E-04,  avg # of iterations =  2.8

     total cpu time spent up to now is     1354.3 secs

     total energy              =    -842.52266356 Ry
     estimated scf accuracy    <       0.25081270 Ry

     iteration #  2     ecut=   100.00 Ry     beta= 0.30
     Davidson diagonalization with overlap
     ethr =  5.02E-04,  avg # of iterations =  2.0

     total cpu time spent up to now is     1378.7 secs

     total energy              =    -842.53561220 Ry
     estimated scf accuracy    <       0.04146939 Ry

     iteration #  3     ecut=   100.00 Ry     beta= 0.30
     Davidson diagonalization with overlap
     c_bands:  1 eigenvalues not converged
     ethr =  8.29E-05,  avg # of iterations =  9.3

     total cpu time spent up to now is     1411.4 secs

     total energy              =    -842.54290882 Ry
     estimated scf accuracy    <       0.00564460 Ry

     iteration #  4     ecut=   100.00 Ry     beta= 0.30
     Davidson diagonalization with overlap
     ethr =  1.13E-05,  avg # of iterations =  8.7

     total cpu time spent up to now is     1443.5 secs

     total energy              =    -842.54374901 Ry
     estimated scf accuracy    <       0.00125734 Ry

     iteration #  5     ecut=   100.00 Ry     beta= 0.30
     Davidson diagonalization with overlap
     ethr =  2.51E-06,  avg # of iterations =  7.2

     total cpu time spent up to now is     1474.5 secs

     total energy              =    -842.54398295 Ry
     estimated scf accuracy    <       0.00007975 Ry

     iteration #  6     ecut=   100.00 Ry     beta= 0.30
     Davidson diagonalization with overlap
     ethr =  1.59E-07,  avg # of iterations =  4.7

     total cpu time spent up to now is     1503.6 secs

     total energy              =    -842.54400806 Ry
     estimated scf accuracy    <       0.00001935 Ry

     iteration #  7     ecut=   100.00 Ry     beta= 0.30
     Davidson diagonalization with overlap
     ethr =  3.87E-08,  avg # of iterations =  2.6

     total cpu time spent up to now is     1529.9 secs

     total energy              =    -842.54401351 Ry
     estimated scf accuracy    <       0.00000069 Ry

     iteration #  8     ecut=   100.00 Ry     beta= 0.30
     Davidson diagonalization with overlap
     ethr =  1.38E-09,  avg # of iterations =  6.3

     total cpu time spent up to now is     1566.1 secs

     total energy              =    -842.54401486 Ry
     estimated scf accuracy    <       0.00000086 Ry

     iteration #  9     ecut=   100.00 Ry     beta= 0.30
     Davidson diagonalization with overlap
     ethr =  1.38E-09,  avg # of iterations =  2.0

     total cpu time spent up to now is     1591.4 secs

     total energy              =    -842.54401539 Ry
     estimated scf accuracy    <       0.00000004 Ry

     iteration # 10     ecut=   100.00 Ry     beta= 0.30
     Davidson diagonalization with overlap
     ethr =  8.23E-11,  avg # of iterations =  4.8

     total cpu time spent up to now is     1621.2 secs

     total energy              =    -842.54401557 Ry
     estimated scf accuracy    <       0.00000005 Ry

     iteration # 11     ecut=   100.00 Ry     beta= 0.30
     Davidson diagonalization with overlap
     ethr =  8.23E-11,  avg # of iterations =  2.0

     total cpu time spent up to now is     1646.0 secs

     total energy              =    -842.54401566 Ry
     estimated scf accuracy    <          6.3E-10 Ry

     iteration # 12     ecut=   100.00 Ry     beta= 0.30
     Davidson diagonalization with overlap
     ethr =  1.25E-12,  avg # of iterations =  8.7

     total cpu time spent up to now is     1685.8 secs

     total energy              =    -842.54401571 Ry
     estimated scf accuracy    <          2.1E-10 Ry

     iteration # 13     ecut=   100.00 Ry     beta= 0.30
     Davidson diagonalization with overlap
     ethr =  4.19E-13,  avg # of iterations =  2.9

     total cpu time spent up to now is     1713.4 secs

     total energy              =    -842.54401573 Ry
     estimated scf accuracy    <          2.0E-10 Ry

     iteration # 14     ecut=   100.00 Ry     beta= 0.30
     Davidson diagonalization with overlap
     ethr =  4.01E-13,  avg # of iterations =  2.0

     total cpu time spent up to now is     1738.2 secs

     End of self-consistent calculation

          k = 0.0000 0.0000 0.0000 ( 14411 PWs)   bands (ev):

  -120.3294 -74.5108 -74.5108 -74.5108 -14.7067  -9.7965  -9.0009  -9.0009
    -1.7005  -1.7005  -1.7005  -1.2644  -1.2644  -1.2644  -1.1328  -1.1328
     1.0428   1.0428   1.0428   3.1076   3.1076   3.1076   3.5691   3.5691
     3.5691   5.1869  10.2744  10.2744  10.4149  11.3663

          k = 0.0000 0.0000 0.1000 ( 14499 PWs)   bands (ev):

  -120.3294 -74.5109 -74.5109 -74.5109 -14.7050  -9.7831  -9.0171  -9.0001
    -1.6930  -1.6930  -1.6917  -1.2643  -1.2633  -1.2633  -1.1831  -1.1328
     1.0440   1.0440   1.0591   3.0815   3.0914   3.0914   3.4136   3.5438
     3.5438   5.4450  10.3798  10.3893  10.5656  11.4126

          k = 0.0000 0.0000 0.2000 ( 14482 PWs)   bands (ev):

  -120.3294 -74.5109 -74.5109 -74.5109 -14.7005  -9.7453  -9.0619  -8.9980
    -1.6737  -1.6736  -1.6736  -1.3036  -1.2641  -1.2594  -1.2594  -1.1326
     1.0449   1.0449   1.1081   3.0150   3.0565   3.0565   3.0906   3.4734
     3.4734   6.0643  10.6685  10.7080  11.0006  11.5482

          k = 0.0000 0.0000 0.3000 ( 14514 PWs)   bands (ev):

  -120.3294 -74.5109 -74.5109 -74.5109 -14.6950  -9.6914  -9.1245  -8.9954
    -1.6757  -1.6506  -1.6506  -1.4173  -1.2639  -1.2523  -1.2523  -1.1325
     1.0413   1.0413   1.1859   2.7540   2.9362   3.0333   3.0333   3.3727
     3.3727   6.8493  11.0815  11.1515  11.6437  11.7633

          k = 0.0000 0.0000 0.4000 ( 14506 PWs)   bands (ev):

  -120.3294 -74.5109 -74.5109 -74.5109 -14.6905  -9.6379  -9.1847  -8.9932
    -1.7191  -1.6330  -1.6330  -1.4597  -1.2637  -1.2442  -1.2442  -1.1324
     1.0342   1.0342   1.2722   2.4901   2.8749   3.0439   3.0439   3.2672
     3.2672   7.6037  11.4822  11.5737  12.0205  12.3474

          k = 0.0000 0.0000-0.5000 ( 14502 PWs)   bands (ev):

  -120.3294 -74.5109 -74.5109 -74.5109 -14.6888  -9.6135  -9.2116  -8.9924
    -1.7462  -1.6265  -1.6265  -1.4637  -1.2636  -1.2405  -1.2405  -1.1324
     1.0304   1.0304   1.3147   2.3847   2.8520   3.0666   3.0666   3.2096
     3.2096   7.9584  11.6192  11.7585  12.1712  12.1867

          k = 0.0000 0.1000 0.1000 ( 14487 PWs)   bands (ev):

  -120.3294 -74.5109 -74.5109 -74.5108 -14.7033  -9.7695  -9.0243  -9.0079
    -1.7062  -1.6853  -1.6656  -1.2680  -1.2626  -1.2591  -1.2045  -1.1602
     0.8776   1.0473   1.2507   3.0094   3.0741   3.1257   3.2440   3.5179
     3.5840   5.6560  10.4824  10.4939  10.6953  11.5299

          k = 0.0000 0.1000 0.2000 ( 14498 PWs)   bands (ev):

  -120.3294 -74.5109 -74.5109 -74.5109 -14.6990  -9.7311  -9.0650  -9.0090
    -1.7042  -1.6652  -1.6384  -1.3132  -1.2705  -1.2597  -1.2546  -1.1723
     0.7603   1.0541   1.4380   2.8894   2.9852   3.0363   3.1296   3.4454
     3.5542   6.2082  10.7583  10.7967  11.0793  11.6678

          k = 0.0000 0.1000 0.3000 ( 14509 PWs)   bands (ev):

  -120.3294 -74.5109 -74.5109 -74.5109 -14.6936  -9.6760  -9.1264  -9.0067
    -1.6981  -1.6413  -1.6305  -1.4288  -1.2703  -1.2558  -1.2503  -1.1768
     0.7042   1.0583   1.5898   2.6386   2.8722   3.0093   3.1231   3.3420
     3.4599   6.9515  11.1705  11.2175  11.6667  11.8755

          k = 0.0000 0.1000 0.4000 ( 14498 PWs)   bands (ev):

  -120.3294 -74.5109 -74.5109 -74.5109 -14.6893  -9.6210  -9.1865  -9.0046
    -1.7220  -1.6355  -1.6227  -1.4767  -1.2686  -1.2524  -1.2462  -1.1805
     0.6898   1.0578   1.6946   2.4185   2.8254   3.0170   3.1450   3.2338
     3.3385   7.6884  11.5912  11.6255  12.1236  12.3280

          k = 0.0000 0.1000-0.5000 ( 14512 PWs)   bands (ev):

  -120.3294 -74.5109 -74.5109 -74.5109 -14.6876  -9.5957  -9.2138  -9.0037
    -1.7455  -1.6333  -1.6159  -1.4832  -1.2677  -1.2513  -1.2444  -1.1820
     0.6895   1.0566   1.7356   2.3303   2.8111   3.0395   3.1741   3.2013
     3.2422   8.0410  11.7267  11.8087  12.0872  12.2698

          k = 0.0000 0.2000 0.2000 ( 14523 PWs)   bands (ev):

  -120.3294 -74.5109 -74.5109 -74.5109 -14.6950  -9.6907  -9.0843  -9.0292
    -1.7206  -1.6432  -1.6119  -1.3572  -1.2778  -1.2743  -1.2511  -1.2432
     0.5415   1.0772   1.7793   2.6519   2.8836   2.9901   3.1837   3.3675
     3.6279   6.6287  10.9530  11.1204  11.3451  11.9806

          k = 0.0000 0.2000 0.3000 ( 14530 PWs)   bands (ev):

  -120.3294 -74.5109 -74.5109 -74.5109 -14.6900  -9.6324  -9.1340  -9.0369
    -1.7231  -1.6162  -1.6109  -1.4592  -1.3019  -1.2813  -1.2616  -1.2510
     0.4240   1.1034   2.0485   2.4208   2.8303   2.9510   3.2189   3.2573
     3.6076   7.2648  11.2907  11.5547  11.8126  12.1901

          k = 0.0000 0.2000 0.4000 ( 14503 PWs)   bands (ev):

  -120.3294 -74.5109 -74.5109 -74.5109 -14.6859  -9.5730  -9.1915  -9.0378
    -1.7294  -1.6400  -1.5947  -1.5206  -1.3127  -1.2800  -1.2739  -1.2537
     0.3781   1.1223   2.2016   2.2640   2.8262   2.9486   3.1426   3.2682
     3.5124   7.9496  11.6979  11.9552  12.2130  12.3571

          k = 0.0000 0.2000-0.5000 ( 14502 PWs)   bands (ev):

  -120.3294 -74.5109 -74.5109 -74.5109 -14.6844  -9.5448  -9.2194  -9.0378
    -1.7430  -1.6498  -1.5866  -1.5341  -1.3156  -1.2796  -1.2780  -1.2559
     0.3680   1.1288   2.1923   2.2623   2.8351   2.9695   3.0779   3.3349
     3.4192   8.2956  11.6906  11.9983  12.1806  12.5902

          k = 0.0000 0.3000 0.3000 ( 14501 PWs)   bands (ev):

  -120.3294 -74.5109 -74.5109 -74.5109 -14.6855  -9.5686  -9.1564  -9.0711
    -1.7351  -1.6095  -1.5840  -1.5087  -1.4296  -1.2900  -1.2846  -1.2571
     0.2654   1.1609   2.2240   2.4249   2.8259   2.8926   3.1393   3.3027
     3.6900   7.7807  11.5166  12.0674  12.0994  12.6031

          k = 0.0000 0.3000 0.4000 ( 14507 PWs)   bands (ev):

  -120.3294 -74.5109 -74.5109 -74.5109 -14.6818  -9.5014  -9.1993  -9.0896
    -1.7361  -1.6432  -1.5755  -1.5568  -1.4767  -1.3060  -1.2923  -1.2672
     0.1934   1.2086   2.0928   2.6361   2.8698   2.8722   3.0194   3.3956
     3.6731   8.3942  11.7469  12.0106  12.4176  12.5650

          k = 0.0000 0.3000-0.5000 ( 14522 PWs)   bands (ev):

  -120.3294 -74.5109 -74.5109 -74.5109 -14.6804  -9.4674  -9.2264  -9.0941
    -1.7381  -1.6679  -1.5973  -1.5461  -1.4834  -1.3153  -1.2904  -1.2739
     0.1736   1.2271   2.0468   2.6858   2.8844   2.9115   2.9504   3.4729
     3.6179   8.7334  11.4090  12.2637  12.3786  12.7152

          k = 0.0000 0.4000 0.4000 ( 14506 PWs)   bands (ev):

  -120.3294 -74.5109 -74.5109 -74.5109 -14.6785  -9.4215  -9.2130  -9.1459
    -1.7347  -1.6543  -1.6243  -1.5987  -1.5222  -1.3338  -1.3000  -1.2836
     0.1032   1.2854   1.9836   2.8183   2.8848   2.9019   2.9289   3.5333
     3.7521   8.9665  11.5638  11.7898  12.2324  12.5702

          k = 0.0000 0.4000-0.5000 ( 14502 PWs)   bands (ev):

  -120.3294 -74.5109 -74.5109 -74.5108 -14.6772  -9.3751  -9.2321  -9.1694
    -1.7285  -1.6805  -1.6513  -1.6189  -1.5076  -1.3450  -1.3001  -1.2939
     0.0768   1.3168   1.9453   2.8165   2.8373   2.9325   2.9811   3.6140
     3.7562   9.3245  11.1964  11.6678  12.3271  12.5081

          k = 0.0000-0.5000-0.5000 ( 14540 PWs)   bands (ev):

  -120.3294 -74.5109 -74.5109 -74.5109 -14.6760  -9.3037  -9.2343  -9.2343
    -1.7152  -1.6848  -1.6848  -1.6664  -1.4906  -1.3567  -1.3038  -1.3038
     0.0479   1.3544   1.9094   2.7909   2.7909   3.0083   3.0083   3.6760
     3.8059   9.7442  11.1195  11.1195  12.2668  12.6091

          k = 0.1000 0.1000 0.1000 ( 14501 PWs)   bands (ev):

  -120.3294 -74.5109 -74.5109 -74.5109 -14.7017  -9.7557  -9.0233  -9.0233
    -1.7018  -1.7018  -1.6362  -1.2671  -1.2671  -1.2563  -1.2050  -1.2050
     0.7017   1.2545   1.2545   2.9970   2.9970   3.0940   3.1690   3.5624
     3.5624   5.8378  10.5811  10.5811  10.8089  11.6636

          k = 0.1000 0.1000 0.2000 ( 14521 PWs)   bands (ev):

  -120.3294 -74.5109 -74.5109 -74.5109 -14.6975  -9.7168  -9.0665  -9.0208
    -1.7069  -1.6906  -1.6011  -1.3226  -1.2685  -1.2636  -1.2551  -1.2070
     0.5333   1.2627   1.5103   2.8220   2.8933   2.9778   3.1911   3.5022
     3.5524   6.3389  10.8402  10.8619  11.1420  11.7996

          k = 0.1000 0.1000 0.3000 ( 14509 PWs)   bands (ev):

  -120.3294 -74.5109 -74.5109 -74.5109 -14.6923  -9.6608  -9.1276  -9.0177
    -1.7036  -1.6774  -1.5872  -1.4402  -1.2717  -1.2581  -1.2564  -1.2110
     0.4427   1.2694   1.7180   2.5629   2.8103   2.9738   3.1909   3.4157
     3.4544   7.0457  11.2383  11.2666  11.6656  12.0034

          k = 0.1000 0.1000 0.4000 ( 14497 PWs)   bands (ev):

  -120.3294 -74.5109 -74.5109 -74.5109 -14.6880  -9.6046  -9.1879  -9.0151
    -1.7239  -1.6675  -1.5909  -1.4936  -1.2717  -1.2644  -1.2463  -1.2173
     0.4099   1.2716   1.8530   2.3707   2.7621   3.0276   3.1990   3.3056
     3.3233   7.7664  11.6610  11.6643  12.1835  12.2940

          k = 0.1000 0.1000-0.5000 ( 14482 PWs)   bands (ev):

  -120.3294 -74.5109 -74.5109 -74.5108 -14.6864  -9.5784  -9.2155  -9.0142
    -1.7452  -1.6638  -1.5865  -1.5047  -1.2703  -1.2689  -1.2398  -1.2221
     0.4039   1.2716   1.9014   2.2964   2.7473   3.1362   3.1607   3.2265
     3.2614   8.1172  11.7850  11.8726  11.9241  12.4643

          k = 0.1000 0.2000 0.2000 ( 14530 PWs)   bands (ev):

  -120.3294 -74.5109 -74.5109 -74.5109 -14.6936  -9.6763  -9.0830  -9.0423
    -1.7239  -1.6913  -1.5617  -1.3645  -1.2964  -1.2714  -1.2611  -1.2490
     0.2920   1.3734   1.7897   2.5961   2.8307   2.9110   3.2511   3.4574
     3.6126   6.7302  11.0228  11.1319  11.3590  12.1175

          k = 0.1000 0.2000 0.3000 ( 14517 PWs)   bands (ev):

  -120.3294 -74.5109 -74.5109 -74.5109 -14.6887  -9.6177  -9.1336  -9.0471
    -1.7294  -1.6864  -1.5479  -1.4697  -1.3244  -1.2791  -1.2724  -1.2469
     0.1528   1.4145   2.0768   2.3883   2.7664   2.9017   3.2826   3.3647
     3.5942   7.3394  11.3450  11.5236  11.7509  12.3125

          k = 0.1000 0.2000 0.4000 ( 14495 PWs)   bands (ev):

  -120.3294 -74.5109 -74.5109 -74.5109 -14.6848  -9.5577  -9.1917  -9.0463
    -1.7336  -1.6912  -1.5697  -1.5282  -1.3340  -1.2946  -1.2740  -1.2448
     0.0940   1.4377   2.2355   2.2632   2.7328   2.9732   3.2503   3.3103
     3.5002   8.0107  11.7315  11.8713  12.0783  12.2664

          k = 0.1000 0.2000-0.5000 ( 14488 PWs)   bands (ev):

  -120.3294 -74.5109 -74.5109 -74.5109 -14.6833  -9.5289  -9.2200  -9.0457
    -1.7447  -1.6960  -1.5587  -1.5582  -1.3366  -1.3018  -1.2737  -1.2443
     0.0795   1.4453   2.1966   2.3025   2.7239   3.0971   3.1297   3.3463
     3.4198   8.3557  11.5995  12.0185  12.0680  12.4958

          k = 0.1000 0.3000 0.3000 ( 14498 PWs)   bands (ev):

  -120.3294 -74.5109 -74.5109 -74.5109 -14.6844  -9.5547  -9.1546  -9.0795
    -1.7463  -1.6872  -1.5287  -1.5202  -1.4418  -1.3008  -1.2810  -1.2497
    -0.0214   1.4970   2.2251   2.4386   2.7534   2.8558   3.2735   3.3556
     3.6815   7.8346  11.5481  11.9280  11.9494  12.4141

          k = 0.1000 0.3000 0.4000 ( 14513 PWs)   bands (ev):

  -120.3294 -74.5109 -74.5109 -74.5109 -14.6808  -9.4879  -9.1980  -9.0950
    -1.7476  -1.6980  -1.5988  -1.5369  -1.4848  -1.3195  -1.2825  -1.2543
    -0.1019   1.5525   2.1197   2.6230   2.7449   2.9299   3.1789   3.4241
     3.6681   8.4362  11.6568  11.9323  12.2220  12.3888

          k = 0.1000 0.3000-0.5000 ( 14512 PWs)   bands (ev):

  -120.3294 -74.5109 -74.5109 -74.5109 -14.6794  -9.4539  -9.2257  -9.0984
    -1.7436  -1.7161  -1.6218  -1.5486  -1.4915  -1.3259  -1.2813  -1.2575
    -0.1241   1.5729   2.0837   2.6541   2.7369   3.0326   3.1114   3.4798
     3.6186   8.7748  11.2960  12.2238  12.3180  12.3826

          k = 0.1000 0.4000 0.4000 ( 14523 PWs)   bands (ev):

  -120.3294 -74.5109 -74.5109 -74.5109 -14.6775  -9.4101  -9.2109  -9.1479
    -1.7500  -1.7043  -1.6414  -1.6011  -1.5495  -1.3277  -1.2882  -1.2676
    -0.1968   1.6404   2.0349   2.7274   2.7612   3.0148   3.1324   3.5449
     3.7512   8.9960  11.4237  11.6683  12.0824  12.5468

          k = 0.1000 0.4000-0.5000 ( 14506 PWs)   bands (ev):

  -120.3294 -74.5109 -74.5109 -74.5108 -14.6763  -9.3646  -9.2303  -9.1694
    -1.7395  -1.7218  -1.6729  -1.6227  -1.5608  -1.3265  -1.2882  -1.2766
    -0.2243   1.6756   2.0058   2.7344   2.7449   3.0809   3.1196   3.6166
     3.7579   9.3542  11.0783  11.5314  12.1071  12.5765

          k = 0.1000-0.5000-0.5000 ( 14520 PWs)   bands (ev):

  -120.3294 -74.5109 -74.5109 -74.5109 -14.6751  -9.2951  -9.2320  -9.2320
    -1.7210  -1.7210  -1.7150  -1.6668  -1.5712  -1.3167  -1.2910  -1.2910
    -0.2535   1.7183   1.9788   2.7282   2.7282   3.1287   3.1287   3.6771
     3.8080   9.7813  11.0000  11.0000  12.0399  12.6797

          k = 0.2000 0.2000 0.2000 ( 14504 PWs)   bands (ev):

  -120.3294 -74.5109 -74.5109 -74.5109 -14.6900  -9.6356  -9.0795  -9.0795
    -1.7328  -1.7328  -1.5170  -1.3792  -1.3792  -1.2779  -1.2588  -1.2588
    -0.0136   1.8165   1.8165   2.4477   2.7949   2.7949   3.3364   3.5718
     3.5718   7.0488  11.2335  11.2335  11.4588  12.4033

          k = 0.2000 0.2000 0.3000 ( 14500 PWs)   bands (ev):

  -120.3294 -74.5109 -74.5109 -74.5109 -14.6855  -9.5762  -9.1343  -9.0751
    -1.7478  -1.7445  -1.5136  -1.4930  -1.3927  -1.3005  -1.2649  -1.2475
    -0.2035   1.8487   2.1939   2.3065   2.7083   2.8157   3.3850   3.5199
     3.5778   7.5817  11.4860  11.5349  11.6914  12.4495

          k = 0.2000 0.2000 0.4000 ( 14483 PWs)   bands (ev):

  -120.3294 -74.5109 -74.5109 -74.5108 -14.6818  -9.5142  -9.1925  -9.0715
    -1.7546  -1.7476  -1.5952  -1.5305  -1.4011  -1.3168  -1.2671  -1.2403
    -0.2901   1.8734   2.2210   2.3962   2.6617   2.9558   3.4002   3.4577
     3.4781   8.2098  11.5871  11.8635  12.0002  12.1557

          k = 0.2000 0.2000-0.5000 ( 14510 PWs)   bands (ev):

  -120.3294 -74.5109 -74.5109 -74.5109 -14.6804  -9.4836  -9.2217  -9.0701
    -1.7585  -1.7517  -1.6153  -1.5553  -1.4039  -1.3220  -1.2675  -1.2379
    -0.3134   1.8825   2.1940   2.4374   2.6482   3.1337   3.3057   3.4007
     3.4630   8.5500  11.3099  12.0515  12.2309  12.3115

          k = 0.2000 0.3000 0.3000 ( 14498 PWs)   bands (ev):

  -120.3294 -74.5109 -74.5109 -74.5109 -14.6814  -9.5153  -9.1499  -9.1044
    -1.7783  -1.7688  -1.5420  -1.5228  -1.4822  -1.3144  -1.2631  -1.2455
    -0.4369   2.0559   2.2302   2.4759   2.6867   2.7889   3.4620   3.4887
     3.6591   8.0158  11.5953  11.6644  11.7225  12.4056

          k = 0.2000 0.3000 0.4000 ( 14519 PWs)   bands (ev):

  -120.3294 -74.5109 -74.5109 -74.5109 -14.6781  -9.4500  -9.1949  -9.1116
    -1.7939  -1.7750  -1.6301  -1.5747  -1.5115  -1.3150  -1.2649  -1.2424
    -0.5488   2.1308   2.1899   2.6066   2.6570   2.9978   3.4216   3.5020
     3.6547   8.5764  11.3373  11.7466  11.8622  12.3232

          k = 0.2000 0.3000-0.5000 ( 14516 PWs)   bands (ev):

  -120.3294 -74.5109 -74.5109 -74.5109 -14.6769  -9.4156  -9.2237  -9.1121
    -1.8008  -1.7703  -1.6679  -1.6067  -1.5168  -1.3140  -1.2653  -1.2414
    -0.5801   2.1574   2.1760   2.6195   2.6417   3.1939   3.3434   3.5096
     3.6238   8.9101  10.9973  11.8185  11.9716  12.2473

          k = 0.2000 0.4000 0.4000 ( 14521 PWs)   bands (ev):

  -120.3294 -74.5109 -74.5109 -74.5109 -14.6751  -9.3784  -9.2053  -9.1550
    -1.8034  -1.8008  -1.6640  -1.6422  -1.6079  -1.3003  -1.2658  -1.2482
    -0.6749   2.1654   2.2682   2.6546   2.6780   3.1818   3.3833   3.5843
     3.7489   9.0886  11.0823  11.3310  11.7636  12.5995

          k = 0.2000 0.4000-0.5000 ( 14528 PWs)   bands (ev):

  -120.3294 -74.5109 -74.5109 -74.5109 -14.6740  -9.3358  -9.2255  -9.1707
    -1.8119  -1.7956  -1.6970  -1.6771  -1.6293  -1.2924  -1.2661  -1.2525
    -0.7104   2.1609   2.3165   2.6539   2.6749   3.2998   3.3487   3.6271
     3.7624   9.4395  10.7737  11.1887  11.7419  12.5748

          k = 0.2000-0.5000-0.5000 ( 14528 PWs)   bands (ev):

  -120.3294 -74.5109 -74.5109 -74.5109 -14.6729  -9.2722  -9.2261  -9.2261
    -1.8052  -1.8052  -1.7150  -1.7147  -1.6689  -1.2738  -1.2667  -1.2667
    -0.7470   2.1563   2.3848   2.6587   2.6587   3.3514   3.3514   3.6800
     3.8135   9.8765  10.6931  10.6931  11.6601  12.8411

          k = 0.3000 0.3000 0.3000 ( 14517 PWs)   bands (ev):

  -120.3294 -74.5109 -74.5109 -74.5109 -14.6778  -9.4574  -9.1440  -9.1440
    -1.8209  -1.8209  -1.5848  -1.5587  -1.5587  -1.3054  -1.2477  -1.2477
    -0.7353   2.2438   2.5272   2.5272   2.7321   2.7321   3.5577   3.6335
     3.6335   8.3616  11.4605  11.4605  11.6021  12.4993

          k = 0.3000 0.3000 0.4000 ( 14522 PWs)   bands (ev):

  -120.3294 -74.5109 -74.5109 -74.5109 -14.6748  -9.3945  -9.1921  -9.1393
    -1.8566  -1.8340  -1.6654  -1.6498  -1.5674  -1.2926  -1.2519  -1.2386
    -0.8858   2.2665   2.5786   2.6060   2.6907   3.0947   3.5876   3.6324
     3.6436   8.8485  11.0046  11.3442  11.6193  12.4010

          k = 0.3000 0.3000-0.5000 ( 14528 PWs)   bands (ev):

  -120.3294 -74.5109 -74.5109 -74.5109 -14.6737  -9.3595  -9.2214  -9.1375
    -1.8703  -1.8267  -1.7067  -1.6922  -1.5700  -1.2875  -1.2540  -1.2357
    -0.9280   2.2784   2.6071   2.6086   2.6685   3.3485   3.5261   3.5820
     3.6615   9.1689  10.6627  11.3071  11.6800  12.2437

          k = 0.3000 0.4000 0.4000 ( 14523 PWs)   bands (ev):

  -120.3294 -74.5109 -74.5109 -74.5109 -14.6721  -9.3332  -9.1984  -9.1694
    -1.8874  -1.8769  -1.7576  -1.6734  -1.6317  -1.2731  -1.2474  -1.2387
    -1.0611   2.3258   2.6023   2.6177   2.9131   3.3100   3.6120   3.6600
     3.7461   9.2584  10.7157  10.9010  11.5057  12.4638

          k = 0.3000 0.4000-0.5000 ( 14538 PWs)   bands (ev):

  -120.3294 -74.5109 -74.5109 -74.5109 -14.6711  -9.2954  -9.2195  -9.1765
    -1.9013  -1.8779  -1.8033  -1.7031  -1.6447  -1.2645  -1.2487  -1.2385
    -1.1094   2.3472   2.6125   2.6165   2.9580   3.4945   3.5768   3.6626
     3.7689   9.5721  10.4191  10.7673  11.4903  12.3459

          k = 0.3000-0.5000-0.5000 ( 14536 PWs)   bands (ev):

  -120.3294 -74.5109 -74.5109 -74.5109 -14.6701  -9.2435  -9.2188  -9.2188
    -1.8967  -1.8967  -1.8548  -1.7144  -1.6761  -1.2491  -1.2473  -1.2473
    -1.1587   2.3693   2.6211   2.6211   3.0341   3.5833   3.5833   3.6835
     3.8203   9.9662  10.3309  10.3309  11.4233  12.4439

          k = 0.4000 0.4000 0.4000 ( 14565 PWs)   bands (ev):

  -120.3295 -74.5110 -74.5110 -74.5109 -14.6697  -9.2846  -9.1927  -9.1927
    -1.9351  -1.9351  -1.8573  -1.6766  -1.6766  -1.2812  -1.2547  -1.2371
    -1.2371   2.4486   2.6036   2.6036   3.3741   3.3741   3.7401   3.7401
     3.7506   9.5188  10.4524  10.4524  11.4217  12.3129

          k = 0.4000 0.4000-0.5000 ( 14548 PWs)   bands (ev):

  -120.3294 -74.5110 -74.5109 -74.5109 -14.6688  -9.2529  -9.2147  -9.1906
    -1.9568  -1.9412  -1.9044  -1.7063  -1.6774  -1.3431  -1.2465  -1.2394
    -1.2339   2.4909   2.6005   2.6081   3.3917   3.5959   3.7350   3.7419
     3.7862   9.7526  10.1499  10.3576  11.4416  12.1872

          k = 0.4000-0.5000-0.5000 ( 14544 PWs)   bands (ev):

  -120.3294 -74.5110 -74.5109 -74.5109 -14.6679  -9.2197  -9.2128  -9.2128
    -1.9643  -1.9643  -1.9536  -1.7141  -1.6958  -1.4097  -1.2369  -1.2366
    -1.2366   2.5380   2.6056   2.6056   3.5103   3.6864   3.7608   3.7608
     3.8259   9.9701  10.0506  10.0506  11.4826  12.1283

          k =-0.5000-0.5000-0.5000 ( 14592 PWs)   bands (ev):

  -120.3295 -74.5110 -74.5110 -74.5110 -14.6670  -9.2105  -9.2105  -9.2105
    -1.9890  -1.9890  -1.9890  -1.7140  -1.7140  -1.4847  -1.2333  -1.2333
    -1.2333   2.6019   2.6019   2.6019   3.6875   3.6875   3.8280   3.8280
     3.8280   9.9458   9.9458   9.9458  11.6419  12.0175

     the Fermi energy is     4.5877 ev

!    total energy              =    -842.54401574 Ry
     estimated scf accuracy    <          2.6E-12 Ry
     smearing contrib. (-TS)   =      -0.00000000 Ry
     internal energy E=F+TS    =    -842.54401574 Ry

     The total energy is F=E-TS. E is the sum of the following terms:
     one-electron contribution =    -524.00238499 Ry
     hartree contribution      =     281.82023496 Ry
     xc contribution           =     -95.76293151 Ry
     ewald contribution        =    -267.43886963 Ry
     one-center paw contrib.   =    -237.16006458 Ry

     convergence has been achieved in  14 iterations

     Forces acting on atoms (cartesian axes, Ry/au):

     atom    1 type  1   force =     0.00000000    0.00000000    0.00000000
     atom    2 type  2   force =     0.00000000    0.00000000    0.00000000
     atom    3 type  3   force =     0.00000000    0.00000000    0.00000000
     atom    4 type  3   force =     0.00000000    0.00000000    0.00000000
     atom    5 type  3   force =     0.00000000    0.00000000    0.00000000

     Total force =     0.000000     Total SCF correction =     0.000000


     Computing stress (Cartesian axis) and pressure

          total   stress  (Ry/bohr**3)                   (kbar)     P=        8.96
   0.00006090   0.00000000   0.00000000            8.96        0.00        0.00
   0.00000000   0.00006090   0.00000000            0.00        8.96        0.00
   0.00000000   0.00000000   0.00006090            0.00        0.00        8.96


     BFGS Geometry Optimization
     Energy error            =      0.0E+00 Ry
     Gradient error          =      0.0E+00 Ry/Bohr

     bfgs converged in   1 scf cycles and   0 bfgs steps
     (criteria: energy <  1.0E-05 Ry, force <  1.0E-03 Ry/Bohr)

     End of BFGS Geometry Optimization

     Final energy             =    -842.5440157444 Ry
Begin final coordinates

ATOMIC_POSITIONS (crystal)
Cs               0.0000000000        0.0000000000        0.0000000000
Zn               0.5000000000        0.5000000000        0.5000000000
Cl               0.5000000000        0.5000000000        0.0000000000
Cl               0.5000000000        0.0000000000        0.5000000000
Cl               0.0000000000        0.5000000000        0.5000000000
End final coordinates



  ++++++++++++++++++++++++++++++++++++++++++++++++++++++++++++++++++++++++++++
     Doing work    5 /     9
  ++++++++++++++++++++++++++++++++++++++++++++++++++++++++++++++++++++++++++++


     Current dimensions of program PWSCF are:
     Max number of different atomic species (ntypx) = 10
     Max number of k-points (npk) = 120000
     Max angular momentum in pseudopotentials (lmaxx) =  4

     WARNING: check_stop already initialized

     Parallelization info
     --------------------
     sticks:   dense  smooth     PW     G-vecs:    dense   smooth      PW
     Min        2904    1457    401               166584    58887    8657
     Max        2909    1460    404               166795    58898    8708
     Sum        5813    2917    805               333379   117785   17365

     Using Pencil Decomposition



     bravais-lattice index     =            1
     lattice parameter (alat)  =       9.5571  a.u.
     unit-cell volume          =     872.9170 (a.u.)^3
     number of atoms/cell      =            5
     number of atomic types    =            3
     number of electrons       =        50.00
     number of Kohn-Sham states=           30
     kinetic-energy cutoff     =     100.0000  Ry
     charge density cutoff     =     800.0000  Ry
     scf convergence threshold =      1.0E-10
     mixing beta               =       0.3000
     number of iterations used =            8  plain     mixing
     energy convergence thresh.=      1.0E-05
     force convergence thresh. =      1.0E-03
     Exchange-correlation= PBE
                           (   1   4   3   4   0   0   0)
     nstep                     =           20


     celldm(1)=   9.557060  celldm(2)=   0.000000  celldm(3)=   0.000000
     celldm(4)=   0.000000  celldm(5)=   0.000000  celldm(6)=   0.000000

     crystal axes: (cart. coord. in units of alat)
               a(1) = (   1.000000   0.000000   0.000000 )  
               a(2) = (   0.000000   1.000000   0.000000 )  
               a(3) = (   0.000000   0.000000   1.000000 )  

     reciprocal axes: (cart. coord. in units 2 pi/alat)
               b(1) = (  1.000000  0.000000  0.000000 )  
               b(2) = (  0.000000  1.000000  0.000000 )  
               b(3) = (  0.000000  0.000000  1.000000 )  


     PseudoPot. # 1 for Cs read from file:
     /home/administrator/Downloads/BURAI/BURAI1.3/pseudopot/Cs.pbe-spn-rrkjus_psl.1.0.0.UPF
     MD5 check sum: 0e4a2db85f86c9a13762b1b689b65a6d
     Pseudo is Ultrasoft + core correction, Zval =  9.0
     Generated using "atomic" code by A. Dal Corso  v.5.1.2
     Using radial grid of 1251 points,  9 beta functions with: 
                l(1) =   0
                l(2) =   0
                l(3) =   0
                l(4) =   1
                l(5) =   1
                l(6) =   2
                l(7) =   2
                l(8) =   3
                l(9) =   3
     Q(r) pseudized with 0 coefficients 


     PseudoPot. # 2 for Zn read from file:
     /home/administrator/Downloads/BURAI/BURAI1.3/pseudopot/Zn.pbe-spn-kjpaw_psl.1.0.0.UPF
     MD5 check sum: 9ae49ce97c5e3111e3f06ee7e23c2246
     Pseudo is Projector augmented-wave + core cor, Zval = 20.0
     Generated using "atomic" code by A. Dal Corso  v.5.1.2
     Shape of augmentation charge: PSQ
     Using radial grid of 1201 points,  6 beta functions with: 
                l(1) =   0
                l(2) =   0
                l(3) =   1
                l(4) =   1
                l(5) =   2
                l(6) =   2
     Q(r) pseudized with 0 coefficients 


     PseudoPot. # 3 for Cl read from file:
     /home/administrator/Downloads/BURAI/BURAI1.3/pseudopot/Cl.pbe-n-kjpaw_psl.1.0.0.UPF
     MD5 check sum: d11ac872591ccaf6ebdc6d6d0c764b72
     Pseudo is Projector augmented-wave + core cor, Zval =  7.0
     Generated using "atomic" code by A. Dal Corso  v.5.1.2
     Shape of augmentation charge: PSQ
     Using radial grid of 1157 points,  6 beta functions with: 
                l(1) =   0
                l(2) =   0
                l(3) =   1
                l(4) =   1
                l(5) =   2
                l(6) =   2
     Q(r) pseudized with 0 coefficients 


     atomic species   valence    mass     pseudopotential
     Cs                9.00   132.90550     Cs( 1.00)
     Zn               20.00    65.38000     Zn( 1.00)
     Cl                7.00    35.45300     Cl( 1.00)

     48 Sym. Ops., with inversion, found



   Cartesian axes

     site n.     atom                  positions (alat units)
         1        Cs     tau(   1) = (   0.0000000   0.0000000   0.0000000  )
         2        Zn     tau(   2) = (   0.5000000   0.5000000   0.5000000  )
         3        Cl     tau(   3) = (   0.5000000   0.5000000   0.0000000  )
         4        Cl     tau(   4) = (   0.5000000   0.0000000   0.5000000  )
         5        Cl     tau(   5) = (   0.0000000   0.5000000   0.5000000  )

     number of k points=    56  Gaussian smearing, width (Ry)=  0.0050
                       cart. coord. in units 2pi/alat
        k(    1) = (   0.0000000   0.0000000   0.0000000), wk =   0.0020000
        k(    2) = (   0.0000000   0.0000000   0.1000000), wk =   0.0120000
        k(    3) = (   0.0000000   0.0000000   0.2000000), wk =   0.0120000
        k(    4) = (   0.0000000   0.0000000   0.3000000), wk =   0.0120000
        k(    5) = (   0.0000000   0.0000000   0.4000000), wk =   0.0120000
        k(    6) = (   0.0000000   0.0000000  -0.5000000), wk =   0.0060000
        k(    7) = (   0.0000000   0.1000000   0.1000000), wk =   0.0240000
        k(    8) = (   0.0000000   0.1000000   0.2000000), wk =   0.0480000
        k(    9) = (   0.0000000   0.1000000   0.3000000), wk =   0.0480000
        k(   10) = (   0.0000000   0.1000000   0.4000000), wk =   0.0480000
        k(   11) = (   0.0000000   0.1000000  -0.5000000), wk =   0.0240000
        k(   12) = (   0.0000000   0.2000000   0.2000000), wk =   0.0240000
        k(   13) = (   0.0000000   0.2000000   0.3000000), wk =   0.0480000
        k(   14) = (   0.0000000   0.2000000   0.4000000), wk =   0.0480000
        k(   15) = (   0.0000000   0.2000000  -0.5000000), wk =   0.0240000
        k(   16) = (   0.0000000   0.3000000   0.3000000), wk =   0.0240000
        k(   17) = (   0.0000000   0.3000000   0.4000000), wk =   0.0480000
        k(   18) = (   0.0000000   0.3000000  -0.5000000), wk =   0.0240000
        k(   19) = (   0.0000000   0.4000000   0.4000000), wk =   0.0240000
        k(   20) = (   0.0000000   0.4000000  -0.5000000), wk =   0.0240000
        k(   21) = (   0.0000000  -0.5000000  -0.5000000), wk =   0.0060000
        k(   22) = (   0.1000000   0.1000000   0.1000000), wk =   0.0160000
        k(   23) = (   0.1000000   0.1000000   0.2000000), wk =   0.0480000
        k(   24) = (   0.1000000   0.1000000   0.3000000), wk =   0.0480000
        k(   25) = (   0.1000000   0.1000000   0.4000000), wk =   0.0480000
        k(   26) = (   0.1000000   0.1000000  -0.5000000), wk =   0.0240000
        k(   27) = (   0.1000000   0.2000000   0.2000000), wk =   0.0480000
        k(   28) = (   0.1000000   0.2000000   0.3000000), wk =   0.0960000
        k(   29) = (   0.1000000   0.2000000   0.4000000), wk =   0.0960000
        k(   30) = (   0.1000000   0.2000000  -0.5000000), wk =   0.0480000
        k(   31) = (   0.1000000   0.3000000   0.3000000), wk =   0.0480000
        k(   32) = (   0.1000000   0.3000000   0.4000000), wk =   0.0960000
        k(   33) = (   0.1000000   0.3000000  -0.5000000), wk =   0.0480000
        k(   34) = (   0.1000000   0.4000000   0.4000000), wk =   0.0480000
        k(   35) = (   0.1000000   0.4000000  -0.5000000), wk =   0.0480000
        k(   36) = (   0.1000000  -0.5000000  -0.5000000), wk =   0.0120000
        k(   37) = (   0.2000000   0.2000000   0.2000000), wk =   0.0160000
        k(   38) = (   0.2000000   0.2000000   0.3000000), wk =   0.0480000
        k(   39) = (   0.2000000   0.2000000   0.4000000), wk =   0.0480000
        k(   40) = (   0.2000000   0.2000000  -0.5000000), wk =   0.0240000
        k(   41) = (   0.2000000   0.3000000   0.3000000), wk =   0.0480000
        k(   42) = (   0.2000000   0.3000000   0.4000000), wk =   0.0960000
        k(   43) = (   0.2000000   0.3000000  -0.5000000), wk =   0.0480000
        k(   44) = (   0.2000000   0.4000000   0.4000000), wk =   0.0480000
        k(   45) = (   0.2000000   0.4000000  -0.5000000), wk =   0.0480000
        k(   46) = (   0.2000000  -0.5000000  -0.5000000), wk =   0.0120000
        k(   47) = (   0.3000000   0.3000000   0.3000000), wk =   0.0160000
        k(   48) = (   0.3000000   0.3000000   0.4000000), wk =   0.0480000
        k(   49) = (   0.3000000   0.3000000  -0.5000000), wk =   0.0240000
        k(   50) = (   0.3000000   0.4000000   0.4000000), wk =   0.0480000
        k(   51) = (   0.3000000   0.4000000  -0.5000000), wk =   0.0480000
        k(   52) = (   0.3000000  -0.5000000  -0.5000000), wk =   0.0120000
        k(   53) = (   0.4000000   0.4000000   0.4000000), wk =   0.0160000
        k(   54) = (   0.4000000   0.4000000  -0.5000000), wk =   0.0240000
        k(   55) = (   0.4000000  -0.5000000  -0.5000000), wk =   0.0120000
        k(   56) = (  -0.5000000  -0.5000000  -0.5000000), wk =   0.0020000

     Dense  grid:   333379 G-vectors     FFT dimensions: (  90,  90,  90)

     Smooth grid:   117785 G-vectors     FFT dimensions: (  64,  64,  64)

     Estimated max dynamical RAM per process >     578.27 MB

     Estimated total dynamical RAM >       4.28 GB

     Initial potential from superposition of free atoms

     starting charge      49.9591, renormalised to      50.0000
     Starting wfcs are   27 randomized atomic wfcs +    3 random wfcs
     Checking if some PAW data can be deallocated... 

     total cpu time spent up to now is     1782.7 secs

     Self-consistent Calculation

     iteration #  1     ecut=   100.00 Ry     beta= 0.30
     Davidson diagonalization with overlap
     ethr =  1.00E-02,  avg # of iterations =  6.8

     Threshold (ethr) on eigenvalues was too large:
     Diagonalizing with lowered threshold

     Davidson diagonalization with overlap
     ethr =  5.59E-04,  avg # of iterations =  2.6

     total cpu time spent up to now is     1834.5 secs

     total energy              =    -842.52375170 Ry
     estimated scf accuracy    <       0.25228910 Ry

     iteration #  2     ecut=   100.00 Ry     beta= 0.30
     Davidson diagonalization with overlap
     ethr =  5.05E-04,  avg # of iterations =  2.0

     total cpu time spent up to now is     1859.5 secs

     total energy              =    -842.53618926 Ry
     estimated scf accuracy    <       0.04207053 Ry

     iteration #  3     ecut=   100.00 Ry     beta= 0.30
     Davidson diagonalization with overlap
     ethr =  8.41E-05,  avg # of iterations =  8.6

     total cpu time spent up to now is     1891.6 secs

     total energy              =    -842.54342623 Ry
     estimated scf accuracy    <       0.00569394 Ry

     iteration #  4     ecut=   100.00 Ry     beta= 0.30
     Davidson diagonalization with overlap
     ethr =  1.14E-05,  avg # of iterations =  8.9

     total cpu time spent up to now is     1924.6 secs

     total energy              =    -842.54440580 Ry
     estimated scf accuracy    <       0.00125457 Ry

     iteration #  5     ecut=   100.00 Ry     beta= 0.30
     Davidson diagonalization with overlap
     ethr =  2.51E-06,  avg # of iterations =  7.9

     total cpu time spent up to now is     1956.7 secs

     total energy              =    -842.54465435 Ry
     estimated scf accuracy    <       0.00007921 Ry

     iteration #  6     ecut=   100.00 Ry     beta= 0.30
     Davidson diagonalization with overlap
     ethr =  1.58E-07,  avg # of iterations =  4.1

     total cpu time spent up to now is     1986.0 secs

     total energy              =    -842.54467693 Ry
     estimated scf accuracy    <       0.00001669 Ry

     iteration #  7     ecut=   100.00 Ry     beta= 0.30
     Davidson diagonalization with overlap
     ethr =  3.34E-08,  avg # of iterations =  2.8

     total cpu time spent up to now is     2013.7 secs

     total energy              =    -842.54468199 Ry
     estimated scf accuracy    <       0.00000111 Ry

     iteration #  8     ecut=   100.00 Ry     beta= 0.30
     Davidson diagonalization with overlap
     ethr =  2.22E-09,  avg # of iterations =  5.8

     total cpu time spent up to now is     2047.4 secs

     total energy              =    -842.54468346 Ry
     estimated scf accuracy    <       0.00000075 Ry

     iteration #  9     ecut=   100.00 Ry     beta= 0.30
     Davidson diagonalization with overlap
     ethr =  1.50E-09,  avg # of iterations =  2.0

     total cpu time spent up to now is     2073.2 secs

     total energy              =    -842.54468389 Ry
     estimated scf accuracy    <       0.00000009 Ry

     iteration # 10     ecut=   100.00 Ry     beta= 0.30
     Davidson diagonalization with overlap
     ethr =  1.74E-10,  avg # of iterations =  4.9

     total cpu time spent up to now is     2104.8 secs

     total energy              =    -842.54468411 Ry
     estimated scf accuracy    <       0.00000006 Ry

     iteration # 11     ecut=   100.00 Ry     beta= 0.30
     Davidson diagonalization with overlap
     ethr =  1.20E-10,  avg # of iterations =  2.1

     total cpu time spent up to now is     2130.5 secs

     End of self-consistent calculation

          k = 0.0000 0.0000 0.0000 ( 14771 PWs)   bands (ev):

  -120.5124 -74.6938 -74.6938 -74.6938 -14.8899  -9.9102  -9.1428  -9.1428
    -1.8663  -1.8663  -1.8663  -1.4423  -1.4423  -1.4423  -1.3179  -1.3179
     0.9210   0.9210   0.9210   2.9610   2.9610   2.9610   3.3996   3.3996
     3.3996   4.9653  10.1267  10.1267  10.1997  11.2130

          k = 0.0000 0.0000 0.1000 ( 14723 PWs)   bands (ev):

  -120.5123 -74.6937 -74.6937 -74.6937 -14.8883  -9.8970  -9.1583  -9.1420
    -1.8594  -1.8594  -1.8581  -1.4422  -1.4413  -1.4413  -1.3654  -1.3179
     0.9230   0.9230   0.9339   2.9360   2.9452   2.9452   3.2453   3.3753
     3.3753   5.2232  10.2283  10.2389  10.3491  11.2585

          k = 0.0000 0.0000 0.2000 ( 14759 PWs)   bands (ev):

  -120.5124 -74.6937 -74.6937 -74.6937 -14.8843  -9.8599  -9.2013  -9.1400
    -1.8416  -1.8416  -1.8408  -1.4804  -1.4420  -1.4380  -1.4380  -1.3178
     0.9265   0.9265   0.9744   2.8723   2.9107   2.9107   2.9283   3.3075
     3.3075   5.8378  10.5051  10.5501  10.7823  11.3924

          k = 0.0000 0.0000 0.3000 ( 14730 PWs)   bands (ev):

  -120.5123 -74.6937 -74.6937 -74.6937 -14.8793  -9.8069  -9.2616  -9.1376
    -1.8397  -1.8203  -1.8203  -1.5930  -1.4418  -1.4319  -1.4319  -1.3177
     0.9268   0.9268   1.0416   2.6020   2.7967   2.8864   2.8864   3.2111
     3.2111   6.6125  10.9023  10.9829  11.4237  11.6042

          k = 0.0000 0.0000 0.4000 ( 14718 PWs)   bands (ev):

  -120.5123 -74.6937 -74.6937 -74.6937 -14.8753  -9.7542  -9.3200  -9.1356
    -1.8761  -1.8040  -1.8040  -1.6399  -1.4417  -1.4251  -1.4251  -1.3176
     0.9234   0.9234   1.1174   2.3495   2.7377   2.8935   2.8935   3.1111
     3.1111   7.3524  11.2891  11.3945  11.8563  12.1320

          k = 0.0000 0.0000-0.5000 ( 14718 PWs)   bands (ev):

  -120.5123 -74.6937 -74.6937 -74.6937 -14.8738  -9.7301  -9.3462  -9.1348
    -1.9006  -1.7980  -1.7980  -1.6458  -1.4416  -1.4219  -1.4219  -1.3175
     0.9212   0.9212   1.1545   2.2499   2.7157   2.9123   2.9123   3.0578
     3.0578   7.6980  11.4297  11.5743  11.9301  12.0026

          k = 0.0000 0.1000 0.1000 ( 14739 PWs)   bands (ev):

  -120.5124 -74.6937 -74.6937 -74.6937 -14.8868  -9.8837  -9.1652  -9.1495
    -1.8717  -1.8523  -1.8339  -1.4457  -1.4408  -1.4375  -1.3858  -1.3437
     0.7570   0.9270   1.1225   2.8654   2.9284   2.9788   3.0800   3.3503
     3.4138   5.4332  10.3300  10.3418  10.4757  11.3725

          k = 0.0000 0.1000 0.2000 ( 14760 PWs)   bands (ev):

  -120.5124 -74.6937 -74.6937 -74.6937 -14.8829  -9.8460  -9.2042  -9.1506
    -1.8698  -1.8338  -1.8085  -1.4894  -1.4480  -1.4385  -1.4337  -1.3550
     0.6391   0.9360   1.3039   2.7412   2.8346   2.8913   2.9827   3.2805
     3.3850   5.9808  10.5993  10.6351  10.8589  11.5085

          k = 0.0000 0.1000 0.3000 ( 14745 PWs)   bands (ev):

  -120.5124 -74.6938 -74.6937 -74.6937 -14.8781  -9.7920  -9.2634  -9.1484
    -1.8626  -1.8116  -1.8002  -1.6032  -1.4478  -1.4354  -1.4301  -1.3590
     0.5806   0.9436   1.4504   2.4914   2.7309   2.8635   2.9762   3.1814
     3.2943   6.7144  10.9983  11.0421  11.4484  11.7128

          k = 0.0000 0.1000 0.4000 ( 14724 PWs)   bands (ev):

  -120.5123 -74.6937 -74.6937 -74.6937 -14.8742  -9.7380  -9.3216  -9.1464
    -1.8798  -1.8060  -1.7945  -1.6552  -1.4462  -1.4327  -1.4269  -1.3621
     0.5638   0.9464   1.5506   2.2801   2.6850   2.8680   2.9958   3.0786
     3.1784   7.4371  11.3997  11.4438  11.9565  12.1177

          k = 0.0000 0.1000-0.5000 ( 14734 PWs)   bands (ev):

  -120.5124 -74.6937 -74.6937 -74.6937 -14.8727  -9.7130  -9.3482  -9.1457
    -1.9001  -1.8046  -1.7881  -1.6635  -1.4453  -1.4318  -1.4255  -1.3634
     0.5625   0.9466   1.5891   2.1966   2.6709   2.8868   3.0234   3.0478
     3.0876   7.7804  11.5388  11.6235  11.8329  12.0980

          k = 0.0000 0.2000 0.2000 ( 14777 PWs)   bands (ev):

  -120.5124 -74.6938 -74.6938 -74.6937 -14.8793  -9.8067  -9.2227  -9.1701
    -1.8853  -1.8134  -1.7842  -1.5320  -1.4547  -1.4502  -1.4306  -1.4228
     0.4191   0.9602   1.6375   2.5054   2.7410   2.8464   3.0347   3.2054
     3.4563   6.3979  10.7934  10.9559  11.1188  11.8114

          k = 0.0000 0.2000 0.3000 ( 14752 PWs)   bands (ev):

  -120.5124 -74.6938 -74.6937 -74.6937 -14.8748  -9.7498  -9.2706  -9.1775
    -1.8870  -1.7884  -1.7826  -1.6309  -1.4746  -1.4579  -1.4412  -1.4309
     0.2971   0.9884   1.9010   2.2809   2.6885   2.8076   3.0679   3.0995
     3.4372   7.0260  11.1242  11.3708  11.5935  12.0171

          k = 0.0000 0.2000 0.4000 ( 14721 PWs)   bands (ev):

  -120.5123 -74.6937 -74.6937 -74.6937 -14.8711  -9.6917  -9.3262  -9.1784
    -1.8890  -1.8097  -1.7684  -1.6948  -1.4845  -1.4567  -1.4525  -1.4338
     0.2465   1.0092   2.0550   2.1269   2.6823   2.8030   2.9903   3.1133
     3.3471   7.6978  11.5177  11.7565  11.9731  12.1486

          k = 0.0000 0.2000-0.5000 ( 14734 PWs)   bands (ev):

  -120.5124 -74.6937 -74.6937 -74.6937 -14.8697  -9.6641  -9.3533  -9.1783
    -1.8986  -1.8209  -1.7609  -1.7095  -1.4872  -1.4576  -1.4548  -1.4361
     0.2344   1.0167   2.0614   2.1119   2.6897   2.8205   2.9300   3.1720
     3.2623   8.0345  11.4765  11.8107  11.9582  12.3839

          k = 0.0000 0.3000 0.3000 ( 14750 PWs)   bands (ev):

  -120.5124 -74.6938 -74.6937 -74.6937 -14.8707  -9.6880  -9.2919  -9.2104
    -1.8985  -1.7830  -1.7585  -1.6788  -1.5910  -1.4660  -1.4625  -1.4367
     0.1322   1.0455   2.0904   2.2701   2.6826   2.7511   2.9859   3.1463
     3.5178   7.5370  11.3453  11.8692  11.8862  12.4593

          k = 0.0000 0.3000 0.4000 ( 14739 PWs)   bands (ev):

  -120.5124 -74.6937 -74.6937 -74.6937 -14.8674  -9.6229  -9.3333  -9.2280
    -1.8976  -1.8138  -1.7444  -1.7334  -1.6364  -1.4818  -1.4681  -1.4461
     0.0548   1.0934   1.9633   2.4804   2.7242   2.7279   2.8711   3.2310
     3.5041   8.1400  11.5415  11.8061  12.1954  12.3626

          k = 0.0000 0.3000-0.5000 ( 14732 PWs)   bands (ev):

  -120.5124 -74.6937 -74.6937 -74.6937 -14.8661  -9.5899  -9.3596  -9.2324
    -1.8956  -1.8391  -1.7662  -1.7235  -1.6439  -1.4901  -1.4663  -1.4525
     0.0330   1.1120   1.9188   2.5317   2.7400   2.7607   2.8062   3.2980
     3.4568   8.4699  11.1937  12.0755  12.1624  12.4785

          k = 0.0000 0.4000 0.4000 ( 14762 PWs)   bands (ev):

  -120.5124 -74.6938 -74.6937 -74.6937 -14.8643  -9.5461  -9.3463  -9.2821
    -1.8968  -1.8273  -1.7920  -1.7464  -1.7018  -1.5068  -1.4752  -1.4610
    -0.0405   1.1683   1.8567   2.6783   2.7270   2.7579   2.7775   3.3569
     3.5831   8.7044  11.3443  11.5629  12.0344  12.3639

          k = 0.0000 0.4000-0.5000 ( 14732 PWs)   bands (ev):

  -120.5124 -74.6938 -74.6937 -74.6937 -14.8632  -9.5014  -9.3648  -9.3045
    -1.8882  -1.8522  -1.8167  -1.7693  -1.6886  -1.5169  -1.4754  -1.4702
    -0.0687   1.1990   1.8192   2.6758   2.6965   2.7766   2.8261   3.4284
     3.5916   9.0520  10.9845  11.4378  12.1249  12.3199

          k = 0.0000-0.5000-0.5000 ( 14676 PWs)   bands (ev):

  -120.5123 -74.6937 -74.6937 -74.6936 -14.8620  -9.4329  -9.3667  -9.3667
    -1.8717  -1.8567  -1.8567  -1.8094  -1.6734  -1.5273  -1.4788  -1.4788
    -0.0991   1.2354   1.7840   2.6515   2.6515   2.8518   2.8518   3.4864
     3.6400   9.4548  10.9091  10.9091  12.0645  12.4210

          k = 0.1000 0.1000 0.1000 ( 14750 PWs)   bands (ev):

  -120.5124 -74.6937 -74.6937 -74.6937 -14.8854  -9.8702  -9.1643  -9.1643
    -1.8677  -1.8677  -1.8067  -1.4448  -1.4448  -1.4352  -1.3863  -1.3863
     0.5859   1.1269   1.1269   2.8533   2.8533   2.9338   3.0209   3.3933
     3.3933   5.6140  10.4276  10.4276  10.5882  11.5019

          k = 0.1000 0.1000 0.2000 ( 14754 PWs)   bands (ev):

  -120.5124 -74.6938 -74.6937 -74.6937 -14.8816  -9.8321  -9.2057  -9.1619
    -1.8724  -1.8574  -1.7742  -1.4980  -1.4465  -1.4417  -1.4344  -1.3881
     0.4188   1.1372   1.3747   2.6696   2.7514   2.8340   3.0425   3.3358
     3.3831   6.1109  10.6817  10.7007  10.9217  11.6349

          k = 0.1000 0.1000 0.3000 ( 14749 PWs)   bands (ev):

  -120.5124 -74.6938 -74.6937 -74.6937 -14.8769  -9.7773  -9.2645  -9.1590
    -1.8678  -1.8453  -1.7605  -1.6134  -1.4495  -1.4374  -1.4352  -1.3917
     0.3263   1.1469   1.5760   2.4186   2.6687   2.8296   3.0423   3.2534
     3.2882   6.8084  11.0711  11.0884  11.4503  11.8350

          k = 0.1000 0.1000 0.4000 ( 14723 PWs)   bands (ev):

  -120.5123 -74.6937 -74.6937 -74.6937 -14.8730  -9.7221  -9.3228  -9.1566
    -1.8821  -1.8361  -1.7644  -1.6704  -1.4498  -1.4431  -1.4265  -1.3972
     0.2908   1.1519   1.7067   2.2340   2.6200   2.8798   3.0493   3.1449
     3.1659   7.5152  11.4662  11.4865  11.9864  12.0897

          k = 0.1000 0.1000-0.5000 ( 14714 PWs)   bands (ev):

  -120.5123 -74.6937 -74.6937 -74.6937 -14.8716  -9.6964  -9.3497  -9.1557
    -1.9003  -1.8328  -1.7615  -1.6828  -1.4491  -1.4466  -1.4212  -1.4009
     0.2836   1.1531   1.7531   2.1634   2.6047   2.9824   3.0065   3.0743
     3.1079   7.8568  11.5984  11.6835  11.6892  12.2756

          k = 0.1000 0.2000 0.2000 ( 14749 PWs)   bands (ev):

  -120.5124 -74.6938 -74.6937 -74.6937 -14.8780  -9.7927  -9.2215  -9.1826
    -1.8884  -1.8581  -1.7381  -1.5383  -1.4708  -1.4492  -1.4404  -1.4290
     0.1797   1.2450   1.6481   2.4513   2.6890   2.7681   3.1007   3.2929
     3.4419   6.4992  10.8625  10.9688  11.1384  11.9432

          k = 0.1000 0.2000 0.3000 ( 14738 PWs)   bands (ev):

  -120.5124 -74.6938 -74.6937 -74.6937 -14.8737  -9.7356  -9.2702  -9.1872
    -1.8931  -1.8534  -1.7248  -1.6404  -1.4966  -1.4570  -1.4502  -1.4274
     0.0378   1.2870   1.9285   2.2501   2.6238   2.7585   3.1307   3.2042
     3.4245   7.1010  11.1779  11.3435  11.5384  12.1295

          k = 0.1000 0.2000 0.4000 ( 14721 PWs)   bands (ev):

  -120.5123 -74.6937 -74.6937 -74.6937 -14.8701  -9.6770  -9.3263  -9.1865
    -1.8939  -1.8577  -1.7422  -1.7041  -1.5053  -1.4711  -1.4516  -1.4257
    -0.0249   1.3117   2.0936   2.1210   2.5879   2.8261   3.0939   3.1558
     3.3359   7.7597  11.5420  11.6720  11.8679  12.0632

          k = 0.1000 0.2000-0.5000 ( 14730 PWs)   bands (ev):

  -120.5123 -74.6937 -74.6937 -74.6937 -14.8687  -9.6488  -9.3538  -9.1860
    -1.9009  -1.8631  -1.7361  -1.7313  -1.5077  -1.4775  -1.4513  -1.4254
    -0.0411   1.3201   2.0654   2.1516   2.5778   2.9433   2.9785   3.1861
     3.2634   8.0953  11.3762  11.8273  11.8804  12.2941

          k = 0.1000 0.3000 0.3000 ( 14736 PWs)   bands (ev):

  -120.5124 -74.6938 -74.6937 -74.6937 -14.8697  -9.6746  -9.2902  -9.2185
    -1.9094  -1.8547  -1.7090  -1.6885  -1.6040  -1.4765  -1.4581  -1.4301
    -0.1405   1.3676   2.0918   2.2834   2.6091   2.7127   3.1172   3.1992
     3.5099   7.5919  11.3755  11.7307  11.7417  12.2058

          k = 0.1000 0.3000 0.4000 ( 14743 PWs)   bands (ev):

  -120.5124 -74.6938 -74.6937 -74.6937 -14.8664  -9.6100  -9.3321  -9.2333
    -1.9095  -1.8646  -1.7637  -1.7168  -1.6449  -1.4933  -1.4595  -1.4346
    -0.2256   1.4226   1.9890   2.4689   2.5980   2.7817   3.0266   3.2605
     3.4996   8.1834  11.4382  11.7380  12.0084  12.1984

          k = 0.1000 0.3000-0.5000 ( 14730 PWs)   bands (ev):

  -120.5123 -74.6937 -74.6937 -74.6937 -14.8652  -9.5769  -9.3589  -9.2365
    -1.9022  -1.8828  -1.7876  -1.7274  -1.6519  -1.4991  -1.4585  -1.4376
    -0.2497   1.4430   1.9538   2.5022   2.5889   2.8810   2.9612   3.3068
     3.4575   8.5127  11.0793  12.0100  12.1300  12.2228

          k = 0.1000 0.4000 0.4000 ( 14753 PWs)   bands (ev):

  -120.5124 -74.6938 -74.6937 -74.6937 -14.8635  -9.5352  -9.3443  -9.2841
    -1.9127  -1.8725  -1.8056  -1.7499  -1.7275  -1.5013  -1.4649  -1.4468
    -0.3252   1.5080   1.9052   2.5795   2.6126   2.8614   2.9819   3.3692
     3.5825   8.7359  11.2050  11.4395  11.8860  12.3486

          k = 0.1000 0.4000-0.5000 ( 14746 PWs)   bands (ev):

  -120.5124 -74.6938 -74.6938 -74.6937 -14.8624  -9.4914  -9.3630  -9.3046
    -1.9013  -1.8896  -1.8349  -1.7719  -1.7371  -1.5007  -1.4649  -1.4550
    -0.3545   1.5422   1.8764   2.5876   2.5970   2.9284   2.9677   3.4316
     3.5932   9.0838  10.8667  11.3026  11.9096  12.3881

          k = 0.1000-0.5000-0.5000 ( 14768 PWs)   bands (ev):

  -120.5124 -74.6938 -74.6938 -74.6937 -14.8613  -9.4247  -9.3646  -9.3646
    -1.8896  -1.8896  -1.8716  -1.8104  -1.7456  -1.4931  -1.4675  -1.4675
    -0.3854   1.5834   1.8495   2.5824   2.5824   2.9756   2.9756   3.4874
     3.6420   9.4931  10.7902  10.7902  11.8430  12.4912

          k = 0.2000 0.2000 0.2000 ( 14750 PWs)   bands (ev):

  -120.5124 -74.6937 -74.6937 -74.6937 -14.8748  -9.7532  -9.2182  -9.2182
    -1.8970  -1.8970  -1.6977  -1.5510  -1.5510  -1.4557  -1.4381  -1.4381
    -0.1191   1.6757   1.6757   2.3085   2.6523   2.6523   3.1838   3.4036
     3.4036   6.8163  11.0697  11.0697  11.2452  12.2114

          k = 0.2000 0.2000 0.3000 ( 14728 PWs)   bands (ev):

  -120.5123 -74.6937 -74.6937 -74.6937 -14.8707  -9.6955  -9.2709  -9.2141
    -1.9109  -1.9081  -1.6924  -1.6633  -1.5627  -1.4758  -1.4436  -1.4280
    -0.3092   1.7092   2.0432   2.1716   2.5638   2.6716   3.2307   3.3557
     3.4088   7.3437  11.3156  11.3547  11.4865  12.2439

          k = 0.2000 0.2000 0.4000 ( 14727 PWs)   bands (ev):

  -120.5123 -74.6937 -74.6937 -74.6937 -14.8674  -9.6353  -9.3270  -9.2108
    -1.9176  -1.9087  -1.7594  -1.7112  -1.5702  -1.4907  -1.4458  -1.4215
    -0.3991   1.7355   2.0881   2.2432   2.5144   2.8040   3.2437   3.2928
     3.3189   7.9605  11.3683  11.6811  11.7972  11.9673

          k = 0.2000 0.2000-0.5000 ( 14740 PWs)   bands (ev):

  -120.5124 -74.6937 -74.6937 -74.6937 -14.8661  -9.6054  -9.3553  -9.2095
    -1.9213  -1.9099  -1.7810  -1.7345  -1.5727  -1.4955  -1.4462  -1.4194
    -0.4240   1.7453   2.0617   2.2859   2.4996   2.9689   3.1507   3.2428
     3.3067   8.2914  11.0890  11.8645  12.0476  12.0942

          k = 0.2000 0.3000 0.3000 ( 14729 PWs)   bands (ev):

  -120.5123 -74.6937 -74.6937 -74.6937 -14.8670  -9.6367  -9.2858  -9.2423
    -1.9399  -1.9309  -1.7071  -1.7046  -1.6459  -1.4884  -1.4422  -1.4263
    -0.5414   1.9110   2.0964   2.3199   2.5400   2.6426   3.3047   3.3260
     3.4889   7.7753  11.4128  11.4689  11.5186  12.2110

          k = 0.2000 0.3000 0.4000 ( 14730 PWs)   bands (ev):

  -120.5123 -74.6938 -74.6937 -74.6937 -14.8640  -9.5736  -9.3292  -9.2493
    -1.9547  -1.9366  -1.7899  -1.7518  -1.6733  -1.4898  -1.4439  -1.4235
    -0.6562   1.9856   2.0550   2.4534   2.5073   2.8402   3.2625   3.3398
     3.4876   8.3276  11.1194  11.5421  11.6604  12.1331

          k = 0.2000 0.3000-0.5000 ( 14722 PWs)   bands (ev):

  -120.5123 -74.6937 -74.6937 -74.6937 -14.8629  -9.5404  -9.3571  -9.2497
    -1.9612  -1.9314  -1.8260  -1.7812  -1.6784  -1.4892  -1.4444  -1.4226
    -0.6890   2.0116   2.0413   2.4677   2.4904   3.0273   3.1888   3.3424
     3.4629   8.6523  10.7837  11.5998  11.7695  12.0572

          k = 0.2000 0.4000 0.4000 ( 14738 PWs)   bands (ev):

  -120.5124 -74.6938 -74.6937 -74.6937 -14.8613  -9.5049  -9.3391  -9.2910
    -1.9643  -1.9616  -1.8237  -1.8128  -1.7602  -1.4772  -1.4448  -1.4290
    -0.7853   2.0291   2.1178   2.5029   2.5256   3.0218   3.2270   3.4116
     3.5808   8.8353  10.8690  11.1078  11.5658  12.3963

          k = 0.2000 0.4000-0.5000 ( 14740 PWs)   bands (ev):

  -120.5124 -74.6938 -74.6938 -74.6937 -14.8602  -9.4639  -9.3586  -9.3060
    -1.9724  -1.9574  -1.8535  -1.8452  -1.7801  -1.4701  -1.4451  -1.4330
    -0.8224   2.0234   2.1647   2.5019   2.5222   3.1409   3.1941   3.4445
     3.5976   9.1770  10.5656  10.9664  11.5435  12.3763

          k = 0.2000-0.5000-0.5000 ( 14752 PWs)   bands (ev):

  -120.5124 -74.6938 -74.6938 -74.6937 -14.8592  -9.4030  -9.3591  -9.3591
    -1.9671  -1.9671  -1.8794  -1.8713  -1.8146  -1.4536  -1.4457  -1.4457
    -0.8607   2.0175   2.2298   2.5068   2.5068   3.1965   3.1965   3.4902
     3.6473   9.5957  10.4870  10.4870  11.4634  12.6471

          k = 0.3000 0.3000 0.3000 ( 14721 PWs)   bands (ev):

  -120.5123 -74.6937 -74.6937 -74.6937 -14.8637  -9.5811  -9.2804  -9.2804
    -1.9801  -1.9801  -1.7609  -1.7216  -1.7216  -1.4812  -1.4283  -1.4283
    -0.8324   2.1079   2.3703   2.3703   2.5818   2.5818   3.3990   3.4654
     3.4654   8.1221  11.2573  11.2573  11.4031  12.3076

          k = 0.3000 0.3000 0.4000 ( 14749 PWs)   bands (ev):

  -120.5124 -74.6938 -74.6938 -74.6937 -14.8610  -9.5205  -9.3266  -9.2760
    -2.0134  -1.9927  -1.8351  -1.8078  -1.7293  -1.4701  -1.4322  -1.4199
    -0.9829   2.1271   2.4221   2.4520   2.5360   2.9291   3.4244   3.4641
     3.4810   8.6047  10.7931  11.1352  11.4167  12.2047

          k = 0.3000 0.3000-0.5000 ( 14748 PWs)   bands (ev):

  -120.5124 -74.6938 -74.6938 -74.6937 -14.8599  -9.4867  -9.3548  -9.2743
    -2.0262  -1.9862  -1.8736  -1.8469  -1.7317  -1.4655  -1.4342  -1.4172
    -1.0261   2.1373   2.4523   2.4550   2.5106   3.1690   3.3672   3.4183
     3.4998   8.9176  10.4559  11.0960  11.4707  12.0530

          k = 0.3000 0.4000 0.4000 ( 14743 PWs)   bands (ev):

  -120.5124 -74.6938 -74.6937 -74.6937 -14.8585  -9.4618  -9.3326  -9.3049
    -2.0424  -2.0331  -1.9208  -1.8317  -1.7880  -1.4523  -1.4281  -1.4200
    -1.1565   2.1811   2.4463   2.4622   2.7479   3.1398   3.4484   3.4918
     3.5789   9.0171  10.5099  10.6905  11.2935  12.2533

          k = 0.3000 0.4000-0.5000 ( 14770 PWs)   bands (ev):

  -120.5124 -74.6938 -74.6938 -74.6937 -14.8576  -9.4255  -9.3530  -9.3117
    -2.0556  -2.0342  -1.9635  -1.8588  -1.7999  -1.4443  -1.4293  -1.4199
    -1.2060   2.2001   2.4560   2.4607   2.7901   3.3194   3.4170   3.4894
     3.6039   9.3266  10.2177  10.5579  11.2707  12.1491

          k = 0.3000-0.5000-0.5000 ( 14776 PWs)   bands (ev):

  -120.5124 -74.6938 -74.6938 -74.6938 -14.8567  -9.3758  -9.3523  -9.3523
    -2.0520  -2.0520  -2.0110  -1.8710  -1.8265  -1.4301  -1.4280  -1.4280
    -1.2568   2.2196   2.4643   2.4643   2.8620   3.4235   3.4235   3.4936
     3.6538   9.7115  10.1316  10.1316  11.1995  12.2389

          k = 0.4000 0.4000 0.4000 ( 14769 PWs)   bands (ev):

  -120.5124 -74.6938 -74.6938 -74.6938 -14.8563  -9.4153  -9.3274  -9.3274
    -2.0874  -2.0874  -2.0143  -1.8345  -1.8345  -1.4353  -1.4185  -1.4185
    -1.3684   2.2969   2.4453   2.4453   3.1972   3.1972   3.5718   3.5718
     3.5862   9.2919  10.2521  10.2521  11.1822  12.1030

          k = 0.4000 0.4000-0.5000 ( 14766 PWs)   bands (ev):

  -120.5124 -74.6938 -74.6938 -74.6937 -14.8554  -9.3850  -9.3485  -9.3254
    -2.1077  -2.0933  -2.0584  -1.8623  -1.8352  -1.4300  -1.4275  -1.4206
    -1.4156   2.3362   2.4410   2.4492   3.2130   3.4085   3.5710   3.5749
     3.6208   9.5309   9.9546  10.1594  11.1816  11.9898

          k = 0.4000-0.5000-0.5000 ( 14768 PWs)   bands (ev):

  -120.5124 -74.6938 -74.6938 -74.6938 -14.8546  -9.3533  -9.3467  -9.3467
    -2.1150  -2.1150  -2.1045  -1.8707  -1.8517  -1.4957  -1.4185  -1.4180
    -1.4180   2.3800   2.4456   2.4456   3.3253   3.4964   3.5961   3.5961
     3.6592   9.7592   9.8576   9.8576  11.1949  11.9307

          k =-0.5000-0.5000-0.5000 ( 14832 PWs)   bands (ev):

  -120.5124 -74.6938 -74.6938 -74.6938 -14.8538  -9.3446  -9.3446  -9.3446
    -2.1380  -2.1380  -2.1380  -1.8706  -1.8706  -1.5677  -1.4149  -1.4149
    -1.4149   2.4407   2.4407   2.4407   3.4974   3.4974   3.6612   3.6612
     3.6612   9.7554   9.7554   9.7554  11.2998  11.8226

     the Fermi energy is     4.3945 ev

!    total energy              =    -842.54468430 Ry
     estimated scf accuracy    <          9.9E-11 Ry
     smearing contrib. (-TS)   =      -0.00000000 Ry
     internal energy E=F+TS    =    -842.54468430 Ry

     The total energy is F=E-TS. E is the sum of the following terms:
     one-electron contribution =    -526.23043622 Ry
     hartree contribution      =     282.62209591 Ry
     xc contribution           =     -95.73853330 Ry
     ewald contribution        =    -266.03970048 Ry
     one-center paw contrib.   =    -237.15811021 Ry

     convergence has been achieved in  11 iterations

     Forces acting on atoms (cartesian axes, Ry/au):

     atom    1 type  1   force =     0.00000000    0.00000000    0.00000000
     atom    2 type  2   force =     0.00000000    0.00000000    0.00000000
     atom    3 type  3   force =     0.00000000    0.00000000    0.00000000
     atom    4 type  3   force =     0.00000000    0.00000000    0.00000000
     atom    5 type  3   force =     0.00000000    0.00000000    0.00000000

     Total force =     0.000000     Total SCF correction =     0.000000


     Computing stress (Cartesian axis) and pressure

          total   stress  (Ry/bohr**3)                   (kbar)     P=        3.10
   0.00002108   0.00000000   0.00000000            3.10        0.00        0.00
   0.00000000   0.00002108   0.00000000            0.00        3.10        0.00
   0.00000000   0.00000000   0.00002108            0.00        0.00        3.10


     BFGS Geometry Optimization
     Energy error            =      0.0E+00 Ry
     Gradient error          =      0.0E+00 Ry/Bohr

     bfgs converged in   1 scf cycles and   0 bfgs steps
     (criteria: energy <  1.0E-05 Ry, force <  1.0E-03 Ry/Bohr)

     End of BFGS Geometry Optimization

     Final energy             =    -842.5446842951 Ry
Begin final coordinates

ATOMIC_POSITIONS (crystal)
Cs               0.0000000000        0.0000000000        0.0000000000
Zn               0.5000000000        0.5000000000        0.5000000000
Cl               0.5000000000        0.5000000000        0.0000000000
Cl               0.5000000000        0.0000000000        0.5000000000
Cl               0.0000000000        0.5000000000        0.5000000000
End final coordinates



  ++++++++++++++++++++++++++++++++++++++++++++++++++++++++++++++++++++++++++++
     Doing work    6 /     9
  ++++++++++++++++++++++++++++++++++++++++++++++++++++++++++++++++++++++++++++


     Current dimensions of program PWSCF are:
     Max number of different atomic species (ntypx) = 10
     Max number of k-points (npk) = 120000
     Max angular momentum in pseudopotentials (lmaxx) =  4

     WARNING: check_stop already initialized

     Parallelization info
     --------------------
     sticks:   dense  smooth     PW     G-vecs:    dense   smooth      PW
     Min        2938    1466    413               169388    59902    8881
     Max        2939    1475    416               169559    59923    8892
     Sum        5877    2941    829               338947   119825   17773

     Using Pencil Decomposition



     bravais-lattice index     =            1
     lattice parameter (alat)  =       9.6071  a.u.
     unit-cell volume          =     886.6894 (a.u.)^3
     number of atoms/cell      =            5
     number of atomic types    =            3
     number of electrons       =        50.00
     number of Kohn-Sham states=           30
     kinetic-energy cutoff     =     100.0000  Ry
     charge density cutoff     =     800.0000  Ry
     scf convergence threshold =      1.0E-10
     mixing beta               =       0.3000
     number of iterations used =            8  plain     mixing
     energy convergence thresh.=      1.0E-05
     force convergence thresh. =      1.0E-03
     Exchange-correlation= PBE
                           (   1   4   3   4   0   0   0)
     nstep                     =           20


     celldm(1)=   9.607060  celldm(2)=   0.000000  celldm(3)=   0.000000
     celldm(4)=   0.000000  celldm(5)=   0.000000  celldm(6)=   0.000000

     crystal axes: (cart. coord. in units of alat)
               a(1) = (   1.000000   0.000000   0.000000 )  
               a(2) = (   0.000000   1.000000   0.000000 )  
               a(3) = (   0.000000   0.000000   1.000000 )  

     reciprocal axes: (cart. coord. in units 2 pi/alat)
               b(1) = (  1.000000  0.000000  0.000000 )  
               b(2) = (  0.000000  1.000000  0.000000 )  
               b(3) = (  0.000000  0.000000  1.000000 )  


     PseudoPot. # 1 for Cs read from file:
     /home/administrator/Downloads/BURAI/BURAI1.3/pseudopot/Cs.pbe-spn-rrkjus_psl.1.0.0.UPF
     MD5 check sum: 0e4a2db85f86c9a13762b1b689b65a6d
     Pseudo is Ultrasoft + core correction, Zval =  9.0
     Generated using "atomic" code by A. Dal Corso  v.5.1.2
     Using radial grid of 1251 points,  9 beta functions with: 
                l(1) =   0
                l(2) =   0
                l(3) =   0
                l(4) =   1
                l(5) =   1
                l(6) =   2
                l(7) =   2
                l(8) =   3
                l(9) =   3
     Q(r) pseudized with 0 coefficients 


     PseudoPot. # 2 for Zn read from file:
     /home/administrator/Downloads/BURAI/BURAI1.3/pseudopot/Zn.pbe-spn-kjpaw_psl.1.0.0.UPF
     MD5 check sum: 9ae49ce97c5e3111e3f06ee7e23c2246
     Pseudo is Projector augmented-wave + core cor, Zval = 20.0
     Generated using "atomic" code by A. Dal Corso  v.5.1.2
     Shape of augmentation charge: PSQ
     Using radial grid of 1201 points,  6 beta functions with: 
                l(1) =   0
                l(2) =   0
                l(3) =   1
                l(4) =   1
                l(5) =   2
                l(6) =   2
     Q(r) pseudized with 0 coefficients 


     PseudoPot. # 3 for Cl read from file:
     /home/administrator/Downloads/BURAI/BURAI1.3/pseudopot/Cl.pbe-n-kjpaw_psl.1.0.0.UPF
     MD5 check sum: d11ac872591ccaf6ebdc6d6d0c764b72
     Pseudo is Projector augmented-wave + core cor, Zval =  7.0
     Generated using "atomic" code by A. Dal Corso  v.5.1.2
     Shape of augmentation charge: PSQ
     Using radial grid of 1157 points,  6 beta functions with: 
                l(1) =   0
                l(2) =   0
                l(3) =   1
                l(4) =   1
                l(5) =   2
                l(6) =   2
     Q(r) pseudized with 0 coefficients 


     atomic species   valence    mass     pseudopotential
     Cs                9.00   132.90550     Cs( 1.00)
     Zn               20.00    65.38000     Zn( 1.00)
     Cl                7.00    35.45300     Cl( 1.00)

     48 Sym. Ops., with inversion, found



   Cartesian axes

     site n.     atom                  positions (alat units)
         1        Cs     tau(   1) = (   0.0000000   0.0000000   0.0000000  )
         2        Zn     tau(   2) = (   0.5000000   0.5000000   0.5000000  )
         3        Cl     tau(   3) = (   0.5000000   0.5000000   0.0000000  )
         4        Cl     tau(   4) = (   0.5000000   0.0000000   0.5000000  )
         5        Cl     tau(   5) = (   0.0000000   0.5000000   0.5000000  )

     number of k points=    56  Gaussian smearing, width (Ry)=  0.0050
                       cart. coord. in units 2pi/alat
        k(    1) = (   0.0000000   0.0000000   0.0000000), wk =   0.0020000
        k(    2) = (   0.0000000   0.0000000   0.1000000), wk =   0.0120000
        k(    3) = (   0.0000000   0.0000000   0.2000000), wk =   0.0120000
        k(    4) = (   0.0000000   0.0000000   0.3000000), wk =   0.0120000
        k(    5) = (   0.0000000   0.0000000   0.4000000), wk =   0.0120000
        k(    6) = (   0.0000000   0.0000000  -0.5000000), wk =   0.0060000
        k(    7) = (   0.0000000   0.1000000   0.1000000), wk =   0.0240000
        k(    8) = (   0.0000000   0.1000000   0.2000000), wk =   0.0480000
        k(    9) = (   0.0000000   0.1000000   0.3000000), wk =   0.0480000
        k(   10) = (   0.0000000   0.1000000   0.4000000), wk =   0.0480000
        k(   11) = (   0.0000000   0.1000000  -0.5000000), wk =   0.0240000
        k(   12) = (   0.0000000   0.2000000   0.2000000), wk =   0.0240000
        k(   13) = (   0.0000000   0.2000000   0.3000000), wk =   0.0480000
        k(   14) = (   0.0000000   0.2000000   0.4000000), wk =   0.0480000
        k(   15) = (   0.0000000   0.2000000  -0.5000000), wk =   0.0240000
        k(   16) = (   0.0000000   0.3000000   0.3000000), wk =   0.0240000
        k(   17) = (   0.0000000   0.3000000   0.4000000), wk =   0.0480000
        k(   18) = (   0.0000000   0.3000000  -0.5000000), wk =   0.0240000
        k(   19) = (   0.0000000   0.4000000   0.4000000), wk =   0.0240000
        k(   20) = (   0.0000000   0.4000000  -0.5000000), wk =   0.0240000
        k(   21) = (   0.0000000  -0.5000000  -0.5000000), wk =   0.0060000
        k(   22) = (   0.1000000   0.1000000   0.1000000), wk =   0.0160000
        k(   23) = (   0.1000000   0.1000000   0.2000000), wk =   0.0480000
        k(   24) = (   0.1000000   0.1000000   0.3000000), wk =   0.0480000
        k(   25) = (   0.1000000   0.1000000   0.4000000), wk =   0.0480000
        k(   26) = (   0.1000000   0.1000000  -0.5000000), wk =   0.0240000
        k(   27) = (   0.1000000   0.2000000   0.2000000), wk =   0.0480000
        k(   28) = (   0.1000000   0.2000000   0.3000000), wk =   0.0960000
        k(   29) = (   0.1000000   0.2000000   0.4000000), wk =   0.0960000
        k(   30) = (   0.1000000   0.2000000  -0.5000000), wk =   0.0480000
        k(   31) = (   0.1000000   0.3000000   0.3000000), wk =   0.0480000
        k(   32) = (   0.1000000   0.3000000   0.4000000), wk =   0.0960000
        k(   33) = (   0.1000000   0.3000000  -0.5000000), wk =   0.0480000
        k(   34) = (   0.1000000   0.4000000   0.4000000), wk =   0.0480000
        k(   35) = (   0.1000000   0.4000000  -0.5000000), wk =   0.0480000
        k(   36) = (   0.1000000  -0.5000000  -0.5000000), wk =   0.0120000
        k(   37) = (   0.2000000   0.2000000   0.2000000), wk =   0.0160000
        k(   38) = (   0.2000000   0.2000000   0.3000000), wk =   0.0480000
        k(   39) = (   0.2000000   0.2000000   0.4000000), wk =   0.0480000
        k(   40) = (   0.2000000   0.2000000  -0.5000000), wk =   0.0240000
        k(   41) = (   0.2000000   0.3000000   0.3000000), wk =   0.0480000
        k(   42) = (   0.2000000   0.3000000   0.4000000), wk =   0.0960000
        k(   43) = (   0.2000000   0.3000000  -0.5000000), wk =   0.0480000
        k(   44) = (   0.2000000   0.4000000   0.4000000), wk =   0.0480000
        k(   45) = (   0.2000000   0.4000000  -0.5000000), wk =   0.0480000
        k(   46) = (   0.2000000  -0.5000000  -0.5000000), wk =   0.0120000
        k(   47) = (   0.3000000   0.3000000   0.3000000), wk =   0.0160000
        k(   48) = (   0.3000000   0.3000000   0.4000000), wk =   0.0480000
        k(   49) = (   0.3000000   0.3000000  -0.5000000), wk =   0.0240000
        k(   50) = (   0.3000000   0.4000000   0.4000000), wk =   0.0480000
        k(   51) = (   0.3000000   0.4000000  -0.5000000), wk =   0.0480000
        k(   52) = (   0.3000000  -0.5000000  -0.5000000), wk =   0.0120000
        k(   53) = (   0.4000000   0.4000000   0.4000000), wk =   0.0160000
        k(   54) = (   0.4000000   0.4000000  -0.5000000), wk =   0.0240000
        k(   55) = (   0.4000000  -0.5000000  -0.5000000), wk =   0.0120000
        k(   56) = (  -0.5000000  -0.5000000  -0.5000000), wk =   0.0020000

     Dense  grid:   338947 G-vectors     FFT dimensions: (  90,  90,  90)

     Smooth grid:   119825 G-vectors     FFT dimensions: (  64,  64,  64)

     Estimated max dynamical RAM per process >     587.65 MB

     Estimated total dynamical RAM >       4.35 GB

     Initial potential from superposition of free atoms

     starting charge      49.9591, renormalised to      50.0000
     Starting wfcs are   27 randomized atomic wfcs +    3 random wfcs
     Checking if some PAW data can be deallocated... 

     total cpu time spent up to now is     2175.9 secs

     Self-consistent Calculation

     iteration #  1     ecut=   100.00 Ry     beta= 0.30
     Davidson diagonalization with overlap
     ethr =  1.00E-02,  avg # of iterations =  6.7

     Threshold (ethr) on eigenvalues was too large:
     Diagonalizing with lowered threshold

     Davidson diagonalization with overlap
     ethr =  5.70E-04,  avg # of iterations =  2.4

     total cpu time spent up to now is     2227.6 secs

     total energy              =    -842.52383475 Ry
     estimated scf accuracy    <       0.25735627 Ry

     iteration #  2     ecut=   100.00 Ry     beta= 0.30
     Davidson diagonalization with overlap
     ethr =  5.15E-04,  avg # of iterations =  2.1

     total cpu time spent up to now is     2252.6 secs

     total energy              =    -842.53616490 Ry
     estimated scf accuracy    <       0.04283989 Ry

     iteration #  3     ecut=   100.00 Ry     beta= 0.30
     Davidson diagonalization with overlap
     ethr =  8.57E-05,  avg # of iterations =  9.4

     total cpu time spent up to now is     2285.6 secs

     total energy              =    -842.54372848 Ry
     estimated scf accuracy    <       0.00579348 Ry

     iteration #  4     ecut=   100.00 Ry     beta= 0.30
     Davidson diagonalization with overlap
     ethr =  1.16E-05,  avg # of iterations =  8.0

     total cpu time spent up to now is     2317.3 secs

     total energy              =    -842.54455574 Ry
     estimated scf accuracy    <       0.00131327 Ry

     iteration #  5     ecut=   100.00 Ry     beta= 0.30
     Davidson diagonalization with overlap
     ethr =  2.63E-06,  avg # of iterations =  8.3

     total cpu time spent up to now is     2349.7 secs

     total energy              =    -842.54479888 Ry
     estimated scf accuracy    <       0.00007992 Ry

     iteration #  6     ecut=   100.00 Ry     beta= 0.30
     Davidson diagonalization with overlap
     ethr =  1.60E-07,  avg # of iterations =  4.6

     total cpu time spent up to now is     2379.7 secs

     total energy              =    -842.54482391 Ry
     estimated scf accuracy    <       0.00001703 Ry

     iteration #  7     ecut=   100.00 Ry     beta= 0.30
     Davidson diagonalization with overlap
     ethr =  3.41E-08,  avg # of iterations =  3.0

     total cpu time spent up to now is     2407.8 secs

     total energy              =    -842.54482928 Ry
     estimated scf accuracy    <       0.00000073 Ry

     iteration #  8     ecut=   100.00 Ry     beta= 0.30
     Davidson diagonalization with overlap
     ethr =  1.45E-09,  avg # of iterations =  5.8

     total cpu time spent up to now is     2442.4 secs

     total energy              =    -842.54483054 Ry
     estimated scf accuracy    <       0.00000069 Ry

     iteration #  9     ecut=   100.00 Ry     beta= 0.30
     Davidson diagonalization with overlap
     ethr =  1.38E-09,  avg # of iterations =  2.0

     total cpu time spent up to now is     2467.3 secs

     total energy              =    -842.54483101 Ry
     estimated scf accuracy    <       0.00000006 Ry

     iteration # 10     ecut=   100.00 Ry     beta= 0.30
     Davidson diagonalization with overlap
     ethr =  1.14E-10,  avg # of iterations =  4.9

     total cpu time spent up to now is     2498.5 secs

     total energy              =    -842.54483121 Ry
     estimated scf accuracy    <       0.00000006 Ry

     iteration # 11     ecut=   100.00 Ry     beta= 0.30
     Davidson diagonalization with overlap
     ethr =  1.14E-10,  avg # of iterations =  2.0

     total cpu time spent up to now is     2524.4 secs

     total energy              =    -842.54483131 Ry
     estimated scf accuracy    <          1.7E-10 Ry

     iteration # 12     ecut=   100.00 Ry     beta= 0.30
     Davidson diagonalization with overlap
     ethr =  3.34E-13,  avg # of iterations = 11.9

     total cpu time spent up to now is     2577.1 secs

     total energy              =    -842.54483135 Ry
     estimated scf accuracy    <          1.8E-10 Ry

     iteration # 13     ecut=   100.00 Ry     beta= 0.30
     Davidson diagonalization with overlap
     ethr =  3.34E-13,  avg # of iterations =  2.3

     total cpu time spent up to now is     2604.8 secs

     total energy              =    -842.54483137 Ry
     estimated scf accuracy    <          1.4E-10 Ry

     iteration # 14     ecut=   100.00 Ry     beta= 0.30
     Davidson diagonalization with overlap
     ethr =  2.86E-13,  avg # of iterations =  2.0

     total cpu time spent up to now is     2629.4 secs

     End of self-consistent calculation

          k = 0.0000 0.0000 0.0000 ( 14939 PWs)   bands (ev):

  -120.6926 -74.8738 -74.8738 -74.8738 -15.0701 -10.0215  -9.2816  -9.2816
    -2.0304  -2.0304  -2.0304  -1.6177  -1.6177  -1.6177  -1.5002  -1.5002
     0.8029   0.8029   0.8029   2.8177   2.8177   2.8177   3.2345   3.2345
     3.2345   4.7482   9.9817   9.9817   9.9901  11.0624

          k = 0.0000 0.0000 0.1000 ( 14995 PWs)   bands (ev):

  -120.6926 -74.8739 -74.8739 -74.8739 -15.0687 -10.0086  -9.2964  -9.2809
    -2.0241  -2.0241  -2.0228  -1.6176  -1.6169  -1.6169  -1.5450  -1.5001
     0.8057   0.8057   0.8124   2.7937   2.8022   2.8022   3.0811   3.2110
     3.2110   5.0057  10.0762  10.0912  10.1416  11.1073

          k = 0.0000 0.0000 0.2000 ( 14991 PWs)   bands (ev):

  -120.6926 -74.8739 -74.8739 -74.8739 -15.0651  -9.9723  -9.3378  -9.2790
    -2.0076  -2.0076  -2.0064  -1.6546  -1.6175  -1.6141  -1.6141  -1.5001
     0.8115   0.8115   0.8447   2.7326   2.7681   2.7681   2.7702   3.1458
     3.1458   5.6156  10.3410  10.3951  10.5732  11.2394

          k = 0.0000 0.0000 0.3000 ( 14990 PWs)   bands (ev):

  -120.6926 -74.8739 -74.8739 -74.8739 -15.0606  -9.9202  -9.3958  -9.2767
    -2.0026  -1.9880  -1.9880  -1.7654  -1.6173  -1.6089  -1.6089  -1.5000
     0.8153   0.8153   0.9014   2.4540   2.6600   2.7428   2.7428   3.0534
     3.0534   6.3801  10.7236  10.8177  11.2113  11.4479

          k = 0.0000 0.0000 0.4000 ( 14950 PWs)   bands (ev):

  -120.6926 -74.8739 -74.8738 -74.8738 -15.0570  -9.8684  -9.4524  -9.2748
    -2.0324  -1.9729  -1.9729  -1.8163  -1.6171  -1.6031  -1.6031  -1.4999
     0.8152   0.8152   0.9669   2.2125   2.6033   2.7466   2.7466   2.9587
     2.9587   7.1060  11.0976  11.2189  11.6951  11.9217

          k = 0.0000 0.0000-0.5000 ( 14926 PWs)   bands (ev):

  -120.6926 -74.8738 -74.8738 -74.8738 -15.0556  -9.8446  -9.4780  -9.2741
    -2.0541  -1.9673  -1.9673  -1.8242  -1.6171  -1.6004  -1.6004  -1.4998
     0.8144   0.8144   0.9990   2.1183   2.5821   2.7620   2.7620   2.9095
     2.9095   7.4427  11.2419  11.3938  11.6805  11.8369

          k = 0.0000 0.1000 0.1000 ( 15005 PWs)   bands (ev):

  -120.6926 -74.8739 -74.8739 -74.8739 -15.0674  -9.9955  -9.3030  -9.2880
    -2.0355  -2.0175  -2.0004  -1.6208  -1.6165  -1.6135  -1.5643  -1.5244
     0.6399   0.8103   0.9982   2.7244   2.7859   2.8351   2.9202   3.1869
     3.2480   5.2148  10.1797  10.1924  10.2623  11.2179

          k = 0.0000 0.1000 0.2000 ( 14993 PWs)   bands (ev):

  -120.6926 -74.8739 -74.8739 -74.8739 -15.0638  -9.9587  -9.3405  -9.2891
    -2.0338  -2.0004  -1.9767  -1.6630  -1.6230  -1.6147  -1.6101  -1.5349
     0.5212   0.8212   1.1739   2.5954   2.6887   2.7494   2.8390   3.1197
     3.2201   5.7578  10.4418  10.4748  10.6466  11.3519

          k = 0.0000 0.1000 0.3000 ( 14971 PWs)   bands (ev):

  -120.6926 -74.8739 -74.8739 -74.8739 -15.0595  -9.9058  -9.3975  -9.2871
    -2.0258  -1.9799  -1.9681  -1.7745  -1.6229  -1.6122  -1.6072  -1.5385
     0.4601   0.8318   1.3152   2.3480   2.5928   2.7209   2.8325   3.0247
     3.1329   6.4817  10.8256  10.8708  11.2378  11.5530

          k = 0.0000 0.1000 0.4000 ( 14972 PWs)   bands (ev):

  -120.6926 -74.8739 -74.8739 -74.8739 -15.0559  -9.8528  -9.4539  -9.2853
    -2.0368  -1.9743  -1.9640  -1.8300  -1.6213  -1.6101  -1.6048  -1.5411
     0.4407   0.8376   1.4109   2.1453   2.5475   2.7224   2.8501   2.9272
     3.0222   7.1905  11.2078  11.2670  11.7912  11.9111

          k = 0.0000 0.1000-0.5000 ( 14948 PWs)   bands (ev):

  -120.6926 -74.8739 -74.8739 -74.8738 -15.0546  -9.8282  -9.4797  -9.2845
    -2.0540  -1.9737  -1.9581  -1.8402  -1.6205  -1.6094  -1.6038  -1.5422
     0.4383   0.8390   1.4471   2.0661   2.5336   2.7378   2.8761   2.8981
     2.9365   7.5250  11.3530  11.4408  11.5862  11.9291

          k = 0.0000 0.2000 0.2000 ( 14992 PWs)   bands (ev):

  -120.6926 -74.8739 -74.8739 -74.8739 -15.0606  -9.9204  -9.3582  -9.3079
    -2.0484  -1.9816  -1.9544  -1.7042  -1.6292  -1.6242  -1.6075  -1.5994
     0.3003   0.8464   1.4999   2.3625   2.6017   2.7059   2.8889   3.0474
     3.2890   6.1714  10.6366  10.7943  10.8976  11.6461

          k = 0.0000 0.2000 0.3000 ( 14975 PWs)   bands (ev):

  -120.6926 -74.8739 -74.8739 -74.8739 -15.0565  -9.8650  -9.4042  -9.3150
    -2.0494  -1.9583  -1.9525  -1.7999  -1.6453  -1.6322  -1.6180  -1.6081
     0.1741   0.8761   1.7576   2.1447   2.5499   2.6675   2.9202   2.9456
     3.2712   6.7915  10.9606  11.1856  11.3834  11.8472

          k = 0.0000 0.2000 0.4000 ( 14957 PWs)   bands (ev):

  -120.6926 -74.8739 -74.8739 -74.8739 -15.0532  -9.8083  -9.4580  -9.3159
    -2.0479  -1.9773  -1.9398  -1.8657  -1.6543  -1.6311  -1.6284  -1.6111
     0.1190   0.8988   1.9111   1.9945   2.5417   2.6608   2.8415   2.9617
     3.1862   7.4506  11.3392  11.5570  11.7425  11.9459

          k = 0.0000 0.2000-0.5000 ( 14980 PWs)   bands (ev):

  -120.6926 -74.8739 -74.8739 -74.8739 -15.0519  -9.7812  -9.4843  -9.3159
    -2.0536  -1.9898  -1.9328  -1.8817  -1.6568  -1.6330  -1.6293  -1.6135
     0.1050   0.9070   1.9338   1.9654   2.5478   2.6752   2.7855   3.0132
     3.1091   7.7782  11.2622  11.6264  11.7443  12.1831

          k = 0.0000 0.3000 0.3000 ( 14992 PWs)   bands (ev):

  -120.6926 -74.8739 -74.8739 -74.8739 -15.0528  -9.8052  -9.4246  -9.3467
    -2.0605  -1.9544  -1.9307  -1.8462  -1.7515  -1.6396  -1.6377  -1.6136
     0.0035   0.9330   1.9602   2.1195   2.5426   2.6128   2.8361   2.9932
     3.3502   7.2974  11.1769  11.6435  11.7073  12.2233

          k = 0.0000 0.3000 0.4000 ( 14960 PWs)   bands (ev):

  -120.6926 -74.8739 -74.8739 -74.8739 -15.0498  -9.7421  -9.4645  -9.3636
    -2.0580  -1.9826  -1.9105  -1.9075  -1.7945  -1.6551  -1.6417  -1.6224
    -0.0788   0.9808   1.8372   2.3286   2.5799   2.5893   2.7262   3.0700
     3.3397   7.8900  11.3348  11.6083  11.9774  12.1628

          k = 0.0000 0.3000-0.5000 ( 14980 PWs)   bands (ev):

  -120.6926 -74.8739 -74.8739 -74.8739 -15.0486  -9.7101  -9.4901  -9.3677
    -2.0526  -2.0080  -1.9328  -1.8984  -1.8023  -1.6625  -1.6399  -1.6284
    -0.1024   0.9995   1.7941   2.3814   2.5990   2.6137   2.6653   3.1279
     3.2993   8.2109  10.9811  11.8909  11.9489  12.2717

          k = 0.0000 0.4000 0.4000 ( 14986 PWs)   bands (ev):

  -120.6926 -74.8739 -74.8739 -74.8739 -15.0470  -9.6683  -9.4769  -9.4154
    -2.0579  -1.9978  -1.9564  -1.8941  -1.8786  -1.6777  -1.6482  -1.6358
    -0.1788   1.0539   1.7330   2.5416   2.5733   2.6172   2.6299   3.1844
     3.4188   8.4463  11.1281  11.3388  11.8409  12.1623

          k = 0.0000 0.4000-0.5000 ( 14972 PWs)   bands (ev):

  -120.6926 -74.8739 -74.8739 -74.8739 -15.0459  -9.6253  -9.4947  -9.4368
    -2.0476  -2.0213  -1.9809  -1.9169  -1.8667  -1.6867  -1.6483  -1.6441
    -0.2087   1.0838   1.6964   2.5383   2.5589   2.6248   2.6752   3.2477
     3.4307   8.7836  10.7759  11.2123  11.9273  12.1348

          k = 0.0000-0.5000-0.5000 ( 15036 PWs)   bands (ev):

  -120.6926 -74.8740 -74.8739 -74.8739 -15.0449  -9.5595  -9.4965  -9.4965
    -2.0266  -2.0261  -2.0261  -1.9524  -1.8531  -1.6961  -1.6515  -1.6515
    -0.2408   1.1191   1.6619   2.5152   2.5152   2.6994   2.6994   3.3016
     3.4778   9.1703  10.7019  10.7019  11.8671  12.2360

          k = 0.1000 0.1000 0.1000 ( 15017 PWs)   bands (ev):

  -120.6926 -74.8739 -74.8739 -74.8739 -15.0661  -9.9824  -9.3022  -9.3022
    -2.0318  -2.0318  -1.9752  -1.6201  -1.6201  -1.6115  -1.5648  -1.5648
     0.4734   1.0032   1.0032   2.7127   2.7127   2.7776   2.8760   3.2284
     3.2284   5.3946  10.2768  10.2768  10.3729  11.3428

          k = 0.1000 0.1000 0.2000 ( 15003 PWs)   bands (ev):

  -120.6926 -74.8739 -74.8739 -74.8739 -15.0626  -9.9452  -9.3420  -9.3000
    -2.0362  -2.0224  -1.9451  -1.6708  -1.6219  -1.6173  -1.6111  -1.5665
     0.3073   1.0152   1.2432   2.5211   2.6127   2.6933   2.8972   3.1735
     3.2182   5.8872  10.5262  10.5405  10.7082  11.4737

          k = 0.1000 0.1000 0.3000 ( 14968 PWs)   bands (ev):

  -120.6926 -74.8739 -74.8739 -74.8738 -15.0584  -9.8916  -9.3986  -9.2972
    -2.0306  -2.0113  -1.9317  -1.7836  -1.6248  -1.6140  -1.6116  -1.5698
     0.2128   1.0276   1.4382   2.2780   2.5304   2.6886   2.8970   3.0952
     3.1261   6.5756  10.9069  10.9103  11.2421  11.6698

          k = 0.1000 0.1000 0.4000 ( 14984 PWs)   bands (ev):

  -120.6926 -74.8739 -74.8739 -74.8739 -15.0549  -9.8375  -9.4550  -9.2950
    -2.0396  -2.0028  -1.9357  -1.8438  -1.6254  -1.6191  -1.6040  -1.5744
     0.1746   1.0352   1.5645   2.1007   2.4810   2.7355   2.9031   2.9882
     3.0123   7.2688  11.2717  11.3121  11.7843  11.8861

          k = 0.1000 0.1000-0.5000 ( 14936 PWs)   bands (ev):

  -120.6926 -74.8739 -74.8738 -74.8738 -15.0536  -9.8123  -9.4811  -9.2942
    -2.0545  -1.9997  -1.9340  -1.8575  -1.6252  -1.6219  -1.5997  -1.5774
     0.1661   1.0375   1.6092   2.0336   2.4654   2.8324   2.8561   2.9258
     2.9580   7.6014  11.4142  11.4460  11.5094  12.0916

          k = 0.1000 0.2000 0.2000 ( 14979 PWs)   bands (ev):

  -120.6926 -74.8739 -74.8739 -74.8739 -15.0594  -9.9069  -9.3571  -9.3199
    -2.0514  -2.0231  -1.9120  -1.7095  -1.6430  -1.6245  -1.6170  -1.6063
     0.0703   1.1203   1.5106   2.3102   2.5504   2.6284   2.9536   3.1324
     3.2755   6.2725  10.7050  10.8085  10.9222  11.7689

          k = 0.1000 0.2000 0.3000 ( 14974 PWs)   bands (ev):

  -120.6926 -74.8739 -74.8739 -74.8739 -15.0554  -9.8513  -9.4039  -9.3244
    -2.0553  -2.0187  -1.8995  -1.8082  -1.6668  -1.6322  -1.6255  -1.6051
    -0.0741   1.1630   1.7844   2.1155   2.4846   2.6184   2.9821   3.0476
     3.2592   6.8669  11.0135  11.1625  11.3336  11.9492

          k = 0.1000 0.2000 0.4000 ( 14959 PWs)   bands (ev):

  -120.6926 -74.8739 -74.8739 -74.8739 -15.0522  -9.7942  -9.4581  -9.3238
    -2.0533  -2.0222  -1.9131  -1.8759  -1.6748  -1.6450  -1.6266  -1.6038
    -0.1405   1.1891   1.9505   1.9874   2.4466   2.6824   2.9413   3.0047
     3.1759   7.5132  11.3488  11.4776  11.6639  11.8655

          k = 0.1000 0.2000-0.5000 ( 14964 PWs)   bands (ev):

  -120.6926 -74.8739 -74.8739 -74.8739 -15.0510  -9.7666  -9.4848  -9.3233
    -2.0565  -2.0283  -1.9113  -1.9009  -1.6769  -1.6507  -1.6264  -1.6036
    -0.1583   1.1981   1.9374   2.0046   2.4354   2.7931   2.8308   3.0300
     3.1107   7.8397  11.1552  11.6383  11.6973  12.0957

          k = 0.1000 0.3000 0.3000 ( 14962 PWs)   bands (ev):

  -120.6926 -74.8739 -74.8739 -74.8739 -15.0518  -9.7923  -9.4230  -9.3544
    -2.0710  -2.0203  -1.8865  -1.8543  -1.7650  -1.6498  -1.6328  -1.6077
    -0.2559   1.2417   1.9618   2.1325   2.4683   2.5729   2.9646   3.0462
     3.3427   7.3533  11.2056  11.5157  11.5568  12.0017

          k = 0.1000 0.3000 0.4000 ( 14981 PWs)   bands (ev):

  -120.6926 -74.8739 -74.8739 -74.8739 -15.0489  -9.7298  -9.4634  -9.3686
    -2.0703  -2.0295  -1.9263  -1.8938  -1.8036  -1.6650  -1.6341  -1.6120
    -0.3452   1.2962   1.8616   2.3186   2.4547   2.6371   2.8779   3.1006
     3.3356   7.9348  11.2213  11.5480  11.7966  12.0100

          k = 0.1000 0.3000-0.5000 ( 14980 PWs)   bands (ev):

  -120.6926 -74.8739 -74.8739 -74.8739 -15.0478  -9.6977  -9.4894  -9.3717
    -2.0604  -2.0476  -1.9509  -1.9034  -1.8107  -1.6703  -1.6332  -1.6149
    -0.3710   1.3166   1.8273   2.3540   2.4447   2.7328   2.8145   3.1386
     3.3001   8.2550  10.8659  11.7989  11.9447  12.0303

          k = 0.1000 0.4000 0.4000 ( 14981 PWs)   bands (ev):

  -120.6926 -74.8739 -74.8739 -74.8739 -15.0462  -9.6579  -9.4750  -9.4174
    -2.0741  -2.0387  -1.9671  -1.9045  -1.8970  -1.6726  -1.6391  -1.6232
    -0.4492   1.3790   1.7790   2.4351   2.4678   2.7117   2.8350   3.1976
     3.4184   8.4797  10.9900  11.2144  11.6934  12.1543

          k = 0.1000 0.4000-0.5000 ( 14958 PWs)   bands (ev):

  -120.6926 -74.8739 -74.8739 -74.8739 -15.0452  -9.6157  -9.4931  -9.4370
    -2.0626  -2.0552  -1.9947  -1.9198  -1.9111  -1.6726  -1.6392  -1.6307
    -0.4801   1.4123   1.7505   2.4444   2.4528   2.7796   2.8196   3.2514
     3.4323   8.8174  10.6586  11.0785  11.7161  12.2028

          k = 0.1000-0.5000-0.5000 ( 14964 PWs)   bands (ev):

  -120.6926 -74.8739 -74.8739 -74.8738 -15.0442  -9.5518  -9.4946  -9.4946
    -2.0561  -2.0561  -2.0265  -1.9541  -1.9178  -1.6667  -1.6415  -1.6415
    -0.5126   1.4521   1.7237   2.4402   2.4402   2.8264   2.8264   3.3026
     3.4798   9.2099  10.5839  10.5839  11.6503  12.3060

          k = 0.2000 0.2000 0.2000 ( 14970 PWs)   bands (ev):

  -120.6926 -74.8739 -74.8739 -74.8739 -15.0564  -9.8685  -9.3540  -9.3540
    -2.0595  -2.0595  -1.8755  -1.7205  -1.7205  -1.6308  -1.6148  -1.6148
    -0.2221   1.5388   1.5388   2.1727   2.5129   2.5129   3.0346   3.2396
     3.2396   6.5880  10.9086  10.9086  11.0354  12.0217

          k = 0.2000 0.2000 0.3000 ( 14975 PWs)   bands (ev):

  -120.6926 -74.8739 -74.8739 -74.8739 -15.0527  -9.8126  -9.4046  -9.3502
    -2.0723  -2.0700  -1.8705  -1.8290  -1.7308  -1.6488  -1.6198  -1.6058
    -0.4123   1.5735   1.8967   2.0401   2.4229   2.5309   3.0799   3.1955
     3.2442   7.1097  11.1479  11.1740  11.2879  12.0416

          k = 0.2000 0.2000 0.4000 ( 14969 PWs)   bands (ev):

  -120.6926 -74.8739 -74.8739 -74.8739 -15.0497  -9.7541  -9.4587  -9.3471
    -2.0790  -2.0687  -1.9216  -1.8886  -1.7373  -1.6623  -1.6218  -1.6000
    -0.5051   1.6012   1.9587   2.0942   2.3711   2.6558   3.0907   3.1322
     3.1636   7.7154  11.1521  11.5011  11.5977  11.7832

          k = 0.2000 0.2000-0.5000 ( 14986 PWs)   bands (ev):

  -120.6926 -74.8739 -74.8739 -74.8739 -15.0486  -9.7250  -9.4861  -9.3459
    -2.0824  -2.0676  -1.9439  -1.9108  -1.7395  -1.6668  -1.6222  -1.5980
    -0.5314   1.6116   1.9327   2.1382   2.3549   2.8086   2.9993   3.0885
     3.1538   8.0373  10.8718  11.6805  11.8676  11.8805

          k = 0.2000 0.3000 0.3000 ( 14961 PWs)   bands (ev):

  -120.6926 -74.8739 -74.8739 -74.8739 -15.0494  -9.7558  -9.4189  -9.3773
    -2.1000  -2.0915  -1.8834  -1.8701  -1.8081  -1.6602  -1.6187  -1.6042
    -0.6431   1.7699   1.9661   2.1681   2.3971   2.4998   3.1509   3.1673
     3.3231   7.5387  11.2317  11.2752  11.3187  12.0129

          k = 0.2000 0.3000 0.4000 ( 14979 PWs)   bands (ev):

  -120.6926 -74.8739 -74.8739 -74.8739 -15.0467  -9.6949  -9.4607  -9.3841
    -2.1139  -2.0968  -1.9481  -1.9264  -1.8337  -1.6622  -1.6203  -1.6018
    -0.7602   1.8439   1.9238   2.3042   2.3617   2.6862   3.1072   3.1812
     3.3250   8.0827  10.9052  11.3394  11.4628  11.9458

          k = 0.2000 0.3000-0.5000 ( 14980 PWs)   bands (ev):

  -120.6926 -74.8739 -74.8739 -74.8739 -15.0456  -9.6628  -9.4876  -9.3845
    -2.1200  -2.0914  -1.9825  -1.9533  -1.8384  -1.6619  -1.6208  -1.6010
    -0.7943   1.8695   1.9102   2.3199   2.3435   2.8644   3.0377   3.1799
     3.3056   8.3986  10.5741  11.3845  11.5710  11.8700

          k = 0.2000 0.4000 0.4000 ( 14969 PWs)   bands (ev):

  -120.6926 -74.8739 -74.8739 -74.8739 -15.0442  -9.6290  -9.4702  -9.4241
    -2.1237  -2.1208  -1.9818  -1.9815  -1.9119  -1.6514  -1.6212  -1.6069
    -0.8916   1.8965   1.9713   2.3553   2.3776   2.8649   3.0744   3.2431
     3.4173   8.5854  10.6598  10.8888  11.3714  12.1947

          k = 0.2000 0.4000-0.5000 ( 14970 PWs)   bands (ev):

  -120.6926 -74.8739 -74.8739 -74.8739 -15.0432  -9.5895  -9.4889  -9.4385
    -2.1313  -2.1175  -2.0114  -2.0087  -1.9304  -1.6451  -1.6215  -1.6107
    -0.9302   1.8897   2.0169   2.3542   2.3737   2.9850   3.0431   3.2673
     3.4365   8.9180  10.3614  10.7488  11.3485  12.1809

          k = 0.2000-0.5000-0.5000 ( 14976 PWs)   bands (ev):

  -120.6926 -74.8739 -74.8739 -74.8739 -15.0423  -9.5312  -9.4894  -9.4894
    -2.1273  -2.1273  -2.0423  -2.0262  -1.9608  -1.6305  -1.6221  -1.6221
    -0.9700   1.8827   2.0789   2.3592   2.3592   3.0453   3.0453   3.3053
     3.4848   9.3194  10.2848  10.2848  11.2699  12.4542

          k = 0.3000 0.3000 0.3000 ( 14931 PWs)   bands (ev):

  -120.6926 -74.8739 -74.8739 -74.8738 -15.0464  -9.7023  -9.4139  -9.4139
    -2.1377  -2.1377  -1.9347  -1.8827  -1.8827  -1.6545  -1.6061  -1.6061
    -0.9270   1.9755   2.2179   2.2179   2.4352   2.4352   3.2438   3.3016
     3.3016   7.8861  11.0570  11.0570  11.2070  12.1188

          k = 0.3000 0.3000 0.4000 ( 14966 PWs)   bands (ev):

  -120.6926 -74.8739 -74.8739 -74.8739 -15.0439  -9.6440  -9.4583  -9.4098
    -2.1689  -2.1500  -2.0029  -1.9643  -1.8895  -1.6449  -1.6097  -1.5984
    -1.0771   1.9916   2.2700   2.3023   2.3853   2.7673   3.2649   3.3003
     3.3223   8.3643  10.5855  10.9299  11.2169  12.0102

          k = 0.3000 0.3000-0.5000 ( 14976 PWs)   bands (ev):

  -120.6926 -74.8739 -74.8739 -74.8739 -15.0430  -9.6115  -9.4855  -9.4082
    -2.1808  -2.1442  -2.0387  -2.0005  -1.8916  -1.6408  -1.6116  -1.5960
    -1.1212   2.0002   2.3021   2.3058   2.3565   2.9942   3.2119   3.2586
     3.3417   8.6698  10.2532  10.8888  11.2644  11.8653

          k = 0.3000 0.4000 0.4000 ( 14955 PWs)   bands (ev):

  -120.6926 -74.8739 -74.8739 -74.8738 -15.0417  -9.5878  -9.4641  -9.4376
    -2.1962  -2.1880  -2.0824  -1.9882  -1.9434  -1.6288  -1.6059  -1.5985
    -1.2488   2.0405   2.2948   2.3112   2.5868   2.9730   3.2887   3.3277
     3.4162   8.7784  10.3080  10.4839  11.0842  12.0466

          k = 0.3000 0.4000-0.5000 ( 14964 PWs)   bands (ev):

  -120.6926 -74.8739 -74.8739 -74.8738 -15.0408  -9.5530  -9.4837  -9.4441
    -2.2087  -2.1892  -2.1222  -2.0133  -1.9543  -1.6214  -1.6071  -1.5984
    -1.2991   2.0573   2.3041   2.3094   2.6264   3.1470   3.2610   3.3221
     3.4427   9.0834  10.0203  10.3526  11.0548  11.9552

          k = 0.3000-0.5000-0.5000 ( 14956 PWs)   bands (ev):

  -120.6926 -74.8739 -74.8739 -74.8738 -15.0400  -9.5054  -9.4830  -9.4830
    -2.2059  -2.2059  -2.1660  -2.0259  -1.9771  -1.6083  -1.6059  -1.6059
    -1.3509   2.0744   2.3122   2.3122   2.6944   3.2673   3.2673   3.3086
     3.4911   9.4589   9.9362   9.9362  10.9799  12.0378

          k = 0.4000 0.4000 0.4000 ( 14997 PWs)   bands (ev):

  -120.6926 -74.8739 -74.8739 -74.8739 -15.0396  -9.5434  -9.4592  -9.4592
    -2.2386  -2.2386  -2.1699  -1.9907  -1.9907  -1.6129  -1.5971  -1.5971
    -1.4537   2.1497   2.2917   2.2917   3.0243   3.0243   3.4078   3.4078
     3.4255   9.0667  10.0558  10.0558  10.9449  11.8978

          k = 0.4000 0.4000-0.5000 ( 14996 PWs)   bands (ev):

  -120.6926 -74.8739 -74.8739 -74.8739 -15.0388  -9.5144  -9.4795  -9.4574
    -2.2574  -2.2443  -2.2112  -2.0170  -1.9914  -1.6056  -1.5991  -1.5944
    -1.5146   2.1862   2.2865   2.2951   3.0384   3.2260   3.4107   3.4121
     3.4590   9.3106   9.7631   9.9651  10.9248  11.7960

          k = 0.4000-0.5000-0.5000 ( 15024 PWs)   bands (ev):

  -120.6926 -74.8739 -74.8739 -74.8739 -15.0381  -9.4841  -9.4779  -9.4779
    -2.2645  -2.2645  -2.2543  -2.0256  -2.0065  -1.5972  -1.5967  -1.5967
    -1.5791   2.2268   2.2905   2.2905   3.1451   3.3112   3.4351   3.4351
     3.4963   9.5499   9.6684   9.6684  10.9110  11.7368

          k =-0.5000-0.5000-0.5000 ( 15000 PWs)   bands (ev):

  -120.6926 -74.8739 -74.8739 -74.8739 -15.0374  -9.4759  -9.4759  -9.4759
    -2.2860  -2.2860  -2.2860  -2.0255  -2.0255  -1.6488  -1.5938  -1.5938
    -1.5938   2.2846   2.2846   2.2846   3.3122   3.3122   3.4982   3.4982
     3.4982   9.5687   9.5687   9.5687  10.9651  11.6314

     the Fermi energy is     4.2024 ev

!    total energy              =    -842.54483139 Ry
     estimated scf accuracy    <          6.4E-12 Ry
     smearing contrib. (-TS)   =      -0.00000000 Ry
     internal energy E=F+TS    =    -842.54483139 Ry

     The total energy is F=E-TS. E is the sum of the following terms:
     one-electron contribution =    -528.43848026 Ry
     hartree contribution      =     283.41990715 Ry
     xc contribution           =     -95.71491146 Ry
     ewald contribution        =    -264.65509529 Ry
     one-center paw contrib.   =    -237.15625153 Ry

     convergence has been achieved in  14 iterations

     Forces acting on atoms (cartesian axes, Ry/au):

     atom    1 type  1   force =     0.00000000    0.00000000    0.00000000
     atom    2 type  2   force =     0.00000000    0.00000000    0.00000000
     atom    3 type  3   force =     0.00000000    0.00000000    0.00000000
     atom    4 type  3   force =     0.00000000    0.00000000    0.00000000
     atom    5 type  3   force =     0.00000000    0.00000000    0.00000000

     Total force =     0.000000     Total SCF correction =     0.000000


     Computing stress (Cartesian axis) and pressure

          total   stress  (Ry/bohr**3)                   (kbar)     P=       -2.31
  -0.00001567   0.00000000   0.00000000           -2.31        0.00        0.00
   0.00000000  -0.00001567   0.00000000            0.00       -2.31        0.00
   0.00000000   0.00000000  -0.00001567            0.00        0.00       -2.31


     BFGS Geometry Optimization
     Energy error            =      0.0E+00 Ry
     Gradient error          =      0.0E+00 Ry/Bohr

     bfgs converged in   1 scf cycles and   0 bfgs steps
     (criteria: energy <  1.0E-05 Ry, force <  1.0E-03 Ry/Bohr)

     End of BFGS Geometry Optimization

     Final energy             =    -842.5448313928 Ry
Begin final coordinates

ATOMIC_POSITIONS (crystal)
Cs               0.0000000000        0.0000000000        0.0000000000
Zn               0.5000000000        0.5000000000        0.5000000000
Cl               0.5000000000        0.5000000000        0.0000000000
Cl               0.5000000000        0.0000000000        0.5000000000
Cl               0.0000000000        0.5000000000        0.5000000000
End final coordinates



  ++++++++++++++++++++++++++++++++++++++++++++++++++++++++++++++++++++++++++++
     Doing work    7 /     9
  ++++++++++++++++++++++++++++++++++++++++++++++++++++++++++++++++++++++++++++


     Current dimensions of program PWSCF are:
     Max number of different atomic species (ntypx) = 10
     Max number of k-points (npk) = 120000
     Max angular momentum in pseudopotentials (lmaxx) =  4

     WARNING: check_stop already initialized

     Parallelization info
     --------------------
     sticks:   dense  smooth     PW     G-vecs:    dense   smooth      PW
     Min        2977    1476    414               172192    60734    8905
     Max        2980    1489    415               172283    60747    8940
     Sum        5957    2965    829               344475   121481   17845

     Using Pencil Decomposition



     bravais-lattice index     =            1
     lattice parameter (alat)  =       9.6571  a.u.
     unit-cell volume          =     900.6059 (a.u.)^3
     number of atoms/cell      =            5
     number of atomic types    =            3
     number of electrons       =        50.00
     number of Kohn-Sham states=           30
     kinetic-energy cutoff     =     100.0000  Ry
     charge density cutoff     =     800.0000  Ry
     scf convergence threshold =      1.0E-10
     mixing beta               =       0.3000
     number of iterations used =            8  plain     mixing
     energy convergence thresh.=      1.0E-05
     force convergence thresh. =      1.0E-03
     Exchange-correlation= PBE
                           (   1   4   3   4   0   0   0)
     nstep                     =           20


     celldm(1)=   9.657060  celldm(2)=   0.000000  celldm(3)=   0.000000
     celldm(4)=   0.000000  celldm(5)=   0.000000  celldm(6)=   0.000000

     crystal axes: (cart. coord. in units of alat)
               a(1) = (   1.000000   0.000000   0.000000 )  
               a(2) = (   0.000000   1.000000   0.000000 )  
               a(3) = (   0.000000   0.000000   1.000000 )  

     reciprocal axes: (cart. coord. in units 2 pi/alat)
               b(1) = (  1.000000  0.000000  0.000000 )  
               b(2) = (  0.000000  1.000000  0.000000 )  
               b(3) = (  0.000000  0.000000  1.000000 )  


     PseudoPot. # 1 for Cs read from file:
     /home/administrator/Downloads/BURAI/BURAI1.3/pseudopot/Cs.pbe-spn-rrkjus_psl.1.0.0.UPF
     MD5 check sum: 0e4a2db85f86c9a13762b1b689b65a6d
     Pseudo is Ultrasoft + core correction, Zval =  9.0
     Generated using "atomic" code by A. Dal Corso  v.5.1.2
     Using radial grid of 1251 points,  9 beta functions with: 
                l(1) =   0
                l(2) =   0
                l(3) =   0
                l(4) =   1
                l(5) =   1
                l(6) =   2
                l(7) =   2
                l(8) =   3
                l(9) =   3
     Q(r) pseudized with 0 coefficients 


     PseudoPot. # 2 for Zn read from file:
     /home/administrator/Downloads/BURAI/BURAI1.3/pseudopot/Zn.pbe-spn-kjpaw_psl.1.0.0.UPF
     MD5 check sum: 9ae49ce97c5e3111e3f06ee7e23c2246
     Pseudo is Projector augmented-wave + core cor, Zval = 20.0
     Generated using "atomic" code by A. Dal Corso  v.5.1.2
     Shape of augmentation charge: PSQ
     Using radial grid of 1201 points,  6 beta functions with: 
                l(1) =   0
                l(2) =   0
                l(3) =   1
                l(4) =   1
                l(5) =   2
                l(6) =   2
     Q(r) pseudized with 0 coefficients 


     PseudoPot. # 3 for Cl read from file:
     /home/administrator/Downloads/BURAI/BURAI1.3/pseudopot/Cl.pbe-n-kjpaw_psl.1.0.0.UPF
     MD5 check sum: d11ac872591ccaf6ebdc6d6d0c764b72
     Pseudo is Projector augmented-wave + core cor, Zval =  7.0
     Generated using "atomic" code by A. Dal Corso  v.5.1.2
     Shape of augmentation charge: PSQ
     Using radial grid of 1157 points,  6 beta functions with: 
                l(1) =   0
                l(2) =   0
                l(3) =   1
                l(4) =   1
                l(5) =   2
                l(6) =   2
     Q(r) pseudized with 0 coefficients 


     atomic species   valence    mass     pseudopotential
     Cs                9.00   132.90550     Cs( 1.00)
     Zn               20.00    65.38000     Zn( 1.00)
     Cl                7.00    35.45300     Cl( 1.00)

     48 Sym. Ops., with inversion, found



   Cartesian axes

     site n.     atom                  positions (alat units)
         1        Cs     tau(   1) = (   0.0000000   0.0000000   0.0000000  )
         2        Zn     tau(   2) = (   0.5000000   0.5000000   0.5000000  )
         3        Cl     tau(   3) = (   0.5000000   0.5000000   0.0000000  )
         4        Cl     tau(   4) = (   0.5000000   0.0000000   0.5000000  )
         5        Cl     tau(   5) = (   0.0000000   0.5000000   0.5000000  )

     number of k points=    56  Gaussian smearing, width (Ry)=  0.0050
                       cart. coord. in units 2pi/alat
        k(    1) = (   0.0000000   0.0000000   0.0000000), wk =   0.0020000
        k(    2) = (   0.0000000   0.0000000   0.1000000), wk =   0.0120000
        k(    3) = (   0.0000000   0.0000000   0.2000000), wk =   0.0120000
        k(    4) = (   0.0000000   0.0000000   0.3000000), wk =   0.0120000
        k(    5) = (   0.0000000   0.0000000   0.4000000), wk =   0.0120000
        k(    6) = (   0.0000000   0.0000000  -0.5000000), wk =   0.0060000
        k(    7) = (   0.0000000   0.1000000   0.1000000), wk =   0.0240000
        k(    8) = (   0.0000000   0.1000000   0.2000000), wk =   0.0480000
        k(    9) = (   0.0000000   0.1000000   0.3000000), wk =   0.0480000
        k(   10) = (   0.0000000   0.1000000   0.4000000), wk =   0.0480000
        k(   11) = (   0.0000000   0.1000000  -0.5000000), wk =   0.0240000
        k(   12) = (   0.0000000   0.2000000   0.2000000), wk =   0.0240000
        k(   13) = (   0.0000000   0.2000000   0.3000000), wk =   0.0480000
        k(   14) = (   0.0000000   0.2000000   0.4000000), wk =   0.0480000
        k(   15) = (   0.0000000   0.2000000  -0.5000000), wk =   0.0240000
        k(   16) = (   0.0000000   0.3000000   0.3000000), wk =   0.0240000
        k(   17) = (   0.0000000   0.3000000   0.4000000), wk =   0.0480000
        k(   18) = (   0.0000000   0.3000000  -0.5000000), wk =   0.0240000
        k(   19) = (   0.0000000   0.4000000   0.4000000), wk =   0.0240000
        k(   20) = (   0.0000000   0.4000000  -0.5000000), wk =   0.0240000
        k(   21) = (   0.0000000  -0.5000000  -0.5000000), wk =   0.0060000
        k(   22) = (   0.1000000   0.1000000   0.1000000), wk =   0.0160000
        k(   23) = (   0.1000000   0.1000000   0.2000000), wk =   0.0480000
        k(   24) = (   0.1000000   0.1000000   0.3000000), wk =   0.0480000
        k(   25) = (   0.1000000   0.1000000   0.4000000), wk =   0.0480000
        k(   26) = (   0.1000000   0.1000000  -0.5000000), wk =   0.0240000
        k(   27) = (   0.1000000   0.2000000   0.2000000), wk =   0.0480000
        k(   28) = (   0.1000000   0.2000000   0.3000000), wk =   0.0960000
        k(   29) = (   0.1000000   0.2000000   0.4000000), wk =   0.0960000
        k(   30) = (   0.1000000   0.2000000  -0.5000000), wk =   0.0480000
        k(   31) = (   0.1000000   0.3000000   0.3000000), wk =   0.0480000
        k(   32) = (   0.1000000   0.3000000   0.4000000), wk =   0.0960000
        k(   33) = (   0.1000000   0.3000000  -0.5000000), wk =   0.0480000
        k(   34) = (   0.1000000   0.4000000   0.4000000), wk =   0.0480000
        k(   35) = (   0.1000000   0.4000000  -0.5000000), wk =   0.0480000
        k(   36) = (   0.1000000  -0.5000000  -0.5000000), wk =   0.0120000
        k(   37) = (   0.2000000   0.2000000   0.2000000), wk =   0.0160000
        k(   38) = (   0.2000000   0.2000000   0.3000000), wk =   0.0480000
        k(   39) = (   0.2000000   0.2000000   0.4000000), wk =   0.0480000
        k(   40) = (   0.2000000   0.2000000  -0.5000000), wk =   0.0240000
        k(   41) = (   0.2000000   0.3000000   0.3000000), wk =   0.0480000
        k(   42) = (   0.2000000   0.3000000   0.4000000), wk =   0.0960000
        k(   43) = (   0.2000000   0.3000000  -0.5000000), wk =   0.0480000
        k(   44) = (   0.2000000   0.4000000   0.4000000), wk =   0.0480000
        k(   45) = (   0.2000000   0.4000000  -0.5000000), wk =   0.0480000
        k(   46) = (   0.2000000  -0.5000000  -0.5000000), wk =   0.0120000
        k(   47) = (   0.3000000   0.3000000   0.3000000), wk =   0.0160000
        k(   48) = (   0.3000000   0.3000000   0.4000000), wk =   0.0480000
        k(   49) = (   0.3000000   0.3000000  -0.5000000), wk =   0.0240000
        k(   50) = (   0.3000000   0.4000000   0.4000000), wk =   0.0480000
        k(   51) = (   0.3000000   0.4000000  -0.5000000), wk =   0.0480000
        k(   52) = (   0.3000000  -0.5000000  -0.5000000), wk =   0.0120000
        k(   53) = (   0.4000000   0.4000000   0.4000000), wk =   0.0160000
        k(   54) = (   0.4000000   0.4000000  -0.5000000), wk =   0.0240000
        k(   55) = (   0.4000000  -0.5000000  -0.5000000), wk =   0.0120000
        k(   56) = (  -0.5000000  -0.5000000  -0.5000000), wk =   0.0020000

     Dense  grid:   344475 G-vectors     FFT dimensions: (  90,  90,  90)

     Smooth grid:   121481 G-vectors     FFT dimensions: (  64,  64,  64)

     Estimated max dynamical RAM per process >     596.34 MB

     Estimated total dynamical RAM >       4.41 GB

     Initial potential from superposition of free atoms

     starting charge      49.9591, renormalised to      50.0000
     Starting wfcs are   27 randomized atomic wfcs +    3 random wfcs
     Checking if some PAW data can be deallocated... 

     total cpu time spent up to now is     2675.2 secs

     Self-consistent Calculation

     iteration #  1     ecut=   100.00 Ry     beta= 0.30
     Davidson diagonalization with overlap
     ethr =  1.00E-02,  avg # of iterations =  6.8

     Threshold (ethr) on eigenvalues was too large:
     Diagonalizing with lowered threshold

     Davidson diagonalization with overlap
     ethr =  5.77E-04,  avg # of iterations =  2.7

     total cpu time spent up to now is     2727.4 secs

     total energy              =    -842.52348173 Ry
     estimated scf accuracy    <       0.26120204 Ry

     iteration #  2     ecut=   100.00 Ry     beta= 0.30
     Davidson diagonalization with overlap
     ethr =  5.22E-04,  avg # of iterations =  2.1

     total cpu time spent up to now is     2752.7 secs

     total energy              =    -842.53575892 Ry
     estimated scf accuracy    <       0.04345504 Ry

     iteration #  3     ecut=   100.00 Ry     beta= 0.30
     Davidson diagonalization with overlap
     ethr =  8.69E-05,  avg # of iterations =  8.7

     total cpu time spent up to now is     2785.0 secs

     total energy              =    -842.54336012 Ry
     estimated scf accuracy    <       0.00585764 Ry

     iteration #  4     ecut=   100.00 Ry     beta= 0.30
     Davidson diagonalization with overlap
     ethr =  1.17E-05,  avg # of iterations =  8.2

     total cpu time spent up to now is     2817.4 secs

     total energy              =    -842.54419925 Ry
     estimated scf accuracy    <       0.00134075 Ry

     iteration #  5     ecut=   100.00 Ry     beta= 0.30
     Davidson diagonalization with overlap
     c_bands:  1 eigenvalues not converged
     ethr =  2.68E-06,  avg # of iterations =  8.6

     total cpu time spent up to now is     2849.9 secs

     total energy              =    -842.54445388 Ry
     estimated scf accuracy    <       0.00008044 Ry

     iteration #  6     ecut=   100.00 Ry     beta= 0.30
     Davidson diagonalization with overlap
     ethr =  1.61E-07,  avg # of iterations =  5.1

     total cpu time spent up to now is     2880.5 secs

     total energy              =    -842.54447916 Ry
     estimated scf accuracy    <       0.00001631 Ry

     iteration #  7     ecut=   100.00 Ry     beta= 0.30
     Davidson diagonalization with overlap
     ethr =  3.26E-08,  avg # of iterations =  3.0

     total cpu time spent up to now is     2908.9 secs

     total energy              =    -842.54448449 Ry
     estimated scf accuracy    <       0.00000075 Ry

     iteration #  8     ecut=   100.00 Ry     beta= 0.30
     Davidson diagonalization with overlap
     ethr =  1.49E-09,  avg # of iterations =  6.1

     total cpu time spent up to now is     2944.0 secs

     total energy              =    -842.54448584 Ry
     estimated scf accuracy    <       0.00000072 Ry

     iteration #  9     ecut=   100.00 Ry     beta= 0.30
     Davidson diagonalization with overlap
     ethr =  1.43E-09,  avg # of iterations =  2.0

     total cpu time spent up to now is     2969.3 secs

     total energy              =    -842.54448632 Ry
     estimated scf accuracy    <       0.00000005 Ry

     iteration # 10     ecut=   100.00 Ry     beta= 0.30
     Davidson diagonalization with overlap
     ethr =  1.09E-10,  avg # of iterations =  5.0

     total cpu time spent up to now is     3000.8 secs

     total energy              =    -842.54448652 Ry
     estimated scf accuracy    <       0.00000006 Ry

     iteration # 11     ecut=   100.00 Ry     beta= 0.30
     Davidson diagonalization with overlap
     ethr =  1.09E-10,  avg # of iterations =  2.0

     total cpu time spent up to now is     3026.9 secs

     total energy              =    -842.54448663 Ry
     estimated scf accuracy    <          1.2E-10 Ry

     iteration # 12     ecut=   100.00 Ry     beta= 0.30
     Davidson diagonalization with overlap
     ethr =  2.34E-13,  avg # of iterations = 12.6

     total cpu time spent up to now is     3082.1 secs

     End of self-consistent calculation

          k = 0.0000 0.0000 0.0000 ( 15275 PWs)   bands (ev):

  -120.8700 -75.0513 -75.0513 -75.0513 -15.2475 -10.1307  -9.4175  -9.4175
    -2.1928  -2.1928  -2.1928  -1.7906  -1.7906  -1.7906  -1.6795  -1.6795
     0.6882   0.6882   0.6882   2.6774   2.6774   2.6774   3.0734   3.0734
     3.0734   4.5353   9.7856   9.8393   9.8393  10.9145

          k = 0.0000 0.0000 0.1000 ( 15291 PWs)   bands (ev):

  -120.8700 -75.0513 -75.0513 -75.0513 -15.2462 -10.1180  -9.4317  -9.4168
    -2.1869  -2.1869  -2.1858  -1.7905  -1.7899  -1.7899  -1.7217  -1.6795
     0.6917   0.6917   0.6946   2.6544   2.6623   2.6623   2.9210   3.0508
     3.0508   4.7926   9.9083   9.9463   9.9578  10.9588

          k = 0.0000 0.0000 0.2000 ( 15227 PWs)   bands (ev):

  -120.8700 -75.0513 -75.0513 -75.0512 -15.2430 -10.0825  -9.4714  -9.4151
    -2.1718  -2.1718  -2.1702  -1.8260  -1.7904  -1.7876  -1.7876  -1.6794
     0.6996   0.6996   0.7187   2.5958   2.6161   2.6286   2.6286   2.9880
     2.9880   5.3979  10.1743  10.2431  10.3749  11.0890

          k = 0.0000 0.0000 0.3000 ( 15215 PWs)   bands (ev):

  -120.8700 -75.0513 -75.0513 -75.0512 -15.2389 -10.0315  -9.5273  -9.4129
    -2.1644  -2.1537  -2.1537  -1.9345  -1.7902  -1.7832  -1.7832  -1.6793
     0.7065   0.7065   0.7651   2.3100   2.5260   2.6024   2.6024   2.8996
     2.8996   6.1523  10.5452  10.6556  11.0069  11.2942

          k = 0.0000 0.0000 0.4000 ( 15202 PWs)   bands (ev):

  -120.8700 -75.0512 -75.0512 -75.0512 -15.2356  -9.9806  -9.5821  -9.4111
    -2.1879  -2.1396  -2.1396  -1.9890  -1.7900  -1.7783  -1.7783  -1.6792
     0.7094   0.7094   0.8206   2.0789   2.4716   2.6030   2.6030   2.8099
     2.8099   6.8643  10.9075  11.0468  11.5361  11.7124

          k = 0.0000 0.0000-0.5000 ( 15190 PWs)   bands (ev):

  -120.8700 -75.0512 -75.0512 -75.0512 -15.2344  -9.9571  -9.6069  -9.4105
    -2.2067  -2.1345  -2.1345  -1.9989  -1.7900  -1.7760  -1.7760  -1.6792
     0.7098   0.7098   0.8479   1.9899   2.4512   2.6154   2.6154   2.7644
     2.7644   7.1924  11.0551  11.2170  11.4385  11.6741

          k = 0.0000 0.1000 0.1000 ( 15247 PWs)   bands (ev):

  -120.8700 -75.0513 -75.0513 -75.0512 -15.2450 -10.1053  -9.4380  -9.4237
    -2.1976  -2.1808  -2.1650  -1.7935  -1.7896  -1.7868  -1.7401  -1.7022
     0.5262   0.6969   0.8775   2.5864   2.6464   2.6945   2.7643   3.0275
     3.0862   5.0008  10.0269  10.0458  10.0593  11.0659

          k = 0.0000 0.1000 0.2000 ( 15207 PWs)   bands (ev):

  -120.8700 -75.0513 -75.0512 -75.0512 -15.2418 -10.0693  -9.4740  -9.4248
    -2.1960  -2.1651  -2.1430  -1.8339  -1.7955  -1.7882  -1.7839  -1.7120
     0.4065   0.7096   1.0476   2.4521   2.5471   2.6106   2.6983   2.9628
     3.0592   5.5391  10.2831  10.3161  10.4448  11.1988

          k = 0.0000 0.1000 0.3000 ( 15195 PWs)   bands (ev):

  -120.8700 -75.0512 -75.0512 -75.0512 -15.2379 -10.0175  -9.5288  -9.4229
    -2.1875  -2.1462  -2.1341  -1.9427  -1.7954  -1.7864  -1.7815  -1.7152
     0.3426   0.7228   1.1839   2.2083   2.4576   2.5815   2.6918   2.8718
     2.9755   6.2534  10.6507  10.7044  11.0351  11.3959

          k = 0.0000 0.1000 0.4000 ( 15218 PWs)   bands (ev):

  -120.8700 -75.0513 -75.0513 -75.0512 -15.2347  -9.9656  -9.5834  -9.4212
    -2.1932  -2.1404  -2.1314  -2.0013  -1.7940  -1.7848  -1.7798  -1.7175
     0.3204   0.7312   1.2754   2.0138   2.4130   2.5802   2.7076   2.7793
     2.8698   6.9487  11.0160  11.0944  11.6313  11.7094

          k = 0.0000 0.1000-0.5000 ( 15220 PWs)   bands (ev):

  -120.8700 -75.0513 -75.0512 -75.0512 -15.2334  -9.9414  -9.6085  -9.4205
    -2.2070  -2.1407  -2.1259  -2.0133  -1.7931  -1.7842  -1.7791  -1.7184
     0.3168   0.7337   1.3094   1.9388   2.3991   2.5926   2.7320   2.7520
     2.7889   7.2745  11.1680  11.2584  11.3502  11.7632

          k = 0.0000 0.2000 0.2000 ( 15210 PWs)   bands (ev):

  -120.8700 -75.0513 -75.0513 -75.0512 -15.2389 -10.0320  -9.4910  -9.4428
    -2.2097  -2.1476  -2.1225  -1.8738  -1.8012  -1.7960  -1.7817  -1.7731
     0.1849   0.7355   1.3662   2.2231   2.4655   2.5684   2.7462   2.8931
     3.1260   5.9491  10.4825  10.6356  10.6813  11.4831

          k = 0.0000 0.2000 0.3000 ( 15214 PWs)   bands (ev):

  -120.8700 -75.0513 -75.0513 -75.0512 -15.2352  -9.9781  -9.5352  -9.4497
    -2.2103  -2.1261  -2.1205  -1.9660  -1.8141  -1.8040  -1.7919  -1.7825
     0.0548   0.7666   1.6181   2.0119   2.4144   2.5303   2.7755   2.7954
     3.1094   6.5613  10.7998  10.9976  11.1837  11.6804

          k = 0.0000 0.2000 0.4000 ( 15211 PWs)   bands (ev):

  -120.8700 -75.0513 -75.0512 -75.0512 -15.2322  -9.9228  -9.5872  -9.4506
    -2.2060  -2.1429  -2.1089  -2.0332  -1.8222  -1.8030  -1.8016  -1.7856
    -0.0045   0.7908   1.7701   1.8663   2.4044   2.5217   2.6963   2.8134
     3.0293   7.2079  11.1615  11.3561  11.5227  11.7489

          k = 0.0000 0.2000-0.5000 ( 15206 PWs)   bands (ev):

  -120.8700 -75.0513 -75.0512 -75.0512 -15.2310  -9.8964  -9.6127  -9.4506
    -2.2079  -2.1564  -2.1025  -2.0507  -1.8245  -1.8057  -1.8012  -1.7880
    -0.0202   0.7997   1.8093   1.8226   2.4092   2.5334   2.6440   2.8583
     2.9594   7.5268  11.0481  11.4450  11.5387  11.9850

          k = 0.0000 0.3000 0.3000 ( 15198 PWs)   bands (ev):

  -120.8700 -75.0512 -75.0512 -75.0512 -15.2318  -9.9203  -9.5546  -9.4802
    -2.2209  -2.1236  -2.1006  -2.0108  -1.9107  -1.8109  -1.8103  -1.7877
    -0.1207   0.8230   1.8334   1.9730   2.4058   2.4775   2.6898   2.8434
     3.1869   7.0621  11.0113  11.4222  11.5308  11.9878

          k = 0.0000 0.3000 0.4000 ( 15192 PWs)   bands (ev):

  -120.8700 -75.0512 -75.0512 -75.0512 -15.2291  -9.8592  -9.5932  -9.4963
    -2.2175  -2.1495  -2.0792  -2.0737  -1.9512  -1.8259  -1.8127  -1.7959
    -0.2076   0.8707   1.7142   2.1805   2.4392   2.4536   2.5846   2.9125
     3.1796   7.6443  11.1272  11.4168  11.7631  11.9608

          k = 0.0000 0.3000-0.5000 ( 15214 PWs)   bands (ev):

  -120.8700 -75.0513 -75.0512 -75.0512 -15.2280  -9.8281  -9.6179  -9.5002
    -2.2090  -2.1746  -2.0966  -2.0708  -1.9591  -1.8324  -1.8111  -1.8015
    -0.2330   0.8894   1.6725   2.2346   2.4613   2.4704   2.5274   2.9622
     3.1453   7.9564  10.7712  11.7097  11.7372  12.0612

          k = 0.0000 0.4000 0.4000 ( 15188 PWs)   bands (ev):

  -120.8700 -75.0513 -75.0512 -75.0512 -15.2265  -9.7882  -9.6049  -9.5460
    -2.2180  -2.1660  -2.1177  -2.0528  -2.0414  -1.8463  -1.8188  -1.8080
    -0.3119   0.9419   1.6125   2.4078   2.4234   2.4796   2.4860   3.0157
     3.2588   8.1921  10.9153  11.1177  11.6517  11.9652

          k = 0.0000 0.4000-0.5000 ( 15214 PWs)   bands (ev):

  -120.8700 -75.0513 -75.0512 -75.0512 -15.2256  -9.7468  -9.6221  -9.5664
    -2.2067  -2.1881  -2.1420  -2.0633  -2.0420  -1.8543  -1.8189  -1.8154
    -0.3435   0.9712   1.5768   2.4038   2.4243   2.4768   2.5282   3.0717
     3.2735   8.5195  10.5705  10.9910  11.7341  11.9529

          k = 0.0000-0.5000-0.5000 ( 15148 PWs)   bands (ev):

  -120.8700 -75.0512 -75.0512 -75.0512 -15.2246  -9.6838  -9.6237  -9.6237
    -2.1930  -2.1930  -2.1797  -2.0953  -2.0298  -1.8628  -1.8218  -1.8218
    -0.3770   1.0053   1.5429   2.3820   2.3820   2.5510   2.5510   3.1216
     3.3193   8.8909  10.4982  10.4982  11.6744  12.0539

          k = 0.1000 0.1000 0.1000 ( 15233 PWs)   bands (ev):

  -120.8700 -75.0513 -75.0513 -75.0512 -15.2438 -10.0924  -9.4373  -9.4373
    -2.1942  -2.1942  -2.1417  -1.7928  -1.7928  -1.7852  -1.7406  -1.7406
     0.3638   0.8830   0.8830   2.5751   2.5751   2.6253   2.7342   3.0676
     3.0676   5.1796  10.1288  10.1288  10.1626  11.1867

          k = 0.1000 0.1000 0.2000 ( 15219 PWs)   bands (ev):

  -120.8700 -75.0513 -75.0513 -75.0512 -15.2407 -10.0561  -9.4754  -9.4352
    -2.1983  -2.1856  -2.1138  -1.8411  -1.7948  -1.7903  -1.7850  -1.7421
     0.1987   0.8967   1.1155   2.3763   2.4769   2.5557   2.7549   3.0153
     3.0573   5.6679  10.3734  10.3791  10.5033  11.3154

          k = 0.1000 0.1000 0.3000 ( 15215 PWs)   bands (ev):

  -120.8700 -75.0513 -75.0513 -75.0512 -15.2369 -10.0038  -9.5299  -9.4326
    -2.1921  -2.1753  -2.1009  -1.9508  -1.7976  -1.7879  -1.7853  -1.7450
     0.1020   0.9115   1.3042   2.1410   2.3951   2.5507   2.7548   2.9408
     2.9681   6.3471  10.7317  10.7458  11.0416  11.5076

          k = 0.1000 0.1000 0.4000 ( 15211 PWs)   bands (ev):

  -120.8700 -75.0513 -75.0512 -75.0512 -15.2337  -9.9509  -9.5844  -9.4305
    -2.1964  -2.1675  -2.1047  -2.0136  -1.7984  -1.7923  -1.7789  -1.7490
     0.0610   0.9214   1.4264   1.9708   2.3452   2.5945   2.7600   2.8353
     2.8622   7.0270  11.0776  11.1410  11.5785  11.6854

          k = 0.1000 0.1000-0.5000 ( 15178 PWs)   bands (ev):

  -120.8700 -75.0512 -75.0512 -75.0512 -15.2325  -9.9261  -9.6098  -9.4297
    -2.2080  -2.1646  -2.1042  -2.0288  -1.7986  -1.7945  -1.7754  -1.7514
     0.0512   0.9247   1.4693   1.9070   2.3292   2.6860   2.7092   2.7808
     2.8113   7.3509  11.2072  11.2371  11.3331  11.9132

          k = 0.1000 0.2000 0.2000 ( 15215 PWs)   bands (ev):

  -120.8700 -75.0513 -75.0513 -75.0512 -15.2378 -10.0189  -9.4899  -9.4543
    -2.2126  -2.1863  -2.0836  -1.8783  -1.8130  -1.7972  -1.7908  -1.7808
    -0.0363   0.9990   1.3771   2.1725   2.4149   2.4918   2.8095   2.9759
     3.1132   6.0500  10.5501  10.6509  10.7105  11.6001

          k = 0.1000 0.2000 0.3000 ( 15211 PWs)   bands (ev):

  -120.8700 -75.0513 -75.0513 -75.0512 -15.2342  -9.9649  -9.5349  -9.4587
    -2.2160  -2.1821  -2.0720  -1.9733  -1.8349  -1.8048  -1.7981  -1.7799
    -0.1831   1.0422   1.6443   1.9842   2.3486   2.4814   2.8367   2.8947
     3.0981   6.6370  10.8519  10.9792  11.1379  11.7715

          k = 0.1000 0.2000 0.4000 ( 15220 PWs)   bands (ev):

  -120.8700 -75.0513 -75.0513 -75.0512 -15.2313  -9.9093  -9.5873  -9.4581
    -2.2120  -2.1848  -2.0827  -2.0435  -1.8421  -1.8164  -1.7991  -1.7790
    -0.2529   1.0695   1.8090   1.8592   2.3087   2.5419   2.7922   2.8569
     3.0200   7.2711  11.1505  11.2903  11.4656  11.6730

          k = 0.1000 0.2000-0.5000 ( 15200 PWs)   bands (ev):

  -120.8700 -75.0513 -75.0512 -75.0512 -15.2302  -9.8824  -9.6131  -9.4577
    -2.2114  -2.1916  -2.0838  -2.0673  -1.8441  -1.8215  -1.7989  -1.7789
    -0.2722   1.0792   1.8126   1.8613   2.2966   2.6463   2.6865   2.8778
     2.9614   7.5889  10.9368  11.4524  11.5185  11.9006

          k = 0.1000 0.3000 0.3000 ( 15228 PWs)   bands (ev):

  -120.8700 -75.0513 -75.0513 -75.0513 -15.2309  -9.9079  -9.5532  -9.4876
    -2.2310  -2.1840  -2.0613  -2.0175  -1.9248  -1.8206  -1.8049  -1.7825
    -0.3679   1.1191   1.8351   1.9856   2.3308   2.4360   2.8157   2.8965
     3.1799   7.1188  11.0383  11.3043  11.3728  11.8020

          k = 0.1000 0.3000 0.4000 ( 15214 PWs)   bands (ev):

  -120.8700 -75.0513 -75.0512 -75.0512 -15.2283  -9.8474  -9.5921  -9.5012
    -2.2298  -2.1926  -2.0868  -2.0677  -1.9609  -1.8343  -1.8062  -1.7866
    -0.4610   1.1731   1.7375   2.1719   2.3151   2.4958   2.7326   2.9443
     3.1760   7.6903  11.0066  11.3616  11.5879  11.8225

          k = 0.1000 0.3000-0.5000 ( 15214 PWs)   bands (ev):

  -120.8700 -75.0513 -75.0512 -75.0512 -15.2273  -9.8163  -9.6173  -9.5041
    -2.2179  -2.2105  -2.1115  -2.0766  -1.9679  -1.8392  -1.8053  -1.7894
    -0.4884   1.1934   1.7040   2.2093   2.3042   2.5878   2.6713   2.9750
     3.1462   8.0018  10.6559  11.5818  11.7474  11.7619

          k = 0.1000 0.4000 0.4000 ( 15211 PWs)   bands (ev):

  -120.8700 -75.0513 -75.0512 -75.0512 -15.2258  -9.7783  -9.6031  -9.5480
    -2.2342  -2.2028  -2.1259  -2.0765  -2.0461  -1.8417  -1.8108  -1.7969
    -0.5688   1.2535   1.6561   2.2939   2.3267   2.5657   2.6914   3.0299
     3.2585   8.2273  10.7787  10.9931  11.5046  11.9637

          k = 0.1000 0.4000-0.5000 ( 15218 PWs)   bands (ev):

  -120.8700 -75.0513 -75.0512 -75.0512 -15.2249  -9.7378  -9.6206  -9.5667
    -2.2231  -2.2188  -2.1520  -2.0826  -2.0670  -1.8420  -1.8109  -1.8037
    -0.6013   1.2858   1.6279   2.3046   2.3120   2.6342   2.6751   3.0761
     3.2750   8.5551  10.4539  10.8589  11.5263  12.0205

          k = 0.1000-0.5000-0.5000 ( 15200 PWs)   bands (ev):

  -120.8700 -75.0513 -75.0512 -75.0512 -15.2240  -9.6764  -9.6219  -9.6219
    -2.2203  -2.2203  -2.1796  -2.0978  -2.0880  -1.8375  -1.8131  -1.8131
    -0.6354   1.3242   1.6013   2.3013   2.3013   2.6810   2.6810   3.1226
     3.3211   8.9317  10.3811  10.3811  11.4614  12.1235

          k = 0.2000 0.2000 0.2000 ( 15213 PWs)   bands (ev):

  -120.8700 -75.0513 -75.0513 -75.0512 -15.2351  -9.9818  -9.4870  -9.4870
    -2.2203  -2.2203  -2.0506  -1.8877  -1.8877  -1.8032  -1.7887  -1.7887
    -0.3227   1.4057   1.4057   2.0402   2.3767   2.3767   2.8886   3.0796
     3.0796   6.3638  10.7501  10.7501  10.8295  11.8359

          k = 0.2000 0.2000 0.3000 ( 15217 PWs)   bands (ev):

  -120.8700 -75.0513 -75.0512 -75.0512 -15.2318  -9.9276  -9.5356  -9.4834
    -2.2323  -2.2302  -2.0464  -1.9919  -1.8967  -1.8194  -1.7932  -1.7807
    -0.5128   1.4414   1.7541   1.9118   2.2854   2.3934   2.9322   3.0393
     3.0836   6.8798  10.9828  10.9915  11.0966  11.8424

          k = 0.2000 0.2000 0.4000 ( 15202 PWs)   bands (ev):

  -120.8700 -75.0513 -75.0512 -75.0512 -15.2290  -9.8708  -9.5877  -9.4805
    -2.2386  -2.2276  -2.0824  -2.0620  -1.9024  -1.8317  -1.7951  -1.7755
    -0.6082   1.4703   1.8324   1.9491   2.2314   2.5111   2.9409   2.9757
     3.0119   7.4745  10.9386  11.3235  11.4016  11.6029

          k = 0.2000 0.2000-0.5000 ( 15212 PWs)   bands (ev):

  -120.8700 -75.0513 -75.0512 -75.0512 -15.2280  -9.8425  -9.6142  -9.4794
    -2.2419  -2.2246  -2.1042  -2.0843  -1.9043  -1.8359  -1.7955  -1.7737
    -0.6359   1.4812   1.8070   1.9942   2.2142   2.6526   2.8514   2.9377
     3.0043   7.7877  10.6584  11.4994  11.6706  11.6909

          k = 0.2000 0.3000 0.3000 ( 15218 PWs)   bands (ev):

  -120.8700 -75.0513 -75.0513 -75.0512 -15.2287  -9.8728  -9.5494  -9.5096
    -2.2585  -2.2504  -2.0592  -2.0309  -1.9687  -1.8298  -1.7924  -1.7794
    -0.7420   1.6325   1.8390   2.0204   2.2578   2.3602   3.0004   3.0123
     3.1616   7.3059  11.0514  11.0832  11.1233  11.8214

          k = 0.2000 0.3000 0.4000 ( 15212 PWs)   bands (ev):

  -120.8700 -75.0513 -75.0512 -75.0512 -15.2262  -9.8140  -9.5896  -9.5161
    -2.2716  -2.2555  -2.1048  -2.0980  -1.9924  -1.8321  -1.7939  -1.7772
    -0.8610   1.7057   1.7962   2.1588   2.2201   2.5358   2.9556   3.0262
     3.1667   7.8415  10.6948  11.1384  11.2692  11.7611

          k = 0.2000 0.3000-0.5000 ( 15226 PWs)   bands (ev):

  -120.8700 -75.0513 -75.0513 -75.0512 -15.2253  -9.7829  -9.6156  -9.5165
    -2.2773  -2.2501  -2.1371  -2.1230  -1.9968  -1.8321  -1.7944  -1.7765
    -0.8963   1.7311   1.7825   2.1760   2.2006   2.7050   2.8900   3.0218
     3.1518   8.1490  10.3683  11.1728  11.3762  11.6858

          k = 0.2000 0.4000 0.4000 ( 15184 PWs)   bands (ev):

  -120.8700 -75.0512 -75.0512 -75.0512 -15.2240  -9.7507  -9.5986  -9.5546
    -2.2815  -2.2784  -2.1487  -2.1372  -2.0629  -1.8229  -1.7948  -1.7820
    -0.9943   1.7674   1.8286   2.2117   2.2336   2.7112   2.9252   3.0790
     3.2579   8.3389  10.4545  10.6738  11.1804  11.9965

          k = 0.2000 0.4000-0.5000 ( 15180 PWs)   bands (ev):

  -120.8700 -75.0512 -75.0512 -75.0512 -15.2231  -9.7128  -9.6167  -9.5683
    -2.2887  -2.2761  -2.1757  -2.1623  -2.0800  -1.8174  -1.7951  -1.7855
    -1.0341   1.7597   1.8728   2.2105   2.2293   2.8320   2.8955   3.0953
     3.2791   8.6625  10.1610  10.5357  11.1568  11.9884

          k = 0.2000-0.5000-0.5000 ( 15188 PWs)   bands (ev):

  -120.8700 -75.0512 -75.0512 -75.0512 -15.2222  -9.6569  -9.6171  -9.6171
    -2.2857  -2.2857  -2.2035  -2.1793  -2.1070  -1.8045  -1.7957  -1.7957
    -1.0751   1.7517   1.9320   2.2155   2.2155   2.8976   2.8976   3.1251
     3.3260   9.0475  10.0863  10.0863  11.0797  12.2619

          k = 0.3000 0.3000 0.3000 ( 15186 PWs)   bands (ev):

  -120.8700 -75.0512 -75.0512 -75.0512 -15.2259  -9.8213  -9.5447  -9.5447
    -2.2939  -2.2939  -2.1060  -2.0418  -2.0418  -1.8253  -1.7811  -1.7811
    -1.0193   1.8466   2.0695   2.0695   2.2922   2.2922   3.0920   3.1419
     3.1419   7.6537  10.8595  10.8595  11.0139  11.9348

          k = 0.3000 0.3000 0.4000 ( 15199 PWs)   bands (ev):

  -120.8700 -75.0512 -75.0512 -75.0512 -15.2237  -9.7652  -9.5873  -9.5408
    -2.3229  -2.3058  -2.1687  -2.1191  -2.0478  -1.8171  -1.7844  -1.7741
    -1.1688   1.8598   2.1220   2.1567   2.2384   2.6092   3.1090   3.1406
     3.1674   8.1271  10.3818  10.7283  11.0197  11.8177

          k = 0.3000 0.3000-0.5000 ( 15196 PWs)   bands (ev):

  -120.8700 -75.0512 -75.0512 -75.0512 -15.2228  -9.7339  -9.6135  -9.5393
    -2.3340  -2.3006  -2.2019  -2.1528  -2.0497  -1.8134  -1.7862  -1.7718
    -1.2135   1.8669   2.1563   2.1607   2.2061   2.8239   3.0602   3.1027
     3.1871   8.4253  10.0543  10.6856  11.0611  11.6806

          k = 0.3000 0.4000 0.4000 ( 15205 PWs)   bands (ev):

  -120.8700 -75.0513 -75.0512 -75.0512 -15.2216  -9.7114  -9.5930  -9.5676
    -2.3487  -2.3414  -2.2424  -2.1429  -2.0976  -1.8025  -1.7810  -1.7742
    -1.3384   1.9040   2.1478   2.1646   2.4296   2.8096   3.1329   3.1678
     3.2575   8.5424  10.1101  10.2812  10.8778  11.8441

          k = 0.3000 0.4000-0.5000 ( 15170 PWs)   bands (ev):

  -120.8700 -75.0512 -75.0512 -75.0512 -15.2209  -9.6780  -9.6118  -9.5739
    -2.3604  -2.3428  -2.2793  -2.1663  -2.1075  -1.7956  -1.7821  -1.7741
    -1.3891   1.9187   2.1568   2.1625   2.4668   2.9775   3.1083   3.1602
     3.2851   8.8424   9.8268  10.1513  10.8424  11.7649

          k = 0.3000-0.5000-0.5000 ( 15212 PWs)   bands (ev):

  -120.8700 -75.0513 -75.0513 -75.0512 -15.2201  -9.6324  -9.6112  -9.6112
    -2.3585  -2.3585  -2.3197  -2.1791  -2.1274  -1.7837  -1.7810  -1.7810
    -1.4414   1.9335   2.1646   2.1646   2.5311   3.1146   3.1146   3.1282
     3.3321   9.2081   9.7446   9.7446  10.7645  11.8403

          k = 0.4000 0.4000 0.4000 ( 15186 PWs)   bands (ev):

  -120.8700 -75.0512 -75.0512 -75.0512 -15.2198  -9.6689  -9.5884  -9.5884
    -2.3885  -2.3885  -2.3242  -2.1451  -2.1451  -1.7877  -1.7729  -1.7729
    -1.5368   2.0068   2.1427   2.1427   2.8553   2.8553   3.2480   3.2480
     3.2684   8.8433   9.8633   9.8634  10.7103  11.6974

          k = 0.4000 0.4000-0.5000 ( 15190 PWs)   bands (ev):

  -120.8700 -75.0513 -75.0513 -75.0512 -15.2190  -9.6412  -9.6079  -9.5867
    -2.4061  -2.3941  -2.3628  -2.1700  -2.1457  -1.7809  -1.7747  -1.7703
    -1.5970   2.0406   2.1367   2.1457   2.8679   3.0480   3.2533   3.2540
     3.3009   9.0916   9.5754   9.7746  10.6722  11.6057

          k = 0.4000-0.5000-0.5000 ( 15188 PWs)   bands (ev):

  -120.8700 -75.0512 -75.0512 -75.0512 -15.2184  -9.6123  -9.6064  -9.6064
    -2.4130  -2.4130  -2.4030  -2.1788  -2.1597  -1.7730  -1.7724  -1.7724
    -1.6604   2.0783   2.1402   2.1402   2.9694   3.1308   3.2778   3.2778
     3.3370   9.3417   9.4830   9.4830  10.6322  11.5465

          k =-0.5000-0.5000-0.5000 ( 15192 PWs)   bands (ev):

  -120.8700 -75.0512 -75.0512 -75.0512 -15.2177  -9.6045  -9.6045  -9.6045
    -2.4330  -2.4330  -2.4330  -2.1787  -2.1787  -1.7698  -1.7698  -1.7698
    -1.7280   2.1332   2.1332   2.1332   3.1318   3.1318   3.3389   3.3389
     3.3389   9.3857   9.3857   9.3857  10.6375  11.4437

     the Fermi energy is     4.0111 ev

!    total energy              =    -842.54448671 Ry
     estimated scf accuracy    <          7.0E-11 Ry
     smearing contrib. (-TS)   =      -0.00000000 Ry
     internal energy E=F+TS    =    -842.54448671 Ry

     The total energy is F=E-TS. E is the sum of the following terms:
     one-electron contribution =    -530.62683887 Ry
     hartree contribution      =     284.21369051 Ry
     xc contribution           =     -95.69202647 Ry
     ewald contribution        =    -263.28482786 Ry
     one-center paw contrib.   =    -237.15448403 Ry

     convergence has been achieved in  12 iterations

     Forces acting on atoms (cartesian axes, Ry/au):

     atom    1 type  1   force =     0.00000000    0.00000000    0.00000000
     atom    2 type  2   force =     0.00000000    0.00000000    0.00000000
     atom    3 type  3   force =     0.00000000    0.00000000    0.00000000
     atom    4 type  3   force =     0.00000000    0.00000000    0.00000000
     atom    5 type  3   force =     0.00000000    0.00000000    0.00000000

     Total force =     0.000000     Total SCF correction =     0.000000


     Computing stress (Cartesian axis) and pressure

          total   stress  (Ry/bohr**3)                   (kbar)     P=       -7.30
  -0.00004961   0.00000000   0.00000000           -7.30        0.00        0.00
   0.00000000  -0.00004961   0.00000000            0.00       -7.30        0.00
   0.00000000   0.00000000  -0.00004961            0.00        0.00       -7.30


     BFGS Geometry Optimization
     Energy error            =      0.0E+00 Ry
     Gradient error          =      0.0E+00 Ry/Bohr

     bfgs converged in   1 scf cycles and   0 bfgs steps
     (criteria: energy <  1.0E-05 Ry, force <  1.0E-03 Ry/Bohr)

     End of BFGS Geometry Optimization

     Final energy             =    -842.5444867143 Ry
Begin final coordinates

ATOMIC_POSITIONS (crystal)
Cs               0.0000000000        0.0000000000        0.0000000000
Zn               0.5000000000        0.5000000000        0.5000000000
Cl               0.5000000000        0.5000000000        0.0000000000
Cl               0.5000000000        0.0000000000        0.5000000000
Cl               0.0000000000        0.5000000000        0.5000000000
End final coordinates



  ++++++++++++++++++++++++++++++++++++++++++++++++++++++++++++++++++++++++++++
     Doing work    8 /     9
  ++++++++++++++++++++++++++++++++++++++++++++++++++++++++++++++++++++++++++++


     Current dimensions of program PWSCF are:
     Max number of different atomic species (ntypx) = 10
     Max number of k-points (npk) = 120000
     Max angular momentum in pseudopotentials (lmaxx) =  4

     WARNING: check_stop already initialized

     Parallelization info
     --------------------
     sticks:   dense  smooth     PW     G-vecs:    dense   smooth      PW
     Min        2993    1490    418               174687    61826    9113
     Max        3004    1507    427               174732    61983    9164
     Sum        5997    2997    845               349419   123809   18277

     Using Pencil Decomposition



     bravais-lattice index     =            1
     lattice parameter (alat)  =       9.7071  a.u.
     unit-cell volume          =     914.6673 (a.u.)^3
     number of atoms/cell      =            5
     number of atomic types    =            3
     number of electrons       =        50.00
     number of Kohn-Sham states=           30
     kinetic-energy cutoff     =     100.0000  Ry
     charge density cutoff     =     800.0000  Ry
     scf convergence threshold =      1.0E-10
     mixing beta               =       0.3000
     number of iterations used =            8  plain     mixing
     energy convergence thresh.=      1.0E-05
     force convergence thresh. =      1.0E-03
     Exchange-correlation= PBE
                           (   1   4   3   4   0   0   0)
     nstep                     =           20


     celldm(1)=   9.707060  celldm(2)=   0.000000  celldm(3)=   0.000000
     celldm(4)=   0.000000  celldm(5)=   0.000000  celldm(6)=   0.000000

     crystal axes: (cart. coord. in units of alat)
               a(1) = (   1.000000   0.000000   0.000000 )  
               a(2) = (   0.000000   1.000000   0.000000 )  
               a(3) = (   0.000000   0.000000   1.000000 )  

     reciprocal axes: (cart. coord. in units 2 pi/alat)
               b(1) = (  1.000000  0.000000  0.000000 )  
               b(2) = (  0.000000  1.000000  0.000000 )  
               b(3) = (  0.000000  0.000000  1.000000 )  


     PseudoPot. # 1 for Cs read from file:
     /home/administrator/Downloads/BURAI/BURAI1.3/pseudopot/Cs.pbe-spn-rrkjus_psl.1.0.0.UPF
     MD5 check sum: 0e4a2db85f86c9a13762b1b689b65a6d
     Pseudo is Ultrasoft + core correction, Zval =  9.0
     Generated using "atomic" code by A. Dal Corso  v.5.1.2
     Using radial grid of 1251 points,  9 beta functions with: 
                l(1) =   0
                l(2) =   0
                l(3) =   0
                l(4) =   1
                l(5) =   1
                l(6) =   2
                l(7) =   2
                l(8) =   3
                l(9) =   3
     Q(r) pseudized with 0 coefficients 


     PseudoPot. # 2 for Zn read from file:
     /home/administrator/Downloads/BURAI/BURAI1.3/pseudopot/Zn.pbe-spn-kjpaw_psl.1.0.0.UPF
     MD5 check sum: 9ae49ce97c5e3111e3f06ee7e23c2246
     Pseudo is Projector augmented-wave + core cor, Zval = 20.0
     Generated using "atomic" code by A. Dal Corso  v.5.1.2
     Shape of augmentation charge: PSQ
     Using radial grid of 1201 points,  6 beta functions with: 
                l(1) =   0
                l(2) =   0
                l(3) =   1
                l(4) =   1
                l(5) =   2
                l(6) =   2
     Q(r) pseudized with 0 coefficients 


     PseudoPot. # 3 for Cl read from file:
     /home/administrator/Downloads/BURAI/BURAI1.3/pseudopot/Cl.pbe-n-kjpaw_psl.1.0.0.UPF
     MD5 check sum: d11ac872591ccaf6ebdc6d6d0c764b72
     Pseudo is Projector augmented-wave + core cor, Zval =  7.0
     Generated using "atomic" code by A. Dal Corso  v.5.1.2
     Shape of augmentation charge: PSQ
     Using radial grid of 1157 points,  6 beta functions with: 
                l(1) =   0
                l(2) =   0
                l(3) =   1
                l(4) =   1
                l(5) =   2
                l(6) =   2
     Q(r) pseudized with 0 coefficients 


     atomic species   valence    mass     pseudopotential
     Cs                9.00   132.90550     Cs( 1.00)
     Zn               20.00    65.38000     Zn( 1.00)
     Cl                7.00    35.45300     Cl( 1.00)

     48 Sym. Ops., with inversion, found



   Cartesian axes

     site n.     atom                  positions (alat units)
         1        Cs     tau(   1) = (   0.0000000   0.0000000   0.0000000  )
         2        Zn     tau(   2) = (   0.5000000   0.5000000   0.5000000  )
         3        Cl     tau(   3) = (   0.5000000   0.5000000   0.0000000  )
         4        Cl     tau(   4) = (   0.5000000   0.0000000   0.5000000  )
         5        Cl     tau(   5) = (   0.0000000   0.5000000   0.5000000  )

     number of k points=    56  Gaussian smearing, width (Ry)=  0.0050
                       cart. coord. in units 2pi/alat
        k(    1) = (   0.0000000   0.0000000   0.0000000), wk =   0.0020000
        k(    2) = (   0.0000000   0.0000000   0.1000000), wk =   0.0120000
        k(    3) = (   0.0000000   0.0000000   0.2000000), wk =   0.0120000
        k(    4) = (   0.0000000   0.0000000   0.3000000), wk =   0.0120000
        k(    5) = (   0.0000000   0.0000000   0.4000000), wk =   0.0120000
        k(    6) = (   0.0000000   0.0000000  -0.5000000), wk =   0.0060000
        k(    7) = (   0.0000000   0.1000000   0.1000000), wk =   0.0240000
        k(    8) = (   0.0000000   0.1000000   0.2000000), wk =   0.0480000
        k(    9) = (   0.0000000   0.1000000   0.3000000), wk =   0.0480000
        k(   10) = (   0.0000000   0.1000000   0.4000000), wk =   0.0480000
        k(   11) = (   0.0000000   0.1000000  -0.5000000), wk =   0.0240000
        k(   12) = (   0.0000000   0.2000000   0.2000000), wk =   0.0240000
        k(   13) = (   0.0000000   0.2000000   0.3000000), wk =   0.0480000
        k(   14) = (   0.0000000   0.2000000   0.4000000), wk =   0.0480000
        k(   15) = (   0.0000000   0.2000000  -0.5000000), wk =   0.0240000
        k(   16) = (   0.0000000   0.3000000   0.3000000), wk =   0.0240000
        k(   17) = (   0.0000000   0.3000000   0.4000000), wk =   0.0480000
        k(   18) = (   0.0000000   0.3000000  -0.5000000), wk =   0.0240000
        k(   19) = (   0.0000000   0.4000000   0.4000000), wk =   0.0240000
        k(   20) = (   0.0000000   0.4000000  -0.5000000), wk =   0.0240000
        k(   21) = (   0.0000000  -0.5000000  -0.5000000), wk =   0.0060000
        k(   22) = (   0.1000000   0.1000000   0.1000000), wk =   0.0160000
        k(   23) = (   0.1000000   0.1000000   0.2000000), wk =   0.0480000
        k(   24) = (   0.1000000   0.1000000   0.3000000), wk =   0.0480000
        k(   25) = (   0.1000000   0.1000000   0.4000000), wk =   0.0480000
        k(   26) = (   0.1000000   0.1000000  -0.5000000), wk =   0.0240000
        k(   27) = (   0.1000000   0.2000000   0.2000000), wk =   0.0480000
        k(   28) = (   0.1000000   0.2000000   0.3000000), wk =   0.0960000
        k(   29) = (   0.1000000   0.2000000   0.4000000), wk =   0.0960000
        k(   30) = (   0.1000000   0.2000000  -0.5000000), wk =   0.0480000
        k(   31) = (   0.1000000   0.3000000   0.3000000), wk =   0.0480000
        k(   32) = (   0.1000000   0.3000000   0.4000000), wk =   0.0960000
        k(   33) = (   0.1000000   0.3000000  -0.5000000), wk =   0.0480000
        k(   34) = (   0.1000000   0.4000000   0.4000000), wk =   0.0480000
        k(   35) = (   0.1000000   0.4000000  -0.5000000), wk =   0.0480000
        k(   36) = (   0.1000000  -0.5000000  -0.5000000), wk =   0.0120000
        k(   37) = (   0.2000000   0.2000000   0.2000000), wk =   0.0160000
        k(   38) = (   0.2000000   0.2000000   0.3000000), wk =   0.0480000
        k(   39) = (   0.2000000   0.2000000   0.4000000), wk =   0.0480000
        k(   40) = (   0.2000000   0.2000000  -0.5000000), wk =   0.0240000
        k(   41) = (   0.2000000   0.3000000   0.3000000), wk =   0.0480000
        k(   42) = (   0.2000000   0.3000000   0.4000000), wk =   0.0960000
        k(   43) = (   0.2000000   0.3000000  -0.5000000), wk =   0.0480000
        k(   44) = (   0.2000000   0.4000000   0.4000000), wk =   0.0480000
        k(   45) = (   0.2000000   0.4000000  -0.5000000), wk =   0.0480000
        k(   46) = (   0.2000000  -0.5000000  -0.5000000), wk =   0.0120000
        k(   47) = (   0.3000000   0.3000000   0.3000000), wk =   0.0160000
        k(   48) = (   0.3000000   0.3000000   0.4000000), wk =   0.0480000
        k(   49) = (   0.3000000   0.3000000  -0.5000000), wk =   0.0240000
        k(   50) = (   0.3000000   0.4000000   0.4000000), wk =   0.0480000
        k(   51) = (   0.3000000   0.4000000  -0.5000000), wk =   0.0480000
        k(   52) = (   0.3000000  -0.5000000  -0.5000000), wk =   0.0120000
        k(   53) = (   0.4000000   0.4000000   0.4000000), wk =   0.0160000
        k(   54) = (   0.4000000   0.4000000  -0.5000000), wk =   0.0240000
        k(   55) = (   0.4000000  -0.5000000  -0.5000000), wk =   0.0120000
        k(   56) = (  -0.5000000  -0.5000000  -0.5000000), wk =   0.0020000

     Dense  grid:   349419 G-vectors     FFT dimensions: (  90,  90,  90)

     Smooth grid:   123809 G-vectors     FFT dimensions: (  64,  64,  64)

     Estimated max dynamical RAM per process >     604.14 MB

     Estimated total dynamical RAM >       4.47 GB

     Initial potential from superposition of free atoms

     starting charge      49.9591, renormalised to      50.0000
     Starting wfcs are   27 randomized atomic wfcs +    3 random wfcs
     Checking if some PAW data can be deallocated... 

     total cpu time spent up to now is     3128.8 secs

     Self-consistent Calculation

     iteration #  1     ecut=   100.00 Ry     beta= 0.30
     Davidson diagonalization with overlap
     ethr =  1.00E-02,  avg # of iterations =  6.8

     Threshold (ethr) on eigenvalues was too large:
     Diagonalizing with lowered threshold

     Davidson diagonalization with overlap
     ethr =  5.87E-04,  avg # of iterations =  2.7

     total cpu time spent up to now is     3180.8 secs

     total energy              =    -842.52211236 Ry
     estimated scf accuracy    <       0.26648428 Ry

     iteration #  2     ecut=   100.00 Ry     beta= 0.30
     Davidson diagonalization with overlap
     ethr =  5.33E-04,  avg # of iterations =  2.2

     total cpu time spent up to now is     3206.3 secs

     total energy              =    -842.53492505 Ry
     estimated scf accuracy    <       0.04410485 Ry

     iteration #  3     ecut=   100.00 Ry     beta= 0.30
     Davidson diagonalization with overlap
     ethr =  8.82E-05,  avg # of iterations =  8.2

     total cpu time spent up to now is     3238.6 secs

     total energy              =    -842.54247660 Ry
     estimated scf accuracy    <       0.00601481 Ry

     iteration #  4     ecut=   100.00 Ry     beta= 0.30
     Davidson diagonalization with overlap
     ethr =  1.20E-05,  avg # of iterations =  9.4

     total cpu time spent up to now is     3272.3 secs

     total energy              =    -842.54337894 Ry
     estimated scf accuracy    <       0.00136664 Ry

     iteration #  5     ecut=   100.00 Ry     beta= 0.30
     Davidson diagonalization with overlap
     c_bands:  1 eigenvalues not converged
     ethr =  2.73E-06,  avg # of iterations =  7.9

     total cpu time spent up to now is     3305.2 secs

     total energy              =    -842.54364505 Ry
     estimated scf accuracy    <       0.00007996 Ry

     iteration #  6     ecut=   100.00 Ry     beta= 0.30
     Davidson diagonalization with overlap
     ethr =  1.60E-07,  avg # of iterations =  4.6

     total cpu time spent up to now is     3335.8 secs

     total energy              =    -842.54367238 Ry
     estimated scf accuracy    <       0.00001405 Ry

     iteration #  7     ecut=   100.00 Ry     beta= 0.30
     Davidson diagonalization with overlap
     ethr =  2.81E-08,  avg # of iterations =  3.1

     total cpu time spent up to now is     3364.3 secs

     total energy              =    -842.54367699 Ry
     estimated scf accuracy    <       0.00000122 Ry

     iteration #  8     ecut=   100.00 Ry     beta= 0.30
     Davidson diagonalization with overlap
     ethr =  2.43E-09,  avg # of iterations =  5.4

     total cpu time spent up to now is     3398.0 secs

     total energy              =    -842.54367838 Ry
     estimated scf accuracy    <       0.00000124 Ry

     iteration #  9     ecut=   100.00 Ry     beta= 0.30
     Davidson diagonalization with overlap
     ethr =  2.43E-09,  avg # of iterations =  2.0

     total cpu time spent up to now is     3424.4 secs

     total energy              =    -842.54367894 Ry
     estimated scf accuracy    <       0.00000005 Ry

     iteration # 10     ecut=   100.00 Ry     beta= 0.30
     Davidson diagonalization with overlap
     ethr =  1.03E-10,  avg # of iterations =  6.1

     total cpu time spent up to now is     3461.0 secs

     total energy              =    -842.54367916 Ry
     estimated scf accuracy    <       0.00000005 Ry

     iteration # 11     ecut=   100.00 Ry     beta= 0.30
     Davidson diagonalization with overlap
     ethr =  9.50E-11,  avg # of iterations =  2.0

     total cpu time spent up to now is     3487.3 secs

     total energy              =    -842.54367926 Ry
     estimated scf accuracy    <          1.7E-10 Ry

     iteration # 12     ecut=   100.00 Ry     beta= 0.30
     Davidson diagonalization with overlap
     ethr =  3.44E-13,  avg # of iterations = 10.9

     total cpu time spent up to now is     3535.7 secs

     End of self-consistent calculation

          k = 0.0000 0.0000 0.0000 ( 15515 PWs)   bands (ev):

  -121.0447 -75.2260 -75.2260 -75.2260 -15.4221 -10.2377  -9.5505  -9.5505
    -2.3534  -2.3534  -2.3534  -1.9609  -1.9609  -1.9609  -1.8559  -1.8559
     0.5769   0.5769   0.5769   2.5401   2.5401   2.5401   2.9163   2.9163
     2.9163   4.3269   9.5863   9.6995   9.6995  10.7691

          k = 0.0000 0.0000 0.1000 ( 15467 PWs)   bands (ev):

  -121.0447 -75.2259 -75.2259 -75.2259 -15.4209 -10.2253  -9.5641  -9.5499
    -2.3480  -2.3480  -2.3470  -1.9609  -1.9604  -1.9604  -1.8958  -1.8559
     0.5801   0.5810   0.5810   2.5181   2.5254   2.5254   2.7649   2.8945
     2.8945   4.5840   9.7160   9.8040   9.8061  10.8128

          k = 0.0000 0.0000 0.2000 ( 15455 PWs)   bands (ev):

  -121.0447 -75.2259 -75.2259 -75.2259 -15.4180 -10.1906  -9.6022  -9.5482
    -2.3340  -2.3340  -2.3323  -1.9947  -1.9607  -1.9584  -1.9584  -1.8558
     0.5907   0.5907   0.5963   2.4619   2.4660   2.4922   2.4922   2.8342
     2.8342   5.1845  10.0026  10.0939  10.1894  10.9412

          k = 0.0000 0.0000 0.3000 ( 15431 PWs)   bands (ev):

  -121.0447 -75.2259 -75.2259 -75.2259 -15.4143 -10.1407  -9.6560  -9.5462
    -2.3250  -2.3173  -2.3173  -2.1005  -1.9606  -1.9548  -1.9548  -1.8558
     0.6004   0.6004   0.6326   2.1697   2.3949   2.4651   2.4651   2.7495
     2.7495   5.9288  10.3668  10.4966  10.8104  11.1430

          k = 0.0000 0.0000 0.4000 ( 15455 PWs)   bands (ev):

  -121.0447 -75.2259 -75.2259 -75.2259 -15.4114 -10.0908  -9.7090  -9.5445
    -2.3427  -2.3043  -2.3043  -2.1581  -1.9604  -1.9506  -1.9506  -1.8557
     0.6060   0.6060   0.6785   1.9488   2.3425   2.4629   2.4629   2.6646
     2.6646   6.6273  10.7186  10.8780  11.3799  11.5075

          k = 0.0000 0.0000-0.5000 ( 15494 PWs)   bands (ev):

  -121.0447 -75.2259 -75.2259 -75.2259 -15.4102 -10.0677  -9.7332  -9.5439
    -2.3586  -2.2995  -2.2995  -2.1699  -1.9604  -1.9488  -1.9488  -1.8557
     0.6075   0.6075   0.7013   1.8646   2.3229   2.4725   2.4725   2.6225
     2.6225   6.9472  10.8683  11.0437  11.2047  11.5139

          k = 0.0000 0.1000 0.1000 ( 15464 PWs)   bands (ev):

  -121.0447 -75.2259 -75.2259 -75.2259 -15.4198 -10.2129  -9.5702  -9.5564
    -2.3580  -2.3424  -2.3277  -1.9636  -1.9602  -1.9576  -1.9132  -1.8773
     0.4156   0.5867   0.7604   2.4512   2.5100   2.5568   2.6124   2.8721
     2.9285   4.7912   9.8421   9.8962   9.9017  10.9167

          k = 0.0000 0.1000 0.2000 ( 15461 PWs)   bands (ev):

  -121.0447 -75.2259 -75.2259 -75.2259 -15.4170 -10.1778  -9.6047  -9.5575
    -2.3565  -2.3279  -2.3072  -2.0023  -1.9655  -1.9592  -1.9551  -1.8864
     0.2948   0.6009   0.9251   2.3114   2.4096   2.4748   2.5607   2.8098
     2.9024   5.3248  10.1173  10.1607  10.2574  11.0469

          k = 0.0000 0.1000 0.3000 ( 15447 PWs)   bands (ev):

  -121.0447 -75.2259 -75.2259 -75.2259 -15.4134 -10.1272  -9.6575  -9.5558
    -2.3479  -2.3103  -2.2983  -2.1079  -1.9655  -1.9578  -1.9532  -1.8892
     0.2280   0.6165   1.0565   2.0722   2.3253   2.4452   2.5542   2.7226
     2.8220   6.0294  10.4734  10.5429  10.8406  11.2415

          k = 0.0000 0.1000 0.4000 ( 15454 PWs)   bands (ev):

  -121.0447 -75.2259 -75.2259 -75.2259 -15.4105 -10.0763  -9.7102  -9.5541
    -2.3490  -2.3044  -2.2966  -2.1690  -1.9641  -1.9567  -1.9520  -1.8912
     0.2029   0.6272   1.1439   1.8858   2.2814   2.4413   2.5684   2.6350
     2.7212   6.7115  10.8246  10.9256  11.4702  11.5087

          k = 0.0000 0.1000-0.5000 ( 15470 PWs)   bands (ev):

  -121.0447 -75.2259 -75.2259 -75.2259 -15.4094 -10.0526  -9.7346  -9.5535
    -2.3593  -2.3056  -2.2915  -2.1829  -1.9633  -1.9563  -1.9516  -1.8919
     0.1980   0.6308   1.1761   1.8146   2.2676   2.4509   2.5911   2.6095
     2.6447   7.0290  10.9805  11.0702  11.1340  11.6000

          k = 0.0000 0.2000 0.2000 ( 15468 PWs)   bands (ev):

  -121.0447 -75.2259 -75.2259 -75.2259 -15.4143 -10.1415  -9.6209  -9.5749
    -2.3695  -2.3117  -2.2885  -2.0407  -1.9708  -1.9656  -1.9532  -1.9440
     0.0727   0.6274   1.2363   2.0872   2.3324   2.4340   2.6066   2.7426
     2.9671   5.7311  10.3311  10.4700  10.4797  11.3218

          k = 0.0000 0.2000 0.3000 ( 15440 PWs)   bands (ev):

  -121.0447 -75.2259 -75.2259 -75.2259 -15.4109 -10.0891  -9.6635  -9.5815
    -2.3697  -2.2918  -2.2865  -2.1294  -1.9808  -1.9734  -1.9630  -1.9542
    -0.0610   0.6597   1.4825   1.8825   2.2820   2.3962   2.6340   2.6487
     2.9518   6.3354  10.6418  10.8065  10.9946  11.5166

          k = 0.0000 0.2000 0.4000 ( 15449 PWs)   bands (ev):

  -121.0447 -75.2259 -75.2259 -75.2259 -15.4082 -10.0352  -9.7136  -9.5824
    -2.3633  -2.3066  -2.2759  -2.1974  -1.9881  -1.9725  -1.9720  -1.9574
    -0.1242   0.6852   1.6325   1.7416   2.2702   2.3858   2.5544   2.6683
     2.8765   6.9697  10.9827  11.1550  11.3137  11.5565

          k = 0.0000 0.2000-0.5000 ( 15452 PWs)   bands (ev):

  -121.0447 -75.2259 -75.2259 -75.2259 -15.4072 -10.0094  -9.7384  -9.5824
    -2.3615  -2.3210  -2.2698  -2.2162  -1.9901  -1.9758  -1.9708  -1.9598
    -0.1416   0.6947   1.6835   1.6880   2.2739   2.3949   2.5058   2.7073
     2.8132   7.2803  10.8345  11.2659  11.3414  11.7907

          k = 0.0000 0.3000 0.3000 ( 15458 PWs)   bands (ev):

  -121.0447 -75.2259 -75.2259 -75.2259 -15.4079 -10.0332  -9.6820  -9.6108
    -2.3799  -2.2906  -2.2682  -2.1727  -2.0688  -1.9801  -1.9797  -1.9591
    -0.2408   0.7156   1.7097   1.8303   2.2722   2.3451   2.5470   2.6967
     3.0279   6.8309  10.8484  11.2049  11.3563  11.7576

          k = 0.0000 0.3000 0.4000 ( 15457 PWs)   bands (ev):

  -121.0447 -75.2259 -75.2259 -75.2259 -15.4054  -9.9741  -9.7192  -9.6263
    -2.3758  -2.3145  -2.2484  -2.2339  -2.1066  -1.9942  -1.9815  -1.9667
    -0.3318   0.7631   1.5943   2.0362   2.3019   2.3210   2.4463   2.7585
     3.0238   7.4028  10.9195  11.2311  11.5525  11.7561

          k = 0.0000 0.3000-0.5000 ( 15440 PWs)   bands (ev):

  -121.0447 -75.2259 -75.2259 -75.2259 -15.4044  -9.9440  -9.7431  -9.6300
    -2.3650  -2.3390  -2.2574  -2.2407  -2.1144  -2.0001  -1.9799  -1.9720
    -0.3588   0.7818   1.5539   2.0914   2.3267   2.3306   2.3927   2.8009
     2.9949   7.7064  10.5642  11.5276  11.5317  11.8530

          k = 0.0000 0.4000 0.4000 ( 15446 PWs)   bands (ev):

  -121.0447 -75.2259 -75.2259 -75.2259 -15.4031  -9.9059  -9.7303  -9.6739
    -2.3770  -2.3317  -2.2759  -2.2243  -2.1884  -2.0126  -1.9870  -1.9776
    -0.4401   0.8325   1.4951   2.2769   2.2773   2.3452   2.3458   2.8510
     3.1029   7.9419  10.7060  10.8998  11.4663  11.7721

          k = 0.0000 0.4000-0.5000 ( 15452 PWs)   bands (ev):

  -121.0447 -75.2259 -75.2259 -75.2259 -15.4022  -9.8661  -9.7469  -9.6934
    -2.3655  -2.3526  -2.2997  -2.2145  -2.2091  -2.0198  -1.9871  -1.9843
    -0.4731   0.8610   1.4602   2.2723   2.2926   2.3325   2.3850   2.9003
     3.1197   8.2596  10.3683  10.7740  11.5452  11.7739

          k = 0.0000-0.5000-0.5000 ( 15500 PWs)   bands (ev):

  -121.0447 -75.2260 -75.2259 -75.2259 -15.4014  -9.8056  -9.7484  -9.7484
    -2.3575  -2.3575  -2.3310  -2.2381  -2.2036  -2.0274  -1.9898  -1.9898
    -0.5082   0.8940   1.4270   2.2517   2.2517   2.4065   2.4065   2.9462
     3.1643   8.6164  10.2977  10.2977  11.4862  11.8747

          k = 0.1000 0.1000 0.1000 ( 15462 PWs)   bands (ev):

  -121.0447 -75.2259 -75.2259 -75.2259 -15.4188 -10.2004  -9.5694  -9.5694
    -2.3549  -2.3549  -2.3062  -1.9630  -1.9630  -1.9562  -1.9136  -1.9136
     0.2572   0.7664   0.7664   2.4404   2.4404   2.4768   2.5955   2.9107
     2.9107   4.9689   9.9573   9.9834   9.9834  11.0332

          k = 0.1000 0.1000 0.2000 ( 15464 PWs)   bands (ev):

  -121.0447 -75.2259 -75.2259 -75.2259 -15.4160 -10.1650  -9.6060  -9.5675
    -2.3587  -2.3469  -2.2804  -2.0089  -1.9651  -1.9608  -1.9563  -1.9150
     0.0927   0.7815   0.9916   2.2351   2.3440   2.4211   2.6158   2.8609
     2.9005   5.4528  10.2117  10.2233  10.3119  11.1597

          k = 0.1000 0.1000 0.3000 ( 15428 PWs)   bands (ev):

  -121.0447 -75.2259 -75.2259 -75.2259 -15.4125 -10.1139  -9.6584  -9.5651
    -2.3521  -2.3375  -2.2680  -2.1151  -1.9678  -1.9590  -1.9565  -1.9176
    -0.0061   0.7984   1.1741   2.0075   2.2628   2.4158   2.6157   2.7901
     2.8140   6.1229  10.5519  10.5876  10.8493  11.3482

          k = 0.1000 0.1000 0.4000 ( 15474 PWs)   bands (ev):

  -121.0447 -75.2259 -75.2259 -75.2259 -15.4096 -10.0623  -9.7111  -9.5631
    -2.3524  -2.3302  -2.2715  -2.1799  -1.9689  -1.9629  -1.9510  -1.9210
    -0.0500   0.8105   1.2922   1.8442   2.2126   2.4567   2.6201   2.6862
     2.7157   6.7898  10.8835  10.9731  11.3715  11.4898

          k = 0.1000 0.1000-0.5000 ( 15496 PWs)   bands (ev):

  -121.0447 -75.2259 -75.2259 -75.2259 -15.4086 -10.0380  -9.7358  -9.5624
    -2.3608  -2.3276  -2.2720  -2.1966  -1.9693  -1.9647  -1.9482  -1.9229
    -0.0610   0.8146   1.3335   1.7835   2.1962   2.5431   2.5658   2.6391
     2.6680   7.1054  10.9761  11.0587  11.1602  11.7400

          k = 0.1000 0.2000 0.2000 ( 15447 PWs)   bands (ev):

  -121.0447 -75.2259 -75.2259 -75.2259 -15.4133 -10.1288  -9.6199  -9.5859
    -2.3722  -2.3476  -2.2528  -2.0445  -1.9808  -1.9673  -1.9619  -1.9526
    -0.1403   0.8811   1.2473   2.0383   2.2824   2.3582   2.6687   2.8232
     2.9551   5.8318  10.3977  10.4961  10.5031  11.4337

          k = 0.1000 0.2000 0.3000 ( 15447 PWs)   bands (ev):

  -121.0447 -75.2259 -75.2259 -75.2259 -15.4101 -10.0764  -9.6632  -9.5901
    -2.3752  -2.3437  -2.2422  -2.1357  -2.0009  -1.9748  -1.9683  -1.9521
    -0.2891   0.9248   1.5080   1.8563   2.2157   2.3475   2.6944   2.7455
     2.9410   6.4113  10.6926  10.7929  10.9520  11.5962

          k = 0.1000 0.2000 0.4000 ( 15463 PWs)   bands (ev):

  -121.0447 -75.2259 -75.2259 -75.2259 -15.4074 -10.0222  -9.7137  -9.5896
    -2.3697  -2.3456  -2.2508  -2.2071  -2.0075  -1.9853  -1.9691  -1.9515
    -0.3621   0.9531   1.6704   1.7350   2.1742   2.4046   2.6467   2.7123
     2.8681   7.0334  10.9475  11.1108  11.2722  11.4860

          k = 0.1000 0.2000-0.5000 ( 15446 PWs)   bands (ev):

  -121.0447 -75.2259 -75.2259 -75.2259 -15.4064  -9.9960  -9.7388  -9.5892
    -2.3658  -2.3530  -2.2537  -2.2305  -2.0093  -1.9899  -1.9689  -1.9515
    -0.3829   0.9632   1.6909   1.7217   2.1612   2.5030   2.5457   2.7293
     2.8155   7.3428  10.7211  11.2694  11.3436  11.7090

          k = 0.1000 0.3000 0.3000 ( 15484 PWs)   bands (ev):

  -121.0447 -75.2259 -75.2259 -75.2259 -15.4071 -10.0213  -9.6807  -9.6179
    -2.3895  -2.3459  -2.2333  -2.1783  -2.0832  -1.9891  -1.9745  -1.9546
    -0.4765   0.9999   1.7116   1.8426   2.1967   2.3022   2.6702   2.7500
     3.0214   6.8883  10.8736  11.0965  11.1895  11.6073

          k = 0.1000 0.3000 0.4000 ( 15451 PWs)   bands (ev):

  -121.0447 -75.2259 -75.2259 -75.2259 -15.4047  -9.9628  -9.7182  -9.6310
    -2.3881  -2.3539  -2.2463  -2.2374  -2.1169  -2.0014  -1.9757  -1.9584
    -0.5730   1.0532   1.6165   2.0289   2.1790   2.3578   2.5907   2.7915
     3.0205   7.4499  10.7946  11.1781  11.3821  11.6344

          k = 0.1000 0.3000-0.5000 ( 15432 PWs)   bands (ev):

  -121.0447 -75.2259 -75.2259 -75.2259 -15.4037  -9.9327  -9.7425  -9.6337
    -2.3748  -2.3715  -2.2694  -2.2472  -2.1236  -2.0059  -1.9749  -1.9610
    -0.6018   1.0734   1.5839   2.0681   2.1673   2.4460   2.5314   2.8159
     2.9958   7.7529  10.4492  11.3698  11.5813  11.6575

          k = 0.1000 0.4000 0.4000 ( 15436 PWs)   bands (ev):

  -121.0447 -75.2259 -75.2259 -75.2259 -15.4024  -9.8964  -9.7286  -9.6758
    -2.3929  -2.3650  -2.2821  -2.2466  -2.1940  -2.0084  -1.9801  -1.9678
    -0.6843   1.1312   1.5364   2.1560   2.1893   2.4232   2.5512   2.8663
     3.1028   7.9789  10.5711  10.7756  11.3192  11.7767

          k = 0.1000 0.4000-0.5000 ( 15432 PWs)   bands (ev):

  -121.0447 -75.2259 -75.2259 -75.2259 -15.4016  -9.8574  -9.7455  -9.6937
    -2.3825  -2.3804  -2.3067  -2.2517  -2.2136  -2.0091  -1.9801  -1.9740
    -0.7182   1.1626   1.5085   2.1684   2.1746   2.4922   2.5341   2.9055
     3.1212   8.2969  10.2528  10.6437  11.3401  11.8411

          k = 0.1000-0.5000-0.5000 ( 15412 PWs)   bands (ev):

  -121.0447 -75.2259 -75.2259 -75.2259 -15.4007  -9.7986  -9.7467  -9.7467
    -2.3824  -2.3824  -2.3310  -2.2560  -2.2414  -2.0058  -1.9822  -1.9822
    -0.7537   1.1996   1.4821   2.1657   2.1657   2.5392   2.5392   2.9471
     3.1661   8.6585  10.1819  10.1819  11.2763  11.9440

          k = 0.2000 0.2000 0.2000 ( 15456 PWs)   bands (ev):

  -121.0447 -75.2259 -75.2259 -75.2259 -15.4109 -10.0929  -9.6172  -9.6172
    -2.3794  -2.3794  -2.2231  -2.0527  -2.0527  -1.9731  -1.9599  -1.9599
    -0.4210   1.2763   1.2763   1.9110   2.2437   2.2437   2.7458   2.9237
     2.9237   6.1436  10.5942  10.5942  10.6274  11.6533

          k = 0.2000 0.2000 0.3000 ( 15447 PWs)   bands (ev):

  -121.0447 -75.2259 -75.2259 -75.2259 -15.4078 -10.0404  -9.6639  -9.6139
    -2.3906  -2.3888  -2.2196  -2.1524  -2.0605  -1.9877  -1.9640  -1.9529
    -0.6109   1.3128   1.6155   1.7867   2.1513   2.2590   2.7877   2.8868
     2.9271   6.6539  10.8067  10.8202  10.9130  11.6460

          k = 0.2000 0.2000 0.4000 ( 15461 PWs)   bands (ev):

  -121.0447 -75.2259 -75.2259 -75.2259 -15.4053  -9.9853  -9.7141  -9.6112
    -2.3966  -2.3853  -2.2447  -2.2290  -2.0655  -1.9989  -1.9658  -1.9483
    -0.7085   1.3427   1.7093   1.8077   2.0954   2.3699   2.7944   2.8232
     2.8639   7.2378  10.7280  11.1481  11.2088  11.4262

          k = 0.2000 0.2000-0.5000 ( 15448 PWs)   bands (ev):

  -121.0447 -75.2259 -75.2259 -75.2259 -15.4044  -9.9579  -9.7397  -9.6101
    -2.3997  -2.3808  -2.2617  -2.2550  -2.0672  -2.0028  -1.9662  -1.9467
    -0.7374   1.3542   1.6845   1.8537   2.0772   2.5008   2.7069   2.7904
     2.8582   7.5426  10.4487  11.3210  11.4643  11.5172

          k = 0.2000 0.3000 0.3000 ( 15452 PWs)   bands (ev):

  -121.0447 -75.2259 -75.2259 -75.2259 -15.4050  -9.9875  -9.6771  -9.6390
    -2.4155  -2.4077  -2.2321  -2.1896  -2.1276  -1.9971  -1.9635  -1.9517
    -0.8382   1.4987   1.7151   1.8768   2.1221   2.2238   2.8531   2.8611
     3.0043   7.0771  10.8708  10.8929  10.9331  11.7129

          k = 0.2000 0.3000 0.4000 ( 15433 PWs)   bands (ev):

  -121.0447 -75.2259 -75.2259 -75.2259 -15.4028  -9.9308  -9.7158  -9.6453
    -2.4277  -2.4127  -2.2683  -2.2585  -2.1495  -1.9997  -1.9649  -1.9498
    -0.9588   1.5710   1.6720   2.0172   2.0822   2.3889   2.8075   2.8746
     3.0124   7.6042  10.4881  10.9393  11.0795  11.5799

          k = 0.2000 0.3000-0.5000 ( 15438 PWs)   bands (ev):

  -121.0447 -75.2259 -75.2259 -75.2259 -15.4019  -9.9008  -9.7409  -9.6458
    -2.4330  -2.4076  -2.2903  -2.2900  -2.1537  -2.0000  -1.9654  -1.9493
    -0.9952   1.5961   1.6582   2.0358   2.0616   2.5494   2.7457   2.8680
     3.0015   7.9035  10.1663  10.9646  11.1847  11.5044

          k = 0.2000 0.4000 0.4000 ( 15423 PWs)   bands (ev):

  -121.0447 -75.2259 -75.2259 -75.2259 -15.4007  -9.8701  -9.7244  -9.6823
    -2.4377  -2.4344  -2.3136  -2.2911  -2.2132  -1.9919  -1.9658  -1.9543
    -1.0935   1.6418   1.6897   2.0719   2.0936   2.5605   2.7795   2.9192
     3.1026   8.0959  10.2531  10.4629  10.9925  11.8004

          k = 0.2000 0.4000-0.5000 ( 15444 PWs)   bands (ev):

  -121.0447 -75.2259 -75.2259 -75.2259 -15.3999  -9.8337  -9.7419  -9.6954
    -2.4444  -2.4330  -2.3381  -2.3143  -2.2290  -1.9871  -1.9661  -1.9576
    -1.1343   1.6333   1.7325   2.0709   2.0889   2.6817   2.7513   2.9286
     3.1252   8.4105   9.9644  10.3271  10.9683  11.7990

          k = 0.2000-0.5000-0.5000 ( 15420 PWs)   bands (ev):

  -121.0447 -75.2259 -75.2259 -75.2259 -15.3991  -9.7801  -9.7422  -9.7422
    -2.4424  -2.4424  -2.3630  -2.3307  -2.2530  -1.9757  -1.9666  -1.9666
    -1.1764   1.6244   1.7890   2.0758   2.0758   2.7532   2.7532   2.9496
     3.1708   8.7800   9.8916   9.8916  10.8926  12.0666

          k = 0.3000 0.3000 0.3000 ( 15486 PWs)   bands (ev):

  -121.0447 -75.2259 -75.2259 -75.2259 -15.4025  -9.9380  -9.6727  -9.6727
    -2.4486  -2.4486  -2.2749  -2.1990  -2.1990  -1.9937  -1.9533  -1.9533
    -1.1094   1.7211   1.9252   1.9252   2.1526   2.1526   2.9436   2.9861
     2.9861   7.4248  10.6648  10.6648  10.8234  11.7548

          k = 0.3000 0.3000 0.4000 ( 15437 PWs)   bands (ev):

  -121.0447 -75.2259 -75.2259 -75.2259 -15.4005  -9.8841  -9.7137  -9.6691
    -2.4756  -2.4601  -2.3326  -2.2722  -2.2043  -1.9866  -1.9564  -1.9470
    -1.2580   1.7315   1.9781   2.0152   2.0953   2.4548   2.9567   2.9851
     3.0160   7.8933  10.1819  10.5301  10.8252  11.6278

          k = 0.3000 0.3000-0.5000 ( 15440 PWs)   bands (ev):

  -121.0447 -75.2259 -75.2259 -75.2259 -15.3997  -9.8539  -9.7389  -9.6678
    -2.4859  -2.4555  -2.3632  -2.3038  -2.2060  -1.9834  -1.9580  -1.9449
    -1.3031   1.7373   2.0147   2.0197   2.0594   2.6580   2.9118   2.9506
     3.0359   8.1843   9.8592  10.4861  10.8607  11.4988

          k = 0.3000 0.4000 0.4000 ( 15447 PWs)   bands (ev):

  -121.0447 -75.2259 -75.2259 -75.2259 -15.3986  -9.8325  -9.7192  -9.6949
    -2.4999  -2.4935  -2.4008  -2.2958  -2.2504  -1.9734  -1.9533  -1.9471
    -1.4253   1.7713   2.0051   2.0222   2.2764   2.6496   2.9808   3.0119
     3.1029   8.3090   9.9161  10.0823  10.6743  11.6453

          k = 0.3000 0.4000-0.5000 ( 15416 PWs)   bands (ev):

  -121.0447 -75.2259 -75.2259 -75.2258 -15.3979  -9.8005  -9.7373  -9.7009
    -2.5109  -2.4950  -2.4349  -2.3177  -2.2595  -1.9671  -1.9543  -1.9471
    -1.4762   1.7841   2.0138   2.0199   2.3111   2.8112   2.9591   3.0033
     3.1310   8.6038   9.6370   9.9540  10.6337  11.5773

          k = 0.3000-0.5000-0.5000 ( 15440 PWs)   bands (ev):

  -121.0447 -75.2259 -75.2259 -75.2259 -15.3972  -9.7569  -9.7367  -9.7367
    -2.5097  -2.5097  -2.4720  -2.3305  -2.2771  -1.9562  -1.9533  -1.9533
    -1.5288   1.7968   2.0213   2.0213   2.3720   2.9526   2.9653   2.9653
     3.1766   8.9596   9.5568   9.5568  10.5534  11.6462

          k = 0.4000 0.4000 0.4000 ( 15402 PWs)   bands (ev):

  -121.0447 -75.2259 -75.2258 -75.2258 -15.3969  -9.7920  -9.7150  -9.7150
    -2.5372  -2.5372  -2.4771  -2.2978  -2.2978  -1.9598  -1.9459  -1.9459
    -1.6180   1.8682   1.9982   1.9982   2.6903   2.6903   3.0923   3.0923
     3.1148   8.6215   9.6747   9.6747  10.4790  11.5016

          k = 0.4000 0.4000-0.5000 ( 15374 PWs)   bands (ev):

  -121.0447 -75.2258 -75.2258 -75.2258 -15.3962  -9.7655  -9.7336  -9.7133
    -2.5536  -2.5427  -2.5131  -2.3215  -2.2983  -1.9535  -1.9475  -1.9435
    -1.6773   1.8994   1.9914   2.0007   2.7015   2.8747   3.0983   3.1008
     3.1464   8.8735   9.3914   9.5879  10.4242  11.4186

          k = 0.4000-0.5000-0.5000 ( 15384 PWs)   bands (ev):

  -121.0447 -75.2259 -75.2258 -75.2258 -15.3956  -9.7379  -9.7322  -9.7322
    -2.5603  -2.5603  -2.5505  -2.3302  -2.3114  -1.9461  -1.9454  -1.9454
    -1.7395   1.9343   1.9944   1.9944   2.7983   2.9550   3.1239   3.1239
     3.1814   9.1341   9.3012   9.3012  10.3596  11.3597

          k =-0.5000-0.5000-0.5000 ( 15312 PWs)   bands (ev):

  -121.0447 -75.2258 -75.2258 -75.2258 -15.3949  -9.7305  -9.7305  -9.7305
    -2.5789  -2.5789  -2.5789  -2.3302  -2.3302  -1.9430  -1.9430  -1.9430
    -1.8053   1.9865   1.9865   1.9865   2.9560   2.9560   3.1832   3.1832
     3.1832   9.2063   9.2063   9.2063  10.3170  11.2594

     the Fermi energy is     3.8171 ev

!    total energy              =    -842.54367935 Ry
     estimated scf accuracy    <          8.7E-11 Ry
     smearing contrib. (-TS)   =      -0.00000000 Ry
     internal energy E=F+TS    =    -842.54367935 Ry

     The total energy is F=E-TS. E is the sum of the following terms:
     one-electron contribution =    -532.79593918 Ry
     hartree contribution      =     285.00360472 Ry
     xc contribution           =     -95.66986134 Ry
     ewald contribution        =    -261.92867662 Ry
     one-center paw contrib.   =    -237.15280692 Ry

     convergence has been achieved in  12 iterations

     Forces acting on atoms (cartesian axes, Ry/au):

     atom    1 type  1   force =     0.00000000    0.00000000    0.00000000
     atom    2 type  2   force =     0.00000000    0.00000000    0.00000000
     atom    3 type  3   force =     0.00000000    0.00000000    0.00000000
     atom    4 type  3   force =     0.00000000    0.00000000    0.00000000
     atom    5 type  3   force =     0.00000000    0.00000000    0.00000000

     Total force =     0.000000     Total SCF correction =     0.000000


     Computing stress (Cartesian axis) and pressure

          total   stress  (Ry/bohr**3)                   (kbar)     P=      -11.88
  -0.00008077   0.00000000   0.00000000          -11.88        0.00        0.00
   0.00000000  -0.00008077   0.00000000            0.00      -11.88        0.00
   0.00000000   0.00000000  -0.00008077            0.00        0.00      -11.88


     BFGS Geometry Optimization
     Energy error            =      0.0E+00 Ry
     Gradient error          =      0.0E+00 Ry/Bohr

     bfgs converged in   1 scf cycles and   0 bfgs steps
     (criteria: energy <  1.0E-05 Ry, force <  1.0E-03 Ry/Bohr)

     End of BFGS Geometry Optimization

     Final energy             =    -842.5436793455 Ry
Begin final coordinates

ATOMIC_POSITIONS (crystal)
Cs               0.0000000000        0.0000000000        0.0000000000
Zn               0.5000000000        0.5000000000        0.5000000000
Cl               0.5000000000        0.5000000000        0.0000000000
Cl               0.5000000000        0.0000000000        0.5000000000
Cl               0.0000000000        0.5000000000        0.5000000000
End final coordinates



  ++++++++++++++++++++++++++++++++++++++++++++++++++++++++++++++++++++++++++++
     Doing work    9 /     9
  ++++++++++++++++++++++++++++++++++++++++++++++++++++++++++++++++++++++++++++


     Current dimensions of program PWSCF are:
     Max number of different atomic species (ntypx) = 10
     Max number of k-points (npk) = 120000
     Max angular momentum in pseudopotentials (lmaxx) =  4

     WARNING: check_stop already initialized

     Parallelization info
     --------------------
     sticks:   dense  smooth     PW     G-vecs:    dense   smooth      PW
     Min        3017    1510    421               177379    62591    9149
     Max        3032    1515    424               177500    62592    9200
     Sum        6049    3025    845               354879   125183   18349

     Using Pencil Decomposition



     bravais-lattice index     =            1
     lattice parameter (alat)  =       9.7571  a.u.
     unit-cell volume          =     928.8742 (a.u.)^3
     number of atoms/cell      =            5
     number of atomic types    =            3
     number of electrons       =        50.00
     number of Kohn-Sham states=           30
     kinetic-energy cutoff     =     100.0000  Ry
     charge density cutoff     =     800.0000  Ry
     scf convergence threshold =      1.0E-10
     mixing beta               =       0.3000
     number of iterations used =            8  plain     mixing
     energy convergence thresh.=      1.0E-05
     force convergence thresh. =      1.0E-03
     Exchange-correlation= PBE
                           (   1   4   3   4   0   0   0)
     nstep                     =           20


     celldm(1)=   9.757060  celldm(2)=   0.000000  celldm(3)=   0.000000
     celldm(4)=   0.000000  celldm(5)=   0.000000  celldm(6)=   0.000000

     crystal axes: (cart. coord. in units of alat)
               a(1) = (   1.000000   0.000000   0.000000 )  
               a(2) = (   0.000000   1.000000   0.000000 )  
               a(3) = (   0.000000   0.000000   1.000000 )  

     reciprocal axes: (cart. coord. in units 2 pi/alat)
               b(1) = (  1.000000  0.000000  0.000000 )  
               b(2) = (  0.000000  1.000000  0.000000 )  
               b(3) = (  0.000000  0.000000  1.000000 )  


     PseudoPot. # 1 for Cs read from file:
     /home/administrator/Downloads/BURAI/BURAI1.3/pseudopot/Cs.pbe-spn-rrkjus_psl.1.0.0.UPF
     MD5 check sum: 0e4a2db85f86c9a13762b1b689b65a6d
     Pseudo is Ultrasoft + core correction, Zval =  9.0
     Generated using "atomic" code by A. Dal Corso  v.5.1.2
     Using radial grid of 1251 points,  9 beta functions with: 
                l(1) =   0
                l(2) =   0
                l(3) =   0
                l(4) =   1
                l(5) =   1
                l(6) =   2
                l(7) =   2
                l(8) =   3
                l(9) =   3
     Q(r) pseudized with 0 coefficients 


     PseudoPot. # 2 for Zn read from file:
     /home/administrator/Downloads/BURAI/BURAI1.3/pseudopot/Zn.pbe-spn-kjpaw_psl.1.0.0.UPF
     MD5 check sum: 9ae49ce97c5e3111e3f06ee7e23c2246
     Pseudo is Projector augmented-wave + core cor, Zval = 20.0
     Generated using "atomic" code by A. Dal Corso  v.5.1.2
     Shape of augmentation charge: PSQ
     Using radial grid of 1201 points,  6 beta functions with: 
                l(1) =   0
                l(2) =   0
                l(3) =   1
                l(4) =   1
                l(5) =   2
                l(6) =   2
     Q(r) pseudized with 0 coefficients 


     PseudoPot. # 3 for Cl read from file:
     /home/administrator/Downloads/BURAI/BURAI1.3/pseudopot/Cl.pbe-n-kjpaw_psl.1.0.0.UPF
     MD5 check sum: d11ac872591ccaf6ebdc6d6d0c764b72
     Pseudo is Projector augmented-wave + core cor, Zval =  7.0
     Generated using "atomic" code by A. Dal Corso  v.5.1.2
     Shape of augmentation charge: PSQ
     Using radial grid of 1157 points,  6 beta functions with: 
                l(1) =   0
                l(2) =   0
                l(3) =   1
                l(4) =   1
                l(5) =   2
                l(6) =   2
     Q(r) pseudized with 0 coefficients 


     atomic species   valence    mass     pseudopotential
     Cs                9.00   132.90550     Cs( 1.00)
     Zn               20.00    65.38000     Zn( 1.00)
     Cl                7.00    35.45300     Cl( 1.00)

     48 Sym. Ops., with inversion, found



   Cartesian axes

     site n.     atom                  positions (alat units)
         1        Cs     tau(   1) = (   0.0000000   0.0000000   0.0000000  )
         2        Zn     tau(   2) = (   0.5000000   0.5000000   0.5000000  )
         3        Cl     tau(   3) = (   0.5000000   0.5000000   0.0000000  )
         4        Cl     tau(   4) = (   0.5000000   0.0000000   0.5000000  )
         5        Cl     tau(   5) = (   0.0000000   0.5000000   0.5000000  )

     number of k points=    56  Gaussian smearing, width (Ry)=  0.0050
                       cart. coord. in units 2pi/alat
        k(    1) = (   0.0000000   0.0000000   0.0000000), wk =   0.0020000
        k(    2) = (   0.0000000   0.0000000   0.1000000), wk =   0.0120000
        k(    3) = (   0.0000000   0.0000000   0.2000000), wk =   0.0120000
        k(    4) = (   0.0000000   0.0000000   0.3000000), wk =   0.0120000
        k(    5) = (   0.0000000   0.0000000   0.4000000), wk =   0.0120000
        k(    6) = (   0.0000000   0.0000000  -0.5000000), wk =   0.0060000
        k(    7) = (   0.0000000   0.1000000   0.1000000), wk =   0.0240000
        k(    8) = (   0.0000000   0.1000000   0.2000000), wk =   0.0480000
        k(    9) = (   0.0000000   0.1000000   0.3000000), wk =   0.0480000
        k(   10) = (   0.0000000   0.1000000   0.4000000), wk =   0.0480000
        k(   11) = (   0.0000000   0.1000000  -0.5000000), wk =   0.0240000
        k(   12) = (   0.0000000   0.2000000   0.2000000), wk =   0.0240000
        k(   13) = (   0.0000000   0.2000000   0.3000000), wk =   0.0480000
        k(   14) = (   0.0000000   0.2000000   0.4000000), wk =   0.0480000
        k(   15) = (   0.0000000   0.2000000  -0.5000000), wk =   0.0240000
        k(   16) = (   0.0000000   0.3000000   0.3000000), wk =   0.0240000
        k(   17) = (   0.0000000   0.3000000   0.4000000), wk =   0.0480000
        k(   18) = (   0.0000000   0.3000000  -0.5000000), wk =   0.0240000
        k(   19) = (   0.0000000   0.4000000   0.4000000), wk =   0.0240000
        k(   20) = (   0.0000000   0.4000000  -0.5000000), wk =   0.0240000
        k(   21) = (   0.0000000  -0.5000000  -0.5000000), wk =   0.0060000
        k(   22) = (   0.1000000   0.1000000   0.1000000), wk =   0.0160000
        k(   23) = (   0.1000000   0.1000000   0.2000000), wk =   0.0480000
        k(   24) = (   0.1000000   0.1000000   0.3000000), wk =   0.0480000
        k(   25) = (   0.1000000   0.1000000   0.4000000), wk =   0.0480000
        k(   26) = (   0.1000000   0.1000000  -0.5000000), wk =   0.0240000
        k(   27) = (   0.1000000   0.2000000   0.2000000), wk =   0.0480000
        k(   28) = (   0.1000000   0.2000000   0.3000000), wk =   0.0960000
        k(   29) = (   0.1000000   0.2000000   0.4000000), wk =   0.0960000
        k(   30) = (   0.1000000   0.2000000  -0.5000000), wk =   0.0480000
        k(   31) = (   0.1000000   0.3000000   0.3000000), wk =   0.0480000
        k(   32) = (   0.1000000   0.3000000   0.4000000), wk =   0.0960000
        k(   33) = (   0.1000000   0.3000000  -0.5000000), wk =   0.0480000
        k(   34) = (   0.1000000   0.4000000   0.4000000), wk =   0.0480000
        k(   35) = (   0.1000000   0.4000000  -0.5000000), wk =   0.0480000
        k(   36) = (   0.1000000  -0.5000000  -0.5000000), wk =   0.0120000
        k(   37) = (   0.2000000   0.2000000   0.2000000), wk =   0.0160000
        k(   38) = (   0.2000000   0.2000000   0.3000000), wk =   0.0480000
        k(   39) = (   0.2000000   0.2000000   0.4000000), wk =   0.0480000
        k(   40) = (   0.2000000   0.2000000  -0.5000000), wk =   0.0240000
        k(   41) = (   0.2000000   0.3000000   0.3000000), wk =   0.0480000
        k(   42) = (   0.2000000   0.3000000   0.4000000), wk =   0.0960000
        k(   43) = (   0.2000000   0.3000000  -0.5000000), wk =   0.0480000
        k(   44) = (   0.2000000   0.4000000   0.4000000), wk =   0.0480000
        k(   45) = (   0.2000000   0.4000000  -0.5000000), wk =   0.0480000
        k(   46) = (   0.2000000  -0.5000000  -0.5000000), wk =   0.0120000
        k(   47) = (   0.3000000   0.3000000   0.3000000), wk =   0.0160000
        k(   48) = (   0.3000000   0.3000000   0.4000000), wk =   0.0480000
        k(   49) = (   0.3000000   0.3000000  -0.5000000), wk =   0.0240000
        k(   50) = (   0.3000000   0.4000000   0.4000000), wk =   0.0480000
        k(   51) = (   0.3000000   0.4000000  -0.5000000), wk =   0.0480000
        k(   52) = (   0.3000000  -0.5000000  -0.5000000), wk =   0.0120000
        k(   53) = (   0.4000000   0.4000000   0.4000000), wk =   0.0160000
        k(   54) = (   0.4000000   0.4000000  -0.5000000), wk =   0.0240000
        k(   55) = (   0.4000000  -0.5000000  -0.5000000), wk =   0.0120000
        k(   56) = (  -0.5000000  -0.5000000  -0.5000000), wk =   0.0020000

     Dense  grid:   354879 G-vectors     FFT dimensions: (  90,  90,  90)

     Smooth grid:   125183 G-vectors     FFT dimensions: (  64,  64,  64)

     Estimated max dynamical RAM per process >     612.75 MB

     Estimated total dynamical RAM >       4.53 GB

     Initial potential from superposition of free atoms

     starting charge      49.9591, renormalised to      50.0000
     Starting wfcs are   27 randomized atomic wfcs +    3 random wfcs
     Checking if some PAW data can be deallocated... 

     total cpu time spent up to now is     3582.0 secs

     Self-consistent Calculation

     iteration #  1     ecut=   100.00 Ry     beta= 0.30
     Davidson diagonalization with overlap
     ethr =  1.00E-02,  avg # of iterations =  6.8

     Threshold (ethr) on eigenvalues was too large:
     Diagonalizing with lowered threshold

     Davidson diagonalization with overlap
     ethr =  5.93E-04,  avg # of iterations =  2.4

     total cpu time spent up to now is     3634.2 secs

     total energy              =    -842.52062806 Ry
     estimated scf accuracy    <       0.27062611 Ry

     iteration #  2     ecut=   100.00 Ry     beta= 0.30
     Davidson diagonalization with overlap
     ethr =  5.41E-04,  avg # of iterations =  2.1

     total cpu time spent up to now is     3659.7 secs

     total energy              =    -842.53302803 Ry
     estimated scf accuracy    <       0.04498085 Ry

     iteration #  3     ecut=   100.00 Ry     beta= 0.30
     Davidson diagonalization with overlap
     c_bands:  1 eigenvalues not converged
     c_bands:  1 eigenvalues not converged
     ethr =  9.00E-05,  avg # of iterations =  8.9

     total cpu time spent up to now is     3693.2 secs

     total energy              =    -842.54134556 Ry
     estimated scf accuracy    <       0.00599714 Ry

     iteration #  4     ecut=   100.00 Ry     beta= 0.30
     Davidson diagonalization with overlap
     ethr =  1.20E-05,  avg # of iterations =  8.4

     total cpu time spent up to now is     3726.0 secs

     total energy              =    -842.54212733 Ry
     estimated scf accuracy    <       0.00147535 Ry

     iteration #  5     ecut=   100.00 Ry     beta= 0.30
     Davidson diagonalization with overlap
     c_bands:  1 eigenvalues not converged
     c_bands:  1 eigenvalues not converged
     ethr =  2.95E-06,  avg # of iterations =  8.6

     total cpu time spent up to now is     3759.1 secs

     total energy              =    -842.54239874 Ry
     estimated scf accuracy    <       0.00008205 Ry

     iteration #  6     ecut=   100.00 Ry     beta= 0.30
     Davidson diagonalization with overlap
     ethr =  1.64E-07,  avg # of iterations =  4.8

     total cpu time spent up to now is     3789.7 secs

     total energy              =    -842.54242919 Ry
     estimated scf accuracy    <       0.00001055 Ry

     iteration #  7     ecut=   100.00 Ry     beta= 0.30
     Davidson diagonalization with overlap
     ethr =  2.11E-08,  avg # of iterations =  4.1

     total cpu time spent up to now is     3820.2 secs

     total energy              =    -842.54243369 Ry
     estimated scf accuracy    <       0.00000073 Ry

     iteration #  8     ecut=   100.00 Ry     beta= 0.30
     Davidson diagonalization with overlap
     ethr =  1.47E-09,  avg # of iterations =  5.6

     total cpu time spent up to now is     3854.3 secs

     total energy              =    -842.54243474 Ry
     estimated scf accuracy    <       0.00000101 Ry

     iteration #  9     ecut=   100.00 Ry     beta= 0.30
     Davidson diagonalization with overlap
     ethr =  1.47E-09,  avg # of iterations =  2.0

     total cpu time spent up to now is     3881.8 secs

     total energy              =    -842.54243534 Ry
     estimated scf accuracy    <       0.00000003 Ry

     iteration # 10     ecut=   100.00 Ry     beta= 0.30
     Davidson diagonalization with overlap
     ethr =  6.52E-11,  avg # of iterations =  5.9

     total cpu time spent up to now is     3917.7 secs

     total energy              =    -842.54243555 Ry
     estimated scf accuracy    <       0.00000004 Ry

     iteration # 11     ecut=   100.00 Ry     beta= 0.30
     Davidson diagonalization with overlap
     ethr =  6.52E-11,  avg # of iterations =  2.0

     total cpu time spent up to now is     3944.1 secs

     total energy              =    -842.54243565 Ry
     estimated scf accuracy    <          3.8E-10 Ry

     iteration # 12     ecut=   100.00 Ry     beta= 0.30
     Davidson diagonalization with overlap
     ethr =  7.66E-13,  avg # of iterations =  8.5

     total cpu time spent up to now is     3985.9 secs

     total energy              =    -842.54243570 Ry
     estimated scf accuracy    <          5.0E-10 Ry

     iteration # 13     ecut=   100.00 Ry     beta= 0.30
     Davidson diagonalization with overlap
     ethr =  7.66E-13,  avg # of iterations =  2.1

     total cpu time spent up to now is     4013.2 secs

     End of self-consistent calculation

          k = 0.0000 0.0000 0.0000 ( 15659 PWs)   bands (ev):

  -121.2166 -75.3978 -75.3978 -75.3978 -15.5939 -10.3425  -9.6806  -9.6806
    -2.5123  -2.5123  -2.5123  -2.1287  -2.1287  -2.1287  -2.0295  -2.0295
     0.4688   0.4688   0.4688   2.4058   2.4058   2.4058   2.7631   2.7631
     2.7631   4.1229   9.3918   9.5622   9.5622  10.6263

          k = 0.0000 0.0000 0.1000 ( 15651 PWs)   bands (ev):

  -121.2166 -75.3978 -75.3978 -75.3978 -15.5929 -10.3305  -9.6936  -9.6800
    -2.5073  -2.5073  -2.5063  -2.1287  -2.1283  -2.1283  -2.0670  -2.0295
     0.4690   0.4734   0.4734   2.3847   2.3915   2.3915   2.6127   2.7421
     2.7421   4.3797   9.5213   9.6642   9.6642  10.6693

          k = 0.0000 0.0000 0.2000 ( 15703 PWs)   bands (ev):

  -121.2166 -75.3978 -75.3978 -75.3978 -15.5902 -10.2966  -9.7302  -9.6785
    -2.4944  -2.4944  -2.4926  -2.1609  -2.1286  -2.1267  -2.1267  -2.0294
     0.4774   0.4848   0.4848   2.3198   2.3308   2.3587   2.3587   2.6841
     2.6841   4.9753   9.8252   9.9474  10.0173  10.7958

          k = 0.0000 0.0000 0.3000 ( 15711 PWs)   bands (ev):

  -121.2166 -75.3978 -75.3978 -75.3978 -15.5869 -10.2478  -9.7820  -9.6765
    -2.4842  -2.4789  -2.4789  -2.2635  -2.1284  -2.1237  -2.1237  -2.0294
     0.4969   0.4969   0.5038   2.0332   2.2664   2.3309   2.3309   2.6031
     2.6031   5.7097  10.1881  10.3406  10.6217  10.9944

          k = 0.0000 0.0000 0.4000 ( 15707 PWs)   bands (ev):

  -121.2166 -75.3978 -75.3978 -75.3978 -15.5842 -10.1990  -9.8333  -9.6750
    -2.4968  -2.4668  -2.4668  -2.3235  -2.1283  -2.1203  -2.1203  -2.0293
     0.5049   0.5049   0.5404   1.8221   2.2161   2.3261   2.3261   2.5228
     2.5228   6.3950  10.5306  10.7125  11.2264  11.3053

          k = 0.0000 0.0000-0.5000 ( 15624 PWs)   bands (ev):

  -121.2166 -75.3978 -75.3978 -75.3977 -15.5832 -10.1763  -9.8568  -9.6744
    -2.5098  -2.4624  -2.4624  -2.3373  -2.1282  -2.1187  -2.1187  -2.0293
     0.5075   0.5075   0.5590   1.7424   2.1972   2.3332   2.3332   2.4839
     2.4839   6.7070  10.6802  10.8738  10.9804  11.3564

          k = 0.0000 0.1000 0.1000 ( 15672 PWs)   bands (ev):

  -121.2166 -75.3978 -75.3978 -75.3978 -15.5919 -10.3184  -9.6995  -9.6863
    -2.5167  -2.5021  -2.4885  -2.1312  -2.1282  -2.1258  -2.0836  -2.0495
     0.3081   0.4796   0.6467   2.3190   2.3765   2.4222   2.4643   2.7205
     2.7748   4.5858   9.6450   9.7527   9.7603  10.7700

          k = 0.0000 0.1000 0.2000 ( 15690 PWs)   bands (ev):

  -121.2166 -75.3978 -75.3978 -75.3978 -15.5893 -10.2841  -9.7326  -9.6874
    -2.5153  -2.4887  -2.4696  -2.1681  -2.1330  -2.1275  -2.1236  -2.0580
     0.1861   0.4952   0.8062   2.1736   2.2758   2.3420   2.4260   2.6606
     2.7495   5.1147   9.9402  10.0104  10.0863  10.8989

          k = 0.0000 0.1000 0.3000 ( 15698 PWs)   bands (ev):

  -121.2166 -75.3978 -75.3978 -75.3978 -15.5860 -10.2348  -9.7834  -9.6858
    -2.5066  -2.4725  -2.4606  -2.2701  -2.1330  -2.1266  -2.1222  -2.0605
     0.1163   0.5128   0.9328   1.9396   2.1959   2.3119   2.4196   2.5770
     2.6724   5.8098  10.2941  10.3856  10.6541  11.0897

          k = 0.0000 0.1000 0.4000 ( 15702 PWs)   bands (ev):

  -121.2166 -75.3978 -75.3978 -75.3978 -15.5834 -10.1851  -9.8344  -9.6842
    -2.5041  -2.4663  -2.4597  -2.3331  -2.1317  -2.1258  -2.1215  -2.0622
     0.0880   0.5256   1.0165   1.7609   2.1526   2.3056   2.4323   2.4940
     2.5761   6.4789  10.6334  10.7601  11.2713  11.3134

          k = 0.0000 0.1000-0.5000 ( 15708 PWs)   bands (ev):

  -121.2166 -75.3978 -75.3978 -75.3978 -15.5824 -10.1619  -9.8581  -9.6836
    -2.5110  -2.4683  -2.4550  -2.3488  -2.1309  -2.1255  -2.1213  -2.0629
     0.0819   0.5300   1.0469   1.6934   2.1389   2.3128   2.4534   2.4704
     2.5038   6.7884  10.7838  10.8750  10.9455  11.7174

          k = 0.0000 0.2000 0.2000 ( 15716 PWs)   bands (ev):

  -121.2166 -75.3978 -75.3978 -75.3978 -15.5868 -10.2490  -9.7481  -9.7041
    -2.5275  -2.4737  -2.4525  -2.2051  -2.1378  -2.1330  -2.1221  -2.1121
    -0.0363   0.5222   1.1101   1.9546   2.2023   2.3024   2.4699   2.5957
     2.8122   5.5174  10.1820  10.2636  10.3265  11.1643

          k = 0.0000 0.2000 0.3000 ( 15712 PWs)   bands (ev):

  -121.2166 -75.3978 -75.3978 -75.3978 -15.5838 -10.1980  -9.7890  -9.7105
    -2.5274  -2.4553  -2.4505  -2.2901  -2.1455  -2.1403  -2.1313  -2.1232
    -0.1734   0.5555   1.3506   1.7565   2.1525   2.2650   2.4955   2.5056
     2.7982   6.1137  10.4862  10.6129  10.8151  11.3554

          k = 0.0000 0.2000 0.4000 ( 15697 PWs)   bands (ev):

  -121.2166 -75.3978 -75.3978 -75.3978 -15.5813 -10.1456  -9.8375  -9.7113
    -2.5196  -2.4684  -2.4405  -2.3582  -2.1520  -2.1398  -2.1395  -2.1263
    -0.2402   0.5821   1.4983   1.6204   2.1392   2.2530   2.4159   2.5265
     2.7277   6.7359  10.8000  10.9575  11.1145  11.3698

          k = 0.0000 0.2000-0.5000 ( 15690 PWs)   bands (ev):

  -121.2166 -75.3978 -75.3978 -75.3978 -15.5804 -10.1204  -9.8615  -9.7113
    -2.5147  -2.4834  -2.4349  -2.3784  -2.1537  -2.1433  -2.1378  -2.1288
    -0.2592   0.5921   1.5481   1.5695   2.1418   2.2598   2.3706   2.5601
     2.6704   7.0384  10.6221  11.0882  11.1524  11.5999

          k = 0.0000 0.3000 0.3000 ( 15696 PWs)   bands (ev):

  -121.2166 -75.3978 -75.3978 -75.3978 -15.5810 -10.1440  -9.8068  -9.7387
    -2.5372  -2.4554  -2.4335  -2.3320  -2.2255  -2.1474  -2.1461  -2.1278
    -0.3568   0.6108   1.5892   1.6915   2.1417   2.2157   2.4076   2.5533
     2.8730   6.6038  10.6882  10.9916  11.1831  11.5341

          k = 0.0000 0.3000 0.4000 ( 15685 PWs)   bands (ev):

  -121.2166 -75.3978 -75.3978 -75.3978 -15.5788 -10.0869  -9.8426  -9.7535
    -2.5328  -2.4775  -2.4153  -2.3913  -2.2607  -2.1601  -2.1478  -2.1349
    -0.4516   0.6579   1.4775   1.8955   2.1680   2.1914   2.3113   2.6081
     2.8720   7.1655  10.7125  11.0501  11.3450  11.5484

          k = 0.0000 0.3000-0.5000 ( 15690 PWs)   bands (ev):

  -121.2166 -75.3979 -75.3978 -75.3978 -15.5779 -10.0577  -9.8657  -9.7570
    -2.5205  -2.5011  -2.4151  -2.4082  -2.2682  -2.1653  -2.1462  -2.1397
    -0.4801   0.6765   1.4384   1.9517   2.1943   2.1953   2.2609   2.6439
     2.8478   7.4608  10.3601  11.3189  11.3567  11.6065

          k = 0.0000 0.4000 0.4000 ( 15668 PWs)   bands (ev):

  -121.2166 -75.3978 -75.3978 -75.3978 -15.5767 -10.0213  -9.8531  -9.7992
    -2.5347  -2.4951  -2.4312  -2.3932  -2.3349  -2.1767  -2.1529  -2.1446
    -0.5635   0.7256   1.3806   2.1349   2.1490   2.2090   2.2138   2.6903
     2.9510   7.6958  10.5001  10.6852  11.2847  11.5830

          k = 0.0000 0.4000-0.5000 ( 15678 PWs)   bands (ev):

  -121.2166 -75.3978 -75.3978 -75.3978 -15.5759  -9.9830  -9.8692  -9.8178
    -2.5236  -2.5147  -2.4541  -2.3844  -2.3542  -2.1832  -2.1529  -2.1506
    -0.5979   0.7533   1.3465   2.1438   2.1639   2.1918   2.2455   2.7335
     2.9695   8.0039  10.1694  10.5611  11.3602  11.5977

          k = 0.0000-0.5000-0.5000 ( 15676 PWs)   bands (ev):

  -121.2166 -75.3978 -75.3978 -75.3978 -15.5751  -9.9249  -9.8705  -9.8705
    -2.5197  -2.5197  -2.4806  -2.3806  -2.3745  -2.1900  -2.1555  -2.1555
    -0.6342   0.7852   1.3140   2.1243   2.1243   2.2658   2.2658   2.7754
     3.0129   8.3471  10.1006  10.1006  11.3022  11.6982

          k = 0.1000 0.1000 0.1000 ( 15684 PWs)   bands (ev):

  -121.2166 -75.3978 -75.3978 -75.3978 -15.5909 -10.3062  -9.6988  -9.6988
    -2.5138  -2.5138  -2.4686  -2.1307  -2.1307  -2.1247  -2.0839  -2.0839
     0.1534   0.6531   0.6531   2.3087   2.3087   2.3320   2.4598   2.7578
     2.7578   4.7624   9.7569   9.8406   9.8406  10.8824

          k = 0.1000 0.1000 0.2000 ( 15708 PWs)   bands (ev):

  -121.2166 -75.3978 -75.3978 -75.3978 -15.5884 -10.2717  -9.7339  -9.6970
    -2.5173  -2.5064  -2.4449  -2.1742  -2.1328  -2.1288  -2.1249  -2.0852
    -0.0105   0.6694   0.8712   2.0975   2.2141   2.2895   2.4796   2.7104
     2.7476   5.2419  10.0330  10.0759  10.1390  11.0068

          k = 0.1000 0.1000 0.3000 ( 15685 PWs)   bands (ev):

  -121.2166 -75.3978 -75.3978 -75.3978 -15.5852 -10.2220  -9.7843  -9.6947
    -2.5106  -2.4977  -2.4331  -2.2766  -2.1354  -2.1275  -2.1251  -2.0875
    -0.1116   0.6883   1.0478   1.8774   2.1335   2.2838   2.4796   2.6431
     2.6638   5.9030  10.3708  10.4322  10.6651  11.1916

          k = 0.1000 0.1000 0.4000 ( 15702 PWs)   bands (ev):

  -121.2166 -75.3978 -75.3978 -75.3978 -15.5826 -10.1716  -9.8352  -9.6929
    -2.5077  -2.4910  -2.4361  -2.3427  -2.1368  -2.1308  -2.1205  -2.0904
    -0.1583   0.7022   1.1618   1.7208   2.0829   2.3221   2.4834   2.5407
     2.5727   6.5572  10.6892  10.8084  11.1658  11.2996

          k = 0.1000 0.1000-0.5000 ( 15726 PWs)   bands (ev):

  -121.2166 -75.3979 -75.3978 -75.3978 -15.5817 -10.1478  -9.8591  -9.6922
    -2.5130  -2.4885  -2.4374  -2.3608  -2.1373  -2.1323  -2.1182  -2.0919
    -0.1707   0.7072   1.2016   1.6630   2.0663   2.4038   2.4258   2.5008
     2.5279   6.8647  10.7479  10.8841  10.9906  11.5703

          k = 0.1000 0.2000 0.2000 ( 15684 PWs)   bands (ev):

  -121.2166 -75.3978 -75.3978 -75.3978 -15.5860 -10.2367  -9.7472  -9.7146
    -2.5300  -2.5071  -2.4197  -2.2083  -2.1463  -2.1349  -2.1303  -2.1217
    -0.2417   0.7665   1.1212   1.9075   2.1529   2.2274   2.5308   2.6743
     2.8009   5.6177  10.2471  10.3007  10.3438  11.2681

          k = 0.1000 0.2000 0.3000 ( 15718 PWs)   bands (ev):

  -121.2166 -75.3979 -75.3978 -75.3978 -15.5830 -10.1857  -9.7888  -9.7187
    -2.5327  -2.5034  -2.4100  -2.2956  -2.1648  -2.1421  -2.1358  -2.1214
    -0.3924   0.8104   1.3755   1.7315   2.0859   2.2165   2.5552   2.5999
     2.7880   6.1898  10.5351  10.6047  10.7749  11.4229

          k = 0.1000 0.2000 0.4000 ( 15692 PWs)   bands (ev):

  -121.2166 -75.3978 -75.3978 -75.3978 -15.5806 -10.1331  -9.8375  -9.7183
    -2.5264  -2.5046  -2.4171  -2.3669  -2.1708  -2.1517  -2.1365  -2.1211
    -0.4684   0.8397   1.5352   1.6142   2.0430   2.2705   2.5046   2.5709
     2.7201   6.8001  10.7417  10.9375  11.0830  11.3036

          k = 0.1000 0.2000-0.5000 ( 15704 PWs)   bands (ev):

  -121.2166 -75.3978 -75.3978 -75.3978 -15.5797 -10.1076  -9.8618  -9.7179
    -2.5196  -2.5125  -2.4211  -2.3904  -2.1724  -2.1558  -2.1364  -2.1212
    -0.4905   0.8502   1.5722   1.5857   2.0293   2.3630   2.4081   2.5845
     2.6730   7.1014  10.5084  11.0894  11.1722  11.5201

          k = 0.1000 0.3000 0.3000 ( 15709 PWs)   bands (ev):

  -121.2166 -75.3978 -75.3978 -75.3978 -15.5803 -10.1325  -9.8055  -9.7455
    -2.5464  -2.5058  -2.4026  -2.3367  -2.2402  -2.1550  -2.1416  -2.1238
    -0.5818   0.8838   1.5911   1.7036   2.0658   2.1714   2.5282   2.6067
     2.8670   6.6619  10.7110  10.8922  11.0066  11.4173

          k = 0.1000 0.3000 0.4000 ( 15694 PWs)   bands (ev):

  -121.2166 -75.3978 -75.3978 -75.3978 -15.5781 -10.0760  -9.8417  -9.7580
    -2.5449  -2.5135  -2.4103  -2.3975  -2.2714  -2.1662  -2.1427  -2.1275
    -0.6815   0.9364   1.4986   1.8894   2.0463   2.2231   2.4520   2.6423
     2.8691   7.2137  10.5854  10.9967  11.1796  11.4471

          k = 0.1000 0.3000-0.5000 ( 15648 PWs)   bands (ev):

  -121.2166 -75.3978 -75.3978 -75.3978 -15.5773 -10.0469  -9.8652  -9.7606
    -2.5308  -2.5305  -2.4246  -2.4151  -2.2779  -2.1703  -2.1420  -2.1300
    -0.7116   0.9564   1.4668   1.9304   2.0338   2.3074   2.3947   2.6612
     2.8488   7.5085  10.2459  11.1594  11.4025  11.4784

          k = 0.1000 0.4000 0.4000 ( 15679 PWs)   bands (ev):

  -121.2166 -75.3978 -75.3978 -75.3978 -15.5761 -10.0123  -9.8516  -9.8010
    -2.5501  -2.5251  -2.4359  -2.4143  -2.3414  -2.1729  -2.1468  -2.1360
    -0.7958   1.0121   1.4197   2.0213   2.0553   2.2840   2.4142   2.7068
     2.9510   7.7343  10.3672  10.5620  11.1373  11.5928

          k = 0.1000 0.4000-0.5000 ( 15666 PWs)   bands (ev):

  -121.2166 -75.3978 -75.3978 -75.3978 -15.5753  -9.9748  -9.8679  -9.8181
    -2.5407  -2.5399  -2.4589  -2.4184  -2.3595  -2.1738  -2.1469  -2.1416
    -0.8309   1.0426   1.3923   2.0355   2.0406   2.3535   2.3966   2.7395
     2.9709   8.0429  10.0551  10.4329  11.1574  11.6638

          k = 0.1000-0.5000-0.5000 ( 15652 PWs)   bands (ev):

  -121.2166 -75.3978 -75.3978 -75.3978 -15.5745  -9.9183  -9.8689  -9.8689
    -2.5423  -2.5423  -2.4805  -2.4217  -2.3847  -2.1714  -2.1488  -2.1488
    -0.8677   1.0783   1.3661   2.0335   2.0335   2.4009   2.4009   2.7763
     3.0146   8.3902   9.9861   9.9861  11.0947  11.7671

          k = 0.2000 0.2000 0.2000 ( 15669 PWs)   bands (ev):

  -121.2166 -75.3978 -75.3978 -75.3978 -15.5837 -10.2018  -9.7446  -9.7446
    -2.5368  -2.5368  -2.3928  -2.2153  -2.2153  -2.1404  -2.1285  -2.1285
    -0.5169   1.1505   1.1505   1.7849   2.1137   2.1137   2.6062   2.7716
     2.7716   5.9276  10.4289  10.4408  10.4408  11.4737

          k = 0.2000 0.2000 0.3000 ( 15683 PWs)   bands (ev):

  -121.2166 -75.3978 -75.3978 -75.3978 -15.5810 -10.1510  -9.7895  -9.7415
    -2.5473  -2.5456  -2.3901  -2.3105  -2.2221  -2.1536  -2.1322  -2.1223
    -0.7066   1.1876   1.4807   1.6646   2.0206   2.1276   2.6464   2.7382
     2.7745   6.4321  10.6202  10.6600  10.7364  11.4536

          k = 0.2000 0.2000 0.4000 ( 15689 PWs)   bands (ev):

  -121.2166 -75.3978 -75.3978 -75.3978 -15.5787 -10.0977  -9.8378  -9.7390
    -2.5529  -2.5416  -2.4103  -2.3874  -2.2265  -2.1638  -2.1338  -2.1182
    -0.8062   1.2184   1.5893   1.6700   1.9629   2.2320   2.6511   2.6745
     2.7194   7.0052  10.5204  10.9749  11.0193  11.2531

          k = 0.2000 0.2000-0.5000 ( 15690 PWs)   bands (ev):

  -121.2166 -75.3978 -75.3978 -75.3978 -15.5779 -10.0710  -9.8626  -9.7380
    -2.5557  -2.5363  -2.4231  -2.4165  -2.2280  -2.1674  -2.1342  -2.1168
    -0.8360   1.2303   1.5650   1.7168   1.9439   2.3530   2.5658   2.6465
     2.7153   7.3019  10.2428  11.1452  11.2616  11.3465

          k = 0.2000 0.3000 0.3000 ( 15676 PWs)   bands (ev):

  -121.2166 -75.3978 -75.3978 -75.3978 -15.5784 -10.1001  -9.8022  -9.7657
    -2.5708  -2.5634  -2.4021  -2.3462  -2.2847  -2.1621  -2.1319  -2.1213
    -0.9320   1.3685   1.5944   1.7370   1.9898   2.0906   2.7090   2.7136
     2.8510   6.8520  10.6890  10.7045  10.7491  11.5129

          k = 0.2000 0.3000 0.4000 ( 15679 PWs)   bands (ev):

  -121.2166 -75.3978 -75.3978 -75.3978 -15.5764 -10.0454  -9.8394  -9.7718
    -2.5822  -2.5683  -2.4351  -2.4115  -2.3050  -2.1649  -2.1333  -2.1197
    -1.0538   1.4398   1.5511   1.8792   1.9480   2.2455   2.6629   2.7266
     2.8621   7.3708  10.2851  10.7425  10.8933  11.3993

          k = 0.2000 0.3000-0.5000 ( 15670 PWs)   bands (ev):

  -121.2166 -75.3978 -75.3978 -75.3978 -15.5756 -10.0164  -9.8636  -9.7723
    -2.5872  -2.5635  -2.4552  -2.4411  -2.3089  -2.1654  -2.1337  -2.1192
    -1.0910   1.4646   1.5372   1.8992   1.9265   2.3973   2.6047   2.7184
     2.8546   7.6620   9.9680  10.7600  10.9965  11.3257

          k = 0.2000 0.4000 0.4000 ( 15675 PWs)   bands (ev):

  -121.2166 -75.3978 -75.3978 -75.3978 -15.5745  -9.9871  -9.8477  -9.8073
    -2.5923  -2.5889  -2.4764  -2.4430  -2.3627  -2.1584  -2.1341  -2.1239
    -1.1894   1.5196   1.5545   1.9358   1.9575   2.4128   2.6371   2.7637
     2.9512   7.8563  10.0555  10.2560  10.8077  11.6074

          k = 0.2000 0.4000-0.5000 ( 15672 PWs)   bands (ev):

  -121.2166 -75.3978 -75.3978 -75.3978 -15.5738  -9.9521  -9.8645  -9.8198
    -2.5986  -2.5882  -2.4985  -2.4646  -2.3771  -2.1541  -2.1345  -2.1269
    -1.2310   1.5105   1.5959   1.9351   1.9523   2.5340   2.6103   2.7671
     2.9748   8.1621   9.7715  10.1228  10.7829  11.6120

          k = 0.2000-0.5000-0.5000 ( 15688 PWs)   bands (ev):

  -121.2166 -75.3978 -75.3978 -75.3978 -15.5731  -9.9008  -9.8648  -9.8648
    -2.5974  -2.5974  -2.5209  -2.4803  -2.3986  -2.1442  -2.1350  -2.1350
    -1.2740   1.5007   1.6498   1.9400   1.9400   2.6122   2.6122   2.7786
     3.0191   8.5169   9.7006   9.7006  10.7085  11.8708

          k = 0.3000 0.3000 0.3000 ( 15705 PWs)   bands (ev):

  -121.2166 -75.3978 -75.3978 -75.3978 -15.5761 -10.0525  -9.7981  -9.7981
    -2.6017  -2.6017  -2.4413  -2.3543  -2.3543  -2.1595  -2.1228  -2.1228
    -1.1972   1.5988   1.7848   1.7848   2.0165   2.0165   2.7985   2.8341
     2.8341   7.1995  10.4730  10.4730  10.6356  11.5784

          k = 0.3000 0.3000 0.4000 ( 15685 PWs)   bands (ev):

  -121.2166 -75.3978 -75.3978 -75.3978 -15.5743 -10.0007  -9.8375  -9.7947
    -2.6269  -2.6128  -2.4943  -2.4237  -2.3589  -2.1535  -2.1256  -2.1170
    -1.3448   1.6067   1.8380   1.8776   1.9560   2.3040   2.8080   2.8336
     2.8682   7.6629   9.9858  10.3355  10.6333  11.4399

          k = 0.3000 0.3000-0.5000 ( 15676 PWs)   bands (ev):

  -121.2166 -75.3978 -75.3978 -75.3978 -15.5735  -9.9716  -9.8617  -9.7935
    -2.6365  -2.6089  -2.5225  -2.4534  -2.3604  -2.1507  -2.1271  -2.1151
    -1.3903   1.6112   1.8772   1.8826   1.9162   2.4965   2.7669   2.8020
     2.8882   7.9467   9.6679  10.2904  10.6632  11.3197

          k = 0.3000 0.4000 0.4000 ( 15662 PWs)   bands (ev):

  -121.2166 -75.3978 -75.3978 -75.3978 -15.5725  -9.9512  -9.8428  -9.8195
    -2.6497  -2.6442  -2.5574  -2.4470  -2.4018  -2.1416  -2.1228  -2.1172
    -1.5098   1.6424   1.8665   1.8840   2.1270   2.4931   2.8323   2.8601
     2.9520   8.0782   9.7258   9.8871  10.4738  11.4502

          k = 0.3000 0.4000-0.5000 ( 15674 PWs)   bands (ev):

  -121.2166 -75.3978 -75.3978 -75.3978 -15.5719  -9.9205  -9.8602  -9.8253
    -2.6601  -2.6458  -2.5889  -2.4675  -2.4101  -2.1359  -2.1238  -2.1172
    -1.5607   1.6534   1.8750   1.8814   2.1594   2.6482   2.8133   2.8511
     2.9804   8.3675   9.4510   9.7605  10.4287  11.3926

          k = 0.3000-0.5000-0.5000 ( 15672 PWs)   bands (ev):

  -121.2166 -75.3978 -75.3978 -75.3978 -15.5712  -9.8788  -9.8596  -9.8596
    -2.6595  -2.6595  -2.6230  -2.4801  -2.4258  -2.1259  -2.1228  -2.1228
    -1.6133   1.6641   1.8822   1.8822   2.2171   2.7815   2.8194   2.8194
     3.0247   8.7132   9.3727   9.3727  10.3466  11.4556

          k = 0.4000 0.4000 0.4000 ( 15657 PWs)   bands (ev):

  -121.2166 -75.3978 -75.3978 -75.3978 -15.5710  -9.9125  -9.8388  -9.8388
    -2.6848  -2.6848  -2.6286  -2.4487  -2.4487  -2.1291  -2.1160  -2.1160
    -1.6972   1.7337   1.8581   1.8581   2.5292   2.5292   2.9404   2.9404
     2.9647   8.4011   9.4898   9.4898  10.2513  11.3101

          k = 0.4000 0.4000-0.5000 ( 15626 PWs)   bands (ev):

  -121.2166 -75.3978 -75.3977 -75.3977 -15.5703  -9.8872  -9.8568  -9.8373
    -2.6999  -2.6901  -2.6621  -2.4712  -2.4491  -2.1232  -2.1176  -2.1139
    -1.7556   1.7625   1.8505   1.8601   2.5392   2.7059   2.9472   2.9511
     2.9953   8.6562   9.2110   9.4049  10.1816  11.2349

          k = 0.4000-0.5000-0.5000 ( 15616 PWs)   bands (ev):

  -121.2166 -75.3978 -75.3977 -75.3977 -15.5698  -9.8608  -9.8554  -9.8554
    -2.7064  -2.7064  -2.6970  -2.4799  -2.4614  -2.1163  -2.1157  -2.1157
    -1.8167   1.7947   1.8530   1.8530   2.6316   2.7838   2.9736   2.9736
     3.0293   8.9267   9.1230   9.1230  10.0942  11.1764

          k =-0.5000-0.5000-0.5000 ( 15624 PWs)   bands (ev):

  -121.2166 -75.3977 -75.3977 -75.3977 -15.5692  -9.8538  -9.8538  -9.8538
    -2.7238  -2.7238  -2.7238  -2.4798  -2.4798  -2.1134  -2.1134  -2.1134
    -1.8808   1.8443   1.8443   1.8443   2.7847   2.7847   3.0310   3.0310
     3.0310   9.0304   9.0304   9.0304  10.0031  11.0786

     the Fermi energy is     3.6229 ev

!    total energy              =    -842.54243575 Ry
     estimated scf accuracy    <          5.7E-11 Ry
     smearing contrib. (-TS)   =      -0.00000000 Ry
     internal energy E=F+TS    =    -842.54243575 Ry

     The total energy is F=E-TS. E is the sum of the following terms:
     one-electron contribution =    -534.94591547 Ry
     hartree contribution      =     285.78947178 Ry
     xc contribution           =     -95.64835981 Ry
     ewald contribution        =    -260.58642456 Ry
     one-center paw contrib.   =    -237.15120768 Ry

     convergence has been achieved in  13 iterations

     Forces acting on atoms (cartesian axes, Ry/au):

     atom    1 type  1   force =     0.00000000    0.00000000    0.00000000
     atom    2 type  2   force =     0.00000000    0.00000000    0.00000000
     atom    3 type  3   force =     0.00000000    0.00000000    0.00000000
     atom    4 type  3   force =     0.00000000    0.00000000    0.00000000
     atom    5 type  3   force =     0.00000000    0.00000000    0.00000000

     Total force =     0.000000     Total SCF correction =     0.000000


     Computing stress (Cartesian axis) and pressure

          total   stress  (Ry/bohr**3)                   (kbar)     P=      -16.12
  -0.00010958   0.00000000   0.00000000          -16.12        0.00        0.00
   0.00000000  -0.00010958   0.00000000            0.00      -16.12        0.00
   0.00000000   0.00000000  -0.00010958            0.00        0.00      -16.12


     BFGS Geometry Optimization
     Energy error            =      0.0E+00 Ry
     Gradient error          =      0.0E+00 Ry/Bohr

     bfgs converged in   1 scf cycles and   0 bfgs steps
     (criteria: energy <  1.0E-05 Ry, force <  1.0E-03 Ry/Bohr)

     End of BFGS Geometry Optimization

     Final energy             =    -842.5424357451 Ry
Begin final coordinates

ATOMIC_POSITIONS (crystal)
Cs               0.0000000000        0.0000000000        0.0000000000
Zn               0.5000000000        0.5000000000        0.5000000000
Cl               0.5000000000        0.5000000000        0.0000000000
Cl               0.5000000000        0.0000000000        0.5000000000
Cl               0.0000000000        0.5000000000        0.5000000000
End final coordinates



  ----------------------------------------------------------------------------

     Murnaghan equation of state

     The equilibrium celldm is:
                                            a=          9.59662 a.u.
     The bulk modulus is:                             338.609  kbar
     The pressure derivative of the bulk modulus is:    4.774
     The total energy at the minimum is:               -842.544841841 Ry
     The volume is              883.80216 (a.u.)^3      130.96597 (A)^3
  ----------------------------------------------------------------------------


     Total mass of this unit cell        304.6445 a.m.u.
     Density of this solid                3862.64 kg/m^3         3.8626 g/cm^3

  ----------------------------------------------------------------------------

     Applying the following strain
     (     0.00000,     0.00000,     0.00000  )
     (     0.00000,     0.00000,     0.00000  )
     (     0.00000,     0.00000,    -0.00750  )



  ++++++++++++++++++++++++++++++++++++++++++++++++++++++++++++++++++++++++++++
     Doing work    1 /     8
  ++++++++++++++++++++++++++++++++++++++++++++++++++++++++++++++++++++++++++++


     Current dimensions of program PWSCF are:
     Max number of different atomic species (ntypx) = 10
     Max number of k-points (npk) = 120000
     Max angular momentum in pseudopotentials (lmaxx) =  4

     WARNING: check_stop already initialized
     Message from routine setup:
     using ibrav=0 with symmetry is DISCOURAGED, use correct ibrav instead

     Parallelization info
     --------------------
     sticks:   dense  smooth     PW     G-vecs:    dense   smooth      PW
     Min        2934    1464    405               167559    59255    8683
     Max        2943    1477    416               167586    59282    8754
     Sum        5877    2941    821               335145   118537   17437

     Using Pencil Decomposition



     bravais-lattice index     =            0
     lattice parameter (alat)  =       9.5966  a.u.
     unit-cell volume          =     877.1736 (a.u.)^3
     number of atoms/cell      =            5
     number of atomic types    =            3
     number of electrons       =        50.00
     number of Kohn-Sham states=           30
     kinetic-energy cutoff     =     100.0000  Ry
     charge density cutoff     =     800.0000  Ry
     scf convergence threshold =      1.0E-10
     mixing beta               =       0.3000
     number of iterations used =            8  plain     mixing
     energy convergence thresh.=      1.0E-05
     force convergence thresh. =      1.0E-03
     Exchange-correlation= PBE
                           (   1   4   3   4   0   0   0)
     nstep                     =           20


     celldm(1)=   9.596621  celldm(2)=   0.000000  celldm(3)=   0.000000
     celldm(4)=   0.000000  celldm(5)=   0.000000  celldm(6)=   0.000000

     crystal axes: (cart. coord. in units of alat)
               a(1) = (   1.000000   0.000000   0.000000 )  
               a(2) = (   0.000000   1.000000   0.000000 )  
               a(3) = (   0.000000   0.000000   0.992500 )  

     reciprocal axes: (cart. coord. in units 2 pi/alat)
               b(1) = (  1.000000  0.000000  0.000000 )  
               b(2) = (  0.000000  1.000000  0.000000 )  
               b(3) = (  0.000000  0.000000  1.007557 )  


     PseudoPot. # 1 for Cs read from file:
     /home/administrator/Downloads/BURAI/BURAI1.3/pseudopot/Cs.pbe-spn-rrkjus_psl.1.0.0.UPF
     MD5 check sum: 0e4a2db85f86c9a13762b1b689b65a6d
     Pseudo is Ultrasoft + core correction, Zval =  9.0
     Generated using "atomic" code by A. Dal Corso  v.5.1.2
     Using radial grid of 1251 points,  9 beta functions with: 
                l(1) =   0
                l(2) =   0
                l(3) =   0
                l(4) =   1
                l(5) =   1
                l(6) =   2
                l(7) =   2
                l(8) =   3
                l(9) =   3
     Q(r) pseudized with 0 coefficients 


     PseudoPot. # 2 for Zn read from file:
     /home/administrator/Downloads/BURAI/BURAI1.3/pseudopot/Zn.pbe-spn-kjpaw_psl.1.0.0.UPF
     MD5 check sum: 9ae49ce97c5e3111e3f06ee7e23c2246
     Pseudo is Projector augmented-wave + core cor, Zval = 20.0
     Generated using "atomic" code by A. Dal Corso  v.5.1.2
     Shape of augmentation charge: PSQ
     Using radial grid of 1201 points,  6 beta functions with: 
                l(1) =   0
                l(2) =   0
                l(3) =   1
                l(4) =   1
                l(5) =   2
                l(6) =   2
     Q(r) pseudized with 0 coefficients 


     PseudoPot. # 3 for Cl read from file:
     /home/administrator/Downloads/BURAI/BURAI1.3/pseudopot/Cl.pbe-n-kjpaw_psl.1.0.0.UPF
     MD5 check sum: d11ac872591ccaf6ebdc6d6d0c764b72
     Pseudo is Projector augmented-wave + core cor, Zval =  7.0
     Generated using "atomic" code by A. Dal Corso  v.5.1.2
     Shape of augmentation charge: PSQ
     Using radial grid of 1157 points,  6 beta functions with: 
                l(1) =   0
                l(2) =   0
                l(3) =   1
                l(4) =   1
                l(5) =   2
                l(6) =   2
     Q(r) pseudized with 0 coefficients 


     atomic species   valence    mass     pseudopotential
     Cs                9.00   132.90550     Cs( 1.00)
     Zn               20.00    65.38000     Zn( 1.00)
     Cl                7.00    35.45300     Cl( 1.00)

     16 Sym. Ops., with inversion, found



   Cartesian axes

     site n.     atom                  positions (alat units)
         1        Cs     tau(   1) = (   0.0000000   0.0000000   0.0000000  )
         2        Zn     tau(   2) = (   0.5000000   0.5000000   0.4962500  )
         3        Cl     tau(   3) = (   0.5000000   0.5000000   0.0000000  )
         4        Cl     tau(   4) = (   0.5000000   0.0000000   0.4962500  )
         5        Cl     tau(   5) = (   0.0000000   0.5000000   0.4962500  )

     number of k points=   126  Gaussian smearing, width (Ry)=  0.0050

     Number of k-points >= 100: set verbosity='high' to print them.

     Dense  grid:   335145 G-vectors     FFT dimensions: (  90,  90,  90)

     Smooth grid:   118537 G-vectors     FFT dimensions: (  64,  64,  64)

     Estimated max dynamical RAM per process >     642.35 MB

     Estimated total dynamical RAM >       4.78 GB

     Initial potential from superposition of free atoms

     starting charge      49.9591, renormalised to      50.0000
     Starting wfcs are   27 randomized atomic wfcs +    3 random wfcs
     Checking if some PAW data can be deallocated... 

     total cpu time spent up to now is     4068.3 secs

     Self-consistent Calculation

     iteration #  1     ecut=   100.00 Ry     beta= 0.30
     Davidson diagonalization with overlap
     ethr =  1.00E-02,  avg # of iterations =  6.7

     Threshold (ethr) on eigenvalues was too large:
     Diagonalizing with lowered threshold

     Davidson diagonalization with overlap
     ethr =  5.66E-04,  avg # of iterations =  2.7

     total cpu time spent up to now is     4176.9 secs

     total energy              =    -842.52338877 Ry
     estimated scf accuracy    <       0.25545238 Ry

     iteration #  2     ecut=   100.00 Ry     beta= 0.30
     Davidson diagonalization with overlap
     ethr =  5.11E-04,  avg # of iterations =  2.2

     total cpu time spent up to now is     4228.1 secs

     total energy              =    -842.53634357 Ry
     estimated scf accuracy    <       0.04219167 Ry

     iteration #  3     ecut=   100.00 Ry     beta= 0.30
     Davidson diagonalization with overlap
     ethr =  8.44E-05,  avg # of iterations =  9.3

     total cpu time spent up to now is     4296.8 secs

     total energy              =    -842.54357905 Ry
     estimated scf accuracy    <       0.00579606 Ry

     iteration #  4     ecut=   100.00 Ry     beta= 0.30
     Davidson diagonalization with overlap
     ethr =  1.16E-05,  avg # of iterations =  8.2

     total cpu time spent up to now is     4364.1 secs

     total energy              =    -842.54448090 Ry
     estimated scf accuracy    <       0.00126926 Ry

     iteration #  5     ecut=   100.00 Ry     beta= 0.30
     Davidson diagonalization with overlap
     c_bands:  1 eigenvalues not converged
     c_bands:  1 eigenvalues not converged
     ethr =  2.54E-06,  avg # of iterations =  8.9

     total cpu time spent up to now is     4433.6 secs

     total energy              =    -842.54472265 Ry
     estimated scf accuracy    <       0.00007910 Ry

     iteration #  6     ecut=   100.00 Ry     beta= 0.30
     Davidson diagonalization with overlap
     ethr =  1.58E-07,  avg # of iterations =  4.6

     total cpu time spent up to now is     4495.4 secs

     total energy              =    -842.54474700 Ry
     estimated scf accuracy    <       0.00001550 Ry

     iteration #  7     ecut=   100.00 Ry     beta= 0.30
     Davidson diagonalization with overlap
     ethr =  3.10E-08,  avg # of iterations =  3.2

     total cpu time spent up to now is     4553.8 secs

     total energy              =    -842.54475204 Ry
     estimated scf accuracy    <       0.00000069 Ry

     iteration #  8     ecut=   100.00 Ry     beta= 0.30
     Davidson diagonalization with overlap
     ethr =  1.38E-09,  avg # of iterations =  5.8

     total cpu time spent up to now is     4625.9 secs

     total energy              =    -842.54475326 Ry
     estimated scf accuracy    <       0.00000054 Ry

     iteration #  9     ecut=   100.00 Ry     beta= 0.30
     Davidson diagonalization with overlap
     ethr =  1.08E-09,  avg # of iterations =  2.0

     total cpu time spent up to now is     4677.5 secs

     total energy              =    -842.54475373 Ry
     estimated scf accuracy    <       0.00000005 Ry

     iteration # 10     ecut=   100.00 Ry     beta= 0.30
     Davidson diagonalization with overlap
     ethr =  9.93E-11,  avg # of iterations =  4.9

     total cpu time spent up to now is     4742.4 secs

     total energy              =    -842.54475393 Ry
     estimated scf accuracy    <       0.00000002 Ry

     iteration # 11     ecut=   100.00 Ry     beta= 0.30
     Davidson diagonalization with overlap
     ethr =  4.66E-11,  avg # of iterations =  2.4

     total cpu time spent up to now is     4797.4 secs

     total energy              =    -842.54475402 Ry
     estimated scf accuracy    <          1.3E-09 Ry

     iteration # 12     ecut=   100.00 Ry     beta= 0.30
     Davidson diagonalization with overlap
     ethr =  2.53E-12,  avg # of iterations =  6.1

     total cpu time spent up to now is     4862.7 secs

     total energy              =    -842.54475406 Ry
     estimated scf accuracy    <          1.4E-10 Ry

     iteration # 13     ecut=   100.00 Ry     beta= 0.30
     Davidson diagonalization with overlap
     ethr =  2.87E-13,  avg # of iterations =  4.2

     total cpu time spent up to now is     4923.5 secs

     End of self-consistent calculation

     Number of k-points >= 100: set verbosity='high' to print the bands.

     the Fermi energy is     4.3454 ev

!    total energy              =    -842.54475410 Ry
     estimated scf accuracy    <          1.4E-11 Ry
     smearing contrib. (-TS)   =      -0.00000000 Ry
     internal energy E=F+TS    =    -842.54475410 Ry

     The total energy is F=E-TS. E is the sum of the following terms:
     one-electron contribution =    -526.92694855 Ry
     hartree contribution      =     282.87457046 Ry
     xc contribution           =     -95.73120371 Ry
     ewald contribution        =    -265.60363037 Ry
     one-center paw contrib.   =    -237.15754193 Ry

     convergence has been achieved in  13 iterations

     Forces acting on atoms (cartesian axes, Ry/au):

     atom    1 type  1   force =     0.00000000    0.00000000    0.00000000
     atom    2 type  2   force =     0.00000000    0.00000000    0.00000000
     atom    3 type  3   force =     0.00000000    0.00000000    0.00000000
     atom    4 type  3   force =     0.00000000    0.00000000    0.00000000
     atom    5 type  3   force =     0.00000000    0.00000000    0.00000000

     Total force =     0.000000     Total SCF correction =     0.000000


     Computing stress (Cartesian axis) and pressure

          total   stress  (Ry/bohr**3)                   (kbar)     P=        1.41
   0.00000493   0.00000000   0.00000000            0.72        0.00        0.00
   0.00000000   0.00000493   0.00000000            0.00        0.72        0.00
   0.00000000   0.00000000   0.00001886            0.00        0.00        2.77


     BFGS Geometry Optimization
     Energy error            =      0.0E+00 Ry
     Gradient error          =      0.0E+00 Ry/Bohr

     bfgs converged in   1 scf cycles and   0 bfgs steps
     (criteria: energy <  1.0E-05 Ry, force <  1.0E-03 Ry/Bohr)

     End of BFGS Geometry Optimization

     Final energy             =    -842.5447541038 Ry
Begin final coordinates

ATOMIC_POSITIONS (crystal)
Cs               0.0000000000        0.0000000000        0.0000000000
Zn               0.5000000000        0.5000000000        0.5000000000
Cl               0.5000000000        0.5000000000        0.0000000000
Cl               0.5000000000        0.0000000000        0.5000000000
Cl               0.0000000000        0.5000000000        0.5000000000
End final coordinates



  ----------------------------------------------------------------------------

     Applying the following strain
     (     0.00000,     0.00000,     0.00000  )
     (     0.00000,     0.00000,     0.00000  )
     (     0.00000,     0.00000,    -0.00250  )



  ++++++++++++++++++++++++++++++++++++++++++++++++++++++++++++++++++++++++++++
     Doing work    2 /     8
  ++++++++++++++++++++++++++++++++++++++++++++++++++++++++++++++++++++++++++++


     Current dimensions of program PWSCF are:
     Max number of different atomic species (ntypx) = 10
     Max number of k-points (npk) = 120000
     Max angular momentum in pseudopotentials (lmaxx) =  4

     WARNING: check_stop already initialized
     Message from routine setup:
     using ibrav=0 with symmetry is DISCOURAGED, use correct ibrav instead

     Parallelization info
     --------------------
     sticks:   dense  smooth     PW     G-vecs:    dense   smooth      PW
     Min        2938    1468    405               168382    59562    8723
     Max        2939    1473    416               168469    59575    8802
     Sum        5877    2941    821               336851   119137   17525

     Using Pencil Decomposition



     bravais-lattice index     =            0
     lattice parameter (alat)  =       9.5966  a.u.
     unit-cell volume          =     881.5927 (a.u.)^3
     number of atoms/cell      =            5
     number of atomic types    =            3
     number of electrons       =        50.00
     number of Kohn-Sham states=           30
     kinetic-energy cutoff     =     100.0000  Ry
     charge density cutoff     =     800.0000  Ry
     scf convergence threshold =      1.0E-10
     mixing beta               =       0.3000
     number of iterations used =            8  plain     mixing
     energy convergence thresh.=      1.0E-05
     force convergence thresh. =      1.0E-03
     Exchange-correlation= PBE
                           (   1   4   3   4   0   0   0)
     nstep                     =           20


     celldm(1)=   9.596621  celldm(2)=   0.000000  celldm(3)=   0.000000
     celldm(4)=   0.000000  celldm(5)=   0.000000  celldm(6)=   0.000000

     crystal axes: (cart. coord. in units of alat)
               a(1) = (   1.000000   0.000000   0.000000 )  
               a(2) = (   0.000000   1.000000   0.000000 )  
               a(3) = (   0.000000   0.000000   0.997500 )  

     reciprocal axes: (cart. coord. in units 2 pi/alat)
               b(1) = (  1.000000  0.000000  0.000000 )  
               b(2) = (  0.000000  1.000000  0.000000 )  
               b(3) = (  0.000000  0.000000  1.002506 )  


     PseudoPot. # 1 for Cs read from file:
     /home/administrator/Downloads/BURAI/BURAI1.3/pseudopot/Cs.pbe-spn-rrkjus_psl.1.0.0.UPF
     MD5 check sum: 0e4a2db85f86c9a13762b1b689b65a6d
     Pseudo is Ultrasoft + core correction, Zval =  9.0
     Generated using "atomic" code by A. Dal Corso  v.5.1.2
     Using radial grid of 1251 points,  9 beta functions with: 
                l(1) =   0
                l(2) =   0
                l(3) =   0
                l(4) =   1
                l(5) =   1
                l(6) =   2
                l(7) =   2
                l(8) =   3
                l(9) =   3
     Q(r) pseudized with 0 coefficients 


     PseudoPot. # 2 for Zn read from file:
     /home/administrator/Downloads/BURAI/BURAI1.3/pseudopot/Zn.pbe-spn-kjpaw_psl.1.0.0.UPF
     MD5 check sum: 9ae49ce97c5e3111e3f06ee7e23c2246
     Pseudo is Projector augmented-wave + core cor, Zval = 20.0
     Generated using "atomic" code by A. Dal Corso  v.5.1.2
     Shape of augmentation charge: PSQ
     Using radial grid of 1201 points,  6 beta functions with: 
                l(1) =   0
                l(2) =   0
                l(3) =   1
                l(4) =   1
                l(5) =   2
                l(6) =   2
     Q(r) pseudized with 0 coefficients 


     PseudoPot. # 3 for Cl read from file:
     /home/administrator/Downloads/BURAI/BURAI1.3/pseudopot/Cl.pbe-n-kjpaw_psl.1.0.0.UPF
     MD5 check sum: d11ac872591ccaf6ebdc6d6d0c764b72
     Pseudo is Projector augmented-wave + core cor, Zval =  7.0
     Generated using "atomic" code by A. Dal Corso  v.5.1.2
     Shape of augmentation charge: PSQ
     Using radial grid of 1157 points,  6 beta functions with: 
                l(1) =   0
                l(2) =   0
                l(3) =   1
                l(4) =   1
                l(5) =   2
                l(6) =   2
     Q(r) pseudized with 0 coefficients 


     atomic species   valence    mass     pseudopotential
     Cs                9.00   132.90550     Cs( 1.00)
     Zn               20.00    65.38000     Zn( 1.00)
     Cl                7.00    35.45300     Cl( 1.00)

     16 Sym. Ops., with inversion, found



   Cartesian axes

     site n.     atom                  positions (alat units)
         1        Cs     tau(   1) = (   0.0000000   0.0000000   0.0000000  )
         2        Zn     tau(   2) = (   0.5000000   0.5000000   0.4987500  )
         3        Cl     tau(   3) = (   0.5000000   0.5000000   0.0000000  )
         4        Cl     tau(   4) = (   0.5000000   0.0000000   0.4987500  )
         5        Cl     tau(   5) = (   0.0000000   0.5000000   0.4987500  )

     number of k points=   126  Gaussian smearing, width (Ry)=  0.0050

     Number of k-points >= 100: set verbosity='high' to print them.

     Dense  grid:   336851 G-vectors     FFT dimensions: (  90,  90,  90)

     Smooth grid:   119137 G-vectors     FFT dimensions: (  64,  64,  64)

     Estimated max dynamical RAM per process >     645.61 MB

     Estimated total dynamical RAM >       4.80 GB

     Initial potential from superposition of free atoms

     starting charge      49.9591, renormalised to      50.0000
     Starting wfcs are   27 randomized atomic wfcs +    3 random wfcs
     Checking if some PAW data can be deallocated... 

     total cpu time spent up to now is     5000.0 secs

     Self-consistent Calculation

     iteration #  1     ecut=   100.00 Ry     beta= 0.30
     Davidson diagonalization with overlap
     ethr =  1.00E-02,  avg # of iterations =  6.6

     Threshold (ethr) on eigenvalues was too large:
     Diagonalizing with lowered threshold

     Davidson diagonalization with overlap
     ethr =  5.64E-04,  avg # of iterations =  3.1

     total cpu time spent up to now is     5109.5 secs

     total energy              =    -842.52435792 Ry
     estimated scf accuracy    <       0.25422529 Ry

     iteration #  2     ecut=   100.00 Ry     beta= 0.30
     Davidson diagonalization with overlap
     ethr =  5.08E-04,  avg # of iterations =  2.1

     total cpu time spent up to now is     5160.7 secs

     total energy              =    -842.53638241 Ry
     estimated scf accuracy    <       0.04240352 Ry

     iteration #  3     ecut=   100.00 Ry     beta= 0.30
     Davidson diagonalization with overlap
     c_bands:  1 eigenvalues not converged
     ethr =  8.48E-05,  avg # of iterations =  8.8

     total cpu time spent up to now is     5228.9 secs

     total energy              =    -842.54362073 Ry
     estimated scf accuracy    <       0.00571872 Ry

     iteration #  4     ecut=   100.00 Ry     beta= 0.30
     Davidson diagonalization with overlap
     ethr =  1.14E-05,  avg # of iterations =  8.8

     total cpu time spent up to now is     5298.3 secs

     total energy              =    -842.54455408 Ry
     estimated scf accuracy    <       0.00126314 Ry

     iteration #  5     ecut=   100.00 Ry     beta= 0.30
     Davidson diagonalization with overlap
     c_bands:  1 eigenvalues not converged
     c_bands:  1 eigenvalues not converged
     ethr =  2.53E-06,  avg # of iterations =  8.6

     total cpu time spent up to now is     5367.9 secs

     total energy              =    -842.54480302 Ry
     estimated scf accuracy    <       0.00007947 Ry

     iteration #  6     ecut=   100.00 Ry     beta= 0.30
     Davidson diagonalization with overlap
     ethr =  1.59E-07,  avg # of iterations =  4.8

     total cpu time spent up to now is     5430.5 secs

     total energy              =    -842.54482526 Ry
     estimated scf accuracy    <       0.00001718 Ry

     iteration #  7     ecut=   100.00 Ry     beta= 0.30
     Davidson diagonalization with overlap
     ethr =  3.44E-08,  avg # of iterations =  3.1

     total cpu time spent up to now is     5487.9 secs

     total energy              =    -842.54483037 Ry
     estimated scf accuracy    <       0.00000102 Ry

     iteration #  8     ecut=   100.00 Ry     beta= 0.30
     Davidson diagonalization with overlap
     ethr =  2.04E-09,  avg # of iterations =  5.7

     total cpu time spent up to now is     5559.3 secs

     total energy              =    -842.54483177 Ry
     estimated scf accuracy    <       0.00000082 Ry

     iteration #  9     ecut=   100.00 Ry     beta= 0.30
     Davidson diagonalization with overlap
     ethr =  1.63E-09,  avg # of iterations =  2.0

     total cpu time spent up to now is     5611.8 secs

     total energy              =    -842.54483223 Ry
     estimated scf accuracy    <       0.00000007 Ry

     iteration # 10     ecut=   100.00 Ry     beta= 0.30
     Davidson diagonalization with overlap
     ethr =  1.31E-10,  avg # of iterations =  5.6

     total cpu time spent up to now is     5682.7 secs

     total energy              =    -842.54483244 Ry
     estimated scf accuracy    <       0.00000006 Ry

     iteration # 11     ecut=   100.00 Ry     beta= 0.30
     Davidson diagonalization with overlap
     ethr =  1.12E-10,  avg # of iterations =  2.0

     total cpu time spent up to now is     5735.5 secs

     total energy              =    -842.54483253 Ry
     estimated scf accuracy    <          1.1E-10 Ry

     iteration # 12     ecut=   100.00 Ry     beta= 0.30
     Davidson diagonalization with overlap
     ethr =  2.25E-13,  avg # of iterations = 12.0

     total cpu time spent up to now is     5855.5 secs

     total energy              =    -842.54483258 Ry
     estimated scf accuracy    <          1.7E-10 Ry

     iteration # 13     ecut=   100.00 Ry     beta= 0.30
     Davidson diagonalization with overlap
     ethr =  2.25E-13,  avg # of iterations =  3.1

     total cpu time spent up to now is     5913.1 secs

     total energy              =    -842.54483260 Ry
     estimated scf accuracy    <          1.1E-10 Ry

     iteration # 14     ecut=   100.00 Ry     beta= 0.30
     Davidson diagonalization with overlap
     ethr =  2.24E-13,  avg # of iterations =  2.0

     total cpu time spent up to now is     5964.4 secs

     End of self-consistent calculation

     Number of k-points >= 100: set verbosity='high' to print the bands.

     the Fermi energy is     4.2778 ev

!    total energy              =    -842.54483262 Ry
     estimated scf accuracy    <          6.8E-12 Ry
     smearing contrib. (-TS)   =      -0.00000000 Ry
     internal energy E=F+TS    =    -842.54483262 Ry

     The total energy is F=E-TS. E is the sum of the following terms:
     one-electron contribution =    -527.62738497 Ry
     hartree contribution      =     283.12660126 Ry
     xc contribution           =     -95.72354692 Ry
     ewald contribution        =    -265.16357407 Ry
     one-center paw contrib.   =    -237.15692791 Ry

     convergence has been achieved in  14 iterations

     Forces acting on atoms (cartesian axes, Ry/au):

     atom    1 type  1   force =     0.00000000    0.00000000    0.00000000
     atom    2 type  2   force =     0.00000000    0.00000000    0.00000000
     atom    3 type  3   force =     0.00000000    0.00000000    0.00000000
     atom    4 type  3   force =     0.00000000    0.00000000    0.00000000
     atom    5 type  3   force =     0.00000000    0.00000000    0.00000000

     Total force =     0.000000     Total SCF correction =     0.000000


     Computing stress (Cartesian axis) and pressure

          total   stress  (Ry/bohr**3)                   (kbar)     P=       -0.36
  -0.00000393   0.00000000   0.00000000           -0.58        0.00        0.00
   0.00000000  -0.00000393   0.00000000            0.00       -0.58        0.00
   0.00000000   0.00000000   0.00000054            0.00        0.00        0.08


     BFGS Geometry Optimization
     Energy error            =      0.0E+00 Ry
     Gradient error          =      0.0E+00 Ry/Bohr

     bfgs converged in   1 scf cycles and   0 bfgs steps
     (criteria: energy <  1.0E-05 Ry, force <  1.0E-03 Ry/Bohr)

     End of BFGS Geometry Optimization

     Final energy             =    -842.5448326157 Ry
Begin final coordinates

ATOMIC_POSITIONS (crystal)
Cs               0.0000000000        0.0000000000        0.0000000000
Zn               0.5000000000        0.5000000000        0.5000000000
Cl               0.5000000000        0.5000000000        0.0000000000
Cl               0.5000000000        0.0000000000        0.5000000000
Cl               0.0000000000        0.5000000000        0.5000000000
End final coordinates



  ----------------------------------------------------------------------------

     Applying the following strain
     (     0.00000,     0.00000,     0.00000  )
     (     0.00000,     0.00000,     0.00000  )
     (     0.00000,     0.00000,     0.00250  )



  ++++++++++++++++++++++++++++++++++++++++++++++++++++++++++++++++++++++++++++
     Doing work    3 /     8
  ++++++++++++++++++++++++++++++++++++++++++++++++++++++++++++++++++++++++++++


     Current dimensions of program PWSCF are:
     Max number of different atomic species (ntypx) = 10
     Max number of k-points (npk) = 120000
     Max angular momentum in pseudopotentials (lmaxx) =  4

     WARNING: check_stop already initialized
     Message from routine setup:
     using ibrav=0 with symmetry is DISCOURAGED, use correct ibrav instead

     Parallelization info
     --------------------
     sticks:   dense  smooth     PW     G-vecs:    dense   smooth      PW
     Min        2935    1468    410               169260    59876    8783
     Max        2942    1473    411               169271    59893    8846
     Sum        5877    2941    821               338531   119769   17629

     Using Pencil Decomposition



     bravais-lattice index     =            0
     lattice parameter (alat)  =       9.5966  a.u.
     unit-cell volume          =     886.0117 (a.u.)^3
     number of atoms/cell      =            5
     number of atomic types    =            3
     number of electrons       =        50.00
     number of Kohn-Sham states=           30
     kinetic-energy cutoff     =     100.0000  Ry
     charge density cutoff     =     800.0000  Ry
     scf convergence threshold =      1.0E-10
     mixing beta               =       0.3000
     number of iterations used =            8  plain     mixing
     energy convergence thresh.=      1.0E-05
     force convergence thresh. =      1.0E-03
     Exchange-correlation= PBE
                           (   1   4   3   4   0   0   0)
     nstep                     =           20


     celldm(1)=   9.596621  celldm(2)=   0.000000  celldm(3)=   0.000000
     celldm(4)=   0.000000  celldm(5)=   0.000000  celldm(6)=   0.000000

     crystal axes: (cart. coord. in units of alat)
               a(1) = (   1.000000   0.000000   0.000000 )  
               a(2) = (   0.000000   1.000000   0.000000 )  
               a(3) = (   0.000000   0.000000   1.002500 )  

     reciprocal axes: (cart. coord. in units 2 pi/alat)
               b(1) = (  1.000000  0.000000  0.000000 )  
               b(2) = (  0.000000  1.000000  0.000000 )  
               b(3) = (  0.000000  0.000000  0.997506 )  


     PseudoPot. # 1 for Cs read from file:
     /home/administrator/Downloads/BURAI/BURAI1.3/pseudopot/Cs.pbe-spn-rrkjus_psl.1.0.0.UPF
     MD5 check sum: 0e4a2db85f86c9a13762b1b689b65a6d
     Pseudo is Ultrasoft + core correction, Zval =  9.0
     Generated using "atomic" code by A. Dal Corso  v.5.1.2
     Using radial grid of 1251 points,  9 beta functions with: 
                l(1) =   0
                l(2) =   0
                l(3) =   0
                l(4) =   1
                l(5) =   1
                l(6) =   2
                l(7) =   2
                l(8) =   3
                l(9) =   3
     Q(r) pseudized with 0 coefficients 


     PseudoPot. # 2 for Zn read from file:
     /home/administrator/Downloads/BURAI/BURAI1.3/pseudopot/Zn.pbe-spn-kjpaw_psl.1.0.0.UPF
     MD5 check sum: 9ae49ce97c5e3111e3f06ee7e23c2246
     Pseudo is Projector augmented-wave + core cor, Zval = 20.0
     Generated using "atomic" code by A. Dal Corso  v.5.1.2
     Shape of augmentation charge: PSQ
     Using radial grid of 1201 points,  6 beta functions with: 
                l(1) =   0
                l(2) =   0
                l(3) =   1
                l(4) =   1
                l(5) =   2
                l(6) =   2
     Q(r) pseudized with 0 coefficients 


     PseudoPot. # 3 for Cl read from file:
     /home/administrator/Downloads/BURAI/BURAI1.3/pseudopot/Cl.pbe-n-kjpaw_psl.1.0.0.UPF
     MD5 check sum: d11ac872591ccaf6ebdc6d6d0c764b72
     Pseudo is Projector augmented-wave + core cor, Zval =  7.0
     Generated using "atomic" code by A. Dal Corso  v.5.1.2
     Shape of augmentation charge: PSQ
     Using radial grid of 1157 points,  6 beta functions with: 
                l(1) =   0
                l(2) =   0
                l(3) =   1
                l(4) =   1
                l(5) =   2
                l(6) =   2
     Q(r) pseudized with 0 coefficients 


     atomic species   valence    mass     pseudopotential
     Cs                9.00   132.90550     Cs( 1.00)
     Zn               20.00    65.38000     Zn( 1.00)
     Cl                7.00    35.45300     Cl( 1.00)

     16 Sym. Ops., with inversion, found



   Cartesian axes

     site n.     atom                  positions (alat units)
         1        Cs     tau(   1) = (   0.0000000   0.0000000   0.0000000  )
         2        Zn     tau(   2) = (   0.5000000   0.5000000   0.5012500  )
         3        Cl     tau(   3) = (   0.5000000   0.5000000   0.0000000  )
         4        Cl     tau(   4) = (   0.5000000   0.0000000   0.5012500  )
         5        Cl     tau(   5) = (   0.0000000   0.5000000   0.5012500  )

     number of k points=   126  Gaussian smearing, width (Ry)=  0.0050

     Number of k-points >= 100: set verbosity='high' to print them.

     Dense  grid:   338531 G-vectors     FFT dimensions: (  90,  90,  90)

     Smooth grid:   119769 G-vectors     FFT dimensions: (  64,  64,  64)

     Estimated max dynamical RAM per process >     648.75 MB

     Estimated total dynamical RAM >       4.83 GB

     Initial potential from superposition of free atoms

     starting charge      49.9591, renormalised to      50.0000
     Starting wfcs are   27 randomized atomic wfcs +    3 random wfcs
     Checking if some PAW data can be deallocated... 

     total cpu time spent up to now is     6040.4 secs

     Self-consistent Calculation

     iteration #  1     ecut=   100.00 Ry     beta= 0.30
     Davidson diagonalization with overlap
     ethr =  1.00E-02,  avg # of iterations =  6.7

     Threshold (ethr) on eigenvalues was too large:
     Diagonalizing with lowered threshold

     Davidson diagonalization with overlap
     ethr =  5.67E-04,  avg # of iterations =  2.8

     total cpu time spent up to now is     6149.6 secs

     total energy              =    -842.52404981 Ry
     estimated scf accuracy    <       0.25582632 Ry

     iteration #  2     ecut=   100.00 Ry     beta= 0.30
     Davidson diagonalization with overlap
     ethr =  5.12E-04,  avg # of iterations =  2.1

     total cpu time spent up to now is     6200.9 secs

     total energy              =    -842.53637176 Ry
     estimated scf accuracy    <       0.04253000 Ry

     iteration #  3     ecut=   100.00 Ry     beta= 0.30
     Davidson diagonalization with overlap
     c_bands:  1 eigenvalues not converged
     ethr =  8.51E-05,  avg # of iterations =  8.7

     total cpu time spent up to now is     6268.5 secs

     total energy              =    -842.54359778 Ry
     estimated scf accuracy    <       0.00576352 Ry

     iteration #  4     ecut=   100.00 Ry     beta= 0.30
     Davidson diagonalization with overlap
     c_bands:  1 eigenvalues not converged
     ethr =  1.15E-05,  avg # of iterations =  9.0

     total cpu time spent up to now is     6338.5 secs

     total energy              =    -842.54454940 Ry
     estimated scf accuracy    <       0.00126740 Ry

     iteration #  5     ecut=   100.00 Ry     beta= 0.30
     Davidson diagonalization with overlap
     c_bands:  1 eigenvalues not converged
     c_bands:  1 eigenvalues not converged
     ethr =  2.53E-06,  avg # of iterations =  8.4

     total cpu time spent up to now is     6405.7 secs

     total energy              =    -842.54480165 Ry
     estimated scf accuracy    <       0.00007918 Ry

     iteration #  6     ecut=   100.00 Ry     beta= 0.30
     Davidson diagonalization with overlap
     ethr =  1.58E-07,  avg # of iterations =  4.9

     total cpu time spent up to now is     6468.9 secs

     total energy              =    -842.54482517 Ry
     estimated scf accuracy    <       0.00001603 Ry

     iteration #  7     ecut=   100.00 Ry     beta= 0.30
     Davidson diagonalization with overlap
     c_bands:  1 eigenvalues not converged
     ethr =  3.21E-08,  avg # of iterations =  3.5

     total cpu time spent up to now is     6527.2 secs

     total energy              =    -842.54483004 Ry
     estimated scf accuracy    <       0.00000114 Ry

     iteration #  8     ecut=   100.00 Ry     beta= 0.30
     Davidson diagonalization with overlap
     ethr =  2.27E-09,  avg # of iterations =  5.7

     total cpu time spent up to now is     6597.1 secs

     total energy              =    -842.54483141 Ry
     estimated scf accuracy    <       0.00000097 Ry

     iteration #  9     ecut=   100.00 Ry     beta= 0.30
     Davidson diagonalization with overlap
     ethr =  1.94E-09,  avg # of iterations =  2.0

     total cpu time spent up to now is     6651.1 secs

     total energy              =    -842.54483191 Ry
     estimated scf accuracy    <       0.00000006 Ry

     iteration # 10     ecut=   100.00 Ry     beta= 0.30
     Davidson diagonalization with overlap
     ethr =  1.15E-10,  avg # of iterations =  5.7

     total cpu time spent up to now is     6725.3 secs

     total energy              =    -842.54483212 Ry
     estimated scf accuracy    <       0.00000004 Ry

     iteration # 11     ecut=   100.00 Ry     beta= 0.30
     Davidson diagonalization with overlap
     ethr =  7.63E-11,  avg # of iterations =  2.1

     total cpu time spent up to now is     6778.9 secs

     total energy              =    -842.54483221 Ry
     estimated scf accuracy    <          1.7E-10 Ry

     iteration # 12     ecut=   100.00 Ry     beta= 0.30
     Davidson diagonalization with overlap
     ethr =  3.47E-13,  avg # of iterations = 10.4

     total cpu time spent up to now is     6884.6 secs

     total energy              =    -842.54483226 Ry
     estimated scf accuracy    <          1.8E-10 Ry

     iteration # 13     ecut=   100.00 Ry     beta= 0.30
     Davidson diagonalization with overlap
     ethr =  3.47E-13,  avg # of iterations =  2.1

     total cpu time spent up to now is     6937.4 secs

     End of self-consistent calculation

     Number of k-points >= 100: set verbosity='high' to print the bands.

     the Fermi energy is     4.2200 ev

!    total energy              =    -842.54483230 Ry
     estimated scf accuracy    <          9.8E-11 Ry
     smearing contrib. (-TS)   =      -0.00000000 Ry
     internal energy E=F+TS    =    -842.54483230 Ry

     The total energy is F=E-TS. E is the sum of the following terms:
     one-electron contribution =    -528.33192112 Ry
     hartree contribution      =     283.38149353 Ry
     xc contribution           =     -95.71605819 Ry
     ewald contribution        =    -264.72200469 Ry
     one-center paw contrib.   =    -237.15634182 Ry

     convergence has been achieved in  13 iterations

     Forces acting on atoms (cartesian axes, Ry/au):

     atom    1 type  1   force =     0.00000000    0.00000000    0.00000000
     atom    2 type  2   force =     0.00000000    0.00000000    0.00000000
     atom    3 type  3   force =     0.00000000    0.00000000    0.00000000
     atom    4 type  3   force =     0.00000000    0.00000000    0.00000000
     atom    5 type  3   force =     0.00000000    0.00000000    0.00000000

     Total force =     0.000000     Total SCF correction =     0.000000


     Computing stress (Cartesian axis) and pressure

          total   stress  (Ry/bohr**3)                   (kbar)     P=       -2.04
  -0.00001240   0.00000000   0.00000000           -1.82        0.00        0.00
   0.00000000  -0.00001240   0.00000000            0.00       -1.82        0.00
   0.00000000   0.00000000  -0.00001671            0.00        0.00       -2.46


     BFGS Geometry Optimization
     Energy error            =      0.0E+00 Ry
     Gradient error          =      0.0E+00 Ry/Bohr

     bfgs converged in   1 scf cycles and   0 bfgs steps
     (criteria: energy <  1.0E-05 Ry, force <  1.0E-03 Ry/Bohr)

     End of BFGS Geometry Optimization

     Final energy             =    -842.5448322955 Ry
Begin final coordinates

ATOMIC_POSITIONS (crystal)
Cs               0.0000000000        0.0000000000        0.0000000000
Zn               0.5000000000        0.5000000000        0.5000000000
Cl               0.5000000000        0.5000000000        0.0000000000
Cl               0.5000000000        0.0000000000        0.5000000000
Cl               0.0000000000        0.5000000000        0.5000000000
End final coordinates



  ----------------------------------------------------------------------------

     Applying the following strain
     (     0.00000,     0.00000,     0.00000  )
     (     0.00000,     0.00000,     0.00000  )
     (     0.00000,     0.00000,     0.00750  )



  ++++++++++++++++++++++++++++++++++++++++++++++++++++++++++++++++++++++++++++
     Doing work    4 /     8
  ++++++++++++++++++++++++++++++++++++++++++++++++++++++++++++++++++++++++++++


     Current dimensions of program PWSCF are:
     Max number of different atomic species (ntypx) = 10
     Max number of k-points (npk) = 120000
     Max angular momentum in pseudopotentials (lmaxx) =  4

     WARNING: check_stop already initialized
     Message from routine setup:
     using ibrav=0 with symmetry is DISCOURAGED, use correct ibrav instead

     Parallelization info
     --------------------
     sticks:   dense  smooth     PW     G-vecs:    dense   smooth      PW
     Min        2935    1468    410               170081    60167    8827
     Max        2942    1473    411               170130    60218    8874
     Sum        5877    2941    821               340211   120385   17701

     Using Pencil Decomposition



     bravais-lattice index     =            0
     lattice parameter (alat)  =       9.5966  a.u.
     unit-cell volume          =     890.4307 (a.u.)^3
     number of atoms/cell      =            5
     number of atomic types    =            3
     number of electrons       =        50.00
     number of Kohn-Sham states=           30
     kinetic-energy cutoff     =     100.0000  Ry
     charge density cutoff     =     800.0000  Ry
     scf convergence threshold =      1.0E-10
     mixing beta               =       0.3000
     number of iterations used =            8  plain     mixing
     energy convergence thresh.=      1.0E-05
     force convergence thresh. =      1.0E-03
     Exchange-correlation= PBE
                           (   1   4   3   4   0   0   0)
     nstep                     =           20


     celldm(1)=   9.596621  celldm(2)=   0.000000  celldm(3)=   0.000000
     celldm(4)=   0.000000  celldm(5)=   0.000000  celldm(6)=   0.000000

     crystal axes: (cart. coord. in units of alat)
               a(1) = (   1.000000   0.000000   0.000000 )  
               a(2) = (   0.000000   1.000000   0.000000 )  
               a(3) = (   0.000000   0.000000   1.007500 )  

     reciprocal axes: (cart. coord. in units 2 pi/alat)
               b(1) = (  1.000000  0.000000  0.000000 )  
               b(2) = (  0.000000  1.000000  0.000000 )  
               b(3) = (  0.000000  0.000000  0.992556 )  


     PseudoPot. # 1 for Cs read from file:
     /home/administrator/Downloads/BURAI/BURAI1.3/pseudopot/Cs.pbe-spn-rrkjus_psl.1.0.0.UPF
     MD5 check sum: 0e4a2db85f86c9a13762b1b689b65a6d
     Pseudo is Ultrasoft + core correction, Zval =  9.0
     Generated using "atomic" code by A. Dal Corso  v.5.1.2
     Using radial grid of 1251 points,  9 beta functions with: 
                l(1) =   0
                l(2) =   0
                l(3) =   0
                l(4) =   1
                l(5) =   1
                l(6) =   2
                l(7) =   2
                l(8) =   3
                l(9) =   3
     Q(r) pseudized with 0 coefficients 


     PseudoPot. # 2 for Zn read from file:
     /home/administrator/Downloads/BURAI/BURAI1.3/pseudopot/Zn.pbe-spn-kjpaw_psl.1.0.0.UPF
     MD5 check sum: 9ae49ce97c5e3111e3f06ee7e23c2246
     Pseudo is Projector augmented-wave + core cor, Zval = 20.0
     Generated using "atomic" code by A. Dal Corso  v.5.1.2
     Shape of augmentation charge: PSQ
     Using radial grid of 1201 points,  6 beta functions with: 
                l(1) =   0
                l(2) =   0
                l(3) =   1
                l(4) =   1
                l(5) =   2
                l(6) =   2
     Q(r) pseudized with 0 coefficients 


     PseudoPot. # 3 for Cl read from file:
     /home/administrator/Downloads/BURAI/BURAI1.3/pseudopot/Cl.pbe-n-kjpaw_psl.1.0.0.UPF
     MD5 check sum: d11ac872591ccaf6ebdc6d6d0c764b72
     Pseudo is Projector augmented-wave + core cor, Zval =  7.0
     Generated using "atomic" code by A. Dal Corso  v.5.1.2
     Shape of augmentation charge: PSQ
     Using radial grid of 1157 points,  6 beta functions with: 
                l(1) =   0
                l(2) =   0
                l(3) =   1
                l(4) =   1
                l(5) =   2
                l(6) =   2
     Q(r) pseudized with 0 coefficients 


     atomic species   valence    mass     pseudopotential
     Cs                9.00   132.90550     Cs( 1.00)
     Zn               20.00    65.38000     Zn( 1.00)
     Cl                7.00    35.45300     Cl( 1.00)

     16 Sym. Ops., with inversion, found



   Cartesian axes

     site n.     atom                  positions (alat units)
         1        Cs     tau(   1) = (   0.0000000   0.0000000   0.0000000  )
         2        Zn     tau(   2) = (   0.5000000   0.5000000   0.5037500  )
         3        Cl     tau(   3) = (   0.5000000   0.5000000   0.0000000  )
         4        Cl     tau(   4) = (   0.5000000   0.0000000   0.5037500  )
         5        Cl     tau(   5) = (   0.0000000   0.5000000   0.5037500  )

     number of k points=   126  Gaussian smearing, width (Ry)=  0.0050

     Number of k-points >= 100: set verbosity='high' to print them.

     Dense  grid:   340211 G-vectors     FFT dimensions: (  90,  90,  90)

     Smooth grid:   120385 G-vectors     FFT dimensions: (  64,  64,  64)

     Estimated max dynamical RAM per process >     651.80 MB

     Estimated total dynamical RAM >       4.85 GB

     Initial potential from superposition of free atoms

     starting charge      49.9591, renormalised to      50.0000
     Starting wfcs are   27 randomized atomic wfcs +    3 random wfcs
     Checking if some PAW data can be deallocated... 

     total cpu time spent up to now is     7013.6 secs

     Self-consistent Calculation

     iteration #  1     ecut=   100.00 Ry     beta= 0.30
     Davidson diagonalization with overlap
     ethr =  1.00E-02,  avg # of iterations =  6.7

     Threshold (ethr) on eigenvalues was too large:
     Diagonalizing with lowered threshold

     Davidson diagonalization with overlap
     ethr =  5.67E-04,  avg # of iterations =  2.4

     total cpu time spent up to now is     7123.0 secs

     total energy              =    -842.52447409 Ry
     estimated scf accuracy    <       0.25538018 Ry

     iteration #  2     ecut=   100.00 Ry     beta= 0.30
     Davidson diagonalization with overlap
     ethr =  5.11E-04,  avg # of iterations =  2.1

     total cpu time spent up to now is     7174.3 secs

     total energy              =    -842.53579983 Ry
     estimated scf accuracy    <       0.04289972 Ry

     iteration #  3     ecut=   100.00 Ry     beta= 0.30
     Davidson diagonalization with overlap
     ethr =  8.58E-05,  avg # of iterations =  8.5

     total cpu time spent up to now is     7242.6 secs

     total energy              =    -842.54357319 Ry
     estimated scf accuracy    <       0.00563540 Ry

     iteration #  4     ecut=   100.00 Ry     beta= 0.30
     Davidson diagonalization with overlap
     c_bands:  1 eigenvalues not converged
     ethr =  1.13E-05,  avg # of iterations =  9.5

     total cpu time spent up to now is     7312.7 secs

     total energy              =    -842.54447662 Ry
     estimated scf accuracy    <       0.00129326 Ry

     iteration #  5     ecut=   100.00 Ry     beta= 0.30
     Davidson diagonalization with overlap
     c_bands:  1 eigenvalues not converged
     ethr =  2.59E-06,  avg # of iterations =  8.1

     total cpu time spent up to now is     7381.0 secs

     total energy              =    -842.54472764 Ry
     estimated scf accuracy    <       0.00007983 Ry

     iteration #  6     ecut=   100.00 Ry     beta= 0.30
     Davidson diagonalization with overlap
     ethr =  1.60E-07,  avg # of iterations =  4.6

     total cpu time spent up to now is     7443.0 secs

     total energy              =    -842.54475012 Ry
     estimated scf accuracy    <       0.00001549 Ry

     iteration #  7     ecut=   100.00 Ry     beta= 0.30
     Davidson diagonalization with overlap
     ethr =  3.10E-08,  avg # of iterations =  3.2

     total cpu time spent up to now is     7502.7 secs

     total energy              =    -842.54475521 Ry
     estimated scf accuracy    <       0.00000093 Ry

     iteration #  8     ecut=   100.00 Ry     beta= 0.30
     Davidson diagonalization with overlap
     ethr =  1.87E-09,  avg # of iterations =  6.0

     total cpu time spent up to now is     7575.5 secs

     total energy              =    -842.54475655 Ry
     estimated scf accuracy    <       0.00000081 Ry

     iteration #  9     ecut=   100.00 Ry     beta= 0.30
     Davidson diagonalization with overlap
     ethr =  1.63E-09,  avg # of iterations =  2.0

     total cpu time spent up to now is     7629.0 secs

     total energy              =    -842.54475705 Ry
     estimated scf accuracy    <       0.00000005 Ry

     iteration # 10     ecut=   100.00 Ry     beta= 0.30
     Davidson diagonalization with overlap
     ethr =  1.00E-10,  avg # of iterations =  5.8

     total cpu time spent up to now is     7701.9 secs

     total energy              =    -842.54475725 Ry
     estimated scf accuracy    <       0.00000005 Ry

     iteration # 11     ecut=   100.00 Ry     beta= 0.30
     Davidson diagonalization with overlap
     ethr =  9.83E-11,  avg # of iterations =  2.0

     total cpu time spent up to now is     7755.1 secs

     total energy              =    -842.54475735 Ry
     estimated scf accuracy    <          3.8E-10 Ry

     iteration # 12     ecut=   100.00 Ry     beta= 0.30
     Davidson diagonalization with overlap
     ethr =  7.54E-13,  avg # of iterations =  8.1

     total cpu time spent up to now is     7844.0 secs

     total energy              =    -842.54475740 Ry
     estimated scf accuracy    <          1.2E-10 Ry

     iteration # 13     ecut=   100.00 Ry     beta= 0.30
     Davidson diagonalization with overlap
     ethr =  2.43E-13,  avg # of iterations =  3.7

     total cpu time spent up to now is     7901.5 secs

     End of self-consistent calculation

     Number of k-points >= 100: set verbosity='high' to print the bands.

     the Fermi energy is     4.1733 ev

!    total energy              =    -842.54475744 Ry
     estimated scf accuracy    <          9.3E-11 Ry
     smearing contrib. (-TS)   =      -0.00000000 Ry
     internal energy E=F+TS    =    -842.54475744 Ry

     The total energy is F=E-TS. E is the sum of the following terms:
     one-electron contribution =    -529.04031579 Ry
     hartree contribution      =     283.63904655 Ry
     xc contribution           =     -95.70873123 Ry
     ewald contribution        =    -264.27897613 Ry
     one-center paw contrib.   =    -237.15578085 Ry

     convergence has been achieved in  13 iterations

     Forces acting on atoms (cartesian axes, Ry/au):

     atom    1 type  1   force =     0.00000000    0.00000000    0.00000000
     atom    2 type  2   force =     0.00000000    0.00000000    0.00000000
     atom    3 type  3   force =     0.00000000    0.00000000    0.00000000
     atom    4 type  3   force =     0.00000000    0.00000000    0.00000000
     atom    5 type  3   force =     0.00000000    0.00000000    0.00000000

     Total force =     0.000000     Total SCF correction =     0.000000


     Computing stress (Cartesian axis) and pressure

          total   stress  (Ry/bohr**3)                   (kbar)     P=       -3.66
  -0.00002072   0.00000000   0.00000000           -3.05        0.00        0.00
   0.00000000  -0.00002072   0.00000000            0.00       -3.05        0.00
   0.00000000   0.00000000  -0.00003318            0.00        0.00       -4.88


     BFGS Geometry Optimization
     Energy error            =      0.0E+00 Ry
     Gradient error          =      0.0E+00 Ry/Bohr

     bfgs converged in   1 scf cycles and   0 bfgs steps
     (criteria: energy <  1.0E-05 Ry, force <  1.0E-03 Ry/Bohr)

     End of BFGS Geometry Optimization

     Final energy             =    -842.5447574387 Ry
Begin final coordinates

ATOMIC_POSITIONS (crystal)
Cs               0.0000000000        0.0000000000        0.0000000000
Zn               0.5000000000        0.5000000000        0.5000000000
Cl               0.5000000000        0.5000000000        0.0000000000
Cl               0.5000000000        0.0000000000        0.5000000000
Cl               0.0000000000        0.5000000000        0.5000000000
End final coordinates



  ----------------------------------------------------------------------------

     Applying the following strain
     (     0.00000,    -0.00750,    -0.00750  )
     (    -0.00750,     0.00000,    -0.00750  )
     (    -0.00750,    -0.00750,     0.00000  )



  ++++++++++++++++++++++++++++++++++++++++++++++++++++++++++++++++++++++++++++
     Doing work    5 /     8
  ++++++++++++++++++++++++++++++++++++++++++++++++++++++++++++++++++++++++++++


     Current dimensions of program PWSCF are:
     Max number of different atomic species (ntypx) = 10
     Max number of k-points (npk) = 120000
     Max angular momentum in pseudopotentials (lmaxx) =  4

     WARNING: check_stop already initialized
     Message from routine setup:
     using ibrav=0 with symmetry is DISCOURAGED, use correct ibrav instead

     Parallelization info
     --------------------
     sticks:   dense  smooth     PW     G-vecs:    dense   smooth      PW
     Min        2934    1464    407               168857    59700    8769
     Max        2935    1469    410               168860    59717    8830
     Sum        5869    2933    817               337717   119417   17599

     Using Pencil Decomposition



     bravais-lattice index     =            0
     lattice parameter (alat)  =       9.5966  a.u.
     unit-cell volume          =     883.6523 (a.u.)^3
     number of atoms/cell      =            5
     number of atomic types    =            3
     number of electrons       =        50.00
     number of Kohn-Sham states=           30
     kinetic-energy cutoff     =     100.0000  Ry
     charge density cutoff     =     800.0000  Ry
     scf convergence threshold =      1.0E-10
     mixing beta               =       0.3000
     number of iterations used =            8  plain     mixing
     energy convergence thresh.=      1.0E-05
     force convergence thresh. =      1.0E-03
     Exchange-correlation= PBE
                           (   1   4   3   4   0   0   0)
     nstep                     =           20


     celldm(1)=   9.596621  celldm(2)=   0.000000  celldm(3)=   0.000000
     celldm(4)=   0.000000  celldm(5)=   0.000000  celldm(6)=   0.000000

     crystal axes: (cart. coord. in units of alat)
               a(1) = (   1.000000  -0.007500  -0.007500 )  
               a(2) = (  -0.007500   1.000000  -0.007500 )  
               a(3) = (  -0.007500  -0.007500   1.000000 )  

     reciprocal axes: (cart. coord. in units 2 pi/alat)
               b(1) = (  1.000113  0.007558  0.007558 )  
               b(2) = (  0.007558  1.000113  0.007558 )  
               b(3) = (  0.007558  0.007558  1.000113 )  


     PseudoPot. # 1 for Cs read from file:
     /home/administrator/Downloads/BURAI/BURAI1.3/pseudopot/Cs.pbe-spn-rrkjus_psl.1.0.0.UPF
     MD5 check sum: 0e4a2db85f86c9a13762b1b689b65a6d
     Pseudo is Ultrasoft + core correction, Zval =  9.0
     Generated using "atomic" code by A. Dal Corso  v.5.1.2
     Using radial grid of 1251 points,  9 beta functions with: 
                l(1) =   0
                l(2) =   0
                l(3) =   0
                l(4) =   1
                l(5) =   1
                l(6) =   2
                l(7) =   2
                l(8) =   3
                l(9) =   3
     Q(r) pseudized with 0 coefficients 


     PseudoPot. # 2 for Zn read from file:
     /home/administrator/Downloads/BURAI/BURAI1.3/pseudopot/Zn.pbe-spn-kjpaw_psl.1.0.0.UPF
     MD5 check sum: 9ae49ce97c5e3111e3f06ee7e23c2246
     Pseudo is Projector augmented-wave + core cor, Zval = 20.0
     Generated using "atomic" code by A. Dal Corso  v.5.1.2
     Shape of augmentation charge: PSQ
     Using radial grid of 1201 points,  6 beta functions with: 
                l(1) =   0
                l(2) =   0
                l(3) =   1
                l(4) =   1
                l(5) =   2
                l(6) =   2
     Q(r) pseudized with 0 coefficients 


     PseudoPot. # 3 for Cl read from file:
     /home/administrator/Downloads/BURAI/BURAI1.3/pseudopot/Cl.pbe-n-kjpaw_psl.1.0.0.UPF
     MD5 check sum: d11ac872591ccaf6ebdc6d6d0c764b72
     Pseudo is Projector augmented-wave + core cor, Zval =  7.0
     Generated using "atomic" code by A. Dal Corso  v.5.1.2
     Shape of augmentation charge: PSQ
     Using radial grid of 1157 points,  6 beta functions with: 
                l(1) =   0
                l(2) =   0
                l(3) =   1
                l(4) =   1
                l(5) =   2
                l(6) =   2
     Q(r) pseudized with 0 coefficients 


     atomic species   valence    mass     pseudopotential
     Cs                9.00   132.90550     Cs( 1.00)
     Zn               20.00    65.38000     Zn( 1.00)
     Cl                7.00    35.45300     Cl( 1.00)

     12 Sym. Ops., with inversion, found



   Cartesian axes

     site n.     atom                  positions (alat units)
         1        Cs     tau(   1) = (   0.0000000   0.0000000   0.0000000  )
         2        Zn     tau(   2) = (   0.4925000   0.4925000   0.4925000  )
         3        Cl     tau(   3) = (   0.4962500   0.4962500  -0.0075000  )
         4        Cl     tau(   4) = (   0.4962500  -0.0075000   0.4962500  )
         5        Cl     tau(   5) = (  -0.0075000   0.4962500   0.4962500  )

     number of k points=   116  Gaussian smearing, width (Ry)=  0.0050

     Number of k-points >= 100: set verbosity='high' to print them.

     Dense  grid:   337717 G-vectors     FFT dimensions: (  90,  90,  90)

     Smooth grid:   119417 G-vectors     FFT dimensions: (  64,  64,  64)

     Estimated max dynamical RAM per process >     637.01 MB

     Estimated total dynamical RAM >       4.74 GB

     Initial potential from superposition of free atoms

     starting charge      49.9591, renormalised to      50.0000
     Starting wfcs are   27 randomized atomic wfcs +    3 random wfcs
     Checking if some PAW data can be deallocated... 

     total cpu time spent up to now is     7976.5 secs

     Self-consistent Calculation

     iteration #  1     ecut=   100.00 Ry     beta= 0.30
     Davidson diagonalization with overlap
     ethr =  1.00E-02,  avg # of iterations =  7.0

     Threshold (ethr) on eigenvalues was too large:
     Diagonalizing with lowered threshold

     Davidson diagonalization with overlap
     ethr =  5.69E-04,  avg # of iterations =  2.8

     total cpu time spent up to now is     8077.9 secs

     total energy              =    -842.52306955 Ry
     estimated scf accuracy    <       0.25725038 Ry

     iteration #  2     ecut=   100.00 Ry     beta= 0.30
     Davidson diagonalization with overlap
     ethr =  5.15E-04,  avg # of iterations =  2.1

     total cpu time spent up to now is     8125.1 secs

     total energy              =    -842.53573070 Ry
     estimated scf accuracy    <       0.04260934 Ry

     iteration #  3     ecut=   100.00 Ry     beta= 0.30
     Davidson diagonalization with overlap
     ethr =  8.52E-05,  avg # of iterations =  9.0

     total cpu time spent up to now is     8188.2 secs

     total energy              =    -842.54320791 Ry
     estimated scf accuracy    <       0.00579781 Ry

     iteration #  4     ecut=   100.00 Ry     beta= 0.30
     Davidson diagonalization with overlap
     ethr =  1.16E-05,  avg # of iterations =  9.4

     total cpu time spent up to now is     8252.5 secs

     total energy              =    -842.54412235 Ry
     estimated scf accuracy    <       0.00129809 Ry

     iteration #  5     ecut=   100.00 Ry     beta= 0.30
     Davidson diagonalization with overlap
     c_bands:  1 eigenvalues not converged
     c_bands:  1 eigenvalues not converged
     ethr =  2.60E-06,  avg # of iterations =  8.1

     total cpu time spent up to now is     8314.7 secs

     total energy              =    -842.54436693 Ry
     estimated scf accuracy    <       0.00007939 Ry

     iteration #  6     ecut=   100.00 Ry     beta= 0.30
     Davidson diagonalization with overlap
     ethr =  1.59E-07,  avg # of iterations =  4.8

     total cpu time spent up to now is     8372.3 secs

     total energy              =    -842.54439222 Ry
     estimated scf accuracy    <       0.00001389 Ry

     iteration #  7     ecut=   100.00 Ry     beta= 0.30
     Davidson diagonalization with overlap
     c_bands:  1 eigenvalues not converged
     ethr =  2.78E-08,  avg # of iterations =  3.8

     total cpu time spent up to now is     8427.1 secs

     total energy              =    -842.54439713 Ry
     estimated scf accuracy    <       0.00000076 Ry

     iteration #  8     ecut=   100.00 Ry     beta= 0.30
     Davidson diagonalization with overlap
     ethr =  1.51E-09,  avg # of iterations =  5.7

     total cpu time spent up to now is     8492.5 secs

     total energy              =    -842.54439831 Ry
     estimated scf accuracy    <       0.00000083 Ry

     iteration #  9     ecut=   100.00 Ry     beta= 0.30
     Davidson diagonalization with overlap
     ethr =  1.51E-09,  avg # of iterations =  2.0

     total cpu time spent up to now is     8542.8 secs

     total energy              =    -842.54439883 Ry
     estimated scf accuracy    <       0.00000004 Ry

     iteration # 10     ecut=   100.00 Ry     beta= 0.30
     Davidson diagonalization with overlap
     ethr =  8.50E-11,  avg # of iterations =  5.8

     total cpu time spent up to now is     8609.4 secs

     total energy              =    -842.54439903 Ry
     estimated scf accuracy    <       0.00000005 Ry

     iteration # 11     ecut=   100.00 Ry     beta= 0.30
     Davidson diagonalization with overlap
     ethr =  8.50E-11,  avg # of iterations =  2.0

     total cpu time spent up to now is     8658.4 secs

     total energy              =    -842.54439913 Ry
     estimated scf accuracy    <          1.7E-10 Ry

     iteration # 12     ecut=   100.00 Ry     beta= 0.30
     Davidson diagonalization with overlap
     ethr =  3.31E-13,  avg # of iterations = 10.5

     total cpu time spent up to now is     8755.9 secs

     total energy              =    -842.54439917 Ry
     estimated scf accuracy    <          1.8E-10 Ry

     iteration # 13     ecut=   100.00 Ry     beta= 0.30
     Davidson diagonalization with overlap
     ethr =  3.31E-13,  avg # of iterations =  2.9

     total cpu time spent up to now is     8808.1 secs

     total energy              =    -842.54439919 Ry
     estimated scf accuracy    <          1.6E-10 Ry

     iteration # 14     ecut=   100.00 Ry     beta= 0.30
     Davidson diagonalization with overlap
     ethr =  3.22E-13,  avg # of iterations =  2.0

     total cpu time spent up to now is     8856.6 secs

     End of self-consistent calculation

     Number of k-points >= 100: set verbosity='high' to print the bands.

     the Fermi energy is     4.2408 ev

!    total energy              =    -842.54439922 Ry
     estimated scf accuracy    <          3.2E-12 Ry
     smearing contrib. (-TS)   =      -0.00000000 Ry
     internal energy E=F+TS    =    -842.54439922 Ry

     The total energy is F=E-TS. E is the sum of the following terms:
     one-electron contribution =    -527.93377367 Ry
     hartree contribution      =     283.23416687 Ry
     xc contribution           =     -95.72018178 Ry
     ewald contribution        =    -264.96794652 Ry
     one-center paw contrib.   =    -237.15666411 Ry

     convergence has been achieved in  14 iterations

     Forces acting on atoms (cartesian axes, Ry/au):

     atom    1 type  1   force =    -0.00000000   -0.00000000   -0.00000000
     atom    2 type  2   force =     0.00000000    0.00000000    0.00000000
     atom    3 type  3   force =    -0.00000000   -0.00000000   -0.00000000
     atom    4 type  3   force =     0.00000000    0.00000000    0.00000000
     atom    5 type  3   force =    -0.00000000   -0.00000000   -0.00000000

     Total force =     0.000000     Total SCF correction =     0.000000


     Computing stress (Cartesian axis) and pressure

          total   stress  (Ry/bohr**3)                   (kbar)     P=       -1.05
  -0.00000717   0.00002214   0.00002214           -1.05        3.26        3.26
   0.00002214  -0.00000717   0.00002214            3.26       -1.05        3.26
   0.00002214   0.00002214  -0.00000717            3.26        3.26       -1.05


     BFGS Geometry Optimization
     Energy error            =      0.0E+00 Ry
     Gradient error          =      1.1E-30 Ry/Bohr

     bfgs converged in   1 scf cycles and   0 bfgs steps
     (criteria: energy <  1.0E-05 Ry, force <  1.0E-03 Ry/Bohr)

     End of BFGS Geometry Optimization

     Final energy             =    -842.5443992155 Ry
Begin final coordinates

ATOMIC_POSITIONS (crystal)
Cs               0.0000000000        0.0000000000        0.0000000000
Zn               0.5000000000        0.5000000000        0.5000000000
Cl               0.5000000000        0.5000000000       -0.0000000000
Cl               0.5000000000       -0.0000000000        0.5000000000
Cl              -0.0000000000        0.5000000000        0.5000000000
End final coordinates



  ----------------------------------------------------------------------------

     Applying the following strain
     (     0.00000,    -0.00250,    -0.00250  )
     (    -0.00250,     0.00000,    -0.00250  )
     (    -0.00250,    -0.00250,     0.00000  )



  ++++++++++++++++++++++++++++++++++++++++++++++++++++++++++++++++++++++++++++
     Doing work    6 /     8
  ++++++++++++++++++++++++++++++++++++++++++++++++++++++++++++++++++++++++++++


     Current dimensions of program PWSCF are:
     Max number of different atomic species (ntypx) = 10
     Max number of k-points (npk) = 120000
     Max angular momentum in pseudopotentials (lmaxx) =  4

     WARNING: check_stop already initialized
     Message from routine setup:
     using ibrav=0 with symmetry is DISCOURAGED, use correct ibrav instead

     Parallelization info
     --------------------
     sticks:   dense  smooth     PW     G-vecs:    dense   smooth      PW
     Min        2932    1464    410               168748    59672    8785
     Max        2937    1473    411               168825    59721    8832
     Sum        5869    2937    821               337573   119393   17617

     Using Pencil Decomposition



     bravais-lattice index     =            0
     lattice parameter (alat)  =       9.5966  a.u.
     unit-cell volume          =     883.7856 (a.u.)^3
     number of atoms/cell      =            5
     number of atomic types    =            3
     number of electrons       =        50.00
     number of Kohn-Sham states=           30
     kinetic-energy cutoff     =     100.0000  Ry
     charge density cutoff     =     800.0000  Ry
     scf convergence threshold =      1.0E-10
     mixing beta               =       0.3000
     number of iterations used =            8  plain     mixing
     energy convergence thresh.=      1.0E-05
     force convergence thresh. =      1.0E-03
     Exchange-correlation= PBE
                           (   1   4   3   4   0   0   0)
     nstep                     =           20


     celldm(1)=   9.596621  celldm(2)=   0.000000  celldm(3)=   0.000000
     celldm(4)=   0.000000  celldm(5)=   0.000000  celldm(6)=   0.000000

     crystal axes: (cart. coord. in units of alat)
               a(1) = (   1.000000  -0.002500  -0.002500 )  
               a(2) = (  -0.002500   1.000000  -0.002500 )  
               a(3) = (  -0.002500  -0.002500   1.000000 )  

     reciprocal axes: (cart. coord. in units 2 pi/alat)
               b(1) = (  1.000013  0.002506  0.002506 )  
               b(2) = (  0.002506  1.000013  0.002506 )  
               b(3) = (  0.002506  0.002506  1.000013 )  


     PseudoPot. # 1 for Cs read from file:
     /home/administrator/Downloads/BURAI/BURAI1.3/pseudopot/Cs.pbe-spn-rrkjus_psl.1.0.0.UPF
     MD5 check sum: 0e4a2db85f86c9a13762b1b689b65a6d
     Pseudo is Ultrasoft + core correction, Zval =  9.0
     Generated using "atomic" code by A. Dal Corso  v.5.1.2
     Using radial grid of 1251 points,  9 beta functions with: 
                l(1) =   0
                l(2) =   0
                l(3) =   0
                l(4) =   1
                l(5) =   1
                l(6) =   2
                l(7) =   2
                l(8) =   3
                l(9) =   3
     Q(r) pseudized with 0 coefficients 


     PseudoPot. # 2 for Zn read from file:
     /home/administrator/Downloads/BURAI/BURAI1.3/pseudopot/Zn.pbe-spn-kjpaw_psl.1.0.0.UPF
     MD5 check sum: 9ae49ce97c5e3111e3f06ee7e23c2246
     Pseudo is Projector augmented-wave + core cor, Zval = 20.0
     Generated using "atomic" code by A. Dal Corso  v.5.1.2
     Shape of augmentation charge: PSQ
     Using radial grid of 1201 points,  6 beta functions with: 
                l(1) =   0
                l(2) =   0
                l(3) =   1
                l(4) =   1
                l(5) =   2
                l(6) =   2
     Q(r) pseudized with 0 coefficients 


     PseudoPot. # 3 for Cl read from file:
     /home/administrator/Downloads/BURAI/BURAI1.3/pseudopot/Cl.pbe-n-kjpaw_psl.1.0.0.UPF
     MD5 check sum: d11ac872591ccaf6ebdc6d6d0c764b72
     Pseudo is Projector augmented-wave + core cor, Zval =  7.0
     Generated using "atomic" code by A. Dal Corso  v.5.1.2
     Shape of augmentation charge: PSQ
     Using radial grid of 1157 points,  6 beta functions with: 
                l(1) =   0
                l(2) =   0
                l(3) =   1
                l(4) =   1
                l(5) =   2
                l(6) =   2
     Q(r) pseudized with 0 coefficients 


     atomic species   valence    mass     pseudopotential
     Cs                9.00   132.90550     Cs( 1.00)
     Zn               20.00    65.38000     Zn( 1.00)
     Cl                7.00    35.45300     Cl( 1.00)

     12 Sym. Ops., with inversion, found



   Cartesian axes

     site n.     atom                  positions (alat units)
         1        Cs     tau(   1) = (   0.0000000   0.0000000   0.0000000  )
         2        Zn     tau(   2) = (   0.4975000   0.4975000   0.4975000  )
         3        Cl     tau(   3) = (   0.4987500   0.4987500  -0.0025000  )
         4        Cl     tau(   4) = (   0.4987500  -0.0025000   0.4987500  )
         5        Cl     tau(   5) = (  -0.0025000   0.4987500   0.4987500  )

     number of k points=   116  Gaussian smearing, width (Ry)=  0.0050

     Number of k-points >= 100: set verbosity='high' to print them.

     Dense  grid:   337573 G-vectors     FFT dimensions: (  90,  90,  90)

     Smooth grid:   119393 G-vectors     FFT dimensions: (  64,  64,  64)

     Estimated max dynamical RAM per process >     636.79 MB

     Estimated total dynamical RAM >       4.73 GB

     Initial potential from superposition of free atoms

     starting charge      49.9591, renormalised to      50.0000
     Starting wfcs are   27 randomized atomic wfcs +    3 random wfcs
     Checking if some PAW data can be deallocated... 

     total cpu time spent up to now is     8928.2 secs

     Self-consistent Calculation

     iteration #  1     ecut=   100.00 Ry     beta= 0.30
     Davidson diagonalization with overlap
     ethr =  1.00E-02,  avg # of iterations =  6.8

     Threshold (ethr) on eigenvalues was too large:
     Diagonalizing with lowered threshold

     Davidson diagonalization with overlap
     ethr =  5.68E-04,  avg # of iterations =  2.7

     total cpu time spent up to now is     9028.9 secs

     total energy              =    -842.52366811 Ry
     estimated scf accuracy    <       0.25681961 Ry

     iteration #  2     ecut=   100.00 Ry     beta= 0.30
     Davidson diagonalization with overlap
     ethr =  5.14E-04,  avg # of iterations =  2.0

     total cpu time spent up to now is     9076.5 secs

     total energy              =    -842.53610493 Ry
     estimated scf accuracy    <       0.04271874 Ry

     iteration #  3     ecut=   100.00 Ry     beta= 0.30
     Davidson diagonalization with overlap
     c_bands:  1 eigenvalues not converged
     ethr =  8.54E-05,  avg # of iterations =  8.8

     total cpu time spent up to now is     9140.0 secs

     total energy              =    -842.54367239 Ry
     estimated scf accuracy    <       0.00579684 Ry

     iteration #  4     ecut=   100.00 Ry     beta= 0.30
     Davidson diagonalization with overlap
     ethr =  1.16E-05,  avg # of iterations =  9.8

     total cpu time spent up to now is     9204.9 secs

     total energy              =    -842.54451294 Ry
     estimated scf accuracy    <       0.00130891 Ry

     iteration #  5     ecut=   100.00 Ry     beta= 0.30
     Davidson diagonalization with overlap
     c_bands:  1 eigenvalues not converged
     c_bands:  1 eigenvalues not converged
     ethr =  2.62E-06,  avg # of iterations =  8.3

     total cpu time spent up to now is     9267.8 secs

     total energy              =    -842.54476124 Ry
     estimated scf accuracy    <       0.00007996 Ry

     iteration #  6     ecut=   100.00 Ry     beta= 0.30
     Davidson diagonalization with overlap
     ethr =  1.60E-07,  avg # of iterations =  5.0

     total cpu time spent up to now is     9326.6 secs

     total energy              =    -842.54478603 Ry
     estimated scf accuracy    <       0.00001538 Ry

     iteration #  7     ecut=   100.00 Ry     beta= 0.30
     Davidson diagonalization with overlap
     ethr =  3.08E-08,  avg # of iterations =  3.3

     total cpu time spent up to now is     9380.5 secs

     total energy              =    -842.54479122 Ry
     estimated scf accuracy    <       0.00000064 Ry

     iteration #  8     ecut=   100.00 Ry     beta= 0.30
     Davidson diagonalization with overlap
     ethr =  1.28E-09,  avg # of iterations =  5.9

     total cpu time spent up to now is     9448.3 secs

     total energy              =    -842.54479242 Ry
     estimated scf accuracy    <       0.00000066 Ry

     iteration #  9     ecut=   100.00 Ry     beta= 0.30
     Davidson diagonalization with overlap
     ethr =  1.28E-09,  avg # of iterations =  2.0

     total cpu time spent up to now is     9495.3 secs

     total energy              =    -842.54479290 Ry
     estimated scf accuracy    <       0.00000005 Ry

     iteration # 10     ecut=   100.00 Ry     beta= 0.30
     Davidson diagonalization with overlap
     ethr =  9.08E-11,  avg # of iterations =  5.2

     total cpu time spent up to now is     9555.6 secs

     total energy              =    -842.54479309 Ry
     estimated scf accuracy    <       0.00000006 Ry

     iteration # 11     ecut=   100.00 Ry     beta= 0.30
     Davidson diagonalization with overlap
     ethr =  9.08E-11,  avg # of iterations =  2.1

     total cpu time spent up to now is     9605.3 secs

     End of self-consistent calculation

     Number of k-points >= 100: set verbosity='high' to print the bands.

     the Fermi energy is     4.2425 ev

!    total energy              =    -842.54479327 Ry
     estimated scf accuracy    <          9.8E-11 Ry
     smearing contrib. (-TS)   =      -0.00000000 Ry
     internal energy E=F+TS    =    -842.54479327 Ry

     The total energy is F=E-TS. E is the sum of the following terms:
     one-electron contribution =    -527.97412066 Ry
     hartree contribution      =     283.25153966 Ry
     xc contribution           =     -95.71982873 Ry
     ewald contribution        =    -264.94574686 Ry
     one-center paw contrib.   =    -237.15663668 Ry

     convergence has been achieved in  11 iterations

     Forces acting on atoms (cartesian axes, Ry/au):

     atom    1 type  1   force =     0.00000000   -0.00000000    0.00000000
     atom    2 type  2   force =    -0.00000000   -0.00000000   -0.00000000
     atom    3 type  3   force =    -0.00000000   -0.00000000   -0.00000000
     atom    4 type  3   force =    -0.00000000   -0.00000000   -0.00000000
     atom    5 type  3   force =     0.00000000    0.00000000   -0.00000000

     Total force =     0.000000     Total SCF correction =     0.000000


     Computing stress (Cartesian axis) and pressure

          total   stress  (Ry/bohr**3)                   (kbar)     P=       -1.19
  -0.00000811   0.00000740   0.00000740           -1.19        1.09        1.09
   0.00000740  -0.00000811   0.00000740            1.09       -1.19        1.09
   0.00000740   0.00000740  -0.00000811            1.09        1.09       -1.19


     BFGS Geometry Optimization
     Energy error            =      0.0E+00 Ry
     Gradient error          =      3.2E-30 Ry/Bohr

     bfgs converged in   1 scf cycles and   0 bfgs steps
     (criteria: energy <  1.0E-05 Ry, force <  1.0E-03 Ry/Bohr)

     End of BFGS Geometry Optimization

     Final energy             =    -842.5447932687 Ry
Begin final coordinates

ATOMIC_POSITIONS (crystal)
Cs               0.0000000000        0.0000000000        0.0000000000
Zn               0.5000000000        0.5000000000        0.5000000000
Cl               0.5000000000        0.5000000000       -0.0000000000
Cl               0.5000000000       -0.0000000000        0.5000000000
Cl              -0.0000000000        0.5000000000        0.5000000000
End final coordinates



  ----------------------------------------------------------------------------

     Applying the following strain
     (     0.00000,     0.00250,     0.00250  )
     (     0.00250,     0.00000,     0.00250  )
     (     0.00250,     0.00250,     0.00000  )



  ++++++++++++++++++++++++++++++++++++++++++++++++++++++++++++++++++++++++++++
     Doing work    7 /     8
  ++++++++++++++++++++++++++++++++++++++++++++++++++++++++++++++++++++++++++++


     Current dimensions of program PWSCF are:
     Max number of different atomic species (ntypx) = 10
     Max number of k-points (npk) = 120000
     Max angular momentum in pseudopotentials (lmaxx) =  4

     WARNING: check_stop already initialized
     Message from routine setup:
     using ibrav=0 with symmetry is DISCOURAGED, use correct ibrav instead

     Parallelization info
     --------------------
     sticks:   dense  smooth     PW     G-vecs:    dense   smooth      PW
     Min        2932    1464    410               168792    59703    8761
     Max        2937    1473    411               168849    59732    8826
     Sum        5869    2937    821               337641   119435   17587

     Using Pencil Decomposition



     bravais-lattice index     =            0
     lattice parameter (alat)  =       9.5966  a.u.
     unit-cell volume          =     883.7856 (a.u.)^3
     number of atoms/cell      =            5
     number of atomic types    =            3
     number of electrons       =        50.00
     number of Kohn-Sham states=           30
     kinetic-energy cutoff     =     100.0000  Ry
     charge density cutoff     =     800.0000  Ry
     scf convergence threshold =      1.0E-10
     mixing beta               =       0.3000
     number of iterations used =            8  plain     mixing
     energy convergence thresh.=      1.0E-05
     force convergence thresh. =      1.0E-03
     Exchange-correlation= PBE
                           (   1   4   3   4   0   0   0)
     nstep                     =           20


     celldm(1)=   9.596621  celldm(2)=   0.000000  celldm(3)=   0.000000
     celldm(4)=   0.000000  celldm(5)=   0.000000  celldm(6)=   0.000000

     crystal axes: (cart. coord. in units of alat)
               a(1) = (   1.000000   0.002500   0.002500 )  
               a(2) = (   0.002500   1.000000   0.002500 )  
               a(3) = (   0.002500   0.002500   1.000000 )  

     reciprocal axes: (cart. coord. in units 2 pi/alat)
               b(1) = (  1.000012 -0.002494 -0.002494 )  
               b(2) = ( -0.002494  1.000012 -0.002494 )  
               b(3) = ( -0.002494 -0.002494  1.000012 )  


     PseudoPot. # 1 for Cs read from file:
     /home/administrator/Downloads/BURAI/BURAI1.3/pseudopot/Cs.pbe-spn-rrkjus_psl.1.0.0.UPF
     MD5 check sum: 0e4a2db85f86c9a13762b1b689b65a6d
     Pseudo is Ultrasoft + core correction, Zval =  9.0
     Generated using "atomic" code by A. Dal Corso  v.5.1.2
     Using radial grid of 1251 points,  9 beta functions with: 
                l(1) =   0
                l(2) =   0
                l(3) =   0
                l(4) =   1
                l(5) =   1
                l(6) =   2
                l(7) =   2
                l(8) =   3
                l(9) =   3
     Q(r) pseudized with 0 coefficients 


     PseudoPot. # 2 for Zn read from file:
     /home/administrator/Downloads/BURAI/BURAI1.3/pseudopot/Zn.pbe-spn-kjpaw_psl.1.0.0.UPF
     MD5 check sum: 9ae49ce97c5e3111e3f06ee7e23c2246
     Pseudo is Projector augmented-wave + core cor, Zval = 20.0
     Generated using "atomic" code by A. Dal Corso  v.5.1.2
     Shape of augmentation charge: PSQ
     Using radial grid of 1201 points,  6 beta functions with: 
                l(1) =   0
                l(2) =   0
                l(3) =   1
                l(4) =   1
                l(5) =   2
                l(6) =   2
     Q(r) pseudized with 0 coefficients 


     PseudoPot. # 3 for Cl read from file:
     /home/administrator/Downloads/BURAI/BURAI1.3/pseudopot/Cl.pbe-n-kjpaw_psl.1.0.0.UPF
     MD5 check sum: d11ac872591ccaf6ebdc6d6d0c764b72
     Pseudo is Projector augmented-wave + core cor, Zval =  7.0
     Generated using "atomic" code by A. Dal Corso  v.5.1.2
     Shape of augmentation charge: PSQ
     Using radial grid of 1157 points,  6 beta functions with: 
                l(1) =   0
                l(2) =   0
                l(3) =   1
                l(4) =   1
                l(5) =   2
                l(6) =   2
     Q(r) pseudized with 0 coefficients 


     atomic species   valence    mass     pseudopotential
     Cs                9.00   132.90550     Cs( 1.00)
     Zn               20.00    65.38000     Zn( 1.00)
     Cl                7.00    35.45300     Cl( 1.00)

     12 Sym. Ops., with inversion, found



   Cartesian axes

     site n.     atom                  positions (alat units)
         1        Cs     tau(   1) = (   0.0000000   0.0000000   0.0000000  )
         2        Zn     tau(   2) = (   0.5025000   0.5025000   0.5025000  )
         3        Cl     tau(   3) = (   0.5012500   0.5012500   0.0025000  )
         4        Cl     tau(   4) = (   0.5012500   0.0025000   0.5012500  )
         5        Cl     tau(   5) = (   0.0025000   0.5012500   0.5012500  )

     number of k points=   116  Gaussian smearing, width (Ry)=  0.0050

     Number of k-points >= 100: set verbosity='high' to print them.

     Dense  grid:   337641 G-vectors     FFT dimensions: (  90,  90,  90)

     Smooth grid:   119435 G-vectors     FFT dimensions: (  64,  64,  64)

     Estimated max dynamical RAM per process >     636.91 MB

     Estimated total dynamical RAM >       4.73 GB

     Initial potential from superposition of free atoms

     starting charge      49.9591, renormalised to      50.0000
     Starting wfcs are   27 randomized atomic wfcs +    3 random wfcs
     Checking if some PAW data can be deallocated... 

     total cpu time spent up to now is     9677.7 secs

     Self-consistent Calculation

     iteration #  1     ecut=   100.00 Ry     beta= 0.30
     Davidson diagonalization with overlap
     ethr =  1.00E-02,  avg # of iterations =  6.8

     Threshold (ethr) on eigenvalues was too large:
     Diagonalizing with lowered threshold

     Davidson diagonalization with overlap
     ethr =  5.69E-04,  avg # of iterations =  2.9

     total cpu time spent up to now is     9777.8 secs

     total energy              =    -842.52346458 Ry
     estimated scf accuracy    <       0.25686929 Ry

     iteration #  2     ecut=   100.00 Ry     beta= 0.30
     Davidson diagonalization with overlap
     ethr =  5.14E-04,  avg # of iterations =  2.2

     total cpu time spent up to now is     9825.0 secs

     total energy              =    -842.53628756 Ry
     estimated scf accuracy    <       0.04250054 Ry

     iteration #  3     ecut=   100.00 Ry     beta= 0.30
     Davidson diagonalization with overlap
     ethr =  8.50E-05,  avg # of iterations =  8.5

     total cpu time spent up to now is     9887.2 secs

     total energy              =    -842.54358903 Ry
     estimated scf accuracy    <       0.00582977 Ry

     iteration #  4     ecut=   100.00 Ry     beta= 0.30
     Davidson diagonalization with overlap
     ethr =  1.17E-05,  avg # of iterations =  9.2

     total cpu time spent up to now is     9950.9 secs

     total energy              =    -842.54451611 Ry
     estimated scf accuracy    <       0.00128850 Ry

     iteration #  5     ecut=   100.00 Ry     beta= 0.30
     Davidson diagonalization with overlap
     c_bands:  1 eigenvalues not converged
     ethr =  2.58E-06,  avg # of iterations =  8.3

     total cpu time spent up to now is    10014.1 secs

     total energy              =    -842.54476336 Ry
     estimated scf accuracy    <       0.00007953 Ry

     iteration #  6     ecut=   100.00 Ry     beta= 0.30
     Davidson diagonalization with overlap
     ethr =  1.59E-07,  avg # of iterations =  5.0

     total cpu time spent up to now is    10072.6 secs

     total energy              =    -842.54478622 Ry
     estimated scf accuracy    <       0.00001476 Ry

     iteration #  7     ecut=   100.00 Ry     beta= 0.30
     Davidson diagonalization with overlap
     ethr =  2.95E-08,  avg # of iterations =  3.5

     total cpu time spent up to now is    10127.9 secs

     total energy              =    -842.54479107 Ry
     estimated scf accuracy    <       0.00000097 Ry

     iteration #  8     ecut=   100.00 Ry     beta= 0.30
     Davidson diagonalization with overlap
     ethr =  1.94E-09,  avg # of iterations =  5.3

     total cpu time spent up to now is    10192.3 secs

     total energy              =    -842.54479232 Ry
     estimated scf accuracy    <       0.00000088 Ry

     iteration #  9     ecut=   100.00 Ry     beta= 0.30
     Davidson diagonalization with overlap
     ethr =  1.76E-09,  avg # of iterations =  2.0

     total cpu time spent up to now is    10241.2 secs

     total energy              =    -842.54479282 Ry
     estimated scf accuracy    <       0.00000005 Ry

     iteration # 10     ecut=   100.00 Ry     beta= 0.30
     Davidson diagonalization with overlap
     ethr =  9.83E-11,  avg # of iterations =  6.2

     total cpu time spent up to now is    10310.0 secs

     total energy              =    -842.54479302 Ry
     estimated scf accuracy    <       0.00000005 Ry

     iteration # 11     ecut=   100.00 Ry     beta= 0.30
     Davidson diagonalization with overlap
     ethr =  9.83E-11,  avg # of iterations =  2.0

     total cpu time spent up to now is    10359.1 secs

     total energy              =    -842.54479312 Ry
     estimated scf accuracy    <          1.1E-10 Ry

     iteration # 12     ecut=   100.00 Ry     beta= 0.30
     Davidson diagonalization with overlap
     ethr =  2.18E-13,  avg # of iterations = 10.7

     total cpu time spent up to now is    10460.8 secs

     total energy              =    -842.54479317 Ry
     estimated scf accuracy    <          1.1E-10 Ry

     iteration # 13     ecut=   100.00 Ry     beta= 0.30
     Davidson diagonalization with overlap
     ethr =  2.18E-13,  avg # of iterations =  3.2

     total cpu time spent up to now is    10514.8 secs

     total energy              =    -842.54479319 Ry
     estimated scf accuracy    <          1.7E-10 Ry

     iteration # 14     ecut=   100.00 Ry     beta= 0.30
     Davidson diagonalization with overlap
     ethr =  2.18E-13,  avg # of iterations =  2.0

     total cpu time spent up to now is    10563.0 secs

     End of self-consistent calculation

     Number of k-points >= 100: set verbosity='high' to print the bands.

     the Fermi energy is     4.2419 ev

!    total energy              =    -842.54479321 Ry
     estimated scf accuracy    <          8.5E-12 Ry
     smearing contrib. (-TS)   =      -0.00000000 Ry
     internal energy E=F+TS    =    -842.54479321 Ry

     The total energy is F=E-TS. E is the sum of the following terms:
     one-electron contribution =    -527.97410617 Ry
     hartree contribution      =     283.25151937 Ry
     xc contribution           =     -95.71982733 Ry
     ewald contribution        =    -264.94574367 Ry
     one-center paw contrib.   =    -237.15663541 Ry

     convergence has been achieved in  14 iterations

     Forces acting on atoms (cartesian axes, Ry/au):

     atom    1 type  1   force =     0.00000000   -0.00000000   -0.00000000
     atom    2 type  2   force =     0.00000000   -0.00000000   -0.00000000
     atom    3 type  3   force =    -0.00000000    0.00000000    0.00000000
     atom    4 type  3   force =    -0.00000000   -0.00000000    0.00000000
     atom    5 type  3   force =    -0.00000000    0.00000000    0.00000000

     Total force =     0.000000     Total SCF correction =     0.000000


     Computing stress (Cartesian axis) and pressure

          total   stress  (Ry/bohr**3)                   (kbar)     P=       -1.19
  -0.00000812  -0.00000743  -0.00000743           -1.19       -1.09       -1.09
  -0.00000743  -0.00000812  -0.00000743           -1.09       -1.19       -1.09
  -0.00000743  -0.00000743  -0.00000812           -1.09       -1.09       -1.19


     BFGS Geometry Optimization
     Energy error            =      0.0E+00 Ry
     Gradient error          =      2.1E-30 Ry/Bohr

     bfgs converged in   1 scf cycles and   0 bfgs steps
     (criteria: energy <  1.0E-05 Ry, force <  1.0E-03 Ry/Bohr)

     End of BFGS Geometry Optimization

     Final energy             =    -842.5447932066 Ry
Begin final coordinates

ATOMIC_POSITIONS (crystal)
Cs               0.0000000000        0.0000000000        0.0000000000
Zn               0.5000000000        0.5000000000        0.5000000000
Cl               0.5000000000        0.5000000000        0.0000000000
Cl               0.5000000000        0.0000000000        0.5000000000
Cl               0.0000000000        0.5000000000        0.5000000000
End final coordinates



  ----------------------------------------------------------------------------

     Applying the following strain
     (     0.00000,     0.00750,     0.00750  )
     (     0.00750,     0.00000,     0.00750  )
     (     0.00750,     0.00750,     0.00000  )



  ++++++++++++++++++++++++++++++++++++++++++++++++++++++++++++++++++++++++++++
     Doing work    8 /     8
  ++++++++++++++++++++++++++++++++++++++++++++++++++++++++++++++++++++++++++++


     Current dimensions of program PWSCF are:
     Max number of different atomic species (ntypx) = 10
     Max number of k-points (npk) = 120000
     Max angular momentum in pseudopotentials (lmaxx) =  4

     WARNING: check_stop already initialized
     Message from routine setup:
     using ibrav=0 with symmetry is DISCOURAGED, use correct ibrav instead

     Parallelization info
     --------------------
     sticks:   dense  smooth     PW     G-vecs:    dense   smooth      PW
     Min        2930    1464    407               168799    59770    8723
     Max        2931    1469    410               168830    59803    8792
     Sum        5861    2933    817               337629   119573   17515

     Using Pencil Decomposition



     bravais-lattice index     =            0
     lattice parameter (alat)  =       9.5966  a.u.
     unit-cell volume          =     883.6538 (a.u.)^3
     number of atoms/cell      =            5
     number of atomic types    =            3
     number of electrons       =        50.00
     number of Kohn-Sham states=           30
     kinetic-energy cutoff     =     100.0000  Ry
     charge density cutoff     =     800.0000  Ry
     scf convergence threshold =      1.0E-10
     mixing beta               =       0.3000
     number of iterations used =            8  plain     mixing
     energy convergence thresh.=      1.0E-05
     force convergence thresh. =      1.0E-03
     Exchange-correlation= PBE
                           (   1   4   3   4   0   0   0)
     nstep                     =           20


     celldm(1)=   9.596621  celldm(2)=   0.000000  celldm(3)=   0.000000
     celldm(4)=   0.000000  celldm(5)=   0.000000  celldm(6)=   0.000000

     crystal axes: (cart. coord. in units of alat)
               a(1) = (   1.000000   0.007500   0.007500 )  
               a(2) = (   0.007500   1.000000   0.007500 )  
               a(3) = (   0.007500   0.007500   1.000000 )  

     reciprocal axes: (cart. coord. in units 2 pi/alat)
               b(1) = (  1.000112 -0.007445 -0.007445 )  
               b(2) = ( -0.007445  1.000112 -0.007445 )  
               b(3) = ( -0.007445 -0.007445  1.000112 )  


     PseudoPot. # 1 for Cs read from file:
     /home/administrator/Downloads/BURAI/BURAI1.3/pseudopot/Cs.pbe-spn-rrkjus_psl.1.0.0.UPF
     MD5 check sum: 0e4a2db85f86c9a13762b1b689b65a6d
     Pseudo is Ultrasoft + core correction, Zval =  9.0
     Generated using "atomic" code by A. Dal Corso  v.5.1.2
     Using radial grid of 1251 points,  9 beta functions with: 
                l(1) =   0
                l(2) =   0
                l(3) =   0
                l(4) =   1
                l(5) =   1
                l(6) =   2
                l(7) =   2
                l(8) =   3
                l(9) =   3
     Q(r) pseudized with 0 coefficients 


     PseudoPot. # 2 for Zn read from file:
     /home/administrator/Downloads/BURAI/BURAI1.3/pseudopot/Zn.pbe-spn-kjpaw_psl.1.0.0.UPF
     MD5 check sum: 9ae49ce97c5e3111e3f06ee7e23c2246
     Pseudo is Projector augmented-wave + core cor, Zval = 20.0
     Generated using "atomic" code by A. Dal Corso  v.5.1.2
     Shape of augmentation charge: PSQ
     Using radial grid of 1201 points,  6 beta functions with: 
                l(1) =   0
                l(2) =   0
                l(3) =   1
                l(4) =   1
                l(5) =   2
                l(6) =   2
     Q(r) pseudized with 0 coefficients 


     PseudoPot. # 3 for Cl read from file:
     /home/administrator/Downloads/BURAI/BURAI1.3/pseudopot/Cl.pbe-n-kjpaw_psl.1.0.0.UPF
     MD5 check sum: d11ac872591ccaf6ebdc6d6d0c764b72
     Pseudo is Projector augmented-wave + core cor, Zval =  7.0
     Generated using "atomic" code by A. Dal Corso  v.5.1.2
     Shape of augmentation charge: PSQ
     Using radial grid of 1157 points,  6 beta functions with: 
                l(1) =   0
                l(2) =   0
                l(3) =   1
                l(4) =   1
                l(5) =   2
                l(6) =   2
     Q(r) pseudized with 0 coefficients 


     atomic species   valence    mass     pseudopotential
     Cs                9.00   132.90550     Cs( 1.00)
     Zn               20.00    65.38000     Zn( 1.00)
     Cl                7.00    35.45300     Cl( 1.00)

     12 Sym. Ops., with inversion, found



   Cartesian axes

     site n.     atom                  positions (alat units)
         1        Cs     tau(   1) = (   0.0000000   0.0000000   0.0000000  )
         2        Zn     tau(   2) = (   0.5075000   0.5075000   0.5075000  )
         3        Cl     tau(   3) = (   0.5037500   0.5037500   0.0075000  )
         4        Cl     tau(   4) = (   0.5037500   0.0075000   0.5037500  )
         5        Cl     tau(   5) = (   0.0075000   0.5037500   0.5037500  )

     number of k points=   116  Gaussian smearing, width (Ry)=  0.0050

     Number of k-points >= 100: set verbosity='high' to print them.

     Dense  grid:   337629 G-vectors     FFT dimensions: (  90,  90,  90)

     Smooth grid:   119573 G-vectors     FFT dimensions: (  64,  64,  64)

     Estimated max dynamical RAM per process >     637.00 MB

     Estimated total dynamical RAM >       4.74 GB

     Initial potential from superposition of free atoms

     starting charge      49.9591, renormalised to      50.0000
     Starting wfcs are   27 randomized atomic wfcs +    3 random wfcs
     Checking if some PAW data can be deallocated... 

     total cpu time spent up to now is    10634.9 secs

     Self-consistent Calculation

     iteration #  1     ecut=   100.00 Ry     beta= 0.30
     Davidson diagonalization with overlap
     ethr =  1.00E-02,  avg # of iterations =  6.9

     Threshold (ethr) on eigenvalues was too large:
     Diagonalizing with lowered threshold

     Davidson diagonalization with overlap
     ethr =  5.68E-04,  avg # of iterations =  2.5

     total cpu time spent up to now is    10735.8 secs

     total energy              =    -842.52345144 Ry
     estimated scf accuracy    <       0.25639090 Ry

     iteration #  2     ecut=   100.00 Ry     beta= 0.30
     Davidson diagonalization with overlap
     ethr =  5.13E-04,  avg # of iterations =  2.2

     total cpu time spent up to now is    10783.2 secs

     total energy              =    -842.53584019 Ry
     estimated scf accuracy    <       0.04261759 Ry

     iteration #  3     ecut=   100.00 Ry     beta= 0.30
     Davidson diagonalization with overlap
     ethr =  8.52E-05,  avg # of iterations =  8.6

     total cpu time spent up to now is    10846.1 secs

     total energy              =    -842.54325554 Ry
     estimated scf accuracy    <       0.00577043 Ry

     iteration #  4     ecut=   100.00 Ry     beta= 0.30
     Davidson diagonalization with overlap
     ethr =  1.15E-05,  avg # of iterations =  9.2

     total cpu time spent up to now is    10909.7 secs

     total energy              =    -842.54412085 Ry
     estimated scf accuracy    <       0.00128927 Ry

     iteration #  5     ecut=   100.00 Ry     beta= 0.30
     Davidson diagonalization with overlap
     c_bands:  1 eigenvalues not converged
     c_bands:  1 eigenvalues not converged
     c_bands:  1 eigenvalues not converged
     ethr =  2.58E-06,  avg # of iterations =  7.9

     total cpu time spent up to now is    10971.5 secs

     total energy              =    -842.54436748 Ry
     estimated scf accuracy    <       0.00007877 Ry

     iteration #  6     ecut=   100.00 Ry     beta= 0.30
     Davidson diagonalization with overlap
     c_bands:  1 eigenvalues not converged
     ethr =  1.58E-07,  avg # of iterations =  4.9

     total cpu time spent up to now is    11030.8 secs

     total energy              =    -842.54439289 Ry
     estimated scf accuracy    <       0.00001367 Ry

     iteration #  7     ecut=   100.00 Ry     beta= 0.30
     Davidson diagonalization with overlap
     ethr =  2.73E-08,  avg # of iterations =  3.3

     total cpu time spent up to now is    11085.4 secs

     total energy              =    -842.54439791 Ry
     estimated scf accuracy    <       0.00000063 Ry

     iteration #  8     ecut=   100.00 Ry     beta= 0.30
     Davidson diagonalization with overlap
     ethr =  1.25E-09,  avg # of iterations =  6.0

     total cpu time spent up to now is    11152.2 secs

     total energy              =    -842.54439906 Ry
     estimated scf accuracy    <       0.00000070 Ry

     iteration #  9     ecut=   100.00 Ry     beta= 0.30
     Davidson diagonalization with overlap
     ethr =  1.25E-09,  avg # of iterations =  2.1

     total cpu time spent up to now is    11200.7 secs

     total energy              =    -842.54439956 Ry
     estimated scf accuracy    <       0.00000004 Ry

     iteration # 10     ecut=   100.00 Ry     beta= 0.30
     Davidson diagonalization with overlap
     ethr =  7.39E-11,  avg # of iterations =  5.8

     total cpu time spent up to now is    11265.0 secs

     total energy              =    -842.54439976 Ry
     estimated scf accuracy    <       0.00000005 Ry

     iteration # 11     ecut=   100.00 Ry     beta= 0.30
     Davidson diagonalization with overlap
     ethr =  7.39E-11,  avg # of iterations =  2.0

     total cpu time spent up to now is    11313.8 secs

     total energy              =    -842.54439986 Ry
     estimated scf accuracy    <          1.5E-10 Ry

     iteration # 12     ecut=   100.00 Ry     beta= 0.30
     Davidson diagonalization with overlap
     ethr =  2.91E-13,  avg # of iterations = 10.0

     total cpu time spent up to now is    11411.4 secs

     total energy              =    -842.54439990 Ry
     estimated scf accuracy    <          1.1E-10 Ry

     iteration # 13     ecut=   100.00 Ry     beta= 0.30
     Davidson diagonalization with overlap
     ethr =  2.21E-13,  avg # of iterations =  3.1

     total cpu time spent up to now is    11464.7 secs

     End of self-consistent calculation

     Number of k-points >= 100: set verbosity='high' to print the bands.

     the Fermi energy is     4.2431 ev

!    total energy              =    -842.54439994 Ry
     estimated scf accuracy    <          9.8E-11 Ry
     smearing contrib. (-TS)   =      -0.00000000 Ry
     internal energy E=F+TS    =    -842.54439994 Ry

     The total energy is F=E-TS. E is the sum of the following terms:
     one-electron contribution =    -527.93403084 Ry
     hartree contribution      =     283.23434387 Ry
     xc contribution           =     -95.72018862 Ry
     ewald contribution        =    -264.96786049 Ry
     one-center paw contrib.   =    -237.15666387 Ry

     convergence has been achieved in  13 iterations

     Forces acting on atoms (cartesian axes, Ry/au):

     atom    1 type  1   force =     0.00000000    0.00000000    0.00000000
     atom    2 type  2   force =    -0.00000000    0.00000000    0.00000000
     atom    3 type  3   force =    -0.00000000    0.00000000   -0.00000000
     atom    4 type  3   force =     0.00000000    0.00000000   -0.00000000
     atom    5 type  3   force =    -0.00000000    0.00000000    0.00000000

     Total force =     0.000000     Total SCF correction =     0.000000


     Computing stress (Cartesian axis) and pressure

          total   stress  (Ry/bohr**3)                   (kbar)     P=       -1.04
  -0.00000704  -0.00002239  -0.00002239           -1.04       -3.29       -3.29
  -0.00002239  -0.00000704  -0.00002239           -3.29       -1.04       -3.29
  -0.00002239  -0.00002239  -0.00000704           -3.29       -3.29       -1.04


     BFGS Geometry Optimization
     Energy error            =      0.0E+00 Ry
     Gradient error          =      5.3E-30 Ry/Bohr

     bfgs converged in   1 scf cycles and   0 bfgs steps
     (criteria: energy <  1.0E-05 Ry, force <  1.0E-03 Ry/Bohr)

     End of BFGS Geometry Optimization

     Final energy             =    -842.5443999437 Ry
Begin final coordinates

ATOMIC_POSITIONS (crystal)
Cs               0.0000000000        0.0000000000        0.0000000000
Zn               0.5000000000        0.5000000000        0.5000000000
Cl               0.5000000000        0.5000000000       -0.0000000000
Cl               0.5000000000       -0.0000000000        0.5000000000
Cl              -0.0000000000        0.5000000000        0.5000000000
End final coordinates



                    ----------------------------------------


     Elastic constant     3    3

          strain       stress (kbar)
     -0.0075000000      2.7740961857
     -0.0025000000      0.0789605241
      0.0025000000     -2.4582393606
      0.0075000000     -4.8805602699

     Polynomial coefficients
     a1= -0.820291422101E-05
     a2= -0.346706850836E-02
     a3=  0.185455699529E-01

                    ----------------------------------------


     Elastic constant     1    3

          strain       stress (kbar)
     -0.0075000000      0.7249818515
     -0.0025000000     -0.5786526252
      0.0025000000     -1.8241609128
      0.0075000000     -3.0479790175

     Polynomial coefficients
     a1= -0.820090852542E-05
     a2= -0.170821986896E-02
     a3=  0.542580670066E-02

                    ----------------------------------------


     Elastic constant     4    4

          strain       stress (kbar)
     -0.0075000000      3.2562405793
     -0.0025000000      1.0889749276
      0.0025000000     -1.0929839912
      0.0075000000     -3.2941505664

     Polynomial coefficients
     a1=  0.776832091715E-09
     a2= -0.296837234733E-02
     a3= -0.230453795025E-02

                    ----------------------------------------


     Elastic constants C_ij (kbar) 
    i j=        1           2           3           4           5           6
    1   510.02339   251.28782   251.28782     0.00000     0.00000     0.00000
    2   251.28782   510.02339   251.28782     0.00000     0.00000     0.00000
    3   251.28782   251.28782   510.02339     0.00000     0.00000     0.00000
    4     0.00000     0.00000     0.00000   218.33132     0.00000     0.00000
    5     0.00000     0.00000     0.00000     0.00000   218.33132     0.00000
    6     0.00000     0.00000     0.00000     0.00000     0.00000   218.33132

     1 bar = 10^5 Pa; 10 kbar = 1 GPa; 1 atm = 1.01325 bar; 1 Pa = 1 N/m^2
     1 Pa = 10 dyn/cm^2; 1 Mbar = 10^11 Pa
     1 torr = 1 mm Hg = 1/760 bar = 7.5006 x 10^-3 Pa


                    ----------------------------------------


     Elastic compliances  S_ij (1/Mbar) 
    i j=        1           2           3           4           5           6
    1     2.90582    -0.95913    -0.95913    -0.00000     0.00000    -0.00000
    2    -0.95913     2.90582    -0.95913    -0.00000     0.00000    -0.00000
    3    -0.95913    -0.95913     2.90582    -0.00000     0.00000    -0.00000
    4     0.00000     0.00000     0.00000     4.58019     0.00000    -0.00000
    5     0.00000     0.00000     0.00000     0.00000     4.58019    -0.00000
    6     0.00000     0.00000     0.00000     0.00000     0.00000     4.58019

     1/Mbar = 1/10^{11} Pa; 1 Pa = 1 N/m^2

                    ----------------------------------------


     Voigt approximation:
     Bulk modulus  B =    337.53301 kbar
     Young modulus E =    464.42242 kbar
     Shear modulus G =    182.74591 kbar
     Poisson Ratio n =      0.27068
     Pugh Ratio r =         0.54142

     Reuss approximation:
     Bulk modulus  B =    337.53301 kbar
     Young modulus E =    439.39083 kbar
     Shear modulus G =    171.23062 kbar
     Poisson Ratio n =      0.28304
     Pugh Ratio r =         0.50730

     Voigt-Reuss-Hill average of the two approximations:
     Bulk modulus  B =    337.53301 kbar
     Young modulus E =    451.90662 kbar
     Shear modulus G =    176.98827 kbar
     Longitudinal modulus L =    573.51736 kbar
     Poisson Ratio n =      0.27666
     Pugh Ratio r =         0.52436

     Voigt-Reuss-Hill average; sound velocities:

     Compressional V_P =     3853.286 m/s
     Bulk          V_B =     2956.080 m/s
     Shear         V_G =     2140.574 m/s

     The approximate Debye temperature is      238.998 K

                    ----------------------------------------

     Average Debye sound velocity =     2371.943 m/s

     Debye temperature =      237.798 K

  ++++++++++++++++++++++++++++++++++++++++++++++++++++++++++++++++++++++++++++
     Computing the thermodynamic properties from elastic constants
     Writing on file therm_files/output_therm.dat_debye.g1
  ++++++++++++++++++++++++++++++++++++++++++++++++++++++++++++++++++++++++++++


     Times for scf pw.x
     tpw_scf_pw   :  13995.04s CPU  11518.24s WALL (      17 calls)
     cegterg:diag :    140.38s CPU     99.34s WALL (   30813 calls)

     Times for non scf pw.x

     Times for ph.x 

     THERMO_PW    :      3h53m CPU      3h11m WALL


   This run was terminated on:  21:32:39  22May2025            

=------------------------------------------------------------------------------=
   JOB DONE.
=------------------------------------------------------------------------------=
