
     Program THERMO_PW v.7.3.1 starts on 22May2025 at  7:36:32 

     This program is part of the open-source Quantum ESPRESSO suite
     for quantum simulation of materials; please cite
         "P. Giannozzi et al., J. Phys.:Condens. Matter 21 395502 (2009);
         "P. Giannozzi et al., J. Phys.:Condens. Matter 29 465901 (2017);
         "P. Giannozzi et al., J. Chem. Phys. 152 154105 (2020);
          URL http://www.quantum-espresso.org", 
     in publications or presentations arising from this work. More details at
     http://www.quantum-espresso.org/quote

     Parallel version (MPI), running on     8 processors

     MPI processes distributed on     1 nodes
     K-points division:     npool     =       4
     R & G space division:  proc/nbgrp/npool/nimage =       2
     wavefunctions fft division:  Y-proc x Z-proc =       2      1
     wavefunctions fft division:  task group distribution
                                  #TG    x Z-proc =       2      1
     60288 MiB available memory on the printing compute node when the environment starts

     Reading input from _temporary_1
     file Rb.pbe-spn-rrkjus_psl.1.0.0.UPF: wavefunction(s)  4S renormalized
     file Ni.pbe-spn-kjpaw_psl.1.0.0.UPF: wavefunction(s)  3P 3D renormalized
     file I.pbe-n-kjpaw_psl.1.0.0.UPF: wavefunction(s)  5S renormalized

     IMPORTANT: XC functional enforced from input :
     Exchange-correlation= PBE
                           (   1   4   3   4   0   0   0)
     Any further DFT definition will be discarded
     Please, verify this is what you really want


     Point group of the at O_h (m-3m) 


     ibrav=0, please use:

     ibrav=  1,
     celldm(1)=   10.4221346316,

ATOMIC_POSITIONS (alat)
Rb      0.0000000000     0.0000000000     0.0000000000
Ni      0.5000000000     0.5000000000     0.5000000000
I       0.5000000000     0.5000000000     0.0000000000
I       0.5000000000     0.0000000000     0.5000000000
I       0.0000000000     0.5000000000     0.5000000000

   Info: using nr1, nr2, nr3 values from input


     Computing the elastic constants at the minimum volume 

     FFT mesh: (   96,   96,   96 )

     Bravais lattice:

     ibrav=  1: simple cubic
     Cell parameters:

     alat=  10.422135 a.u.


     Starting primitive lattice vectors:
     crystal axes: (cart. coord. in units of alat)

               a(1) = (   1.000000   0.000000   0.000000 )  
               a(2) = (   0.000000   1.000000   0.000000 )  
               a(3) = (   0.000000   0.000000   1.000000 )  

     Starting reciprocal lattice vectors:
     reciprocal axes: (cart. coord. in units 2 pi/alat)

               b(1) = (  1.000000  0.000000  0.000000 )  
               b(2) = (  0.000000  1.000000  0.000000 )  
               b(3) = (  0.000000  0.000000  1.000000 )  

     Starting atomic positions in Cartesian axes:

     site n.     atom                  positions (alat units)
         1        Rb     tau(   1) = (   0.0000000   0.0000000   0.0000000  )
         2        Ni     tau(   2) = (   0.5000000   0.5000000   0.5000000  )
         3        I      tau(   3) = (   0.5000000   0.5000000   0.0000000  )
         4        I      tau(   4) = (   0.5000000   0.0000000   0.5000000  )
         5        I      tau(   5) = (   0.0000000   0.5000000   0.5000000  )

     Starting atomic positions in crystallographic axes:

     site n.     atom                  positions (cryst. coord.)
         1        Rb     tau(   1) = (  0.0000000  0.0000000  0.0000000  )
         2        Ni     tau(   2) = (  0.5000000  0.5000000  0.5000000  )
         3        I      tau(   3) = (  0.5000000  0.5000000  0.0000000  )
         4        I      tau(   4) = (  0.5000000  0.0000000  0.5000000  )
         5        I      tau(   5) = (  0.0000000  0.5000000  0.5000000  )

     The energy minimization will require  9 scf calculations

     The point group 136 O_h (m-3m) is compatible with the Bravais lattice.

     The rotation matrices with the order used inside thermo_pw are:

     48 Sym. Ops., with inversion, found


                          s                  frac. trans.

      isym =  1     identity                                     

 cryst.   s( 1) = (  1    0    0   )
                  (  0    1    0   )
                  (  0    0    1   )

 cart.    s( 1) = (  1.000  0.000  0.000 )
                  (  0.000  1.000  0.000 )
                  (  0.000  0.000  1.000 )


      isym =  2     180 deg rotation - cart. axis [0,0,1]        

 cryst.   s( 2) = ( -1    0    0   )
                  (  0   -1    0   )
                  (  0    0    1   )

 cart.    s( 2) = ( -1.000  0.000  0.000 )
                  (  0.000 -1.000  0.000 )
                  (  0.000  0.000  1.000 )


      isym =  3     180 deg rotation - cart. axis [0,1,0]        

 cryst.   s( 3) = ( -1    0    0   )
                  (  0    1    0   )
                  (  0    0   -1   )

 cart.    s( 3) = ( -1.000  0.000  0.000 )
                  (  0.000  1.000  0.000 )
                  (  0.000  0.000 -1.000 )


      isym =  4     180 deg rotation - cart. axis [1,0,0]        

 cryst.   s( 4) = (  1    0    0   )
                  (  0   -1    0   )
                  (  0    0   -1   )

 cart.    s( 4) = (  1.000  0.000  0.000 )
                  (  0.000 -1.000  0.000 )
                  (  0.000  0.000 -1.000 )


      isym =  5     180 deg rotation - cart. axis [1,1,0]        

 cryst.   s( 5) = (  0    1    0   )
                  (  1    0    0   )
                  (  0    0   -1   )

 cart.    s( 5) = (  0.000  1.000  0.000 )
                  (  1.000  0.000  0.000 )
                  (  0.000  0.000 -1.000 )


      isym =  6     180 deg rotation - cart. axis [1,-1,0]       

 cryst.   s( 6) = (  0   -1    0   )
                  ( -1    0    0   )
                  (  0    0   -1   )

 cart.    s( 6) = (  0.000 -1.000  0.000 )
                  ( -1.000  0.000  0.000 )
                  (  0.000  0.000 -1.000 )


      isym =  7      90 deg rotation - cart. axis [0,0,-1]       

 cryst.   s( 7) = (  0   -1    0   )
                  (  1    0    0   )
                  (  0    0    1   )

 cart.    s( 7) = (  0.000  1.000  0.000 )
                  ( -1.000  0.000  0.000 )
                  (  0.000  0.000  1.000 )


      isym =  8      90 deg rotation - cart. axis [0,0,1]        

 cryst.   s( 8) = (  0    1    0   )
                  ( -1    0    0   )
                  (  0    0    1   )

 cart.    s( 8) = (  0.000 -1.000  0.000 )
                  (  1.000  0.000  0.000 )
                  (  0.000  0.000  1.000 )


      isym =  9     180 deg rotation - cart. axis [1,0,1]        

 cryst.   s( 9) = (  0    0    1   )
                  (  0   -1    0   )
                  (  1    0    0   )

 cart.    s( 9) = (  0.000  0.000  1.000 )
                  (  0.000 -1.000  0.000 )
                  (  1.000  0.000  0.000 )


      isym = 10     180 deg rotation - cart. axis [-1,0,1]       

 cryst.   s(10) = (  0    0   -1   )
                  (  0   -1    0   )
                  ( -1    0    0   )

 cart.    s(10) = (  0.000  0.000 -1.000 )
                  (  0.000 -1.000  0.000 )
                  ( -1.000  0.000  0.000 )


      isym = 11      90 deg rotation - cart. axis [0,1,0]        

 cryst.   s(11) = (  0    0   -1   )
                  (  0    1    0   )
                  (  1    0    0   )

 cart.    s(11) = (  0.000  0.000  1.000 )
                  (  0.000  1.000  0.000 )
                  ( -1.000  0.000  0.000 )


      isym = 12      90 deg rotation - cart. axis [0,-1,0]       

 cryst.   s(12) = (  0    0    1   )
                  (  0    1    0   )
                  ( -1    0    0   )

 cart.    s(12) = (  0.000  0.000 -1.000 )
                  (  0.000  1.000  0.000 )
                  (  1.000  0.000  0.000 )


      isym = 13     180 deg rotation - cart. axis [0,1,1]        

 cryst.   s(13) = ( -1    0    0   )
                  (  0    0    1   )
                  (  0    1    0   )

 cart.    s(13) = ( -1.000  0.000  0.000 )
                  (  0.000  0.000  1.000 )
                  (  0.000  1.000  0.000 )


      isym = 14     180 deg rotation - cart. axis [0,1,-1]       

 cryst.   s(14) = ( -1    0    0   )
                  (  0    0   -1   )
                  (  0   -1    0   )

 cart.    s(14) = ( -1.000  0.000  0.000 )
                  (  0.000  0.000 -1.000 )
                  (  0.000 -1.000  0.000 )


      isym = 15      90 deg rotation - cart. axis [-1,0,0]       

 cryst.   s(15) = (  1    0    0   )
                  (  0    0   -1   )
                  (  0    1    0   )

 cart.    s(15) = (  1.000  0.000  0.000 )
                  (  0.000  0.000  1.000 )
                  (  0.000 -1.000  0.000 )


      isym = 16      90 deg rotation - cart. axis [1,0,0]        

 cryst.   s(16) = (  1    0    0   )
                  (  0    0    1   )
                  (  0   -1    0   )

 cart.    s(16) = (  1.000  0.000  0.000 )
                  (  0.000  0.000 -1.000 )
                  (  0.000  1.000  0.000 )


      isym = 17     120 deg rotation - cart. axis [-1,-1,-1]     

 cryst.   s(17) = (  0    0    1   )
                  (  1    0    0   )
                  (  0    1    0   )

 cart.    s(17) = (  0.000  1.000  0.000 )
                  (  0.000  0.000  1.000 )
                  (  1.000  0.000  0.000 )


      isym = 18     120 deg rotation - cart. axis [-1,1,1]       

 cryst.   s(18) = (  0    0   -1   )
                  ( -1    0    0   )
                  (  0    1    0   )

 cart.    s(18) = (  0.000 -1.000  0.000 )
                  (  0.000  0.000  1.000 )
                  ( -1.000  0.000  0.000 )


      isym = 19     120 deg rotation - cart. axis [1,1,-1]       

 cryst.   s(19) = (  0    0   -1   )
                  (  1    0    0   )
                  (  0   -1    0   )

 cart.    s(19) = (  0.000  1.000  0.000 )
                  (  0.000  0.000 -1.000 )
                  ( -1.000  0.000  0.000 )


      isym = 20     120 deg rotation - cart. axis [1,-1,1]       

 cryst.   s(20) = (  0    0    1   )
                  ( -1    0    0   )
                  (  0   -1    0   )

 cart.    s(20) = (  0.000 -1.000  0.000 )
                  (  0.000  0.000 -1.000 )
                  (  1.000  0.000  0.000 )


      isym = 21     120 deg rotation - cart. axis [1,1,1]        

 cryst.   s(21) = (  0    1    0   )
                  (  0    0    1   )
                  (  1    0    0   )

 cart.    s(21) = (  0.000  0.000  1.000 )
                  (  1.000  0.000  0.000 )
                  (  0.000  1.000  0.000 )


      isym = 22     120 deg rotation - cart. axis [-1,1,-1]      

 cryst.   s(22) = (  0   -1    0   )
                  (  0    0   -1   )
                  (  1    0    0   )

 cart.    s(22) = (  0.000  0.000  1.000 )
                  ( -1.000  0.000  0.000 )
                  (  0.000 -1.000  0.000 )


      isym = 23     120 deg rotation - cart. axis [1,-1,-1]      

 cryst.   s(23) = (  0   -1    0   )
                  (  0    0    1   )
                  ( -1    0    0   )

 cart.    s(23) = (  0.000  0.000 -1.000 )
                  ( -1.000  0.000  0.000 )
                  (  0.000  1.000  0.000 )


      isym = 24     120 deg rotation - cart. axis [-1,-1,1]      

 cryst.   s(24) = (  0    1    0   )
                  (  0    0   -1   )
                  ( -1    0    0   )

 cart.    s(24) = (  0.000  0.000 -1.000 )
                  (  1.000  0.000  0.000 )
                  (  0.000 -1.000  0.000 )


      isym = 25     inversion                                    

 cryst.   s(25) = ( -1    0    0   )
                  (  0   -1    0   )
                  (  0    0   -1   )

 cart.    s(25) = ( -1.000  0.000  0.000 )
                  (  0.000 -1.000  0.000 )
                  (  0.000  0.000 -1.000 )


      isym = 26     inv. 180 deg rotation - cart. axis [0,0,1]   

 cryst.   s(26) = (  1    0    0   )
                  (  0    1    0   )
                  (  0    0   -1   )

 cart.    s(26) = (  1.000  0.000  0.000 )
                  (  0.000  1.000  0.000 )
                  (  0.000  0.000 -1.000 )


      isym = 27     inv. 180 deg rotation - cart. axis [0,1,0]   

 cryst.   s(27) = (  1    0    0   )
                  (  0   -1    0   )
                  (  0    0    1   )

 cart.    s(27) = (  1.000  0.000  0.000 )
                  (  0.000 -1.000  0.000 )
                  (  0.000  0.000  1.000 )


      isym = 28     inv. 180 deg rotation - cart. axis [1,0,0]   

 cryst.   s(28) = ( -1    0    0   )
                  (  0    1    0   )
                  (  0    0    1   )

 cart.    s(28) = ( -1.000  0.000  0.000 )
                  (  0.000  1.000  0.000 )
                  (  0.000  0.000  1.000 )


      isym = 29     inv. 180 deg rotation - cart. axis [1,1,0]   

 cryst.   s(29) = (  0   -1    0   )
                  ( -1    0    0   )
                  (  0    0    1   )

 cart.    s(29) = (  0.000 -1.000  0.000 )
                  ( -1.000  0.000  0.000 )
                  (  0.000  0.000  1.000 )


      isym = 30     inv. 180 deg rotation - cart. axis [1,-1,0]  

 cryst.   s(30) = (  0    1    0   )
                  (  1    0    0   )
                  (  0    0    1   )

 cart.    s(30) = (  0.000  1.000  0.000 )
                  (  1.000  0.000  0.000 )
                  (  0.000  0.000  1.000 )


      isym = 31     inv.  90 deg rotation - cart. axis [0,0,-1]  

 cryst.   s(31) = (  0    1    0   )
                  ( -1    0    0   )
                  (  0    0   -1   )

 cart.    s(31) = (  0.000 -1.000  0.000 )
                  (  1.000  0.000  0.000 )
                  (  0.000  0.000 -1.000 )


      isym = 32     inv.  90 deg rotation - cart. axis [0,0,1]   

 cryst.   s(32) = (  0   -1    0   )
                  (  1    0    0   )
                  (  0    0   -1   )

 cart.    s(32) = (  0.000  1.000  0.000 )
                  ( -1.000  0.000  0.000 )
                  (  0.000  0.000 -1.000 )


      isym = 33     inv. 180 deg rotation - cart. axis [1,0,1]   

 cryst.   s(33) = (  0    0   -1   )
                  (  0    1    0   )
                  ( -1    0    0   )

 cart.    s(33) = (  0.000  0.000 -1.000 )
                  (  0.000  1.000  0.000 )
                  ( -1.000  0.000  0.000 )


      isym = 34     inv. 180 deg rotation - cart. axis [-1,0,1]  

 cryst.   s(34) = (  0    0    1   )
                  (  0    1    0   )
                  (  1    0    0   )

 cart.    s(34) = (  0.000  0.000  1.000 )
                  (  0.000  1.000  0.000 )
                  (  1.000  0.000  0.000 )


      isym = 35     inv.  90 deg rotation - cart. axis [0,1,0]   

 cryst.   s(35) = (  0    0    1   )
                  (  0   -1    0   )
                  ( -1    0    0   )

 cart.    s(35) = (  0.000  0.000 -1.000 )
                  (  0.000 -1.000  0.000 )
                  (  1.000  0.000  0.000 )


      isym = 36     inv.  90 deg rotation - cart. axis [0,-1,0]  

 cryst.   s(36) = (  0    0   -1   )
                  (  0   -1    0   )
                  (  1    0    0   )

 cart.    s(36) = (  0.000  0.000  1.000 )
                  (  0.000 -1.000  0.000 )
                  ( -1.000  0.000  0.000 )


      isym = 37     inv. 180 deg rotation - cart. axis [0,1,1]   

 cryst.   s(37) = (  1    0    0   )
                  (  0    0   -1   )
                  (  0   -1    0   )

 cart.    s(37) = (  1.000  0.000  0.000 )
                  (  0.000  0.000 -1.000 )
                  (  0.000 -1.000  0.000 )


      isym = 38     inv. 180 deg rotation - cart. axis [0,1,-1]  

 cryst.   s(38) = (  1    0    0   )
                  (  0    0    1   )
                  (  0    1    0   )

 cart.    s(38) = (  1.000  0.000  0.000 )
                  (  0.000  0.000  1.000 )
                  (  0.000  1.000  0.000 )


      isym = 39     inv.  90 deg rotation - cart. axis [-1,0,0]  

 cryst.   s(39) = ( -1    0    0   )
                  (  0    0    1   )
                  (  0   -1    0   )

 cart.    s(39) = ( -1.000  0.000  0.000 )
                  (  0.000  0.000 -1.000 )
                  (  0.000  1.000  0.000 )


      isym = 40     inv.  90 deg rotation - cart. axis [1,0,0]   

 cryst.   s(40) = ( -1    0    0   )
                  (  0    0   -1   )
                  (  0    1    0   )

 cart.    s(40) = ( -1.000  0.000  0.000 )
                  (  0.000  0.000  1.000 )
                  (  0.000 -1.000  0.000 )


      isym = 41     inv. 120 deg rotation - cart. axis [-1,-1,-1]

 cryst.   s(41) = (  0    0   -1   )
                  ( -1    0    0   )
                  (  0   -1    0   )

 cart.    s(41) = (  0.000 -1.000  0.000 )
                  (  0.000  0.000 -1.000 )
                  ( -1.000  0.000  0.000 )


      isym = 42     inv. 120 deg rotation - cart. axis [-1,1,1]  

 cryst.   s(42) = (  0    0    1   )
                  (  1    0    0   )
                  (  0   -1    0   )

 cart.    s(42) = (  0.000  1.000  0.000 )
                  (  0.000  0.000 -1.000 )
                  (  1.000  0.000  0.000 )


      isym = 43     inv. 120 deg rotation - cart. axis [1,1,-1]  

 cryst.   s(43) = (  0    0    1   )
                  ( -1    0    0   )
                  (  0    1    0   )

 cart.    s(43) = (  0.000 -1.000  0.000 )
                  (  0.000  0.000  1.000 )
                  (  1.000  0.000  0.000 )


      isym = 44     inv. 120 deg rotation - cart. axis [1,-1,1]  

 cryst.   s(44) = (  0    0   -1   )
                  (  1    0    0   )
                  (  0    1    0   )

 cart.    s(44) = (  0.000  1.000  0.000 )
                  (  0.000  0.000  1.000 )
                  ( -1.000  0.000  0.000 )


      isym = 45     inv. 120 deg rotation - cart. axis [1,1,1]   

 cryst.   s(45) = (  0   -1    0   )
                  (  0    0   -1   )
                  ( -1    0    0   )

 cart.    s(45) = (  0.000  0.000 -1.000 )
                  ( -1.000  0.000  0.000 )
                  (  0.000 -1.000  0.000 )


      isym = 46     inv. 120 deg rotation - cart. axis [-1,1,-1] 

 cryst.   s(46) = (  0    1    0   )
                  (  0    0    1   )
                  ( -1    0    0   )

 cart.    s(46) = (  0.000  0.000 -1.000 )
                  (  1.000  0.000  0.000 )
                  (  0.000  1.000  0.000 )


      isym = 47     inv. 120 deg rotation - cart. axis [1,-1,-1] 

 cryst.   s(47) = (  0    1    0   )
                  (  0    0   -1   )
                  (  1    0    0   )

 cart.    s(47) = (  0.000  0.000  1.000 )
                  (  1.000  0.000  0.000 )
                  (  0.000 -1.000  0.000 )


      isym = 48     inv. 120 deg rotation - cart. axis [-1,-1,1] 

 cryst.   s(48) = (  0   -1    0   )
                  (  0    0    1   )
                  (  1    0    0   )

 cart.    s(48) = (  0.000  0.000  1.000 )
                  ( -1.000  0.000  0.000 )
                  (  0.000  1.000  0.000 )


     point group O_h (m-3m) 
     there are 10 classes
     the character table:

       E     8C3   3C2   6C4   6C2'  i     8S6   3s_h  6S4   6s_d 
A_1g   1.00  1.00  1.00  1.00  1.00  1.00  1.00  1.00  1.00  1.00
A_2g   1.00  1.00  1.00 -1.00 -1.00  1.00  1.00  1.00 -1.00 -1.00
E_g    2.00 -1.00  2.00  0.00  0.00  2.00 -1.00  2.00  0.00  0.00
T_1g   3.00  0.00 -1.00  1.00 -1.00  3.00  0.00 -1.00  1.00 -1.00
T_2g   3.00  0.00 -1.00 -1.00  1.00  3.00  0.00 -1.00 -1.00  1.00
A_1u   1.00  1.00  1.00  1.00  1.00 -1.00 -1.00 -1.00 -1.00 -1.00
A_2u   1.00  1.00  1.00 -1.00 -1.00 -1.00 -1.00 -1.00  1.00  1.00
E_u    2.00 -1.00  2.00  0.00  0.00 -2.00  1.00 -2.00  0.00  0.00
T_1u   3.00  0.00 -1.00  1.00 -1.00 -3.00  0.00  1.00 -1.00  1.00
T_2u   3.00  0.00 -1.00 -1.00  1.00 -3.00  0.00  1.00  1.00 -1.00

     the symmetry operations in each class and the name of the first element:

     E        1
          identity                                               
     8C3     17   19   20   18   24   21   22   23
          120 deg rotation - cart. axis [-1,-1,-1]               
     3C2      2    4    3
          180 deg rotation - cart. axis [0,0,1]                  
     6C4      7    8   15   16   12   11
           90 deg rotation - cart. axis [0,0,-1]                 
     6C2'     5    6   14   13   10    9
          180 deg rotation - cart. axis [1,1,0]                  
     i       25
          inversion                                              
     8S6     41   43   44   42   48   45   46   47
          inv. 120 deg rotation - cart. axis [-1,-1,-1]          
     3s_h    26   28   27
          inv. 180 deg rotation - cart. axis [0,0,1]             
     6S4     31   32   39   40   36   35
          inv.  90 deg rotation - cart. axis [0,0,-1]            
     6s_d    29   30   38   37   34   33
          inv. 180 deg rotation - cart. axis [1,1,0]             

     Space group identification,  48 symmetries:

     Bravais lattice   1  simple cubic                            
     Point group number  32 / 136  O_h (m-3m)

     Nonsymmorphic operations not found: All fractional translations vanish
     Symmetries of the point group in standard order

        1       E   1
        2      2x   4
        3      2y   3
        4      2z   2
        5    3xyz  21
        6  3x-y-z  23
        7  3-xy-z  22
        8  3-x-yz  24
        9 3-x-y-z  17
       10   3-xyz  18
       11   3x-yz  20
       12   3xy-z  19
       13     4-x  15
       14      4x  16
       15     4-y  12
       16      4y  11
       17     4-z   7
       18      4z   8
       19    2y-z  14
       20     2yz  13
       21    2x-z  10
       22     2xz   9
       23    2x-y   6
       24     2xy   5
       25       i  33
       26     i2x  36
       27     i2y  35
       28     i2z  34
       29   i3xyz  53
       30 i3x-y-z  55
       31 i3-xy-z  54
       32 i3-x-yz  56
       33i3-x-y-z  49
       34  i3-xyz  50
       35  i3x-yz  52
       36  i3xy-z  51
       37    i4-x  47
       38     i4x  48
       39    i4-y  44
       40     i4y  43
       41    i4-z  39
       42     i4z  40
       43   i2y-z  46
       44    i2yz  45
       45   i2x-z  42
       46    i2xz  41
       47   i2x-y  38
       48    i2xy  37


     Space group number  221

     Space group Pm-3m   (group number 221).
     The origin coincides with the ITA tables.

     The Laue class is O_h (m-3m) 

     In this class the elastic tensor is

     ( c11  c12  c12   .    .    .  )
     ( c12  c11  c12   .    .    .  )
     ( c12  c12  c11   .    .    .  )
     (  .    .    .   c44   .    .  )
     (  .    .    .    .   c44   .  )
     (  .    .    .    .    .   c44 )

     It requires two strains: e1 and e4
     for a total of  8 scf calculations

     ----------------------------------------------------------------------
     Ions are relaxed in each calculation
     ----------------------------------------------------------------------

     Total mass of this unit cell        524.8747 a.m.u.
     Density of this solid                5195.55 kg/m^3         5.1955 g/cm^3

  ++++++++++++++++++++++++++++++++++++++++++++++++++++++++++++++++++++++++++++
     Doing work    1 /     9
  ++++++++++++++++++++++++++++++++++++++++++++++++++++++++++++++++++++++++++++


     Current dimensions of program PWSCF are:
     Max number of different atomic species (ntypx) = 10
     Max number of k-points (npk) = 120000
     Max angular momentum in pseudopotentials (lmaxx) =  4

     WARNING: check_stop already initialized

     K-points division:     npool     =       4
     R & G space division:  proc/nbgrp/npool/nimage =       2
     wavefunctions fft division:  Y-proc x Z-proc =       2      1
     wavefunctions fft division:  task group distribution
                                  #TG    x Z-proc =       2      1
     Subspace diagonalization in iterative solution of the eigenvalue problem:
     a serial algorithm will be used


     Parallelization info
     --------------------
     sticks:   dense  smooth     PW     G-vecs:    dense   smooth      PW
     Min        3317    1657    465               203947    72121   10526
     Max        3324    1660    468               204082    72132   10553
     Sum        6641    3317    933               408029   144253   21079

     Using Pencil Decomposition



     bravais-lattice index     =            1
     lattice parameter (alat)  =      10.2221  a.u.
     unit-cell volume          =    1068.1317 (a.u.)^3
     number of atoms/cell      =            5
     number of atomic types    =            3
     number of electrons       =        48.00
     number of Kohn-Sham states=           29
     kinetic-energy cutoff     =     100.0000  Ry
     charge density cutoff     =     800.0000  Ry
     scf convergence threshold =      1.0E-10
     mixing beta               =       0.3000
     number of iterations used =            8  plain     mixing
     energy convergence thresh.=      1.0E-05
     force convergence thresh. =      1.0E-03
     Exchange-correlation= PBE
                           (   1   4   3   4   0   0   0)
     nstep                     =           20


     celldm(1)=  10.222135  celldm(2)=   0.000000  celldm(3)=   0.000000
     celldm(4)=   0.000000  celldm(5)=   0.000000  celldm(6)=   0.000000

     crystal axes: (cart. coord. in units of alat)
               a(1) = (   1.000000   0.000000   0.000000 )  
               a(2) = (   0.000000   1.000000   0.000000 )  
               a(3) = (   0.000000   0.000000   1.000000 )  

     reciprocal axes: (cart. coord. in units 2 pi/alat)
               b(1) = (  1.000000  0.000000  0.000000 )  
               b(2) = (  0.000000  1.000000  0.000000 )  
               b(3) = (  0.000000  0.000000  1.000000 )  


     PseudoPot. # 1 for Rb read from file:
     /home/administrator/Downloads/BURAI/BURAI1.3/pseudopot/Rb.pbe-spn-rrkjus_psl.1.0.0.UPF
     MD5 check sum: 8db0524251f08d4bb5a0a04c31658078
     Pseudo is Ultrasoft + core correction, Zval =  9.0
     Generated using "atomic" code by A. Dal Corso  v.5.1.2
     Using radial grid of 1219 points,  6 beta functions with: 
                l(1) =   0
                l(2) =   0
                l(3) =   1
                l(4) =   1
                l(5) =   2
                l(6) =   2
     Q(r) pseudized with 0 coefficients 


     PseudoPot. # 2 for Ni read from file:
     /home/administrator/Downloads/BURAI/BURAI1.3/pseudopot/Ni.pbe-spn-kjpaw_psl.1.0.0.UPF
     MD5 check sum: ea56550a36ffb6c479804d371adbec59
     Pseudo is Projector augmented-wave + core cor, Zval = 18.0
     Generated using "atomic" code by A. Dal Corso  v.5.1.2
     Shape of augmentation charge: PSQ
     Using radial grid of 1195 points,  6 beta functions with: 
                l(1) =   0
                l(2) =   0
                l(3) =   1
                l(4) =   1
                l(5) =   2
                l(6) =   2
     Q(r) pseudized with 0 coefficients 


     PseudoPot. # 3 for I  read from file:
     /home/administrator/Downloads/BURAI/BURAI1.3/pseudopot/I.pbe-n-kjpaw_psl.1.0.0.UPF
     MD5 check sum: e1b2a55c91904a364f23c37cb15bc296
     Pseudo is Projector augmented-wave + core cor, Zval =  7.0
     Generated using "atomic" code by A. Dal Corso  v.5.1.2
     Shape of augmentation charge: PSQ
     Using radial grid of 1247 points,  6 beta functions with: 
                l(1) =   0
                l(2) =   0
                l(3) =   1
                l(4) =   1
                l(5) =   2
                l(6) =   2
     Q(r) pseudized with 0 coefficients 


     atomic species   valence    mass     pseudopotential
     Rb                9.00    85.46780     Rb( 1.00)
     Ni               18.00    58.69340     Ni( 1.00)
     I                 7.00   126.90450     I ( 1.00)

     48 Sym. Ops., with inversion, found



   Cartesian axes

     site n.     atom                  positions (alat units)
         1        Rb     tau(   1) = (   0.0000000   0.0000000   0.0000000  )
         2        Ni     tau(   2) = (   0.5000000   0.5000000   0.5000000  )
         3        I      tau(   3) = (   0.5000000   0.5000000   0.0000000  )
         4        I      tau(   4) = (   0.5000000   0.0000000   0.5000000  )
         5        I      tau(   5) = (   0.0000000   0.5000000   0.5000000  )

     number of k points=    56  Gaussian smearing, width (Ry)=  0.0050
                       cart. coord. in units 2pi/alat
        k(    1) = (   0.0000000   0.0000000   0.0000000), wk =   0.0020000
        k(    2) = (   0.0000000   0.0000000   0.1000000), wk =   0.0120000
        k(    3) = (   0.0000000   0.0000000   0.2000000), wk =   0.0120000
        k(    4) = (   0.0000000   0.0000000   0.3000000), wk =   0.0120000
        k(    5) = (   0.0000000   0.0000000   0.4000000), wk =   0.0120000
        k(    6) = (   0.0000000   0.0000000  -0.5000000), wk =   0.0060000
        k(    7) = (   0.0000000   0.1000000   0.1000000), wk =   0.0240000
        k(    8) = (   0.0000000   0.1000000   0.2000000), wk =   0.0480000
        k(    9) = (   0.0000000   0.1000000   0.3000000), wk =   0.0480000
        k(   10) = (   0.0000000   0.1000000   0.4000000), wk =   0.0480000
        k(   11) = (   0.0000000   0.1000000  -0.5000000), wk =   0.0240000
        k(   12) = (   0.0000000   0.2000000   0.2000000), wk =   0.0240000
        k(   13) = (   0.0000000   0.2000000   0.3000000), wk =   0.0480000
        k(   14) = (   0.0000000   0.2000000   0.4000000), wk =   0.0480000
        k(   15) = (   0.0000000   0.2000000  -0.5000000), wk =   0.0240000
        k(   16) = (   0.0000000   0.3000000   0.3000000), wk =   0.0240000
        k(   17) = (   0.0000000   0.3000000   0.4000000), wk =   0.0480000
        k(   18) = (   0.0000000   0.3000000  -0.5000000), wk =   0.0240000
        k(   19) = (   0.0000000   0.4000000   0.4000000), wk =   0.0240000
        k(   20) = (   0.0000000   0.4000000  -0.5000000), wk =   0.0240000
        k(   21) = (   0.0000000  -0.5000000  -0.5000000), wk =   0.0060000
        k(   22) = (   0.1000000   0.1000000   0.1000000), wk =   0.0160000
        k(   23) = (   0.1000000   0.1000000   0.2000000), wk =   0.0480000
        k(   24) = (   0.1000000   0.1000000   0.3000000), wk =   0.0480000
        k(   25) = (   0.1000000   0.1000000   0.4000000), wk =   0.0480000
        k(   26) = (   0.1000000   0.1000000  -0.5000000), wk =   0.0240000
        k(   27) = (   0.1000000   0.2000000   0.2000000), wk =   0.0480000
        k(   28) = (   0.1000000   0.2000000   0.3000000), wk =   0.0960000
        k(   29) = (   0.1000000   0.2000000   0.4000000), wk =   0.0960000
        k(   30) = (   0.1000000   0.2000000  -0.5000000), wk =   0.0480000
        k(   31) = (   0.1000000   0.3000000   0.3000000), wk =   0.0480000
        k(   32) = (   0.1000000   0.3000000   0.4000000), wk =   0.0960000
        k(   33) = (   0.1000000   0.3000000  -0.5000000), wk =   0.0480000
        k(   34) = (   0.1000000   0.4000000   0.4000000), wk =   0.0480000
        k(   35) = (   0.1000000   0.4000000  -0.5000000), wk =   0.0480000
        k(   36) = (   0.1000000  -0.5000000  -0.5000000), wk =   0.0120000
        k(   37) = (   0.2000000   0.2000000   0.2000000), wk =   0.0160000
        k(   38) = (   0.2000000   0.2000000   0.3000000), wk =   0.0480000
        k(   39) = (   0.2000000   0.2000000   0.4000000), wk =   0.0480000
        k(   40) = (   0.2000000   0.2000000  -0.5000000), wk =   0.0240000
        k(   41) = (   0.2000000   0.3000000   0.3000000), wk =   0.0480000
        k(   42) = (   0.2000000   0.3000000   0.4000000), wk =   0.0960000
        k(   43) = (   0.2000000   0.3000000  -0.5000000), wk =   0.0480000
        k(   44) = (   0.2000000   0.4000000   0.4000000), wk =   0.0480000
        k(   45) = (   0.2000000   0.4000000  -0.5000000), wk =   0.0480000
        k(   46) = (   0.2000000  -0.5000000  -0.5000000), wk =   0.0120000
        k(   47) = (   0.3000000   0.3000000   0.3000000), wk =   0.0160000
        k(   48) = (   0.3000000   0.3000000   0.4000000), wk =   0.0480000
        k(   49) = (   0.3000000   0.3000000  -0.5000000), wk =   0.0240000
        k(   50) = (   0.3000000   0.4000000   0.4000000), wk =   0.0480000
        k(   51) = (   0.3000000   0.4000000  -0.5000000), wk =   0.0480000
        k(   52) = (   0.3000000  -0.5000000  -0.5000000), wk =   0.0120000
        k(   53) = (   0.4000000   0.4000000   0.4000000), wk =   0.0160000
        k(   54) = (   0.4000000   0.4000000  -0.5000000), wk =   0.0240000
        k(   55) = (   0.4000000  -0.5000000  -0.5000000), wk =   0.0120000
        k(   56) = (  -0.5000000  -0.5000000  -0.5000000), wk =   0.0020000

     Dense  grid:   408029 G-vectors     FFT dimensions: (  96,  96,  96)

     Smooth grid:   144253 G-vectors     FFT dimensions: (  72,  72,  72)

     Estimated max dynamical RAM per process >     363.21 MB

     Estimated total dynamical RAM >       2.55 GB

     Initial potential from superposition of free atoms

     starting charge      47.9767, renormalised to      48.0000
     Starting wfcs are   30 randomized atomic wfcs
     Checking if some PAW data can be deallocated... 

     total cpu time spent up to now is       13.7 secs

     Self-consistent Calculation

     iteration #  1     ecut=   100.00 Ry     beta= 0.30
     Davidson diagonalization with overlap
     ethr =  1.00E-02,  avg # of iterations =  6.1

     total cpu time spent up to now is       48.5 secs

     total energy              =   -1624.85889862 Ry
     estimated scf accuracy    <       1.06648971 Ry

     iteration #  2     ecut=   100.00 Ry     beta= 0.30
     Davidson diagonalization with overlap
     ethr =  2.22E-03,  avg # of iterations =  4.3

     total cpu time spent up to now is       81.4 secs

     total energy              =   -1624.94372586 Ry
     estimated scf accuracy    <       3.91102161 Ry

     iteration #  3     ecut=   100.00 Ry     beta= 0.30
     Davidson diagonalization with overlap
     ethr =  2.22E-03,  avg # of iterations =  3.5

     total cpu time spent up to now is      112.2 secs

     total energy              =   -1625.28048515 Ry
     estimated scf accuracy    <       0.03555932 Ry

     iteration #  4     ecut=   100.00 Ry     beta= 0.30
     Davidson diagonalization with overlap
     ethr =  7.41E-05,  avg # of iterations =  6.2

     total cpu time spent up to now is      149.0 secs

     total energy              =   -1625.28697985 Ry
     estimated scf accuracy    <       0.00838690 Ry

     iteration #  5     ecut=   100.00 Ry     beta= 0.30
     Davidson diagonalization with overlap
     ethr =  1.75E-05,  avg # of iterations =  5.3

     total cpu time spent up to now is      183.9 secs

     total energy              =   -1625.28724982 Ry
     estimated scf accuracy    <       0.03469351 Ry

     iteration #  6     ecut=   100.00 Ry     beta= 0.30
     Davidson diagonalization with overlap
     ethr =  1.75E-05,  avg # of iterations =  2.1

     total cpu time spent up to now is      212.3 secs

     total energy              =   -1625.28734792 Ry
     estimated scf accuracy    <       0.00483988 Ry

     iteration #  7     ecut=   100.00 Ry     beta= 0.30
     Davidson diagonalization with overlap
     ethr =  1.01E-05,  avg # of iterations =  3.2

     total cpu time spent up to now is      242.8 secs

     total energy              =   -1625.28816984 Ry
     estimated scf accuracy    <       0.00176286 Ry

     iteration #  8     ecut=   100.00 Ry     beta= 0.30
     Davidson diagonalization with overlap
     c_bands:  1 eigenvalues not converged
     ethr =  3.67E-06,  avg # of iterations =  3.5

     total cpu time spent up to now is      273.0 secs

     total energy              =   -1625.28831992 Ry
     estimated scf accuracy    <       0.00008925 Ry

     iteration #  9     ecut=   100.00 Ry     beta= 0.30
     Davidson diagonalization with overlap
     ethr =  1.86E-07,  avg # of iterations =  3.0

     total cpu time spent up to now is      303.5 secs

     total energy              =   -1625.28829418 Ry
     estimated scf accuracy    <       0.00016729 Ry

     iteration # 10     ecut=   100.00 Ry     beta= 0.30
     Davidson diagonalization with overlap
     ethr =  1.86E-07,  avg # of iterations =  2.9

     total cpu time spent up to now is      333.7 secs

     total energy              =   -1625.28831695 Ry
     estimated scf accuracy    <       0.00000716 Ry

     iteration # 11     ecut=   100.00 Ry     beta= 0.30
     Davidson diagonalization with overlap
     ethr =  1.49E-08,  avg # of iterations =  2.3

     total cpu time spent up to now is      362.3 secs

     total energy              =   -1625.28831753 Ry
     estimated scf accuracy    <       0.00000087 Ry

     iteration # 12     ecut=   100.00 Ry     beta= 0.30
     Davidson diagonalization with overlap
     ethr =  1.81E-09,  avg # of iterations =  3.7

     total cpu time spent up to now is      393.7 secs

     total energy              =   -1625.28831772 Ry
     estimated scf accuracy    <       0.00000005 Ry

     iteration # 13     ecut=   100.00 Ry     beta= 0.30
     Davidson diagonalization with overlap
     ethr =  9.55E-11,  avg # of iterations =  4.2

     total cpu time spent up to now is      429.6 secs

     total energy              =   -1625.28831770 Ry
     estimated scf accuracy    <       0.00000027 Ry

     iteration # 14     ecut=   100.00 Ry     beta= 0.30
     Davidson diagonalization with overlap
     ethr =  9.55E-11,  avg # of iterations =  3.4

     total cpu time spent up to now is      462.6 secs

     total energy              =   -1625.28831773 Ry
     estimated scf accuracy    <          3.0E-10 Ry

     iteration # 15     ecut=   100.00 Ry     beta= 0.30
     Davidson diagonalization with overlap
     ethr =  6.34E-13,  avg # of iterations =  5.1

     total cpu time spent up to now is      502.7 secs

     total energy              =   -1625.28831773 Ry
     estimated scf accuracy    <          3.9E-10 Ry

     iteration # 16     ecut=   100.00 Ry     beta= 0.30
     Davidson diagonalization with overlap
     ethr =  6.34E-13,  avg # of iterations =  3.3

     total cpu time spent up to now is      535.7 secs

     total energy              =   -1625.28831773 Ry
     estimated scf accuracy    <          3.9E-10 Ry

     iteration # 17     ecut=   100.00 Ry     beta= 0.30
     Davidson diagonalization with overlap
     ethr =  6.34E-13,  avg # of iterations =  1.0

     total cpu time spent up to now is      562.4 secs

     End of self-consistent calculation

          k = 0.0000 0.0000 0.0000 ( 17941 PWs)   bands (ev):

   -96.8126 -57.2379 -57.2379 -57.2379 -20.4371  -7.3778  -6.0622  -6.0622
    -4.5666  -4.5666  -4.5666   1.7241   1.7241   1.7241   4.3529   4.3529
     4.3529   4.5114   4.5114   4.5114   4.7039   4.7039   5.0704   5.0704
     5.0704   6.8066   9.6109  10.0093  10.0094

          k = 0.0000 0.0000 0.1000 ( 18017 PWs)   bands (ev):

   -96.8126 -57.2379 -57.2379 -57.2379 -20.4370  -7.3564  -6.0968  -6.0606
    -4.5654  -4.5654  -4.5543   1.7077   1.7457   1.7457   4.1712   4.1712
     4.3043   4.5098   4.5121   4.6201   4.6201   4.7048   5.0856   5.0856
     5.1056   7.0242   9.8002  10.1012  10.1684

          k = 0.0000 0.0000 0.2000 ( 18041 PWs)   bands (ev):

   -96.8126 -57.2379 -57.2379 -57.2379 -20.4368  -7.2955  -6.1903  -6.0565
    -4.5624  -4.5624  -4.5252   1.6783   1.8068   1.8068   3.8957   3.8957
     4.1068   4.1843   4.5138   4.6992   4.6992   4.7062   5.1275   5.1275
     5.1472   7.5931  10.1934  10.4663  10.6099

          k = 0.0000 0.0000 0.3000 ( 18036 PWs)   bands (ev):

   -96.8126 -57.2379 -57.2379 -57.2379 -20.4366  -7.2058  -6.3164  -6.0515
    -4.5587  -4.5587  -4.4940   1.6711   1.8944   1.8944   3.6265   3.6265
     3.6841   4.0480   4.5160   4.7073   4.7206   4.7206   5.1749   5.1762
     5.1762   8.4008  10.5567  11.0906  11.2366

          k = 0.0000 0.0000 0.4000 ( 18064 PWs)   bands (ev):

   -96.8126 -57.2379 -57.2379 -57.2379 -20.4364  -7.1125  -6.4366  -6.0473
    -4.5557  -4.5557  -4.4723   1.6942   1.9799   1.9799   3.3614   3.4211
     3.4211   3.9457   4.5177   4.7078   4.7188   4.7188   5.1904   5.2104
     5.2104   9.3545  10.8931  11.3434  11.4489

          k = 0.0000 0.0000-0.5000 ( 18080 PWs)   bands (ev):

   -96.8126 -57.2379 -57.2379 -57.2379 -20.4363  -7.0676  -6.4913  -6.0457
    -4.5545  -4.5545  -4.4647   1.7121   2.0178   2.0178   3.2374   3.3416
     3.3416   3.9082   4.5184   4.7080   4.7159   4.7159   5.1954   5.2222
     5.2222  10.0983  10.7696  11.1949  11.6083

          k = 0.0000 0.1000 0.1000 ( 18029 PWs)   bands (ev):

   -96.8126 -57.2379 -57.2379 -57.2379 -20.4369  -7.3350  -6.1121  -6.0771
    -4.5643  -4.5573  -4.5506   1.6127   1.7679   1.8452   3.9581   4.0894
     4.3714   4.4156   4.4582   4.5173   4.7255   4.7303   4.9410   5.0955
     5.3405   7.1949   9.9736  10.2184  10.2572

          k = 0.0000 0.1000 0.2000 ( 18054 PWs)   bands (ev):

   -96.8126 -57.2379 -57.2379 -57.2379 -20.4368  -7.2737  -6.1962  -6.0793
    -4.5613  -4.5538  -4.5255   1.5243   1.8308   1.9608   3.6193   3.8687
     4.1261   4.3587   4.3605   4.4609   4.7985   4.8203   4.9656   5.1281
     5.4803   7.6963  10.3445  10.5454  10.6265

          k = 0.0000 0.1000 0.3000 ( 18038 PWs)   bands (ev):

   -96.8126 -57.2379 -57.2379 -57.2379 -20.4365  -7.1832  -6.3192  -6.0742
    -4.5576  -4.5519  -4.4966   1.4804   1.9215   2.0735   3.2687   3.6148
     3.8199   4.2538   4.3351   4.4406   4.8257   4.8525   5.0708   5.1728
     5.5107   8.4661  10.6841  11.1331  11.2047

          k = 0.0000 0.1000 0.4000 ( 18054 PWs)   bands (ev):

   -96.8126 -57.2379 -57.2379 -57.2379 -20.4363  -7.0884  -6.4385  -6.0695
    -4.5547  -4.5505  -4.4765   1.4803   2.0105   2.1659   2.9943   3.4128
     3.6059   4.1607   4.3225   4.4286   4.8321   4.8582   5.1713   5.2063
     5.4862   9.4002  11.0115  11.4252  11.5249

          k = 0.0000 0.1000-0.5000 ( 18068 PWs)   bands (ev):

   -96.8126 -57.2379 -57.2379 -57.2379 -20.4362  -7.0422  -6.4936  -6.0677
    -4.5535  -4.5499  -4.4694   1.4892   2.0501   2.2040   2.8877   3.3334
     3.5273   4.1251   4.3182   4.4240   4.8333   4.8582   5.2162   5.2181
     5.4648  10.1240  10.8559  11.3369  11.6596

          k = 0.0000 0.2000 0.2000 ( 18031 PWs)   bands (ev):

   -96.8126 -57.2379 -57.2379 -57.2379 -20.4366  -7.2111  -6.2348  -6.1198
    -4.5585  -4.5375  -4.5220   1.3536   1.8994   2.1411   3.2230   3.7659
     4.0645   4.1694   4.2073   4.5674   4.8303   4.9271   4.9412   5.1372
     5.8045   8.0440  10.7096  10.8008  10.8030

          k = 0.0000 0.2000 0.3000 ( 18029 PWs)   bands (ev):

   -96.8126 -57.2379 -57.2379 -57.2379 -20.4363  -7.1181  -6.3321  -6.1335
    -4.5549  -4.5353  -4.5031   1.2394   1.9993   2.2882   2.8587   3.5768
     3.8507   4.0643   4.1631   4.6040   4.8479   4.9953   5.0194   5.1656
     5.9709   8.6803  11.0071  11.2398  11.3317

          k = 0.0000 0.2000 0.4000 ( 18046 PWs)   bands (ev):

   -96.8126 -57.2379 -57.2379 -57.2379 -20.4361  -7.0186  -6.4442  -6.1339
    -4.5521  -4.5370  -4.4868   1.1868   2.0994   2.3889   2.5980   3.3905
     3.6828   4.0198   4.1545   4.5709   4.8519   5.0078   5.1513   5.1961
     6.0044   9.5364  11.3340  11.6197  11.7689

          k = 0.0000 0.2000-0.5000 ( 18038 PWs)   bands (ev):

   -96.8126 -57.2379 -57.2379 -57.2379 -20.4361  -6.9685  -6.4996  -6.1332
    -4.5510  -4.5378  -4.4809   1.1745   2.1449   2.4262   2.5016   3.3118
     3.6216   4.0070   4.1519   4.5534   4.8527   5.0091   5.2078   5.2080
     5.9993  10.2110  11.0630  11.7421  11.9923

          k = 0.0000 0.3000 0.3000 ( 18025 PWs)   bands (ev):

   -96.8126 -57.2379 -57.2379 -57.2379 -20.4361  -7.0201  -6.3735  -6.1982
    -4.5516  -4.5195  -4.5076   1.0542   2.1148   2.4503   2.5114   3.4950
     3.8306   3.8310   3.9835   4.8543   4.9099   4.9845   5.0810   5.1657
     6.3457   9.1089  11.3255  11.6129  11.6263

          k = 0.0000 0.3000 0.4000 ( 18056 PWs)   bands (ev):

   -96.8126 -57.2379 -57.2379 -57.2379 -20.4359  -6.9116  -6.4543  -6.2319
    -4.5488  -4.5207  -4.4983   0.9440   2.2352   2.2784   2.5511   3.3601
     3.7105   3.7386   3.9465   4.8569   4.9272   5.1072   5.1646   5.1845
     6.5342   9.7900  11.6302  11.7629  12.0409

          k = 0.0000 0.3000-0.5000 ( 18034 PWs)   bands (ev):

   -96.8126 -57.2379 -57.2379 -57.2379 -20.4358  -6.8530  -6.5070  -6.2400
    -4.5478  -4.5226  -4.4935   0.9083   2.1959   2.2924   2.5857   3.2853
     3.6806   3.6943   3.9454   4.8576   4.9148   5.1097   5.1957   5.2520
     6.5802  10.3948  11.1856  11.9750  12.3316

          k = 0.0000 0.4000 0.4000 ( 18037 PWs)   bands (ev):

   -96.8126 -57.2379 -57.2379 -57.2379 -20.4357  -6.7862  -6.4773  -6.3359
    -4.5462  -4.5088  -4.5056   0.7875   2.0727   2.3857   2.6481   3.3174
     3.4655   3.7671   3.8267   4.8589   5.0273   5.1584   5.1793   5.3320
     6.9148  10.2369  11.6170  11.7883  12.1842

          k = 0.0000 0.4000-0.5000 ( 18028 PWs)   bands (ev):

   -96.8126 -57.2379 -57.2379 -57.2379 -20.4357  -6.7074  -6.5129  -6.3797
    -4.5452  -4.5102  -4.5023   0.7337   2.0017   2.4637   2.6807   3.2639
     3.3925   3.7487   3.8146   4.8594   5.0303   5.1653   5.1864   5.4287
     7.0473  10.7429  11.1919  11.6822  12.0934

          k = 0.0000-0.5000-0.5000 ( 18056 PWs)   bands (ev):

   -96.8126 -57.2379 -57.2379 -57.2379 -20.4356  -6.5700  -6.5152  -6.5152
    -4.5442  -4.5054  -4.5054   0.6731   1.9352   2.5599   2.7126   3.2558
     3.2558   3.7692   3.7692   4.8599   5.0415   5.1830   5.1830   5.5251
     7.2296  11.2617  11.2617  11.3845  11.4255

          k = 0.1000 0.1000 0.1000 ( 18022 PWs)   bands (ev):

   -96.8126 -57.2379 -57.2379 -57.2379 -20.4369  -7.3135  -6.1098  -6.1098
    -4.5575  -4.5575  -4.5457   1.5198   1.8659   1.8659   3.9125   3.9125
     4.1451   4.4475   4.5107   4.5107   4.7573   4.7573   4.8252   5.3350
     5.3350   7.3382  10.1238  10.3228  10.3228

          k = 0.1000 0.1000 0.2000 ( 18037 PWs)   bands (ev):

   -96.8126 -57.2379 -57.2379 -57.2379 -20.4367  -7.2519  -6.1987  -6.1037
    -4.5579  -4.5505  -4.5246   1.4059   1.9251   2.0062   3.6075   3.6266
     3.9944   4.3369   4.4351   4.4926   4.7758   4.8638   4.9164   5.3175
     5.5377   7.7890  10.4554  10.6053  10.6449

          k = 0.1000 0.1000 0.3000 ( 18057 PWs)   bands (ev):

   -96.8126 -57.2379 -57.2379 -57.2379 -20.4364  -7.1608  -6.3206  -6.0962
    -4.5584  -4.5457  -4.4989   1.3389   2.0118   2.1347   3.2123   3.3553
     3.9340   4.1638   4.3399   4.4809   4.7729   4.9826   5.0515   5.2873
     5.6012   8.5246  10.7712  11.1497  11.1667

          k = 0.1000 0.1000 0.4000 ( 18046 PWs)   bands (ev):

   -96.8126 -57.2379 -57.2379 -57.2379 -20.4362  -7.0647  -6.4395  -6.0900
    -4.5589  -4.5421  -4.4808   1.3213   2.0998   2.2313   2.9176   3.1511
     3.8605   4.0672   4.2549   4.4709   4.7709   5.0726   5.1583   5.2487
     5.5879   9.4404  11.0889  11.4131  11.6368

          k = 0.1000 0.1000-0.5000 ( 18046 PWs)   bands (ev):

   -96.8126 -57.2379 -57.2379 -57.2379 -20.4362  -7.0175  -6.4950  -6.0876
    -4.5591  -4.5407  -4.4745   1.3230   2.1405   2.2685   2.8070   3.0711
     3.8215   4.0419   4.2221   4.4669   4.7701   5.1143   5.2027   5.2232
     5.5705  10.1506  10.9057  11.4123  11.7044

          k = 0.1000 0.2000 0.2000 ( 18011 PWs)   bands (ev):

   -96.8126 -57.2379 -57.2379 -57.2379 -20.4365  -7.1895  -6.2309  -6.1463
    -4.5560  -4.5406  -4.5180   1.2350   2.0134   2.1567   3.2265   3.5815
     3.6787   4.3421   4.3671   4.5973   4.8401   4.9015   4.9298   5.3749
     5.7972   8.1113  10.7464  10.7963  10.8190

          k = 0.1000 0.2000 0.3000 ( 18029 PWs)   bands (ev):

   -96.8126 -57.2379 -57.2379 -57.2379 -20.4363  -7.0965  -6.3298  -6.1535
    -4.5572  -4.5345  -4.5035   1.1113   2.1061   2.3023   2.8604   3.3135
     3.6473   4.1842   4.3532   4.6266   4.8584   5.0109   5.0331   5.3453
     5.9719   8.7234  11.0210  11.1958  11.2336

          k = 0.1000 0.2000 0.4000 ( 18049 PWs)   bands (ev):

   -96.8126 -57.2379 -57.2379 -57.2379 -20.4361  -6.9964  -6.4426  -6.1498
    -4.5597  -4.5308  -4.4914   1.0486   2.2002   2.4008   2.5984   3.0905
     3.6726   4.0369   4.3493   4.5906   4.8621   5.1310   5.1449   5.2923
     6.0104   9.5655  11.3169  11.4088  11.7487

          k = 0.1000 0.2000-0.5000 ( 18030 PWs)   bands (ev):

   -96.8126 -57.2379 -57.2379 -57.2379 -20.4360  -6.9454  -6.4987  -6.1478
    -4.5608  -4.5294  -4.4871   1.0319   2.2456   2.4367   2.5017   3.0019
     3.6938   3.9706   4.3479   4.5721   4.8627   5.1878   5.2238   5.2276
     6.0062  10.2397  11.0095  11.6532  11.7844

          k = 0.1000 0.3000 0.3000 ( 18051 PWs)   bands (ev):

   -96.8126 -57.2379 -57.2379 -57.2379 -20.4360  -6.9995  -6.3681  -6.2142
    -4.5560  -4.5257  -4.5052   0.9240   2.2071   2.4531   2.5237   3.2955
     3.3784   4.1994   4.2022   4.9157   4.9262   4.9851   5.0768   5.3220
     6.3417   9.1371  11.2691  11.3723  11.5379

          k = 0.1000 0.3000 0.4000 ( 18051 PWs)   bands (ev):

   -96.8126 -57.2379 -57.2379 -57.2379 -20.4358  -6.8918  -6.4497  -6.2414
    -4.5568  -4.5218  -4.5025   0.8087   2.2812   2.3276   2.5495   3.0979
     3.3703   4.0754   4.2095   4.9326   4.9517   5.1297   5.1754   5.2760
     6.5319   9.8099  11.3175  11.7122  11.8196

          k = 0.1000 0.3000-0.5000 ( 18046 PWs)   bands (ev):

   -96.8126 -57.2379 -57.2379 -57.2379 -20.4358  -6.8330  -6.5034  -6.2470
    -4.5576  -4.5206  -4.5010   0.7706   2.2123   2.3682   2.5851   3.0020
     3.3829   4.0248   4.2122   4.9213   4.9571   5.1867   5.2272   5.2611
     6.5782  10.4255  11.0379  11.7056  12.0276

          k = 0.1000 0.4000 0.4000 ( 18034 PWs)   bands (ev):

   -96.8126 -57.2379 -57.2379 -57.2379 -20.4357  -6.7693  -6.4709  -6.3387
    -4.5536  -4.5170  -4.5091   0.6508   2.0935   2.4419   2.6430   3.0921
     3.1492   4.0950   4.1053   5.0104   5.0314   5.1541   5.2382   5.3380
     6.9147  10.2498  11.2140  11.8194  11.9921

          k = 0.1000 0.4000-0.5000 ( 18040 PWs)   bands (ev):

   -96.8126 -57.2379 -57.2379 -57.2379 -20.4356  -6.6918  -6.5071  -6.3786
    -4.5525  -4.5157  -4.5109   0.5960   2.0253   2.5090   2.6789   3.0068
     3.1312   4.0581   4.1093   5.0295   5.0347   5.1851   5.2012   5.4334
     7.0481  10.7718  11.0068  11.4272  12.0315

          k = 0.1000-0.5000-0.5000 ( 18072 PWs)   bands (ev):

   -96.8126 -57.2379 -57.2379 -57.2379 -20.4355  -6.5584  -6.5086  -6.5086
    -4.5500  -4.5144  -4.5144   0.5351   1.9612   2.5929   2.7136   3.0086
     3.0086   4.0705   4.0705   5.0459   5.0619   5.1830   5.1830   5.5295
     7.2322  11.0242  11.2544  11.2544  11.4326

          k = 0.2000 0.2000 0.2000 ( 18004 PWs)   bands (ev):

   -96.8126 -57.2379 -57.2379 -57.2379 -20.4363  -7.1274  -6.2205  -6.2205
    -4.5489  -4.5489  -4.5096   1.0353   2.2023   2.2023   3.1681   3.2869
     3.2869   4.4436   4.4436   4.7118   4.8565   4.9242   4.9242   5.7715
     5.7715   8.3584  10.8699  10.9111  10.9111

          k = 0.2000 0.2000 0.3000 ( 18019 PWs)   bands (ev):

   -96.8126 -57.2379 -57.2379 -57.2379 -20.4361  -7.0343  -6.3273  -6.2076
    -4.5593  -4.5385  -4.5029   0.8732   2.2736   2.3542   2.8025   3.0168
     3.2890   4.4259   4.4642   4.7416   4.8856   5.0083   5.0327   5.7224
     6.0320   8.8793  10.9912  11.1778  11.2471

          k = 0.2000 0.2000 0.4000 ( 18043 PWs)   bands (ev):

   -96.8126 -57.2379 -57.2379 -57.2379 -20.4359  -6.9324  -6.4392  -6.1969
    -4.5679  -4.5280  -4.5014   0.7773   2.3603   2.4441   2.5430   2.8073
     3.3202   4.3787   4.4716   4.7010   4.8985   5.1199   5.1737   5.6596
     6.1123   9.6605  11.0760  11.4085  11.7757

          k = 0.2000 0.2000-0.5000 ( 18048 PWs)   bands (ev):

   -96.8126 -57.2379 -57.2379 -57.2379 -20.4358  -6.8787  -6.4965  -6.1928
    -4.5712  -4.5227  -4.5025   0.7468   2.4145   2.4489   2.4755   2.7120
     3.3351   4.3562   4.4750   4.6800   4.9019   5.1712   5.2363   5.6246
     6.1178  10.3283  10.8537  11.5857  11.7500

          k = 0.2000 0.3000 0.3000 ( 18037 PWs)   bands (ev):

   -96.8126 -57.2379 -57.2379 -57.2379 -20.4359  -6.9404  -6.3538  -6.2613
    -4.5624  -4.5420  -4.5042   0.6608   2.3612   2.4591   2.5481   2.9761
     3.0107   4.4880   4.5265   4.9468   4.9517   5.0006   5.0642   5.7948
     6.3256   9.2365  10.8769  11.4147  11.4763

          k = 0.2000 0.3000 0.4000 ( 18032 PWs)   bands (ev):

   -96.8126 -57.2379 -57.2379 -57.2379 -20.4357  -6.8350  -6.4381  -6.2710
    -4.5705  -4.5345  -4.5108   0.5226   2.3197   2.4571   2.5372   2.7751
     3.0280   4.4937   4.5342   4.9513   4.9932   5.1167   5.2032   5.7434
     6.5271   9.8630  10.8126  11.6179  11.8359

          k = 0.2000 0.3000-0.5000 ( 18048 PWs)   bands (ev):

   -96.8126 -57.2379 -57.2379 -57.2379 -20.4356  -6.7756  -6.4938  -6.2702
    -4.5744  -4.5240  -4.5203   0.4753   2.2515   2.4985   2.5835   2.6588
     3.0440   4.4927   4.5315   4.9424   4.9972   5.1747   5.2798   5.7105
     6.5772  10.5006  10.6435  11.5546  11.6630

          k = 0.2000 0.4000 0.4000 ( 18044 PWs)   bands (ev):

   -96.8126 -57.2379 -57.2379 -57.2379 -20.4355  -6.7212  -6.4542  -6.3494
    -4.5698  -4.5390  -4.5213   0.3501   2.1489   2.5234   2.6039   2.8041
     2.8192   4.5214   4.5472   5.0427   5.0992   5.1466   5.3529   5.6849
     6.9116  10.2398  10.6593  11.7674  11.7870

          k = 0.2000 0.4000-0.5000 ( 18068 PWs)   bands (ev):

   -96.8126 -57.2379 -57.2379 -57.2379 -20.4354  -6.6481  -6.4918  -6.3778
    -4.5698  -4.5336  -4.5321   0.2897   2.0878   2.5693   2.6674   2.6724
     2.8299   4.5318   4.5434   5.0473   5.1221   5.1870   5.4454   5.6442
     7.0489  10.4743  10.8133  11.2760  11.7707

          k = 0.2000-0.5000-0.5000 ( 18052 PWs)   bands (ev):

   -96.8126 -57.2379 -57.2379 -57.2379 -20.4354  -6.5275  -6.4910  -6.4910
    -4.5649  -4.5383  -4.5383   0.2243   2.0300   2.6502   2.6804   2.6804
     2.7161   4.5433   4.5433   5.0582   5.1886   5.1886   5.5409   5.5962
     7.2388  10.4120  11.1603  11.1603  11.5739

          k = 0.3000 0.3000 0.3000 ( 18007 PWs)   bands (ev):

   -96.8126 -57.2379 -57.2379 -57.2379 -20.4356  -6.8512  -6.3357  -6.3357
    -4.5626  -4.5626  -4.5106   0.4104   2.4610   2.4610   2.4809   2.7889
     2.7889   4.7395   4.7395   4.9617   5.0243   5.0243   5.0804   6.2905
     6.2905   9.4792  10.5697  11.5782  11.5784

          k = 0.3000 0.3000 0.4000 ( 18027 PWs)   bands (ev):

   -96.8126 -57.2379 -57.2379 -57.2379 -20.4355  -6.7495  -6.4257  -6.3208
    -4.5797  -4.5548  -4.5239   0.2406   2.3239   2.4496   2.5096   2.6639
     2.8021   4.8105   4.8384   5.0036   5.0094   5.1130   5.2433   6.2432
     6.5873   9.9580  10.4180  11.5690  11.7379

          k = 0.3000 0.3000-0.5000 ( 18028 PWs)   bands (ev):

   -96.8126 -57.2379 -57.2379 -57.2379 -20.4354  -6.6887  -6.4820  -6.3150
    -4.5863  -4.5436  -4.5372   0.1811   2.2614   2.4383   2.5237   2.6292
     2.8183   4.8276   4.8464   4.9982   5.0121   5.1889   5.3202   6.2180
     6.6686  10.2513  10.5852  11.2910  11.5364

          k = 0.3000 0.4000 0.4000 ( 18010 PWs)   bands (ev):

   -96.8126 -57.2379 -57.2379 -57.2379 -20.4353  -6.6506  -6.4329  -6.3735
    -4.5844  -4.5668  -4.5416   0.0452   2.2167   2.4410   2.4573   2.6889
     2.7235   4.9178   4.9409   5.0610   5.1159   5.1601   5.3739   6.3321
     6.8995  10.0336  10.3561  11.4542  11.6179

          k = 0.3000 0.4000-0.5000 ( 18016 PWs)   bands (ev):

   -96.8126 -57.2379 -57.2379 -57.2379 -20.4352  -6.5848  -6.4723  -6.3849
    -4.5881  -4.5618  -4.5558  -0.0240   2.1654   2.4158   2.4607   2.6816
     2.7301   4.9351   4.9431   5.0656   5.1464   5.2323   5.4614   6.3159
     7.0484   9.9850  10.7170  11.0028  11.6971

          k = 0.3000-0.5000-0.5000 ( 18036 PWs)   bands (ev):

   -96.8126 -57.2379 -57.2379 -57.2379 -20.4352  -6.4882  -6.4686  -6.4686
    -4.5832  -4.5686  -4.5686  -0.0967   2.1169   2.4266   2.4266   2.6924
     2.7193   4.9491   4.9491   5.0752   5.2425   5.2425   5.5551   6.2992
     7.2472   9.8913  10.8861  10.8861  11.3515

          k = 0.4000 0.4000 0.4000 ( 18030 PWs)   bands (ev):

   -96.8126 -57.2379 -57.2379 -57.2379 -20.4351  -6.5708  -6.4151  -6.4151
    -4.5898  -4.5898  -4.5642  -0.1691   2.2459   2.3209   2.3209   2.7103
     2.7103   5.0569   5.0770   5.0770   5.2915   5.2915   5.4249   6.8785
     6.8785   9.7626  10.3386  11.1778  11.1778

          k = 0.4000 0.4000-0.5000 ( 18014 PWs)   bands (ev):

   -96.8126 -57.2379 -57.2379 -57.2379 -20.4350  -6.5151  -6.4562  -6.4082
    -4.5987  -4.5848  -4.5797  -0.2454   2.2149   2.2722   2.3202   2.7085
     2.7205   5.0679   5.0763   5.0853   5.3356   5.4097   5.4938   6.8663
     7.0941   9.6607  10.5589  10.7052  11.0776

          k = 0.4000-0.5000-0.5000 ( 18004 PWs)   bands (ev):

   -96.8126 -57.2379 -57.2379 -57.2379 -20.4350  -6.4555  -6.4500  -6.4500
    -4.5979  -4.5937  -4.5937  -0.3244   2.1889   2.2697   2.2697   2.7156
     2.7219   5.0829   5.0829   5.0906   5.4539   5.4539   5.5668   6.9586
     7.2541   9.5474  10.5815  10.5815  10.7294

          k =-0.5000-0.5000-0.5000 ( 17904 PWs)   bands (ev):

   -96.8126 -57.2378 -57.2378 -57.2378 -20.4349  -6.4427  -6.4427  -6.4427
    -4.6034  -4.6034  -4.6034  -0.4058   2.2168   2.2168   2.2168   2.7229
     2.7229   5.0970   5.0970   5.0970   5.5712   5.5712   5.5712   7.2568
     7.2568   9.4270  10.4535  10.4535  10.4535

     the Fermi energy is     5.7209 ev

!    total energy              =   -1625.28831773 Ry
     estimated scf accuracy    <          8.6E-11 Ry
     smearing contrib. (-TS)   =      -0.00043898 Ry
     internal energy E=F+TS    =   -1625.28787875 Ry

     The total energy is F=E-TS. E is the sum of the following terms:
     one-electron contribution =    -378.76791907 Ry
     hartree contribution      =     209.12415353 Ry
     xc contribution           =    -101.11007268 Ry
     ewald contribution        =    -224.02314558 Ry
     one-center paw contrib.   =   -1130.51089496 Ry

     convergence has been achieved in  17 iterations

     Forces acting on atoms (cartesian axes, Ry/au):

     atom    1 type  1   force =     0.00000000    0.00000000    0.00000000
     atom    2 type  2   force =     0.00000000    0.00000000    0.00000000
     atom    3 type  3   force =     0.00000000    0.00000000    0.00000000
     atom    4 type  3   force =     0.00000000    0.00000000    0.00000000
     atom    5 type  3   force =     0.00000000    0.00000000    0.00000000

     Total force =     0.000000     Total SCF correction =     0.000000


     Computing stress (Cartesian axis) and pressure

          total   stress  (Ry/bohr**3)                   (kbar)     P=       19.63
   0.00013343   0.00000000   0.00000000           19.63        0.00        0.00
   0.00000000   0.00013343   0.00000000            0.00       19.63        0.00
   0.00000000   0.00000000   0.00013343            0.00        0.00       19.63


     BFGS Geometry Optimization
     Energy error            =      0.0E+00 Ry
     Gradient error          =      0.0E+00 Ry/Bohr

     bfgs converged in   1 scf cycles and   0 bfgs steps
     (criteria: energy <  1.0E-05 Ry, force <  1.0E-03 Ry/Bohr)

     End of BFGS Geometry Optimization

     Final energy             =   -1625.2883177344 Ry
Begin final coordinates

ATOMIC_POSITIONS (crystal)
Rb               0.0000000000        0.0000000000        0.0000000000
Ni               0.5000000000        0.5000000000        0.5000000000
I                0.5000000000        0.5000000000        0.0000000000
I                0.5000000000        0.0000000000        0.5000000000
I                0.0000000000        0.5000000000        0.5000000000
End final coordinates



  ++++++++++++++++++++++++++++++++++++++++++++++++++++++++++++++++++++++++++++
     Doing work    2 /     9
  ++++++++++++++++++++++++++++++++++++++++++++++++++++++++++++++++++++++++++++


     Current dimensions of program PWSCF are:
     Max number of different atomic species (ntypx) = 10
     Max number of k-points (npk) = 120000
     Max angular momentum in pseudopotentials (lmaxx) =  4

     WARNING: check_stop already initialized

     Parallelization info
     --------------------
     sticks:   dense  smooth     PW     G-vecs:    dense   smooth      PW
     Min        3364    1678    468               207095    73245   10646
     Max        3373    1687    473               207222    73288   10721
     Sum        6737    3365    941               414317   146533   21367

     Using Pencil Decomposition



     bravais-lattice index     =            1
     lattice parameter (alat)  =      10.2721  a.u.
     unit-cell volume          =    1083.8823 (a.u.)^3
     number of atoms/cell      =            5
     number of atomic types    =            3
     number of electrons       =        48.00
     number of Kohn-Sham states=           29
     kinetic-energy cutoff     =     100.0000  Ry
     charge density cutoff     =     800.0000  Ry
     scf convergence threshold =      1.0E-10
     mixing beta               =       0.3000
     number of iterations used =            8  plain     mixing
     energy convergence thresh.=      1.0E-05
     force convergence thresh. =      1.0E-03
     Exchange-correlation= PBE
                           (   1   4   3   4   0   0   0)
     nstep                     =           20


     celldm(1)=  10.272135  celldm(2)=   0.000000  celldm(3)=   0.000000
     celldm(4)=   0.000000  celldm(5)=   0.000000  celldm(6)=   0.000000

     crystal axes: (cart. coord. in units of alat)
               a(1) = (   1.000000   0.000000   0.000000 )  
               a(2) = (   0.000000   1.000000   0.000000 )  
               a(3) = (   0.000000   0.000000   1.000000 )  

     reciprocal axes: (cart. coord. in units 2 pi/alat)
               b(1) = (  1.000000  0.000000  0.000000 )  
               b(2) = (  0.000000  1.000000  0.000000 )  
               b(3) = (  0.000000  0.000000  1.000000 )  


     PseudoPot. # 1 for Rb read from file:
     /home/administrator/Downloads/BURAI/BURAI1.3/pseudopot/Rb.pbe-spn-rrkjus_psl.1.0.0.UPF
     MD5 check sum: 8db0524251f08d4bb5a0a04c31658078
     Pseudo is Ultrasoft + core correction, Zval =  9.0
     Generated using "atomic" code by A. Dal Corso  v.5.1.2
     Using radial grid of 1219 points,  6 beta functions with: 
                l(1) =   0
                l(2) =   0
                l(3) =   1
                l(4) =   1
                l(5) =   2
                l(6) =   2
     Q(r) pseudized with 0 coefficients 


     PseudoPot. # 2 for Ni read from file:
     /home/administrator/Downloads/BURAI/BURAI1.3/pseudopot/Ni.pbe-spn-kjpaw_psl.1.0.0.UPF
     MD5 check sum: ea56550a36ffb6c479804d371adbec59
     Pseudo is Projector augmented-wave + core cor, Zval = 18.0
     Generated using "atomic" code by A. Dal Corso  v.5.1.2
     Shape of augmentation charge: PSQ
     Using radial grid of 1195 points,  6 beta functions with: 
                l(1) =   0
                l(2) =   0
                l(3) =   1
                l(4) =   1
                l(5) =   2
                l(6) =   2
     Q(r) pseudized with 0 coefficients 


     PseudoPot. # 3 for I  read from file:
     /home/administrator/Downloads/BURAI/BURAI1.3/pseudopot/I.pbe-n-kjpaw_psl.1.0.0.UPF
     MD5 check sum: e1b2a55c91904a364f23c37cb15bc296
     Pseudo is Projector augmented-wave + core cor, Zval =  7.0
     Generated using "atomic" code by A. Dal Corso  v.5.1.2
     Shape of augmentation charge: PSQ
     Using radial grid of 1247 points,  6 beta functions with: 
                l(1) =   0
                l(2) =   0
                l(3) =   1
                l(4) =   1
                l(5) =   2
                l(6) =   2
     Q(r) pseudized with 0 coefficients 


     atomic species   valence    mass     pseudopotential
     Rb                9.00    85.46780     Rb( 1.00)
     Ni               18.00    58.69340     Ni( 1.00)
     I                 7.00   126.90450     I ( 1.00)

     48 Sym. Ops., with inversion, found



   Cartesian axes

     site n.     atom                  positions (alat units)
         1        Rb     tau(   1) = (   0.0000000   0.0000000   0.0000000  )
         2        Ni     tau(   2) = (   0.5000000   0.5000000   0.5000000  )
         3        I      tau(   3) = (   0.5000000   0.5000000   0.0000000  )
         4        I      tau(   4) = (   0.5000000   0.0000000   0.5000000  )
         5        I      tau(   5) = (   0.0000000   0.5000000   0.5000000  )

     number of k points=    56  Gaussian smearing, width (Ry)=  0.0050
                       cart. coord. in units 2pi/alat
        k(    1) = (   0.0000000   0.0000000   0.0000000), wk =   0.0020000
        k(    2) = (   0.0000000   0.0000000   0.1000000), wk =   0.0120000
        k(    3) = (   0.0000000   0.0000000   0.2000000), wk =   0.0120000
        k(    4) = (   0.0000000   0.0000000   0.3000000), wk =   0.0120000
        k(    5) = (   0.0000000   0.0000000   0.4000000), wk =   0.0120000
        k(    6) = (   0.0000000   0.0000000  -0.5000000), wk =   0.0060000
        k(    7) = (   0.0000000   0.1000000   0.1000000), wk =   0.0240000
        k(    8) = (   0.0000000   0.1000000   0.2000000), wk =   0.0480000
        k(    9) = (   0.0000000   0.1000000   0.3000000), wk =   0.0480000
        k(   10) = (   0.0000000   0.1000000   0.4000000), wk =   0.0480000
        k(   11) = (   0.0000000   0.1000000  -0.5000000), wk =   0.0240000
        k(   12) = (   0.0000000   0.2000000   0.2000000), wk =   0.0240000
        k(   13) = (   0.0000000   0.2000000   0.3000000), wk =   0.0480000
        k(   14) = (   0.0000000   0.2000000   0.4000000), wk =   0.0480000
        k(   15) = (   0.0000000   0.2000000  -0.5000000), wk =   0.0240000
        k(   16) = (   0.0000000   0.3000000   0.3000000), wk =   0.0240000
        k(   17) = (   0.0000000   0.3000000   0.4000000), wk =   0.0480000
        k(   18) = (   0.0000000   0.3000000  -0.5000000), wk =   0.0240000
        k(   19) = (   0.0000000   0.4000000   0.4000000), wk =   0.0240000
        k(   20) = (   0.0000000   0.4000000  -0.5000000), wk =   0.0240000
        k(   21) = (   0.0000000  -0.5000000  -0.5000000), wk =   0.0060000
        k(   22) = (   0.1000000   0.1000000   0.1000000), wk =   0.0160000
        k(   23) = (   0.1000000   0.1000000   0.2000000), wk =   0.0480000
        k(   24) = (   0.1000000   0.1000000   0.3000000), wk =   0.0480000
        k(   25) = (   0.1000000   0.1000000   0.4000000), wk =   0.0480000
        k(   26) = (   0.1000000   0.1000000  -0.5000000), wk =   0.0240000
        k(   27) = (   0.1000000   0.2000000   0.2000000), wk =   0.0480000
        k(   28) = (   0.1000000   0.2000000   0.3000000), wk =   0.0960000
        k(   29) = (   0.1000000   0.2000000   0.4000000), wk =   0.0960000
        k(   30) = (   0.1000000   0.2000000  -0.5000000), wk =   0.0480000
        k(   31) = (   0.1000000   0.3000000   0.3000000), wk =   0.0480000
        k(   32) = (   0.1000000   0.3000000   0.4000000), wk =   0.0960000
        k(   33) = (   0.1000000   0.3000000  -0.5000000), wk =   0.0480000
        k(   34) = (   0.1000000   0.4000000   0.4000000), wk =   0.0480000
        k(   35) = (   0.1000000   0.4000000  -0.5000000), wk =   0.0480000
        k(   36) = (   0.1000000  -0.5000000  -0.5000000), wk =   0.0120000
        k(   37) = (   0.2000000   0.2000000   0.2000000), wk =   0.0160000
        k(   38) = (   0.2000000   0.2000000   0.3000000), wk =   0.0480000
        k(   39) = (   0.2000000   0.2000000   0.4000000), wk =   0.0480000
        k(   40) = (   0.2000000   0.2000000  -0.5000000), wk =   0.0240000
        k(   41) = (   0.2000000   0.3000000   0.3000000), wk =   0.0480000
        k(   42) = (   0.2000000   0.3000000   0.4000000), wk =   0.0960000
        k(   43) = (   0.2000000   0.3000000  -0.5000000), wk =   0.0480000
        k(   44) = (   0.2000000   0.4000000   0.4000000), wk =   0.0480000
        k(   45) = (   0.2000000   0.4000000  -0.5000000), wk =   0.0480000
        k(   46) = (   0.2000000  -0.5000000  -0.5000000), wk =   0.0120000
        k(   47) = (   0.3000000   0.3000000   0.3000000), wk =   0.0160000
        k(   48) = (   0.3000000   0.3000000   0.4000000), wk =   0.0480000
        k(   49) = (   0.3000000   0.3000000  -0.5000000), wk =   0.0240000
        k(   50) = (   0.3000000   0.4000000   0.4000000), wk =   0.0480000
        k(   51) = (   0.3000000   0.4000000  -0.5000000), wk =   0.0480000
        k(   52) = (   0.3000000  -0.5000000  -0.5000000), wk =   0.0120000
        k(   53) = (   0.4000000   0.4000000   0.4000000), wk =   0.0160000
        k(   54) = (   0.4000000   0.4000000  -0.5000000), wk =   0.0240000
        k(   55) = (   0.4000000  -0.5000000  -0.5000000), wk =   0.0120000
        k(   56) = (  -0.5000000  -0.5000000  -0.5000000), wk =   0.0020000

     Dense  grid:   414317 G-vectors     FFT dimensions: (  96,  96,  96)

     Smooth grid:   146533 G-vectors     FFT dimensions: (  72,  72,  72)

     Estimated max dynamical RAM per process >     368.23 MB

     Estimated total dynamical RAM >       2.58 GB

     Initial potential from superposition of free atoms

     starting charge      47.9767, renormalised to      48.0000
     Starting wfcs are   30 randomized atomic wfcs
     Checking if some PAW data can be deallocated... 

     total cpu time spent up to now is      605.1 secs

     Self-consistent Calculation

     iteration #  1     ecut=   100.00 Ry     beta= 0.30
     Davidson diagonalization with overlap
     ethr =  1.00E-02,  avg # of iterations =  6.1

     total cpu time spent up to now is      640.3 secs

     total energy              =   -1624.85619283 Ry
     estimated scf accuracy    <       1.07673254 Ry

     iteration #  2     ecut=   100.00 Ry     beta= 0.30
     Davidson diagonalization with overlap
     ethr =  2.24E-03,  avg # of iterations =  4.3

     total cpu time spent up to now is      673.7 secs

     total energy              =   -1624.93678541 Ry
     estimated scf accuracy    <       4.02546699 Ry

     iteration #  3     ecut=   100.00 Ry     beta= 0.30
     Davidson diagonalization with overlap
     ethr =  2.24E-03,  avg # of iterations =  3.4

     total cpu time spent up to now is      704.9 secs

     total energy              =   -1625.28199611 Ry
     estimated scf accuracy    <       0.03757921 Ry

     iteration #  4     ecut=   100.00 Ry     beta= 0.30
     Davidson diagonalization with overlap
     ethr =  7.83E-05,  avg # of iterations =  6.0

     total cpu time spent up to now is      741.5 secs

     total energy              =   -1625.28900831 Ry
     estimated scf accuracy    <       0.00862512 Ry

     iteration #  5     ecut=   100.00 Ry     beta= 0.30
     Davidson diagonalization with overlap
     ethr =  1.80E-05,  avg # of iterations =  6.0

     total cpu time spent up to now is      777.8 secs

     total energy              =   -1625.28880796 Ry
     estimated scf accuracy    <       0.04358681 Ry

     iteration #  6     ecut=   100.00 Ry     beta= 0.30
     Davidson diagonalization with overlap
     ethr =  1.80E-05,  avg # of iterations =  2.2

     total cpu time spent up to now is      806.8 secs

     total energy              =   -1625.28905730 Ry
     estimated scf accuracy    <       0.00582805 Ry

     iteration #  7     ecut=   100.00 Ry     beta= 0.30
     Davidson diagonalization with overlap
     ethr =  1.21E-05,  avg # of iterations =  3.1

     total cpu time spent up to now is      837.1 secs

     total energy              =   -1625.29005968 Ry
     estimated scf accuracy    <       0.00190754 Ry

     iteration #  8     ecut=   100.00 Ry     beta= 0.30
     Davidson diagonalization with overlap
     ethr =  3.97E-06,  avg # of iterations =  3.3

     total cpu time spent up to now is      866.9 secs

     total energy              =   -1625.29020436 Ry
     estimated scf accuracy    <       0.00016688 Ry

     iteration #  9     ecut=   100.00 Ry     beta= 0.30
     Davidson diagonalization with overlap
     ethr =  3.48E-07,  avg # of iterations =  2.2

     total cpu time spent up to now is      896.0 secs

     total energy              =   -1625.29016831 Ry
     estimated scf accuracy    <       0.00022127 Ry

     iteration # 10     ecut=   100.00 Ry     beta= 0.30
     Davidson diagonalization with overlap
     c_bands:  1 eigenvalues not converged
     ethr =  3.48E-07,  avg # of iterations =  2.7

     total cpu time spent up to now is      925.9 secs

     total energy              =   -1625.29019639 Ry
     estimated scf accuracy    <       0.00000450 Ry

     iteration # 11     ecut=   100.00 Ry     beta= 0.30
     Davidson diagonalization with overlap
     ethr =  9.37E-09,  avg # of iterations =  4.3

     total cpu time spent up to now is      958.7 secs

     total energy              =   -1625.29019704 Ry
     estimated scf accuracy    <       0.00000298 Ry

     iteration # 12     ecut=   100.00 Ry     beta= 0.30
     Davidson diagonalization with overlap
     ethr =  6.21E-09,  avg # of iterations =  1.3

     total cpu time spent up to now is      985.8 secs

     total energy              =   -1625.29019711 Ry
     estimated scf accuracy    <       0.00000085 Ry

     iteration # 13     ecut=   100.00 Ry     beta= 0.30
     Davidson diagonalization with overlap
     ethr =  1.77E-09,  avg # of iterations =  1.7

     total cpu time spent up to now is     1013.4 secs

     total energy              =   -1625.29019710 Ry
     estimated scf accuracy    <       0.00000034 Ry

     iteration # 14     ecut=   100.00 Ry     beta= 0.30
     Davidson diagonalization with overlap
     ethr =  7.10E-10,  avg # of iterations =  2.4

     total cpu time spent up to now is     1042.6 secs

     total energy              =   -1625.29019713 Ry
     estimated scf accuracy    <          9.3E-09 Ry

     iteration # 15     ecut=   100.00 Ry     beta= 0.30
     Davidson diagonalization with overlap
     ethr =  1.94E-11,  avg # of iterations =  4.9

     total cpu time spent up to now is     1081.3 secs

     total energy              =   -1625.29019714 Ry
     estimated scf accuracy    <       0.00000001 Ry

     iteration # 16     ecut=   100.00 Ry     beta= 0.30
     Davidson diagonalization with overlap
     ethr =  1.94E-11,  avg # of iterations =  2.3

     total cpu time spent up to now is     1111.2 secs

     total energy              =   -1625.29019715 Ry
     estimated scf accuracy    <          8.5E-10 Ry

     iteration # 17     ecut=   100.00 Ry     beta= 0.30
     Davidson diagonalization with overlap
     ethr =  1.77E-12,  avg # of iterations =  2.1

     total cpu time spent up to now is     1140.0 secs

     total energy              =   -1625.29019715 Ry
     estimated scf accuracy    <          7.0E-10 Ry

     iteration # 18     ecut=   100.00 Ry     beta= 0.30
     Davidson diagonalization with overlap
     ethr =  1.46E-12,  avg # of iterations =  2.0

     total cpu time spent up to now is     1168.8 secs

     End of self-consistent calculation

          k = 0.0000 0.0000 0.0000 ( 18325 PWs)   bands (ev):

   -96.9670 -57.3919 -57.3919 -57.3919 -20.6113  -7.4787  -6.2084  -6.2084
    -4.7354  -4.7354  -4.7354   1.6203   1.6203   1.6203   4.2026   4.2026
     4.2026   4.3718   4.3718   4.3718   4.5506   4.5506   4.8964   4.8964
     4.8964   6.6317   9.3902   9.8704   9.8704

          k = 0.0000 0.0000 0.1000 ( 18305 PWs)   bands (ev):

   -96.9670 -57.3918 -57.3918 -57.3918 -20.6112  -7.4579  -6.2416  -6.2070
    -4.7344  -4.7344  -4.7240   1.6034   1.6416   1.6416   4.0300   4.0300
     4.1559   4.3541   4.3725   4.4709   4.4709   4.5514   4.9134   4.9134
     4.9357   6.8495   9.5764   9.9590  10.0260

          k = 0.0000 0.0000 0.2000 ( 18329 PWs)   bands (ev):

   -96.9670 -57.3919 -57.3919 -57.3918 -20.6110  -7.3986  -6.3311  -6.2031
    -4.7316  -4.7316  -4.6967   1.5725   1.7022   1.7022   3.7615   3.7615
     3.9545   4.0406   4.3741   4.5431   4.5431   4.5526   4.9594   4.9594
     4.9793   7.4167   9.9968  10.2810  10.4581

          k = 0.0000 0.0000 0.3000 ( 18317 PWs)   bands (ev):

   -96.9670 -57.3919 -57.3919 -57.3918 -20.6108  -7.3112  -6.4524  -6.1983
    -4.7282  -4.7282  -4.6674   1.5621   1.7891   1.7891   3.4977   3.4977
     3.5394   3.9093   4.3761   4.5536   4.5609   4.5609   5.0073   5.0111
     5.0111   8.2183  10.3861  10.8613  11.0720

          k = 0.0000 0.0000 0.4000 ( 18340 PWs)   bands (ev):

   -96.9670 -57.3919 -57.3919 -57.3918 -20.6106  -7.2203  -6.5685  -6.1944
    -4.7254  -4.7254  -4.6468   1.5810   1.8739   1.8739   3.2244   3.2960
     3.2960   3.8105   4.3778   4.5541   4.5579   4.5579   5.0228   5.0468
     5.0468   9.1595  10.7255  11.1150  11.3009

          k = 0.0000 0.0000-0.5000 ( 18368 PWs)   bands (ev):

   -96.9670 -57.3919 -57.3919 -57.3918 -20.6106  -7.1764  -6.6215  -6.1929
    -4.7244  -4.7244  -4.6396   1.5966   1.9114   1.9114   3.1039   3.2177
     3.2177   3.7743   4.3784   4.5543   4.5548   4.5548   5.0277   5.0590
     5.0590   9.8787  10.5996  11.0006  11.4606

          k = 0.0000 0.1000 0.1000 ( 18313 PWs)   bands (ev):

   -96.9670 -57.3919 -57.3919 -57.3918 -20.6111  -7.4371  -6.2562  -6.2228
    -4.7333  -4.7269  -4.7204   1.5101   1.6636   1.7389   3.8210   3.9506
     4.2208   4.2750   4.3035   4.3630   4.5744   4.5802   4.7771   4.9244
     5.1662   7.0203   9.7460  10.0750  10.1129

          k = 0.0000 0.1000 0.2000 ( 18321 PWs)   bands (ev):

   -96.9670 -57.3919 -57.3919 -57.3918 -20.6110  -7.3774  -6.3368  -6.2249
    -4.7306  -4.7236  -4.6970   1.4218   1.7260   1.8523   3.4875   3.7353
     3.9767   4.2112   4.2175   4.3074   4.6434   4.6661   4.8058   4.9603
     5.3049   7.5198  10.1435  10.3628  10.4758

          k = 0.0000 0.1000 0.3000 ( 18312 PWs)   bands (ev):

   -96.9670 -57.3919 -57.3919 -57.3918 -20.6107  -7.2893  -6.4551  -6.2201
    -4.7272  -4.7219  -4.6698   1.3758   1.8158   1.9631   3.1419   3.4864
     3.6781   4.1097   4.1936   4.2869   4.6680   4.6955   4.9105   5.0079
     5.3361   8.2833  10.5130  10.9094  11.0386

          k = 0.0000 0.1000 0.4000 ( 18315 PWs)   bands (ev):

   -96.9670 -57.3919 -57.3919 -57.3918 -20.6106  -7.1969  -6.5704  -6.2157
    -4.7245  -4.7206  -4.6507   1.3722   1.9040   2.0542   2.8725   3.2881
     3.4698   4.0201   4.1810   4.2751   4.6738   4.7002   5.0090   5.0430
     5.3132   9.2051  10.8436  11.1946  11.3748

          k = 0.0000 0.1000-0.5000 ( 18326 PWs)   bands (ev):

   -96.9670 -57.3919 -57.3919 -57.3918 -20.6105  -7.1519  -6.6237  -6.2140
    -4.7235  -4.7201  -4.6441   1.3793   1.9432   2.0917   2.7683   3.2099
     3.3932   3.9858   4.1767   4.2707   4.6750   4.7000   5.0530   5.0552
     5.2925   9.9060  10.6841  11.1395  11.5096

          k = 0.0000 0.2000 0.2000 ( 18331 PWs)   bands (ev):

   -96.9670 -57.3919 -57.3918 -57.3918 -20.6108  -7.3166  -6.3738  -6.2638
    -4.7280  -4.7085  -4.6936   1.2524   1.7938   2.0291   3.0976   3.6353
     3.9172   4.0301   4.0572   4.4130   4.6741   4.7717   4.7856   4.9706
     5.6237   7.8662  10.5164  10.6087  10.6457

          k = 0.0000 0.2000 0.3000 ( 18300 PWs)   bands (ev):

   -96.9670 -57.3919 -57.3918 -57.3918 -20.6106  -7.2262  -6.4676  -6.2771
    -4.7247  -4.7063  -4.6759   1.1371   1.8924   2.1735   2.7402   3.4500
     3.7086   3.9266   4.0138   4.4509   4.6897   4.8375   4.8622   5.0014
     5.7879   8.4974  10.8399  11.0504  11.1277

          k = 0.0000 0.2000 0.4000 ( 18302 PWs)   bands (ev):

   -96.9670 -57.3919 -57.3918 -57.3918 -20.6104  -7.1294  -6.5757  -6.2776
    -4.7221  -4.7080  -4.6605   1.0820   1.9912   2.2728   2.4855   3.2669
     3.5445   3.8831   4.0057   4.4204   4.6935   4.8488   4.9895   5.0334
     5.8222   9.3425  11.1654  11.3975  11.5854

          k = 0.0000 0.2000-0.5000 ( 18290 PWs)   bands (ev):

   -96.9670 -57.3918 -57.3918 -57.3918 -20.6103  -7.0807  -6.6294  -6.2769
    -4.7211  -4.7087  -4.6549   1.0683   2.0361   2.3095   2.3917   3.1895
     3.4846   3.8706   4.0033   4.4039   4.6943   4.8499   5.0443   5.0455
     5.8180   9.9980  10.8868  11.5354  11.6392

          k = 0.0000 0.3000 0.3000 ( 18299 PWs)   bands (ev):

   -96.9670 -57.3919 -57.3918 -57.3918 -20.6104  -7.1312  -6.5073  -6.3393
    -4.7216  -4.6917  -4.6800   0.9521   2.0062   2.3327   2.4006   3.3705
     3.6896   3.6968   3.8371   4.6959   4.7472   4.8306   4.9223   5.0024
     6.1554   8.9254  11.1626  11.3926  11.4423

          k = 0.0000 0.3000 0.4000 ( 18304 PWs)   bands (ev):

   -96.9670 -57.3919 -57.3918 -57.3918 -20.6102  -7.0260  -6.5853  -6.3717
    -4.7191  -4.6927  -4.6714   0.8409   2.1244   2.1734   2.4320   3.2380
     3.5796   3.5983   3.8011   4.6984   4.7714   4.9473   4.9987   5.0225
     6.3410   9.6004  11.4472  11.5898  11.8181

          k = 0.0000 0.3000-0.5000 ( 18296 PWs)   bands (ev):

   -96.9670 -57.3919 -57.3918 -57.3918 -20.6101  -6.9692  -6.6363  -6.3794
    -4.7181  -4.6945  -4.6669   0.8046   2.0932   2.1806   2.4662   3.1644
     3.5508   3.5545   3.8001   4.6992   4.7599   4.9495   5.0342   5.0832
     6.3868  10.1905  11.0094  11.8023  11.8111

          k = 0.0000 0.4000 0.4000 ( 18285 PWs)   bands (ev):

   -96.9670 -57.3918 -57.3918 -57.3918 -20.6100  -6.9049  -6.6074  -6.4715
    -4.7167  -4.6816  -4.6784   0.6850   1.9727   2.2717   2.5275   3.1967
     3.3399   3.6256   3.6830   4.7004   4.8728   4.9981   5.0179   5.1576
     6.7123  10.0508  11.4368  11.6066  11.8906

          k = 0.0000 0.4000-0.5000 ( 18304 PWs)   bands (ev):

   -96.9670 -57.3919 -57.3918 -57.3918 -20.6100  -6.8287  -6.6419  -6.5136
    -4.7158  -4.6828  -4.6754   0.6314   1.9035   2.3477   2.5597   3.1441
     3.2693   3.6067   3.6712   4.7009   4.8756   5.0047   5.0254   5.2515
     6.8413  10.5495  11.0189  11.5038  11.9036

          k = 0.0000-0.5000-0.5000 ( 18256 PWs)   bands (ev):

   -96.9670 -57.3918 -57.3918 -57.3918 -20.6099  -6.6961  -6.6441  -6.6441
    -4.7148  -4.6783  -4.6783   0.5713   1.8386   2.4409   2.5911   3.1364
     3.1364   3.6265   3.6265   4.7014   4.8868   5.0222   5.0222   5.3449
     7.0179  11.0867  11.0867  11.1849  11.2516

          k = 0.1000 0.1000 0.1000 ( 18313 PWs)   bands (ev):

   -96.9670 -57.3919 -57.3918 -57.3918 -20.6111  -7.4161  -6.2540  -6.2540
    -4.7270  -4.7270  -4.7159   1.4188   1.7594   1.7594   3.7772   3.7772
     3.9997   4.2950   4.3569   4.3569   4.6071   4.6071   4.6671   5.1612
     5.1612   7.1635   9.8935  10.1783  10.1783

          k = 0.1000 0.1000 0.2000 ( 18326 PWs)   bands (ev):

   -96.9670 -57.3919 -57.3919 -57.3918 -20.6109  -7.3562  -6.3393  -6.2483
    -4.7274  -4.7205  -4.6961   1.3054   1.8181   1.8968   3.4740   3.4974
     3.8528   4.1868   4.2851   4.3392   4.6230   4.7099   4.7607   5.1451
     5.3615   7.6124  10.2536  10.4238  10.4958

          k = 0.1000 0.1000 0.3000 ( 18284 PWs)   bands (ev):

   -96.9670 -57.3918 -57.3918 -57.3918 -20.6107  -7.2676  -6.4565  -6.2412
    -4.7280  -4.7161  -4.6719   1.2367   1.9039   2.0231   3.0848   3.2314
     3.7940   4.0187   4.1944   4.3278   4.6204   4.8242   4.8928   5.1175
     5.4252   8.3417  10.6001  10.9278  11.0086

          k = 0.1000 0.1000 0.4000 ( 18314 PWs)   bands (ev):

   -96.9670 -57.3919 -57.3919 -57.3918 -20.6105  -7.1741  -6.5713  -6.2354
    -4.7284  -4.7127  -4.6548   1.2160   1.9911   2.1181   2.7968   3.0308
     3.7208   3.9257   4.1127   4.3181   4.6187   4.9102   4.9971   5.0823
     5.4134   9.2453  10.9220  11.1954  11.4725

          k = 0.1000 0.1000-0.5000 ( 18324 PWs)   bands (ev):

   -96.9670 -57.3919 -57.3919 -57.3918 -20.6104  -7.1280  -6.6250  -6.2332
    -4.7286  -4.7115  -4.6488   1.2160   2.0314   2.1549   2.6891   2.9521
     3.6820   3.9016   4.0810   4.3143   4.6180   4.9489   5.0403   5.0597
     5.3969   9.9337  10.7334  11.2157  11.5505

          k = 0.1000 0.2000 0.2000 ( 18284 PWs)   bands (ev):

   -96.9670 -57.3918 -57.3918 -57.3918 -20.6107  -7.2956  -6.3702  -6.2893
    -4.7257  -4.7114  -4.6899   1.1358   1.9049   2.0445   3.1006   3.4531
     3.5428   4.1903   4.2179   4.4422   4.6857   4.7485   4.7750   5.2024
     5.6165   7.9335  10.5480  10.6352  10.6444

          k = 0.1000 0.2000 0.3000 ( 18302 PWs)   bands (ev):

   -96.9670 -57.3919 -57.3918 -57.3918 -20.6105  -7.2052  -6.4654  -6.2963
    -4.7269  -4.7056  -4.6763   1.0112   1.9965   2.1875   2.7415   3.1888
     3.5144   4.0374   4.2031   4.4731   4.7038   4.8540   4.8751   5.1747
     5.7889   8.5406  10.8465  10.9971  11.0686

          k = 0.1000 0.2000 0.4000 ( 18305 PWs)   bands (ev):

   -96.9670 -57.3919 -57.3918 -57.3918 -20.6103  -7.1080  -6.5743  -6.2929
    -4.7291  -4.7022  -4.6648   0.9464   2.0894   2.2845   2.4858   2.9701
     3.5393   3.8934   4.1994   4.4399   4.7077   4.9702   4.9830   5.1242
     5.8282   9.3718  11.1485  11.2063  11.5805

          k = 0.1000 0.2000-0.5000 ( 18310 PWs)   bands (ev):

   -96.9670 -57.3919 -57.3918 -57.3918 -20.6103  -7.0584  -6.6285  -6.2910
    -4.7302  -4.7009  -4.6607   0.9283   2.1342   2.3199   2.3917   2.8832
     3.5599   3.8287   4.1980   4.4224   4.7084   5.0259   5.0597   5.0608
     5.8248  10.0266  10.8353  11.4554  11.6195

          k = 0.1000 0.3000 0.3000 ( 18297 PWs)   bands (ev):

   -96.9670 -57.3919 -57.3918 -57.3918 -20.6103  -7.1113  -6.5022  -6.3547
    -4.7258  -4.6974  -4.6778   0.8243   2.0960   2.3356   2.4125   3.1722
     3.2498   4.0536   4.0541   4.7533   4.7693   4.8312   4.9177   5.1532
     6.1514   8.9535  11.0688  11.2105  11.3728

          k = 0.1000 0.3000 0.4000 ( 18317 PWs)   bands (ev):

   -96.9670 -57.3919 -57.3918 -57.3918 -20.6101  -7.0069  -6.5810  -6.3809
    -4.7264  -4.6938  -4.6754   0.7083   2.1740   2.2165   2.4306   2.9773
     3.2429   3.9311   4.0622   4.7767   4.7944   4.9692   5.0095   5.1094
     6.3386   9.6201  11.1287  11.5444  11.6440

          k = 0.1000 0.3000-0.5000 ( 18328 PWs)   bands (ev):

   -96.9670 -57.3919 -57.3918 -57.3918 -20.6101  -6.9499  -6.6329  -6.3862
    -4.7272  -4.6926  -4.6739   0.6697   2.1089   2.2545   2.4657   2.8833
     3.2552   3.8815   4.0649   4.7662   4.7997   5.0251   5.0620   5.0922
     6.3847  10.2199  10.8632  11.5263  11.8238

          k = 0.1000 0.4000 0.4000 ( 18309 PWs)   bands (ev):

   -96.9670 -57.3919 -57.3918 -57.3918 -20.6100  -6.8886  -6.6015  -6.4744
    -4.7235  -4.6893  -4.6817   0.5512   1.9927   2.3266   2.5227   2.9720
     3.0260   3.9504   3.9592   4.8508   4.8767   4.9938   5.0738   5.1634
     6.7120  10.0634  11.0321  11.6346  11.8121

          k = 0.1000 0.4000-0.5000 ( 18320 PWs)   bands (ev):

   -96.9670 -57.3919 -57.3918 -57.3918 -20.6099  -6.8138  -6.6365  -6.5126
    -4.7225  -4.6880  -4.6834   0.4968   1.9262   2.3920   2.5579   2.8881
     3.0091   3.9134   3.9635   4.8691   4.8799   5.0240   5.0384   5.2560
     6.8421  10.5767  10.8336  11.2460  11.8397

          k = 0.1000-0.5000-0.5000 ( 18284 PWs)   bands (ev):

   -96.9670 -57.3919 -57.3918 -57.3918 -20.6098  -6.6851  -6.6378  -6.6378
    -4.7202  -4.6868  -4.6868   0.4364   1.8635   2.4732   2.5920   2.8901
     2.8901   3.9253   3.9253   4.8910   4.8996   5.0220   5.0220   5.3491
     7.0203  10.8507  11.0761  11.0761  11.2330

          k = 0.2000 0.2000 0.2000 ( 18262 PWs)   bands (ev):

   -96.9670 -57.3918 -57.3918 -57.3918 -20.6106  -7.2353  -6.3605  -6.3605
    -4.7191  -4.7191  -4.6820   0.9382   2.0896   2.0896   3.0388   3.1635
     3.1635   4.2904   4.2904   4.5531   4.7040   4.7709   4.7709   5.5914
     5.5914   8.1800  10.6493  10.7609  10.7609

          k = 0.2000 0.2000 0.3000 ( 18302 PWs)   bands (ev):

   -96.9670 -57.3918 -57.3918 -57.3918 -20.6103  -7.1450  -6.4631  -6.3483
    -4.7288  -4.7094  -4.6758   0.7760   2.1603   2.2388   2.6836   2.8980
     3.1635   4.2733   4.3114   4.5854   4.7324   4.8525   4.8743   5.5438
     5.8478   8.6968  10.7876  11.0216  11.0927

          k = 0.2000 0.2000 0.4000 ( 18312 PWs)   bands (ev):

   -96.9670 -57.3918 -57.3918 -57.3918 -20.6102  -7.0462  -6.5710  -6.3383
    -4.7368  -4.6996  -4.6743   0.6789   2.2460   2.3276   2.4310   2.6919
     3.1933   4.2277   4.3188   4.5481   4.7449   4.9604   5.0103   5.4829
     5.9284   9.4681  10.8866  11.2385  11.6123

          k = 0.2000 0.2000-0.5000 ( 18324 PWs)   bands (ev):

   -96.9670 -57.3919 -57.3919 -57.3918 -20.6101  -6.9941  -6.6264  -6.3344
    -4.7399  -4.6947  -4.6752   0.6477   2.2992   2.3398   2.3584   2.5983
     3.2075   4.2059   4.3221   4.5284   4.7483   5.0099   5.0709   5.4492
     5.9347  10.1159  10.6817  11.3965  11.5727

          k = 0.2000 0.3000 0.3000 ( 18305 PWs)   bands (ev):

   -96.9670 -57.3919 -57.3918 -57.3918 -20.6101  -7.0542  -6.4888  -6.4000
    -4.7316  -4.7126  -4.6770   0.5651   2.2469   2.3421   2.4355   2.8557
     2.8910   4.3355   4.3715   4.7852   4.7968   4.8459   4.9041   5.6154
     6.1353   9.0532  10.6874  11.2581  11.3162

          k = 0.2000 0.3000 0.4000 ( 18294 PWs)   bands (ev):

   -96.9670 -57.3919 -57.3918 -57.3918 -20.6100  -6.9522  -6.5701  -6.4096
    -4.7391  -4.7056  -4.6832   0.4272   2.2126   2.3416   2.4194   2.6586
     2.9062   4.3415   4.3799   4.7952   4.8369   4.9567   5.0359   5.5659
     6.3337   9.6740  10.6302  11.4410  11.6645

          k = 0.2000 0.3000-0.5000 ( 18300 PWs)   bands (ev):

   -96.9670 -57.3919 -57.3918 -57.3918 -20.6099  -6.8947  -6.6239  -6.4089
    -4.7427  -4.6959  -4.6920   0.3799   2.1466   2.3818   2.4645   2.5452
     2.9214   4.3405   4.3776   4.7866   4.8410   5.0128   5.1100   5.5341
     6.3836  10.2921  10.4731  11.3640  11.4756

          k = 0.2000 0.4000 0.4000 ( 18309 PWs)   bands (ev):

   -96.9670 -57.3919 -57.3918 -57.3918 -20.6098  -6.8425  -6.5856  -6.4851
    -4.7385  -4.7097  -4.6931   0.2567   2.0459   2.4071   2.4860   2.6854
     2.7007   4.3687   4.3931   4.8875   4.9397   4.9859   5.1777   5.5095
     6.7086  10.0566  10.4776  11.5804  11.5850

          k = 0.2000 0.4000-0.5000 ( 18304 PWs)   bands (ev):

   -96.9670 -57.3919 -57.3918 -57.3918 -20.6098  -6.7719  -6.6219  -6.5123
    -4.7386  -4.7045  -4.7033   0.1969   1.9861   2.4521   2.5469   2.5582
     2.7105   4.3787   4.3898   4.8919   4.9621   5.0250   5.2675   5.4701
     6.8426  10.3057  10.6128  11.0868  11.5836

          k = 0.2000-0.5000-0.5000 ( 18320 PWs)   bands (ev):

   -96.9670 -57.3919 -57.3918 -57.3918 -20.6097  -6.6559  -6.6212  -6.6212
    -4.7340  -4.7091  -4.7091   0.1324   1.9294   2.5295   2.5659   2.5659
     2.5945   4.3898   4.3898   4.9027   5.0266   5.0266   5.3600   5.4236
     7.0266  10.2441  10.9731  10.9731  11.3712

          k = 0.3000 0.3000 0.3000 ( 18298 PWs)   bands (ev):

   -96.9670 -57.3918 -57.3918 -57.3918 -20.6099  -6.9681  -6.4718  -6.4718
    -4.7318  -4.7318  -4.6830   0.3179   2.3455   2.3455   2.3697   2.6711
     2.6711   4.5799   4.5799   4.8076   4.8688   4.8688   4.9123   6.1009
     6.1009   9.2960  10.3907  11.4158  11.4159

          k = 0.3000 0.3000 0.4000 ( 18298 PWs)   bands (ev):

   -96.9670 -57.3918 -57.3918 -57.3918 -20.6098  -6.8699  -6.5584  -6.4577
    -4.7477  -4.7245  -4.6955   0.1499   2.2165   2.3373   2.3942   2.5451
     2.6824   4.6495   4.6792   4.8480   4.8527   4.9525   5.0728   6.0549
     6.3924   9.7739  10.2393  11.3889  11.5431

          k = 0.3000 0.3000-0.5000 ( 18302 PWs)   bands (ev):

   -96.9670 -57.3918 -57.3918 -57.3918 -20.6097  -6.8112  -6.6127  -6.4523
    -4.7539  -4.7138  -4.7081   0.0910   2.1555   2.3279   2.4082   2.5092
     2.6978   4.6662   4.6883   4.8417   4.8564   5.0246   5.1479   6.0306
     6.4731  10.0855  10.3766  11.0941  11.3579

          k = 0.3000 0.4000 0.4000 ( 18286 PWs)   bands (ev):

   -96.9670 -57.3918 -57.3918 -57.3918 -20.6096  -6.7748  -6.5656  -6.5086
    -4.7521  -4.7356  -4.7120  -0.0422   2.1110   2.3294   2.3451   2.5684
     2.6026   4.7584   4.7809   4.9048   4.9536   4.9961   5.1978   6.1429
     6.6966   9.8687  10.1635  11.2529  11.4385

          k = 0.3000 0.4000-0.5000 ( 18272 PWs)   bands (ev):

   -96.9670 -57.3918 -57.3918 -57.3918 -20.6096  -6.7115  -6.6036  -6.5196
    -4.7555  -4.7309  -4.7255  -0.1103   2.0606   2.3051   2.3484   2.5606
     2.6088   4.7767   4.7832   4.9093   4.9827   5.0650   5.2828   6.1276
     6.8419   9.8227  10.5158  10.8098  11.4952

          k = 0.3000-0.5000-0.5000 ( 18276 PWs)   bands (ev):

   -96.9670 -57.3918 -57.3918 -57.3918 -20.6095  -6.6187  -6.6001  -6.6001
    -4.7510  -4.7373  -4.7373  -0.1817   2.0127   2.3155   2.3155   2.5711
     2.5976   4.7904   4.7904   4.9188   5.0748   5.0748   5.3736   6.1119
     7.0345   9.7304  10.6954  10.6954  11.1387

          k = 0.4000 0.4000 0.4000 ( 18262 PWs)   bands (ev):

   -96.9670 -57.3918 -57.3918 -57.3918 -20.6095  -6.6983  -6.5489  -6.5489
    -4.7570  -4.7570  -4.7331  -0.2522   2.1386   2.2113   2.2113   2.5888
     2.5888   4.9006   4.9201   4.9201   5.1177   5.1177   5.2471   6.6763
     6.6763   9.6036  10.1492  10.9802  10.9802

          k = 0.4000 0.4000-0.5000 ( 18256 PWs)   bands (ev):

   -96.9670 -57.3918 -57.3918 -57.3918 -20.6094  -6.6449  -6.5884  -6.5424
    -4.7653  -4.7524  -4.7476  -0.3270   2.1078   2.1633   2.2104   2.5870
     2.5989   4.9110   4.9193   4.9282   5.1604   5.2326   5.3141   6.6645
     6.8863   9.5033  10.3664  10.5162  10.8812

          k = 0.4000-0.5000-0.5000 ( 18268 PWs)   bands (ev):

   -96.9670 -57.3918 -57.3918 -57.3918 -20.6094  -6.5878  -6.5825  -6.5825
    -4.7645  -4.7606  -4.7606  -0.4043   2.0817   2.1606   2.1606   2.5939
     2.6001   4.9256   4.9256   4.9335   5.2753   5.2753   5.3847   6.7547
     7.0410   9.3918  10.3950  10.3950  10.5364

          k =-0.5000-0.5000-0.5000 ( 18336 PWs)   bands (ev):

   -96.9670 -57.3918 -57.3918 -57.3918 -20.6093  -6.5757  -6.5757  -6.5757
    -4.7697  -4.7697  -4.7697  -0.4839   2.1084   2.1084   2.1084   2.6011
     2.6011   4.9396   4.9396   4.9396   5.3889   5.3889   5.3889   7.0435
     7.0435   9.2735  10.2698  10.2698  10.2698

     the Fermi energy is     5.5434 ev

!    total energy              =   -1625.29019715 Ry
     estimated scf accuracy    <          5.1E-13 Ry
     smearing contrib. (-TS)   =      -0.00045080 Ry
     internal energy E=F+TS    =   -1625.28974634 Ry

     The total energy is F=E-TS. E is the sum of the following terms:
     one-electron contribution =    -380.46049371 Ry
     hartree contribution      =     209.69400001 Ry
     xc contribution           =    -101.08234624 Ry
     ewald contribution        =    -222.93270453 Ry
     one-center paw contrib.   =   -1130.50820188 Ry

     convergence has been achieved in  18 iterations

     Forces acting on atoms (cartesian axes, Ry/au):

     atom    1 type  1   force =     0.00000000    0.00000000    0.00000000
     atom    2 type  2   force =     0.00000000    0.00000000    0.00000000
     atom    3 type  3   force =     0.00000000    0.00000000    0.00000000
     atom    4 type  3   force =     0.00000000    0.00000000    0.00000000
     atom    5 type  3   force =     0.00000000    0.00000000    0.00000000

     Total force =     0.000000     Total SCF correction =     0.000000


     Computing stress (Cartesian axis) and pressure

          total   stress  (Ry/bohr**3)                   (kbar)     P=       14.43
   0.00009809   0.00000000   0.00000000           14.43        0.00        0.00
   0.00000000   0.00009809   0.00000000            0.00       14.43        0.00
   0.00000000   0.00000000   0.00009809            0.00        0.00       14.43


     BFGS Geometry Optimization
     Energy error            =      0.0E+00 Ry
     Gradient error          =      0.0E+00 Ry/Bohr

     bfgs converged in   1 scf cycles and   0 bfgs steps
     (criteria: energy <  1.0E-05 Ry, force <  1.0E-03 Ry/Bohr)

     End of BFGS Geometry Optimization

     Final energy             =   -1625.2901971468 Ry
Begin final coordinates

ATOMIC_POSITIONS (crystal)
Rb               0.0000000000        0.0000000000        0.0000000000
Ni               0.5000000000        0.5000000000        0.5000000000
I                0.5000000000        0.5000000000        0.0000000000
I                0.5000000000        0.0000000000        0.5000000000
I                0.0000000000        0.5000000000        0.5000000000
End final coordinates



  ++++++++++++++++++++++++++++++++++++++++++++++++++++++++++++++++++++++++++++
     Doing work    3 /     9
  ++++++++++++++++++++++++++++++++++++++++++++++++++++++++++++++++++++++++++++


     Current dimensions of program PWSCF are:
     Max number of different atomic species (ntypx) = 10
     Max number of k-points (npk) = 120000
     Max angular momentum in pseudopotentials (lmaxx) =  4

     WARNING: check_stop already initialized

     Parallelization info
     --------------------
     sticks:   dense  smooth     PW     G-vecs:    dense   smooth      PW
     Min        3388    1684    474               210095    74252   10909
     Max        3389    1705    475               210150    74345   10914
     Sum        6777    3389    949               420245   148597   21823

     Using Pencil Decomposition



     bravais-lattice index     =            1
     lattice parameter (alat)  =      10.3221  a.u.
     unit-cell volume          =    1099.7869 (a.u.)^3
     number of atoms/cell      =            5
     number of atomic types    =            3
     number of electrons       =        48.00
     number of Kohn-Sham states=           29
     kinetic-energy cutoff     =     100.0000  Ry
     charge density cutoff     =     800.0000  Ry
     scf convergence threshold =      1.0E-10
     mixing beta               =       0.3000
     number of iterations used =            8  plain     mixing
     energy convergence thresh.=      1.0E-05
     force convergence thresh. =      1.0E-03
     Exchange-correlation= PBE
                           (   1   4   3   4   0   0   0)
     nstep                     =           20


     celldm(1)=  10.322135  celldm(2)=   0.000000  celldm(3)=   0.000000
     celldm(4)=   0.000000  celldm(5)=   0.000000  celldm(6)=   0.000000

     crystal axes: (cart. coord. in units of alat)
               a(1) = (   1.000000   0.000000   0.000000 )  
               a(2) = (   0.000000   1.000000   0.000000 )  
               a(3) = (   0.000000   0.000000   1.000000 )  

     reciprocal axes: (cart. coord. in units 2 pi/alat)
               b(1) = (  1.000000  0.000000  0.000000 )  
               b(2) = (  0.000000  1.000000  0.000000 )  
               b(3) = (  0.000000  0.000000  1.000000 )  


     PseudoPot. # 1 for Rb read from file:
     /home/administrator/Downloads/BURAI/BURAI1.3/pseudopot/Rb.pbe-spn-rrkjus_psl.1.0.0.UPF
     MD5 check sum: 8db0524251f08d4bb5a0a04c31658078
     Pseudo is Ultrasoft + core correction, Zval =  9.0
     Generated using "atomic" code by A. Dal Corso  v.5.1.2
     Using radial grid of 1219 points,  6 beta functions with: 
                l(1) =   0
                l(2) =   0
                l(3) =   1
                l(4) =   1
                l(5) =   2
                l(6) =   2
     Q(r) pseudized with 0 coefficients 


     PseudoPot. # 2 for Ni read from file:
     /home/administrator/Downloads/BURAI/BURAI1.3/pseudopot/Ni.pbe-spn-kjpaw_psl.1.0.0.UPF
     MD5 check sum: ea56550a36ffb6c479804d371adbec59
     Pseudo is Projector augmented-wave + core cor, Zval = 18.0
     Generated using "atomic" code by A. Dal Corso  v.5.1.2
     Shape of augmentation charge: PSQ
     Using radial grid of 1195 points,  6 beta functions with: 
                l(1) =   0
                l(2) =   0
                l(3) =   1
                l(4) =   1
                l(5) =   2
                l(6) =   2
     Q(r) pseudized with 0 coefficients 


     PseudoPot. # 3 for I  read from file:
     /home/administrator/Downloads/BURAI/BURAI1.3/pseudopot/I.pbe-n-kjpaw_psl.1.0.0.UPF
     MD5 check sum: e1b2a55c91904a364f23c37cb15bc296
     Pseudo is Projector augmented-wave + core cor, Zval =  7.0
     Generated using "atomic" code by A. Dal Corso  v.5.1.2
     Shape of augmentation charge: PSQ
     Using radial grid of 1247 points,  6 beta functions with: 
                l(1) =   0
                l(2) =   0
                l(3) =   1
                l(4) =   1
                l(5) =   2
                l(6) =   2
     Q(r) pseudized with 0 coefficients 


     atomic species   valence    mass     pseudopotential
     Rb                9.00    85.46780     Rb( 1.00)
     Ni               18.00    58.69340     Ni( 1.00)
     I                 7.00   126.90450     I ( 1.00)

     48 Sym. Ops., with inversion, found



   Cartesian axes

     site n.     atom                  positions (alat units)
         1        Rb     tau(   1) = (   0.0000000   0.0000000   0.0000000  )
         2        Ni     tau(   2) = (   0.5000000   0.5000000   0.5000000  )
         3        I      tau(   3) = (   0.5000000   0.5000000   0.0000000  )
         4        I      tau(   4) = (   0.5000000   0.0000000   0.5000000  )
         5        I      tau(   5) = (   0.0000000   0.5000000   0.5000000  )

     number of k points=    56  Gaussian smearing, width (Ry)=  0.0050
                       cart. coord. in units 2pi/alat
        k(    1) = (   0.0000000   0.0000000   0.0000000), wk =   0.0020000
        k(    2) = (   0.0000000   0.0000000   0.1000000), wk =   0.0120000
        k(    3) = (   0.0000000   0.0000000   0.2000000), wk =   0.0120000
        k(    4) = (   0.0000000   0.0000000   0.3000000), wk =   0.0120000
        k(    5) = (   0.0000000   0.0000000   0.4000000), wk =   0.0120000
        k(    6) = (   0.0000000   0.0000000  -0.5000000), wk =   0.0060000
        k(    7) = (   0.0000000   0.1000000   0.1000000), wk =   0.0240000
        k(    8) = (   0.0000000   0.1000000   0.2000000), wk =   0.0480000
        k(    9) = (   0.0000000   0.1000000   0.3000000), wk =   0.0480000
        k(   10) = (   0.0000000   0.1000000   0.4000000), wk =   0.0480000
        k(   11) = (   0.0000000   0.1000000  -0.5000000), wk =   0.0240000
        k(   12) = (   0.0000000   0.2000000   0.2000000), wk =   0.0240000
        k(   13) = (   0.0000000   0.2000000   0.3000000), wk =   0.0480000
        k(   14) = (   0.0000000   0.2000000   0.4000000), wk =   0.0480000
        k(   15) = (   0.0000000   0.2000000  -0.5000000), wk =   0.0240000
        k(   16) = (   0.0000000   0.3000000   0.3000000), wk =   0.0240000
        k(   17) = (   0.0000000   0.3000000   0.4000000), wk =   0.0480000
        k(   18) = (   0.0000000   0.3000000  -0.5000000), wk =   0.0240000
        k(   19) = (   0.0000000   0.4000000   0.4000000), wk =   0.0240000
        k(   20) = (   0.0000000   0.4000000  -0.5000000), wk =   0.0240000
        k(   21) = (   0.0000000  -0.5000000  -0.5000000), wk =   0.0060000
        k(   22) = (   0.1000000   0.1000000   0.1000000), wk =   0.0160000
        k(   23) = (   0.1000000   0.1000000   0.2000000), wk =   0.0480000
        k(   24) = (   0.1000000   0.1000000   0.3000000), wk =   0.0480000
        k(   25) = (   0.1000000   0.1000000   0.4000000), wk =   0.0480000
        k(   26) = (   0.1000000   0.1000000  -0.5000000), wk =   0.0240000
        k(   27) = (   0.1000000   0.2000000   0.2000000), wk =   0.0480000
        k(   28) = (   0.1000000   0.2000000   0.3000000), wk =   0.0960000
        k(   29) = (   0.1000000   0.2000000   0.4000000), wk =   0.0960000
        k(   30) = (   0.1000000   0.2000000  -0.5000000), wk =   0.0480000
        k(   31) = (   0.1000000   0.3000000   0.3000000), wk =   0.0480000
        k(   32) = (   0.1000000   0.3000000   0.4000000), wk =   0.0960000
        k(   33) = (   0.1000000   0.3000000  -0.5000000), wk =   0.0480000
        k(   34) = (   0.1000000   0.4000000   0.4000000), wk =   0.0480000
        k(   35) = (   0.1000000   0.4000000  -0.5000000), wk =   0.0480000
        k(   36) = (   0.1000000  -0.5000000  -0.5000000), wk =   0.0120000
        k(   37) = (   0.2000000   0.2000000   0.2000000), wk =   0.0160000
        k(   38) = (   0.2000000   0.2000000   0.3000000), wk =   0.0480000
        k(   39) = (   0.2000000   0.2000000   0.4000000), wk =   0.0480000
        k(   40) = (   0.2000000   0.2000000  -0.5000000), wk =   0.0240000
        k(   41) = (   0.2000000   0.3000000   0.3000000), wk =   0.0480000
        k(   42) = (   0.2000000   0.3000000   0.4000000), wk =   0.0960000
        k(   43) = (   0.2000000   0.3000000  -0.5000000), wk =   0.0480000
        k(   44) = (   0.2000000   0.4000000   0.4000000), wk =   0.0480000
        k(   45) = (   0.2000000   0.4000000  -0.5000000), wk =   0.0480000
        k(   46) = (   0.2000000  -0.5000000  -0.5000000), wk =   0.0120000
        k(   47) = (   0.3000000   0.3000000   0.3000000), wk =   0.0160000
        k(   48) = (   0.3000000   0.3000000   0.4000000), wk =   0.0480000
        k(   49) = (   0.3000000   0.3000000  -0.5000000), wk =   0.0240000
        k(   50) = (   0.3000000   0.4000000   0.4000000), wk =   0.0480000
        k(   51) = (   0.3000000   0.4000000  -0.5000000), wk =   0.0480000
        k(   52) = (   0.3000000  -0.5000000  -0.5000000), wk =   0.0120000
        k(   53) = (   0.4000000   0.4000000   0.4000000), wk =   0.0160000
        k(   54) = (   0.4000000   0.4000000  -0.5000000), wk =   0.0240000
        k(   55) = (   0.4000000  -0.5000000  -0.5000000), wk =   0.0120000
        k(   56) = (  -0.5000000  -0.5000000  -0.5000000), wk =   0.0020000

     Dense  grid:   420245 G-vectors     FFT dimensions: (  96,  96,  96)

     Smooth grid:   148597 G-vectors     FFT dimensions: (  72,  72,  72)

     Estimated max dynamical RAM per process >     373.05 MB

     Estimated total dynamical RAM >       2.61 GB

     Initial potential from superposition of free atoms

     starting charge      47.9767, renormalised to      48.0000
     Starting wfcs are   30 randomized atomic wfcs
     Checking if some PAW data can be deallocated... 

     total cpu time spent up to now is     1211.7 secs

     Self-consistent Calculation

     iteration #  1     ecut=   100.00 Ry     beta= 0.30
     Davidson diagonalization with overlap
     ethr =  1.00E-02,  avg # of iterations =  6.1

     total cpu time spent up to now is     1247.1 secs

     total energy              =   -1624.84858435 Ry
     estimated scf accuracy    <       1.09731641 Ry

     iteration #  2     ecut=   100.00 Ry     beta= 0.30
     Davidson diagonalization with overlap
     ethr =  2.29E-03,  avg # of iterations =  4.3

     total cpu time spent up to now is     1280.4 secs

     total energy              =   -1624.92236166 Ry
     estimated scf accuracy    <       4.21261788 Ry

     iteration #  3     ecut=   100.00 Ry     beta= 0.30
     Davidson diagonalization with overlap
     ethr =  2.29E-03,  avg # of iterations =  3.6

     total cpu time spent up to now is     1311.6 secs

     total energy              =   -1625.28475868 Ry
     estimated scf accuracy    <       0.03763657 Ry

     iteration #  4     ecut=   100.00 Ry     beta= 0.30
     Davidson diagonalization with overlap
     ethr =  7.84E-05,  avg # of iterations =  6.1

     total cpu time spent up to now is     1348.2 secs

     total energy              =   -1625.29162988 Ry
     estimated scf accuracy    <       0.00953266 Ry

     iteration #  5     ecut=   100.00 Ry     beta= 0.30
     Davidson diagonalization with overlap
     ethr =  1.99E-05,  avg # of iterations =  4.7

     total cpu time spent up to now is     1383.2 secs

     total energy              =   -1625.28998594 Ry
     estimated scf accuracy    <       0.06416180 Ry

     iteration #  6     ecut=   100.00 Ry     beta= 0.30
     Davidson diagonalization with overlap
     ethr =  1.99E-05,  avg # of iterations =  2.3

     total cpu time spent up to now is     1412.5 secs

     total energy              =   -1625.29001007 Ry
     estimated scf accuracy    <       0.01033639 Ry

     iteration #  7     ecut=   100.00 Ry     beta= 0.30
     Davidson diagonalization with overlap
     ethr =  1.99E-05,  avg # of iterations =  2.5

     total cpu time spent up to now is     1442.0 secs

     total energy              =   -1625.29145768 Ry
     estimated scf accuracy    <       0.00089713 Ry

     iteration #  8     ecut=   100.00 Ry     beta= 0.30
     Davidson diagonalization with overlap
     c_bands:  1 eigenvalues not converged
     ethr =  1.87E-06,  avg # of iterations =  7.3

     total cpu time spent up to now is     1479.2 secs

     total energy              =   -1625.29157361 Ry
     estimated scf accuracy    <       0.00045202 Ry

     iteration #  9     ecut=   100.00 Ry     beta= 0.30
     Davidson diagonalization with overlap
     ethr =  9.42E-07,  avg # of iterations =  1.1

     total cpu time spent up to now is     1506.1 secs

     total energy              =   -1625.29149833 Ry
     estimated scf accuracy    <       0.00037321 Ry

     iteration # 10     ecut=   100.00 Ry     beta= 0.30
     Davidson diagonalization with overlap
     ethr =  7.78E-07,  avg # of iterations =  2.1

     total cpu time spent up to now is     1535.0 secs

     total energy              =   -1625.29154837 Ry
     estimated scf accuracy    <       0.00001380 Ry

     iteration # 11     ecut=   100.00 Ry     beta= 0.30
     Davidson diagonalization with overlap
     ethr =  2.87E-08,  avg # of iterations =  3.0

     total cpu time spent up to now is     1565.3 secs

     total energy              =   -1625.29154786 Ry
     estimated scf accuracy    <       0.00001246 Ry

     iteration # 12     ecut=   100.00 Ry     beta= 0.30
     Davidson diagonalization with overlap
     ethr =  2.60E-08,  avg # of iterations =  1.3

     total cpu time spent up to now is     1592.6 secs

     total energy              =   -1625.29154827 Ry
     estimated scf accuracy    <       0.00000156 Ry

     iteration # 13     ecut=   100.00 Ry     beta= 0.30
     Davidson diagonalization with overlap
     ethr =  3.25E-09,  avg # of iterations =  2.4

     total cpu time spent up to now is     1622.7 secs

     total energy              =   -1625.29154845 Ry
     estimated scf accuracy    <       0.00000007 Ry

     iteration # 14     ecut=   100.00 Ry     beta= 0.30
     Davidson diagonalization with overlap
     ethr =  1.37E-10,  avg # of iterations =  4.4

     total cpu time spent up to now is     1657.8 secs

     total energy              =   -1625.29154849 Ry
     estimated scf accuracy    <          3.9E-10 Ry

     iteration # 15     ecut=   100.00 Ry     beta= 0.30
     Davidson diagonalization with overlap
     ethr =  8.17E-13,  avg # of iterations =  5.2

     total cpu time spent up to now is     1699.3 secs

     total energy              =   -1625.29154849 Ry
     estimated scf accuracy    <          2.5E-10 Ry

     iteration # 16     ecut=   100.00 Ry     beta= 0.30
     Davidson diagonalization with overlap
     ethr =  5.28E-13,  avg # of iterations =  3.5

     total cpu time spent up to now is     1733.2 secs

     total energy              =   -1625.29154849 Ry
     estimated scf accuracy    <          1.6E-09 Ry

     iteration # 17     ecut=   100.00 Ry     beta= 0.30
     Davidson diagonalization with overlap
     ethr =  5.28E-13,  avg # of iterations =  2.0

     total cpu time spent up to now is     1762.0 secs

     total energy              =   -1625.29154849 Ry
     estimated scf accuracy    <          7.3E-10 Ry

     iteration # 18     ecut=   100.00 Ry     beta= 0.30
     Davidson diagonalization with overlap
     ethr =  5.28E-13,  avg # of iterations =  1.0

     total cpu time spent up to now is     1788.9 secs

     total energy              =   -1625.29154849 Ry
     estimated scf accuracy    <          1.3E-09 Ry

     iteration # 19     ecut=   100.00 Ry     beta= 0.30
     Davidson diagonalization with overlap
     ethr =  5.28E-13,  avg # of iterations =  1.1

     total cpu time spent up to now is     1815.9 secs

     total energy              =   -1625.29154849 Ry
     estimated scf accuracy    <          5.8E-10 Ry

     iteration # 20     ecut=   100.00 Ry     beta= 0.30
     Davidson diagonalization with overlap
     ethr =  5.28E-13,  avg # of iterations =  1.0

     total cpu time spent up to now is     1842.8 secs

     total energy              =   -1625.29154849 Ry
     estimated scf accuracy    <          2.9E-10 Ry

     iteration # 21     ecut=   100.00 Ry     beta= 0.30
     Davidson diagonalization with overlap
     ethr =  5.28E-13,  avg # of iterations =  1.6

     total cpu time spent up to now is     1870.4 secs

     End of self-consistent calculation

          k = 0.0000 0.0000 0.0000 ( 18613 PWs)   bands (ev):

   -97.1188 -57.5433 -57.5433 -57.5433 -20.7828  -7.5782  -6.3518  -6.3518
    -4.9019  -4.9019  -4.9019   1.5186   1.5186   1.5186   4.0551   4.0551
     4.0551   4.2341   4.2341   4.2341   4.3999   4.3999   4.7260   4.7260
     4.7260   6.4591   9.1762   9.7341   9.7341

          k = 0.0000 0.0000 0.1000 ( 18625 PWs)   bands (ev):

   -97.1188 -57.5433 -57.5433 -57.5433 -20.7827  -7.5580  -6.3835  -6.3505
    -4.9009  -4.9009  -4.8913   1.5014   1.5398   1.5398   3.8911   3.8911
     4.0104   4.2012   4.2347   4.3243   4.3243   4.4005   4.7450   4.7450
     4.7692   6.6772   9.3587   9.8200   9.8862

          k = 0.0000 0.0000 0.2000 ( 18609 PWs)   bands (ev):

   -97.1188 -57.5433 -57.5433 -57.5433 -20.7826  -7.5002  -6.4694  -6.3468
    -4.8984  -4.8984  -4.8657   1.4689   1.5999   1.5999   3.6294   3.6294
     3.8053   3.8996   4.2363   4.3897   4.3897   4.4017   4.7948   4.7948
     4.8146   7.2428   9.7930  10.1124  10.3092

          k = 0.0000 0.0000 0.3000 ( 18569 PWs)   bands (ev):

   -97.1188 -57.5433 -57.5433 -57.5433 -20.7824  -7.4151  -6.5861  -6.3423
    -4.8953  -4.8953  -4.8381   1.4553   1.6860   1.6860   3.3710   3.3710
     3.3979   3.7732   4.2382   4.4025   4.4042   4.4042   4.8429   4.8492
     4.8492   8.0381  10.2137  10.6434  10.9109

          k = 0.0000 0.0000 0.4000 ( 18553 PWs)   bands (ev):

   -97.1188 -57.5433 -57.5433 -57.5433 -20.7822  -7.3265  -6.6982  -6.3386
    -4.8927  -4.8927  -4.8186   1.4700   1.7700   1.7700   3.0906   3.1730
     3.1730   3.6778   4.2397   4.4002   4.4002   4.4030   4.8583   4.8861
     4.8861   8.9668  10.5601  10.8925  11.1555

          k = 0.0000 0.0000-0.5000 ( 18560 PWs)   bands (ev):

   -97.1188 -57.5433 -57.5433 -57.5433 -20.7821  -7.2837  -6.7495  -6.3372
    -4.8917  -4.8917  -4.8117   1.4835   1.8072   1.8072   2.9735   3.0961
     3.0961   3.6428   4.2403   4.3970   4.3970   4.4032   4.8632   4.8986
     4.8986   9.6618  10.4322  10.8106  11.3153

          k = 0.0000 0.1000 0.1000 ( 18599 PWs)   bands (ev):

   -97.1188 -57.5433 -57.5433 -57.5433 -20.7827  -7.5376  -6.3975  -6.3656
    -4.9000  -4.8940  -4.8879   1.4097   1.5616   1.6348   3.6863   3.8141
     4.0732   4.1363   4.1516   4.2115   4.4259   4.4327   4.6166   4.7571
     4.9955   6.8480   9.5247   9.9344   9.9717

          k = 0.0000 0.1000 0.2000 ( 18586 PWs)   bands (ev):

   -97.1188 -57.5433 -57.5433 -57.5433 -20.7825  -7.4796  -6.4749  -6.3677
    -4.8975  -4.8910  -4.8659   1.3213   1.6234   1.7461   3.3579   3.6041
     3.8303   4.0647   4.0783   4.1568   4.4908   4.5146   4.6490   4.7960
     5.1330   7.3457   9.9334  10.1984  10.3282

          k = 0.0000 0.1000 0.3000 ( 18570 PWs)   bands (ev):

   -97.1188 -57.5433 -57.5433 -57.5433 -20.7823  -7.3938  -6.5887  -6.3632
    -4.8944  -4.8894  -4.8404   1.2732   1.7123   1.8551   3.0173   3.3603
     3.5393   3.9682   4.0542   4.1360   4.5131   4.5414   4.7531   4.8463
     5.1648   8.1029  10.3390  10.6945  10.8791

          k = 0.0000 0.1000 0.4000 ( 18573 PWs)   bands (ev):

   -97.1188 -57.5433 -57.5433 -57.5433 -20.7821  -7.3039  -6.6999  -6.3591
    -4.8919  -4.8882  -4.8223   1.2664   1.7995   1.9447   2.7530   3.1655
     3.3366   3.8820   4.0416   4.1246   4.5185   4.5453   4.8497   4.8825
     5.1434   9.0123  10.6781  10.9697  11.2272

          k = 0.0000 0.1000-0.5000 ( 18582 PWs)   bands (ev):

   -97.1188 -57.5433 -57.5433 -57.5433 -20.7821  -7.2601  -6.7515  -6.3574
    -4.8909  -4.8877  -4.8159   1.2716   1.8384   1.9817   2.6513   3.0887
     3.2620   3.8489   4.0373   4.1203   4.5195   4.5450   4.8927   4.8951
     5.1235   9.6907  10.5150  10.9463  11.3620

          k = 0.0000 0.2000 0.2000 ( 18607 PWs)   bands (ev):

   -97.1188 -57.5433 -57.5433 -57.5433 -20.7823  -7.4205  -6.5104  -6.4051
    -4.8951  -4.8769  -4.8626   1.1532   1.6904   1.9193   2.9745   3.5068
     3.7729   3.8929   3.9102   4.2615   4.5204   4.6191   4.6327   4.8074
     5.4463   7.6908  10.2966  10.4500  10.4936

          k = 0.0000 0.2000 0.3000 ( 18567 PWs)   bands (ev):

   -97.1188 -57.5433 -57.5433 -57.5433 -20.7821  -7.3327  -6.6006  -6.4179
    -4.8921  -4.8749  -4.8460   1.0369   1.7878   2.0612   2.6240   3.3253
     3.5695   3.7910   3.8675   4.3006   4.5343   4.6824   4.7076   4.8403
     5.6083   8.3170  10.6667  10.8493  10.9532

          k = 0.0000 0.2000 0.4000 ( 18568 PWs)   bands (ev):

   -97.1188 -57.5433 -57.5433 -57.5433 -20.7820  -7.2387  -6.7049  -6.4185
    -4.8896  -4.8763  -4.8315   0.9794   1.8852   2.1588   2.3753   3.1454
     3.4091   3.7485   3.8598   4.2726   4.5379   4.6927   4.8306   4.8736
     5.6433   9.1510  10.9993  11.1740  11.4120

          k = 0.0000 0.2000-0.5000 ( 18578 PWs)   bands (ev):

   -97.1188 -57.5433 -57.5433 -57.5433 -20.7819  -7.1912  -6.7569  -6.4179
    -4.8887  -4.8771  -4.8262   0.9645   1.9295   2.1951   2.2840   3.0694
     3.3505   3.7364   3.8576   4.2570   4.5387   4.6936   4.8835   4.8861
     5.6399   9.7876  10.7135  11.3329  11.4857

          k = 0.0000 0.3000 0.3000 ( 18573 PWs)   bands (ev):

   -97.1188 -57.5433 -57.5433 -57.5433 -20.7820  -7.2406  -6.6388  -6.4778
    -4.8892  -4.8612  -4.8499   0.8521   1.8997   2.2175   2.2920   3.2481
     3.5512   3.5652   3.6937   4.5404   4.5877   4.6791   4.7663   4.8421
     5.9687   8.7442  10.9977  11.1692  11.2751

          k = 0.0000 0.3000 0.4000 ( 18571 PWs)   bands (ev):

   -97.1188 -57.5433 -57.5433 -57.5433 -20.7818  -7.1387  -6.7141  -6.5088
    -4.8869  -4.8620  -4.8419   0.7401   2.0159   2.0705   2.3151   3.1179
     3.4510   3.4611   3.6588   4.5428   4.6180   4.7902   4.8363   4.8634
     6.1513   9.4131  11.2626  11.4202  11.6090

          k = 0.0000 0.3000-0.5000 ( 18558 PWs)   bands (ev):

   -97.1188 -57.5433 -57.5433 -57.5433 -20.7817  -7.0835  -6.7634  -6.5162
    -4.8860  -4.8637  -4.8376   0.7032   1.9924   2.0710   2.3489   3.0456
     3.4179   3.4232   3.6579   4.5435   4.6074   4.7921   4.8754   4.9178
     6.1968   9.9885  10.8362  11.6411  11.6493

          k = 0.0000 0.4000 0.4000 ( 18570 PWs)   bands (ev):

   -97.1188 -57.5433 -57.5433 -57.5433 -20.7816  -7.0217  -6.7354  -6.6047
    -4.8846  -4.8517  -4.8485   0.5850   1.8746   2.1599   2.4090   3.0781
     3.2165   3.4871   3.5424   4.5447   4.7208   4.8405   4.8592   4.9867
     6.5135   9.8668  11.2579  11.4283  11.7876

          k = 0.0000 0.4000-0.5000 ( 18600 PWs)   bands (ev):

   -97.1188 -57.5433 -57.5433 -57.5433 -20.7816  -6.9481  -6.7688  -6.6451
    -4.8838  -4.8528  -4.8458   0.5316   1.8072   2.2340   2.4407   3.0264
     3.1482   3.4680   3.5310   4.5452   4.7235   4.8468   4.8672   5.0780
     6.6393  10.3581  10.8487  11.3272  11.7168

          k = 0.0000-0.5000-0.5000 ( 18600 PWs)   bands (ev):

   -97.1188 -57.5433 -57.5433 -57.5433 -20.7815  -6.8202  -6.7708  -6.7708
    -4.8830  -4.8486  -4.8486   0.4720   1.7438   2.3243   2.4717   3.0190
     3.0190   3.4869   3.4869   4.5457   4.7344   4.8641   4.8641   5.1685
     6.8103  10.9147  10.9147  10.9867  11.0797

          k = 0.1000 0.1000 0.1000 ( 18631 PWs)   bands (ev):

   -97.1188 -57.5433 -57.5433 -57.5433 -20.7826  -7.5173  -6.3955  -6.3955
    -4.8942  -4.8942  -4.8836   1.3199   1.6552   1.6552   3.6443   3.6443
     3.8566   4.1455   4.2060   4.2060   4.4595   4.4595   4.5124   4.9909
     4.9909   6.9912   9.6698  10.0366  10.0366

          k = 0.1000 0.1000 0.2000 ( 18591 PWs)   bands (ev):

   -97.1188 -57.5433 -57.5433 -57.5433 -20.7824  -7.4590  -6.4772  -6.3901
    -4.8945  -4.8881  -4.8651   1.2070   1.7133   1.7898   3.3427   3.3704
     3.7137   4.0395   4.1379   4.1887   4.4730   4.5586   4.6077   4.9762
     5.1888   7.4382  10.0404  10.2629  10.3496

          k = 0.1000 0.1000 0.3000 ( 18562 PWs)   bands (ev):

   -97.1188 -57.5433 -57.5433 -57.5433 -20.7822  -7.3728  -6.5900  -6.3834
    -4.8951  -4.8840  -4.8423   1.1366   1.7983   1.9138   2.9597   3.1096
     3.6566   3.8763   4.0515   4.1775   4.4706   4.6687   4.7370   4.9510
     5.2526   8.1612  10.4251  10.7176  10.8535

          k = 0.1000 0.1000 0.4000 ( 18574 PWs)   bands (ev):

   -97.1188 -57.5433 -57.5433 -57.5433 -20.7821  -7.2818  -6.7007  -6.3780
    -4.8955  -4.8809  -4.8261   1.1129   1.8845   2.0073   2.6783   2.9126
     3.5839   3.7867   3.9729   4.1682   4.4691   4.7507   4.8386   4.9191
     5.2421   9.0527  10.7573  10.9788  11.3151

          k = 0.1000 0.1000-0.5000 ( 18586 PWs)   bands (ev):

   -97.1188 -57.5433 -57.5433 -57.5433 -20.7820  -7.2369  -6.7528  -6.3759
    -4.8957  -4.8797  -4.8204   1.1113   1.9243   2.0435   2.5736   2.8353
     3.5454   3.7637   3.9424   4.1645   4.4685   4.7867   4.8808   4.8990
     5.2264   9.7194  10.5637  11.0232  11.3991

          k = 0.1000 0.2000 0.2000 ( 18587 PWs)   bands (ev):

   -97.1188 -57.5433 -57.5433 -57.5433 -20.7823  -7.4001  -6.5069  -6.4295
    -4.8929  -4.8796  -4.8592   1.0387   1.7986   1.9346   2.9771   3.3268
     3.4095   4.0414   4.0714   4.2902   4.5339   4.5981   4.6228   5.0332
     5.4393   7.7581  10.3283  10.4815  10.4953

          k = 0.1000 0.2000 0.3000 ( 18577 PWs)   bands (ev):

   -97.1188 -57.5433 -57.5433 -57.5433 -20.7821  -7.3124  -6.5985  -6.4364
    -4.8940  -4.8742  -4.8464   0.9133   1.8891   2.0750   2.6249   3.0664
     3.3839   3.8933   4.0559   4.3225   4.5519   4.6997   4.7198   5.0074
     5.6094   8.3602  10.6604  10.8103  10.9120

          k = 0.1000 0.2000 0.4000 ( 18583 PWs)   bands (ev):

   -97.1188 -57.5433 -57.5433 -57.5433 -20.7819  -7.2179  -6.7036  -6.4332
    -4.8961  -4.8711  -4.8355   0.8463   1.9809   2.1705   2.3753   2.8520
     3.4083   3.7528   4.0524   4.2918   4.5559   4.8121   4.8240   4.9594
     5.6493   9.1805  10.9765  11.0111  11.4158

          k = 0.1000 0.2000-0.5000 ( 18564 PWs)   bands (ev):

   -97.1188 -57.5433 -57.5433 -57.5433 -20.7819  -7.1697  -6.7561  -6.4315
    -4.8971  -4.8699  -4.8316   0.8271   2.0250   2.2054   2.2838   2.7668
     3.4283   3.6896   4.0510   4.2752   4.5567   4.8668   4.8971   4.8986
     5.6467   9.8161  10.6639  11.2615  11.4579

          k = 0.1000 0.3000 0.3000 ( 18586 PWs)   bands (ev):

   -97.1188 -57.5433 -57.5433 -57.5433 -20.7819  -7.2214  -6.6340  -6.4926
    -4.8930  -4.8666  -4.8478   0.7268   1.9872   2.2204   2.3034   3.0510
     3.1235   3.9080   3.9114   4.5941   4.6152   4.6798   4.7615   4.9875
     5.9646   8.7723  10.8667  11.0542  11.2106

          k = 0.1000 0.3000 0.4000 ( 18580 PWs)   bands (ev):

   -97.1188 -57.5433 -57.5433 -57.5433 -20.7817  -7.1203  -6.7101  -6.5178
    -4.8937  -4.8631  -4.8455   0.6101   2.0684   2.1080   2.3139   2.8588
     3.1178   3.7896   3.9179   4.6232   4.6397   4.8115   4.8470   4.9459
     6.1488   9.4327  10.9418  11.3778  11.4724

          k = 0.1000 0.3000-0.5000 ( 18562 PWs)   bands (ev):

   -97.1188 -57.5433 -57.5433 -57.5433 -20.7817  -7.0650  -6.7602  -6.5229
    -4.8944  -4.8620  -4.8441   0.5711   2.0076   2.1429   2.3485   2.7667
     3.1298   3.7411   3.9205   4.6135   4.6450   4.8662   4.8997   4.9267
     6.1947  10.0167  10.6913  11.3501  11.6240

          k = 0.1000 0.4000 0.4000 ( 18554 PWs)   bands (ev):

   -97.1188 -57.5433 -57.5433 -57.5433 -20.7816  -7.0061  -6.7297  -6.6076
    -4.8910  -4.8589  -4.8516   0.4540   1.8938   2.2135   2.4045   2.8541
     2.9050   3.8088   3.8161   4.6939   4.7245   4.8362   4.9124   4.9923
     6.5131   9.8790  10.8528  11.4528  11.6323

          k = 0.1000 0.4000-0.5000 ( 18562 PWs)   bands (ev):

   -97.1188 -57.5433 -57.5433 -57.5433 -20.7815  -6.9339  -6.7636  -6.6443
    -4.8900  -4.8577  -4.8532   0.3998   1.8289   2.2773   2.4391   2.7717
     2.8893   3.7718   3.8208   4.7116   4.7275   4.8656   4.8784   5.0823
     6.6399  10.3836  10.6632  11.0676  11.6507

          k = 0.1000-0.5000-0.5000 ( 18544 PWs)   bands (ev):

   -97.1188 -57.5433 -57.5433 -57.5433 -20.7815  -6.8098  -6.7649  -6.7649
    -4.8879  -4.8565  -4.8565   0.3400   1.7676   2.3559   2.4726   2.7736
     2.7736   3.7831   3.7831   4.7385   4.7402   4.8638   4.8638   5.1725
     6.8125  10.6798  10.9007  10.9007  11.0344

          k = 0.2000 0.2000 0.2000 ( 18589 PWs)   bands (ev):

   -97.1188 -57.5433 -57.5433 -57.5433 -20.7821  -7.3417  -6.4978  -6.4978
    -4.8868  -4.8868  -4.8519   0.8430   1.9793   1.9793   2.9123   3.0423
     3.0423   4.1402   4.1402   4.3975   4.5540   4.6202   4.6202   5.4147
     5.4147   8.0040  10.4329  10.6135  10.6135

          k = 0.2000 0.2000 0.3000 ( 18579 PWs)   bands (ev):

   -97.1188 -57.5433 -57.5433 -57.5433 -20.7819  -7.2541  -6.5965  -6.4864
    -4.8958  -4.8778  -4.8459   0.6809   2.0493   2.1256   2.5670   2.7813
     3.0403   4.1236   4.1615   4.4319   4.5817   4.6993   4.7187   5.3685
     5.6672   8.5168  10.5865  10.8685  10.9412

          k = 0.2000 0.2000 0.4000 ( 18580 PWs)   bands (ev):

   -97.1188 -57.5433 -57.5433 -57.5433 -20.7818  -7.1583  -6.7006  -6.4770
    -4.9032  -4.8686  -4.8445   0.5827   2.1339   2.2133   2.3213   2.5786
     3.0687   4.0797   4.1689   4.3978   4.5940   4.8036   4.8499   5.3096
     5.7479   9.2781  10.6995  11.0715  11.4518

          k = 0.2000 0.2000-0.5000 ( 18550 PWs)   bands (ev):

   -97.1188 -57.5433 -57.5433 -57.5433 -20.7817  -7.1077  -6.7541  -6.4734
    -4.9061  -4.8640  -4.8452   0.5508   2.1861   2.2329   2.2436   2.4868
     3.0823   4.0587   4.1720   4.3794   4.5972   4.8514   4.9086   5.2770
     5.7550   9.9062  10.5123  11.2110  11.3977

          k = 0.2000 0.3000 0.3000 ( 18575 PWs)   bands (ev):

   -97.1188 -57.5433 -57.5433 -57.5433 -20.7817  -7.1663  -6.6213  -6.5363
    -4.8985  -4.8807  -4.8471   0.4715   2.1349   2.2274   2.3250   2.7376
     2.7734   4.1859   4.2196   4.6265   4.6445   4.6937   4.7472   5.4394
     5.9486   8.8723  10.5008  11.1044  11.1589

          k = 0.2000 0.3000 0.4000 ( 18558 PWs)   bands (ev):

   -97.1188 -57.5433 -57.5433 -57.5433 -20.7816  -7.0676  -6.6998  -6.5456
    -4.9054  -4.8741  -4.8530   0.3341   2.1077   2.2283   2.3038   2.5443
     2.7866   4.1921   4.2286   4.6415   4.6832   4.7995   4.8721   5.3917
     6.1438   9.4872  10.4509  11.2665  11.4948

          k = 0.2000 0.3000-0.5000 ( 18560 PWs)   bands (ev):

   -97.1188 -57.5433 -57.5433 -57.5433 -20.7815  -7.0120  -6.7517  -6.5450
    -4.9088  -4.8651  -4.8611   0.2868   2.0438   2.2673   2.3477   2.4339
     2.8012   4.1912   4.2267   4.6334   4.6874   4.8538   4.9437   5.3610
     6.1935  10.0862  10.3056  11.1760  11.2921

          k = 0.2000 0.4000 0.4000 ( 18562 PWs)   bands (ev):

   -97.1188 -57.5433 -57.5433 -57.5433 -20.7814  -6.9619  -6.7148  -6.6182
    -4.9048  -4.8780  -4.8623   0.1654   1.9449   2.2928   2.3702   2.5691
     2.5844   4.2189   4.2421   4.7347   4.7830   4.8280   5.0060   5.3373
     6.5095   9.8750  10.2997  11.3860  11.3953

          k = 0.2000 0.4000-0.5000 ( 18562 PWs)   bands (ev):

   -97.1188 -57.5433 -57.5433 -57.5433 -20.7814  -6.8938  -6.7499  -6.6444
    -4.9049  -4.8730  -4.8720   0.1062   1.8864   2.3369   2.4287   2.4462
     2.5933   4.2286   4.2391   4.7390   4.8048   4.8658   5.0933   5.2992
     6.6402  10.1400  10.4148  10.9009  11.3998

          k = 0.2000-0.5000-0.5000 ( 18568 PWs)   bands (ev):

   -97.1188 -57.5433 -57.5433 -57.5433 -20.7813  -6.7821  -6.7492  -6.7492
    -4.9007  -4.8773  -4.8773   0.0426   1.8308   2.4111   2.4536   2.4536
     2.4750   4.2393   4.2393   4.7496   4.8674   4.8674   5.1829   5.2541
     6.8185  10.0792  10.7892  10.7892  11.1681

          k = 0.3000 0.3000 0.3000 ( 18607 PWs)   bands (ev):

   -97.1188 -57.5433 -57.5433 -57.5433 -20.7816  -7.0832  -6.6053  -6.6053
    -4.8986  -4.8986  -4.8528   0.2274   2.2323   2.2323   2.2607   2.5555
     2.5555   4.4234   4.4234   4.6561   4.7159   4.7159   4.7476   5.9149
     5.9149   9.1152  10.2150  11.2559  11.2562

          k = 0.3000 0.3000 0.4000 ( 18565 PWs)   bands (ev):

   -97.1188 -57.5433 -57.5433 -57.5433 -20.7814  -6.9884  -6.6888  -6.5921
    -4.9134  -4.8917  -4.8645   0.0614   2.1113   2.2271   2.2809   2.4286
     2.5649   4.4918   4.5228   4.6950   4.6984   4.7949   4.9058   5.8702
     6.2012   9.5917  10.0646  11.2119  11.3504

          k = 0.3000 0.3000-0.5000 ( 18580 PWs)   bands (ev):

   -97.1188 -57.5433 -57.5433 -57.5433 -20.7814  -6.9318  -6.7412  -6.5870
    -4.9191  -4.8815  -4.8765   0.0031   2.0518   2.2197   2.2949   2.3914
     2.5795   4.5080   4.5329   4.6878   4.7033   4.8635   4.9791   5.8467
     6.2811   9.9227  10.1713  10.9011  11.1828

          k = 0.3000 0.4000 0.4000 ( 18570 PWs)   bands (ev):

   -97.1188 -57.5433 -57.5433 -57.5433 -20.7813  -6.8969  -6.6959  -6.6412
    -4.9174  -4.9021  -4.8800  -0.1276   2.0074   2.2201   2.2352   2.4500
     2.4839   4.6016   4.6237   4.7511   4.7945   4.8353   5.0253   5.9572
     6.4976   9.7064   9.9745  11.0555  11.2624

          k = 0.3000 0.4000-0.5000 ( 18532 PWs)   bands (ev):

   -97.1188 -57.5433 -57.5433 -57.5433 -20.7812  -6.8361  -6.7326  -6.6519
    -4.9206  -4.8976  -4.8926  -0.1945   1.9579   2.1968   2.2385   2.4417
     2.4896   4.6209   4.6261   4.7555   4.8222   4.9011   5.1080   5.9428
     6.6393   9.6635  10.3182  10.6206  11.2591

          k = 0.3000-0.5000-0.5000 ( 18556 PWs)   bands (ev):

   -97.1188 -57.5433 -57.5433 -57.5433 -20.7812  -6.7469  -6.7293  -6.7293
    -4.9164  -4.9036  -4.9036  -0.2647   1.9107   2.2067   2.2067   2.4519
     2.4780   4.6344   4.6344   4.7650   4.9104   4.9104   5.1958   5.9281
     6.8259   9.5725  10.5085  10.5085  10.9292

          k = 0.4000 0.4000 0.4000 ( 18553 PWs)   bands (ev):

   -97.1188 -57.5433 -57.5433 -57.5433 -20.7811  -6.8236  -6.6802  -6.6802
    -4.9220  -4.9220  -4.8997  -0.3334   2.0336   2.1040   2.1040   2.4695
     2.4695   4.7468   4.7656   4.7656   4.9475   4.9475   5.0730   6.4778
     6.4778   9.4476   9.9634  10.7865  10.7865

          k = 0.4000 0.4000-0.5000 ( 18534 PWs)   bands (ev):

   -97.1188 -57.5433 -57.5433 -57.5433 -20.7811  -6.7724  -6.7183  -6.6741
    -4.9297  -4.9176  -4.9132  -0.4067   2.0030   2.0569   2.1029   2.4676
     2.4793   4.7567   4.7648   4.7736   4.9889   5.0592   5.1381   6.4665
     6.6824   9.3489  10.1778  10.3311  10.6889

          k = 0.4000-0.5000-0.5000 ( 18544 PWs)   bands (ev):

   -97.1188 -57.5433 -57.5433 -57.5433 -20.7810  -6.7177  -6.7127  -6.7127
    -4.9290  -4.9253  -4.9253  -0.4824   1.9768   2.0540   2.0540   2.4743
     2.4805   4.7709   4.7709   4.7790   5.1005   5.1005   5.2064   6.5547
     6.8321   9.2392  10.2125  10.2125  10.3473

          k =-0.5000-0.5000-0.5000 ( 18504 PWs)   bands (ev):

   -97.1188 -57.5433 -57.5433 -57.5433 -20.7810  -6.7063  -6.7063  -6.7063
    -4.9338  -4.9338  -4.9338  -0.5602   2.0025   2.0025   2.0025   2.4814
     2.4814   4.7847   4.7847   4.7847   5.2105   5.2105   5.2105   6.8344
     6.8344   9.1228  10.0899  10.0899  10.0899

     the Fermi energy is     5.3693 ev

!    total energy              =   -1625.29154849 Ry
     estimated scf accuracy    <          6.6E-11 Ry
     smearing contrib. (-TS)   =      -0.00046260 Ry
     internal energy E=F+TS    =   -1625.29108589 Ry

     The total energy is F=E-TS. E is the sum of the following terms:
     one-electron contribution =    -382.13905995 Ry
     hartree contribution      =     210.26192711 Ry
     xc contribution           =    -101.05550837 Ry
     ewald contribution        =    -221.85282758 Ry
     one-center paw contrib.   =   -1130.50561710 Ry

     convergence has been achieved in  21 iterations

     Forces acting on atoms (cartesian axes, Ry/au):

     atom    1 type  1   force =     0.00000000    0.00000000    0.00000000
     atom    2 type  2   force =     0.00000000    0.00000000    0.00000000
     atom    3 type  3   force =     0.00000000    0.00000000    0.00000000
     atom    4 type  3   force =     0.00000000    0.00000000    0.00000000
     atom    5 type  3   force =     0.00000000    0.00000000    0.00000000

     Total force =     0.000000     Total SCF correction =     0.000000


     Computing stress (Cartesian axis) and pressure

          total   stress  (Ry/bohr**3)                   (kbar)     P=        9.60
   0.00006526   0.00000000   0.00000000            9.60        0.00        0.00
   0.00000000   0.00006526   0.00000000            0.00        9.60        0.00
   0.00000000   0.00000000   0.00006526            0.00        0.00        9.60


     BFGS Geometry Optimization
     Energy error            =      0.0E+00 Ry
     Gradient error          =      0.0E+00 Ry/Bohr

     bfgs converged in   1 scf cycles and   0 bfgs steps
     (criteria: energy <  1.0E-05 Ry, force <  1.0E-03 Ry/Bohr)

     End of BFGS Geometry Optimization

     Final energy             =   -1625.2915484925 Ry
Begin final coordinates

ATOMIC_POSITIONS (crystal)
Rb               0.0000000000        0.0000000000        0.0000000000
Ni               0.5000000000        0.5000000000        0.5000000000
I                0.5000000000        0.5000000000        0.0000000000
I                0.5000000000        0.0000000000        0.5000000000
I                0.0000000000        0.5000000000        0.5000000000
End final coordinates



  ++++++++++++++++++++++++++++++++++++++++++++++++++++++++++++++++++++++++++++
     Doing work    4 /     9
  ++++++++++++++++++++++++++++++++++++++++++++++++++++++++++++++++++++++++++++


     Current dimensions of program PWSCF are:
     Max number of different atomic species (ntypx) = 10
     Max number of k-points (npk) = 120000
     Max angular momentum in pseudopotentials (lmaxx) =  4

     WARNING: check_stop already initialized

     Parallelization info
     --------------------
     sticks:   dense  smooth     PW     G-vecs:    dense   smooth      PW
     Min        3422    1709    473               213255    75286   10966
     Max        3439    1716    476               213266    75413   11009
     Sum        6861    3425    949               426521   150699   21975

     Using Pencil Decomposition



     bravais-lattice index     =            1
     lattice parameter (alat)  =      10.3721  a.u.
     unit-cell volume          =    1115.8464 (a.u.)^3
     number of atoms/cell      =            5
     number of atomic types    =            3
     number of electrons       =        48.00
     number of Kohn-Sham states=           29
     kinetic-energy cutoff     =     100.0000  Ry
     charge density cutoff     =     800.0000  Ry
     scf convergence threshold =      1.0E-10
     mixing beta               =       0.3000
     number of iterations used =            8  plain     mixing
     energy convergence thresh.=      1.0E-05
     force convergence thresh. =      1.0E-03
     Exchange-correlation= PBE
                           (   1   4   3   4   0   0   0)
     nstep                     =           20


     celldm(1)=  10.372135  celldm(2)=   0.000000  celldm(3)=   0.000000
     celldm(4)=   0.000000  celldm(5)=   0.000000  celldm(6)=   0.000000

     crystal axes: (cart. coord. in units of alat)
               a(1) = (   1.000000   0.000000   0.000000 )  
               a(2) = (   0.000000   1.000000   0.000000 )  
               a(3) = (   0.000000   0.000000   1.000000 )  

     reciprocal axes: (cart. coord. in units 2 pi/alat)
               b(1) = (  1.000000  0.000000  0.000000 )  
               b(2) = (  0.000000  1.000000  0.000000 )  
               b(3) = (  0.000000  0.000000  1.000000 )  


     PseudoPot. # 1 for Rb read from file:
     /home/administrator/Downloads/BURAI/BURAI1.3/pseudopot/Rb.pbe-spn-rrkjus_psl.1.0.0.UPF
     MD5 check sum: 8db0524251f08d4bb5a0a04c31658078
     Pseudo is Ultrasoft + core correction, Zval =  9.0
     Generated using "atomic" code by A. Dal Corso  v.5.1.2
     Using radial grid of 1219 points,  6 beta functions with: 
                l(1) =   0
                l(2) =   0
                l(3) =   1
                l(4) =   1
                l(5) =   2
                l(6) =   2
     Q(r) pseudized with 0 coefficients 


     PseudoPot. # 2 for Ni read from file:
     /home/administrator/Downloads/BURAI/BURAI1.3/pseudopot/Ni.pbe-spn-kjpaw_psl.1.0.0.UPF
     MD5 check sum: ea56550a36ffb6c479804d371adbec59
     Pseudo is Projector augmented-wave + core cor, Zval = 18.0
     Generated using "atomic" code by A. Dal Corso  v.5.1.2
     Shape of augmentation charge: PSQ
     Using radial grid of 1195 points,  6 beta functions with: 
                l(1) =   0
                l(2) =   0
                l(3) =   1
                l(4) =   1
                l(5) =   2
                l(6) =   2
     Q(r) pseudized with 0 coefficients 


     PseudoPot. # 3 for I  read from file:
     /home/administrator/Downloads/BURAI/BURAI1.3/pseudopot/I.pbe-n-kjpaw_psl.1.0.0.UPF
     MD5 check sum: e1b2a55c91904a364f23c37cb15bc296
     Pseudo is Projector augmented-wave + core cor, Zval =  7.0
     Generated using "atomic" code by A. Dal Corso  v.5.1.2
     Shape of augmentation charge: PSQ
     Using radial grid of 1247 points,  6 beta functions with: 
                l(1) =   0
                l(2) =   0
                l(3) =   1
                l(4) =   1
                l(5) =   2
                l(6) =   2
     Q(r) pseudized with 0 coefficients 


     atomic species   valence    mass     pseudopotential
     Rb                9.00    85.46780     Rb( 1.00)
     Ni               18.00    58.69340     Ni( 1.00)
     I                 7.00   126.90450     I ( 1.00)

     48 Sym. Ops., with inversion, found



   Cartesian axes

     site n.     atom                  positions (alat units)
         1        Rb     tau(   1) = (   0.0000000   0.0000000   0.0000000  )
         2        Ni     tau(   2) = (   0.5000000   0.5000000   0.5000000  )
         3        I      tau(   3) = (   0.5000000   0.5000000   0.0000000  )
         4        I      tau(   4) = (   0.5000000   0.0000000   0.5000000  )
         5        I      tau(   5) = (   0.0000000   0.5000000   0.5000000  )

     number of k points=    56  Gaussian smearing, width (Ry)=  0.0050
                       cart. coord. in units 2pi/alat
        k(    1) = (   0.0000000   0.0000000   0.0000000), wk =   0.0020000
        k(    2) = (   0.0000000   0.0000000   0.1000000), wk =   0.0120000
        k(    3) = (   0.0000000   0.0000000   0.2000000), wk =   0.0120000
        k(    4) = (   0.0000000   0.0000000   0.3000000), wk =   0.0120000
        k(    5) = (   0.0000000   0.0000000   0.4000000), wk =   0.0120000
        k(    6) = (   0.0000000   0.0000000  -0.5000000), wk =   0.0060000
        k(    7) = (   0.0000000   0.1000000   0.1000000), wk =   0.0240000
        k(    8) = (   0.0000000   0.1000000   0.2000000), wk =   0.0480000
        k(    9) = (   0.0000000   0.1000000   0.3000000), wk =   0.0480000
        k(   10) = (   0.0000000   0.1000000   0.4000000), wk =   0.0480000
        k(   11) = (   0.0000000   0.1000000  -0.5000000), wk =   0.0240000
        k(   12) = (   0.0000000   0.2000000   0.2000000), wk =   0.0240000
        k(   13) = (   0.0000000   0.2000000   0.3000000), wk =   0.0480000
        k(   14) = (   0.0000000   0.2000000   0.4000000), wk =   0.0480000
        k(   15) = (   0.0000000   0.2000000  -0.5000000), wk =   0.0240000
        k(   16) = (   0.0000000   0.3000000   0.3000000), wk =   0.0240000
        k(   17) = (   0.0000000   0.3000000   0.4000000), wk =   0.0480000
        k(   18) = (   0.0000000   0.3000000  -0.5000000), wk =   0.0240000
        k(   19) = (   0.0000000   0.4000000   0.4000000), wk =   0.0240000
        k(   20) = (   0.0000000   0.4000000  -0.5000000), wk =   0.0240000
        k(   21) = (   0.0000000  -0.5000000  -0.5000000), wk =   0.0060000
        k(   22) = (   0.1000000   0.1000000   0.1000000), wk =   0.0160000
        k(   23) = (   0.1000000   0.1000000   0.2000000), wk =   0.0480000
        k(   24) = (   0.1000000   0.1000000   0.3000000), wk =   0.0480000
        k(   25) = (   0.1000000   0.1000000   0.4000000), wk =   0.0480000
        k(   26) = (   0.1000000   0.1000000  -0.5000000), wk =   0.0240000
        k(   27) = (   0.1000000   0.2000000   0.2000000), wk =   0.0480000
        k(   28) = (   0.1000000   0.2000000   0.3000000), wk =   0.0960000
        k(   29) = (   0.1000000   0.2000000   0.4000000), wk =   0.0960000
        k(   30) = (   0.1000000   0.2000000  -0.5000000), wk =   0.0480000
        k(   31) = (   0.1000000   0.3000000   0.3000000), wk =   0.0480000
        k(   32) = (   0.1000000   0.3000000   0.4000000), wk =   0.0960000
        k(   33) = (   0.1000000   0.3000000  -0.5000000), wk =   0.0480000
        k(   34) = (   0.1000000   0.4000000   0.4000000), wk =   0.0480000
        k(   35) = (   0.1000000   0.4000000  -0.5000000), wk =   0.0480000
        k(   36) = (   0.1000000  -0.5000000  -0.5000000), wk =   0.0120000
        k(   37) = (   0.2000000   0.2000000   0.2000000), wk =   0.0160000
        k(   38) = (   0.2000000   0.2000000   0.3000000), wk =   0.0480000
        k(   39) = (   0.2000000   0.2000000   0.4000000), wk =   0.0480000
        k(   40) = (   0.2000000   0.2000000  -0.5000000), wk =   0.0240000
        k(   41) = (   0.2000000   0.3000000   0.3000000), wk =   0.0480000
        k(   42) = (   0.2000000   0.3000000   0.4000000), wk =   0.0960000
        k(   43) = (   0.2000000   0.3000000  -0.5000000), wk =   0.0480000
        k(   44) = (   0.2000000   0.4000000   0.4000000), wk =   0.0480000
        k(   45) = (   0.2000000   0.4000000  -0.5000000), wk =   0.0480000
        k(   46) = (   0.2000000  -0.5000000  -0.5000000), wk =   0.0120000
        k(   47) = (   0.3000000   0.3000000   0.3000000), wk =   0.0160000
        k(   48) = (   0.3000000   0.3000000   0.4000000), wk =   0.0480000
        k(   49) = (   0.3000000   0.3000000  -0.5000000), wk =   0.0240000
        k(   50) = (   0.3000000   0.4000000   0.4000000), wk =   0.0480000
        k(   51) = (   0.3000000   0.4000000  -0.5000000), wk =   0.0480000
        k(   52) = (   0.3000000  -0.5000000  -0.5000000), wk =   0.0120000
        k(   53) = (   0.4000000   0.4000000   0.4000000), wk =   0.0160000
        k(   54) = (   0.4000000   0.4000000  -0.5000000), wk =   0.0240000
        k(   55) = (   0.4000000  -0.5000000  -0.5000000), wk =   0.0120000
        k(   56) = (  -0.5000000  -0.5000000  -0.5000000), wk =   0.0020000

     Dense  grid:   426521 G-vectors     FFT dimensions: (  96,  96,  96)

     Smooth grid:   150699 G-vectors     FFT dimensions: (  72,  72,  72)

     Estimated max dynamical RAM per process >     378.06 MB

     Estimated total dynamical RAM >       2.65 GB

     Initial potential from superposition of free atoms

     starting charge      47.9767, renormalised to      48.0000
     Starting wfcs are   30 randomized atomic wfcs
     Checking if some PAW data can be deallocated... 

     total cpu time spent up to now is     1913.6 secs

     Self-consistent Calculation

     iteration #  1     ecut=   100.00 Ry     beta= 0.30
     Davidson diagonalization with overlap
     ethr =  1.00E-02,  avg # of iterations =  6.1

     total cpu time spent up to now is     1948.6 secs

     total energy              =   -1624.84745435 Ry
     estimated scf accuracy    <       1.10165427 Ry

     iteration #  2     ecut=   100.00 Ry     beta= 0.30
     Davidson diagonalization with overlap
     ethr =  2.30E-03,  avg # of iterations =  4.4

     total cpu time spent up to now is     1981.9 secs

     total energy              =   -1624.91604131 Ry
     estimated scf accuracy    <       4.30564391 Ry

     iteration #  3     ecut=   100.00 Ry     beta= 0.30
     Davidson diagonalization with overlap
     ethr =  2.30E-03,  avg # of iterations =  3.6

     total cpu time spent up to now is     2013.3 secs

     total energy              =   -1625.28584592 Ry
     estimated scf accuracy    <       0.03763315 Ry

     iteration #  4     ecut=   100.00 Ry     beta= 0.30
     Davidson diagonalization with overlap
     c_bands:  1 eigenvalues not converged
     ethr =  7.84E-05,  avg # of iterations =  6.2

     total cpu time spent up to now is     2049.5 secs

     total energy              =   -1625.29272895 Ry
     estimated scf accuracy    <       0.01015588 Ry

     iteration #  5     ecut=   100.00 Ry     beta= 0.30
     Davidson diagonalization with overlap
     ethr =  2.12E-05,  avg # of iterations =  4.9

     total cpu time spent up to now is     2084.5 secs

     total energy              =   -1625.29072561 Ry
     estimated scf accuracy    <       0.06453072 Ry

     iteration #  6     ecut=   100.00 Ry     beta= 0.30
     Davidson diagonalization with overlap
     ethr =  2.12E-05,  avg # of iterations =  2.3

     total cpu time spent up to now is     2113.9 secs

     total energy              =   -1625.29088041 Ry
     estimated scf accuracy    <       0.00996411 Ry

     iteration #  7     ecut=   100.00 Ry     beta= 0.30
     Davidson diagonalization with overlap
     ethr =  2.08E-05,  avg # of iterations =  2.4

     total cpu time spent up to now is     2143.7 secs

     total energy              =   -1625.29227507 Ry
     estimated scf accuracy    <       0.00105559 Ry

     iteration #  8     ecut=   100.00 Ry     beta= 0.30
     Davidson diagonalization with overlap
     c_bands:  1 eigenvalues not converged
     ethr =  2.20E-06,  avg # of iterations =  7.0

     total cpu time spent up to now is     2180.2 secs

     total energy              =   -1625.29242600 Ry
     estimated scf accuracy    <       0.00028440 Ry

     iteration #  9     ecut=   100.00 Ry     beta= 0.30
     Davidson diagonalization with overlap
     ethr =  5.92E-07,  avg # of iterations =  1.4

     total cpu time spent up to now is     2207.9 secs

     total energy              =   -1625.29234900 Ry
     estimated scf accuracy    <       0.00036029 Ry

     iteration # 10     ecut=   100.00 Ry     beta= 0.30
     Davidson diagonalization with overlap
     ethr =  5.92E-07,  avg # of iterations =  2.1

     total cpu time spent up to now is     2237.4 secs

     total energy              =   -1625.29240078 Ry
     estimated scf accuracy    <       0.00002371 Ry

     iteration # 11     ecut=   100.00 Ry     beta= 0.30
     Davidson diagonalization with overlap
     ethr =  4.94E-08,  avg # of iterations =  1.9

     total cpu time spent up to now is     2265.5 secs

     total energy              =   -1625.29240000 Ry
     estimated scf accuracy    <       0.00001085 Ry

     iteration # 12     ecut=   100.00 Ry     beta= 0.30
     Davidson diagonalization with overlap
     ethr =  2.26E-08,  avg # of iterations =  2.0

     total cpu time spent up to now is     2294.1 secs

     total energy              =   -1625.29240095 Ry
     estimated scf accuracy    <       0.00000032 Ry

     iteration # 13     ecut=   100.00 Ry     beta= 0.30
     Davidson diagonalization with overlap
     ethr =  6.64E-10,  avg # of iterations =  4.7

     total cpu time spent up to now is     2329.0 secs

     total energy              =   -1625.29240104 Ry
     estimated scf accuracy    <       0.00000024 Ry

     iteration # 14     ecut=   100.00 Ry     beta= 0.30
     Davidson diagonalization with overlap
     ethr =  5.04E-10,  avg # of iterations =  1.0

     total cpu time spent up to now is     2355.8 secs

     total energy              =   -1625.29240102 Ry
     estimated scf accuracy    <       0.00000013 Ry

     iteration # 15     ecut=   100.00 Ry     beta= 0.30
     Davidson diagonalization with overlap
     ethr =  2.65E-10,  avg # of iterations =  2.1

     total cpu time spent up to now is     2384.8 secs

     End of self-consistent calculation

          k = 0.0000 0.0000 0.0000 ( 18853 PWs)   bands (ev):

   -97.2683 -57.6924 -57.6924 -57.6924 -20.9517  -7.6762  -6.4925  -6.4925
    -5.0660  -5.0660  -5.0660   1.4192   1.4192   1.4192   3.9106   3.9106
     3.9106   4.0983   4.0983   4.0983   4.2516   4.2516   4.5594   4.5594
     4.5594   6.2889   8.9685   9.6003   9.6003

          k = 0.0000 0.0000 0.1000 ( 18901 PWs)   bands (ev):

   -97.2683 -57.6924 -57.6924 -57.6924 -20.9516  -7.6565  -6.5228  -6.4912
    -5.0651  -5.0651  -5.0561   1.4016   1.4402   1.4402   3.7545   3.7545
     3.8677   4.0511   4.0989   4.1802   4.1802   4.2521   4.5802   4.5802
     4.6061   6.5071   9.1472   9.6840   9.7491

          k = 0.0000 0.0000 0.2000 ( 18873 PWs)   bands (ev):

   -97.2683 -57.6924 -57.6924 -57.6924 -20.9514  -7.6003  -6.6051  -6.4877
    -5.0628  -5.0628  -5.0321   1.3675   1.4997   1.4997   3.4996   3.4996
     3.6592   3.7613   4.1004   4.2391   4.2391   4.2532   4.6336   4.6336
     4.6531   7.0711   9.5865   9.9556  10.1634

          k = 0.0000 0.0000 0.3000 ( 18853 PWs)   bands (ev):

   -97.2683 -57.6924 -57.6924 -57.6924 -20.9513  -7.5175  -6.7173  -6.4835
    -5.0599  -5.0599  -5.0061   1.3507   1.5850   1.5850   3.2465   3.2465
     3.2595   3.6394   4.1022   4.2505   4.2505   4.2539   4.6815   4.6903
     4.6903   7.8603  10.0381  10.4376  10.7530

          k = 0.0000 0.0000 0.4000 ( 18845 PWs)   bands (ev):

   -97.2683 -57.6924 -57.6924 -57.6924 -20.9511  -7.4313  -6.8255  -6.4800
    -5.0576  -5.0576  -4.9877   1.3614   1.6682   1.6682   2.9598   3.0521
     3.0521   3.5474   4.1036   4.2457   4.2457   4.2544   4.6968   4.7282
     4.7282   8.7763  10.3963  10.6761  11.0126

          k = 0.0000 0.0000-0.5000 ( 18882 PWs)   bands (ev):

   -97.2683 -57.6924 -57.6924 -57.6924 -20.9511  -7.3895  -6.8752  -6.4787
    -5.0567  -5.0567  -4.9812   1.3728   1.7049   1.7049   2.8461   2.9766
     2.9766   3.5135   4.1042   4.2423   4.2423   4.2545   4.7016   4.7411
     4.7411   9.4475  10.2674  10.6247  11.1724

          k = 0.0000 0.1000 0.1000 ( 18907 PWs)   bands (ev):

   -97.2683 -57.6924 -57.6924 -57.6924 -20.9515  -7.6368  -6.5362  -6.5056
    -5.0642  -5.0587  -5.0529   1.3114   1.4618   1.5330   3.5538   3.6798
     3.9284   3.9995   4.0023   4.0627   4.2797   4.2877   4.4595   4.5933
     4.8282   6.6780   9.3096   9.7964   9.8334

          k = 0.0000 0.1000 0.2000 ( 18884 PWs)   bands (ev):

   -97.2683 -57.6924 -57.6924 -57.6924 -20.9514  -7.5803  -6.6103  -6.5077
    -5.0619  -5.0559  -5.0323   1.2230   1.5229   1.6421   3.2306   3.4751
     3.6868   3.9211   3.9412   4.0089   4.3407   4.3658   4.4952   4.6350
     4.9644   7.1739   9.7211  10.0451  10.1834

          k = 0.0000 0.1000 0.3000 ( 18846 PWs)   bands (ev):

   -97.2683 -57.6924 -57.6924 -57.6924 -20.9512  -7.4969  -6.7198  -6.5035
    -5.0591  -5.0544  -5.0083   1.1728   1.6109   1.7492   2.8950   3.2362
     3.4034   3.8293   3.9169   3.9881   4.3610   4.3901   4.5985   4.6876
     4.9968   7.9248  10.1606  10.4922  10.7234

          k = 0.0000 0.1000 0.4000 ( 18814 PWs)   bands (ev):

   -97.2682 -57.6924 -57.6924 -57.6923 -20.9511  -7.4094  -6.8271  -6.4996
    -5.0568  -5.0533  -4.9911   1.1627   1.6972   1.8375   2.6359   3.0450
     3.2063   3.7464   3.9042   3.9769   4.3658   4.3933   4.6931   4.7249
     4.9767   8.8218  10.5142  10.7510  11.0822

          k = 0.0000 0.1000-0.5000 ( 18818 PWs)   bands (ev):

   -97.2683 -57.6924 -57.6924 -57.6923 -20.9510  -7.3667  -6.8771  -6.4981
    -5.0559  -5.0529  -4.9851   1.1662   1.7356   1.8739   2.5366   2.9696
     3.1336   3.7144   3.8999   3.9728   4.3668   4.3929   4.7352   4.7377
     4.9576   9.4779  10.3484  10.7573  11.2176

          k = 0.0000 0.2000 0.2000 ( 18843 PWs)   bands (ev):

   -97.2683 -57.6924 -57.6924 -57.6924 -20.9513  -7.5229  -6.6444  -6.5437
    -5.0597  -5.0429  -5.0292   1.0561   1.5891   1.8118   2.8536   3.3804
     3.6316   3.7579   3.7659   4.1130   4.3691   4.4692   4.4823   4.6473
     5.2723   7.5178  10.0745  10.3024  10.3444

          k = 0.0000 0.2000 0.3000 ( 18861 PWs)   bands (ev):

   -97.2683 -57.6924 -57.6924 -57.6924 -20.9511  -7.4376  -6.7312  -6.5561
    -5.0570  -5.0409  -5.0136   0.9388   1.6852   1.9511   2.5100   3.2026
     3.4332   3.6576   3.7242   4.1530   4.3816   4.5299   4.5558   4.6821
     5.4321   8.1389  10.4823  10.6584  10.7917

          k = 0.0000 0.2000 0.4000 ( 18855 PWs)   bands (ev):

   -97.2683 -57.6924 -57.6924 -57.6923 -20.9509  -7.3463  -6.8319  -6.5567
    -5.0547  -5.0422  -4.9998   0.8791   1.7813   2.0471   2.2672   3.0260
     3.2766   3.6161   3.7168   4.1274   4.3850   4.5393   4.6745   4.7165
     5.4677   8.9617  10.8357  10.9532  11.2449

          k = 0.0000 0.2000-0.5000 ( 18854 PWs)   bands (ev):

   -97.2683 -57.6924 -57.6924 -57.6923 -20.9509  -7.3001  -6.8822  -6.5561
    -5.0539  -5.0429  -4.9948   0.8629   1.8249   2.0828   2.1783   2.9513
     3.2192   3.6044   3.7148   4.1127   4.3857   4.5400   4.7256   4.7293
     5.4650   9.5797  10.5430  11.1347  11.3348

          k = 0.0000 0.3000 0.3000 ( 18867 PWs)   bands (ev):

   -97.2683 -57.6924 -57.6924 -57.6924 -20.9509  -7.3484  -6.7680  -6.6137
    -5.0543  -5.0281  -5.0171   0.7544   1.7953   2.1044   2.1855   3.1277
     3.4156   3.4359   3.5533   4.3875   4.4313   4.5300   4.6128   4.6846
     5.7854   8.5653  10.8244  10.9622  11.1111

          k = 0.0000 0.3000 0.4000 ( 18872 PWs)   bands (ev):

   -97.2683 -57.6924 -57.6924 -57.6924 -20.9508  -7.2497  -6.8407  -6.6435
    -5.0522  -5.0288  -5.0097   0.6415   1.9094   1.9695   2.2004   2.9998
     3.3245   3.3267   3.5194   4.3899   4.4670   4.6357   4.6770   4.7070
     5.9650   9.2280  11.0764  11.2544  11.4067

          k = 0.0000 0.3000-0.5000 ( 18840 PWs)   bands (ev):

   -97.2683 -57.6924 -57.6924 -57.6923 -20.9507  -7.1962  -6.8884  -6.6506
    -5.0514  -5.0304  -5.0057   0.6042   1.8936   1.9635   2.2337   2.9287
     3.2841   3.2977   3.5187   4.3905   4.4574   4.6374   4.7193   4.7556
     6.0102   9.7888  10.6659  11.4899  11.6796

          k = 0.0000 0.4000 0.4000 ( 18826 PWs)   bands (ev):

   -97.2683 -57.6924 -57.6923 -57.6923 -20.9506  -7.1367  -6.8611  -6.7356
    -5.0501  -5.0192  -5.0160   0.4873   1.7784   2.0503   2.2927   2.9614
     3.0951   3.3516   3.4048   4.3918   4.5711   4.6855   4.7033   4.8193
     6.3184   9.6847  11.0801  11.2531  11.5941

          k = 0.0000 0.4000-0.5000 ( 18824 PWs)   bands (ev):

   -97.2683 -57.6924 -57.6923 -57.6923 -20.9506  -7.0657  -6.8934  -6.7743
    -5.0494  -5.0202  -5.0135   0.4341   1.7126   2.1225   2.3239   2.9105
     3.0291   3.3322   3.3938   4.3923   4.5736   4.6915   4.7116   4.9080
     6.4409  10.1685  10.6813  11.1524  11.5326

          k = 0.0000-0.5000-0.5000 ( 18848 PWs)   bands (ev):

   -97.2683 -57.6924 -57.6924 -57.6924 -20.9505  -6.9423  -6.8953  -6.8953
    -5.0486  -5.0163  -5.0163   0.3750   1.6507   2.2100   2.3543   2.9036
     2.9036   3.3503   3.3503   4.3927   4.5845   4.7087   4.7087   4.9957
     6.6066  10.7455  10.7455  10.7896  10.9099

          k = 0.1000 0.1000 0.1000 ( 18898 PWs)   bands (ev):

   -97.2683 -57.6924 -57.6924 -57.6924 -20.9515  -7.6169  -6.5343  -6.5343
    -5.0589  -5.0589  -5.0488   1.2230   1.5532   1.5532   3.5135   3.5135
     3.7158   3.9989   4.0577   4.0577   4.3142   4.3142   4.3607   4.8240
     4.8240   6.8212   9.4523   9.8976   9.8976

          k = 0.1000 0.1000 0.2000 ( 18871 PWs)   bands (ev):

   -97.2683 -57.6924 -57.6924 -57.6924 -20.9513  -7.5603  -6.6127  -6.5292
    -5.0592  -5.0532  -5.0315   1.1106   1.6107   1.6850   3.2136   3.2456
     3.5772   3.8950   3.9934   4.0409   4.3256   4.4098   4.4575   4.8106
     5.0193   7.2663   9.8254  10.1126  10.2061

          k = 0.1000 0.1000 0.3000 ( 18826 PWs)   bands (ev):

   -97.2683 -57.6924 -57.6924 -57.6924 -20.9512  -7.4765  -6.7211  -6.5229
    -5.0597  -5.0494  -5.0101   1.0385   1.6948   1.8066   2.8370   2.9900
     3.5218   3.7364   3.9111   4.0299   4.3234   4.5158   4.5837   4.7878
     5.0832   7.9830  10.2441  10.5216  10.7013

          k = 0.1000 0.1000 0.4000 ( 18829 PWs)   bands (ev):

   -97.2683 -57.6924 -57.6924 -57.6923 -20.9510  -7.3880  -6.8280  -6.5178
    -5.0602  -5.0465  -4.9947   1.0119   1.7800   1.8986   2.5621   2.7965
     3.4498   3.6501   3.8356   4.0210   4.3222   4.5940   4.6829   4.7589
     5.0740   8.8623  10.5942  10.7659  11.1627

          k = 0.1000 0.1000-0.5000 ( 18826 PWs)   bands (ev):

   -97.2683 -57.6924 -57.6924 -57.6923 -20.9510  -7.3443  -6.8783  -6.5159
    -5.0603  -5.0455  -4.9893   1.0087   1.8194   1.9342   2.4603   2.7206
     3.4116   3.6281   3.8061   4.0175   4.3217   4.6275   4.7240   4.7412
     5.0590   9.5077  10.3966  10.8347  11.2504

          k = 0.1000 0.2000 0.2000 ( 18883 PWs)   bands (ev):

   -97.2683 -57.6924 -57.6924 -57.6924 -20.9512  -7.5032  -6.6412  -6.5670
    -5.0578  -5.0454  -5.0260   0.9435   1.6946   1.8270   2.8557   3.2027
     3.2788   3.8954   3.9276   4.1411   4.3847   4.4500   4.4732   4.8673
     5.2654   7.5850  10.1089  10.3356  10.3490

          k = 0.1000 0.2000 0.3000 ( 18850 PWs)   bands (ev):

   -97.2683 -57.6924 -57.6924 -57.6924 -20.9510  -7.4180  -6.7293  -6.5738
    -5.0588  -5.0403  -5.0139   0.8173   1.7839   1.9647   2.5105   2.9461
     3.2558   3.7520   3.9114   4.1745   4.4026   4.5481   4.5672   4.8433
     5.4331   8.1822  10.4631  10.6405  10.7593

          k = 0.1000 0.2000 0.4000 ( 18839 PWs)   bands (ev):

   -97.2683 -57.6924 -57.6924 -57.6923 -20.9509  -7.3263  -6.8307  -6.5709
    -5.0608  -5.0374  -5.0036   0.7484   1.8744   2.0587   2.2670   2.7360
     3.2796   3.6149   3.9081   4.1463   4.4067   4.6565   4.6680   4.7975
     5.4737   8.9915  10.7874  10.8368  11.2540

          k = 0.1000 0.2000-0.5000 ( 18820 PWs)   bands (ev):

   -97.2683 -57.6924 -57.6924 -57.6923 -20.9508  -7.2794  -6.8815  -6.5693
    -5.0617  -5.0362  -4.9999   0.7281   1.9179   2.0931   2.1780   2.6525
     3.2990   3.5532   3.9068   4.1307   4.4076   4.7104   4.7364   4.7403
     5.4718   9.6082  10.4950  11.0714  11.2989

          k = 0.1000 0.3000 0.3000 ( 18850 PWs)   bands (ev):

   -97.2683 -57.6924 -57.6924 -57.6924 -20.9508  -7.3299  -6.7635  -6.6279
    -5.0578  -5.0331  -5.0153   0.6313   1.8805   2.1075   2.1964   2.9318
     2.9997   3.7653   3.7715   4.4379   4.4638   4.5307   4.6079   4.8249
     5.7812   8.5934  10.6656  10.9019  11.0514

          k = 0.1000 0.3000 0.4000 ( 18842 PWs)   bands (ev):

   -97.2683 -57.6924 -57.6924 -57.6923 -20.9507  -7.2320  -6.8369  -6.6522
    -5.0585  -5.0299  -5.0131   0.5142   1.9643   2.0021   2.1994   2.7424
     2.9950   3.6510   3.7764   4.4721   4.4877   4.6563   4.6877   4.7853
     5.9625   9.2474  10.7567  11.2122  11.3051

          k = 0.1000 0.3000-0.5000 ( 18822 PWs)   bands (ev):

   -97.2683 -57.6924 -57.6924 -57.6923 -20.9507  -7.1784  -6.8854  -6.6571
    -5.0591  -5.0289  -5.0118   0.4748   1.9082   2.0334   2.2334   2.6523
     3.0067   3.6036   3.7789   4.4633   4.4929   4.7100   4.7404   4.7645
     6.0081   9.8159  10.5223  11.1763  11.4284

          k = 0.1000 0.4000 0.4000 ( 18840 PWs)   bands (ev):

   -97.2683 -57.6924 -57.6924 -57.6924 -20.9506  -7.1217  -6.8558  -6.7385
    -5.0560  -5.0259  -5.0189   0.3591   1.7969   2.1026   2.2884   2.7383
     2.7864   3.6700   3.6759   4.5397   4.5746   4.6812   4.7538   4.8247
     6.3179   9.6965  10.6760  11.2739  11.4530

          k = 0.1000 0.4000-0.5000 ( 18840 PWs)   bands (ev):

   -97.2683 -57.6924 -57.6924 -57.6923 -20.9505  -7.0520  -6.8885  -6.7737
    -5.0551  -5.0248  -5.0205   0.3052   1.7335   2.1647   2.3224   2.6573
     2.7716   3.6331   3.6810   4.5567   4.5775   4.7099   4.7213   4.9121
     6.4414  10.1924  10.4956  10.8921  11.4646

          k = 0.1000-0.5000-0.5000 ( 18800 PWs)   bands (ev):

   -97.2682 -57.6924 -57.6923 -57.6923 -20.9505  -6.9324  -6.8898  -6.8898
    -5.0531  -5.0236  -5.0236   0.2460   1.6736   2.2409   2.3552   2.6593
     2.6593   3.6439   3.6439   4.5836   4.5883   4.7082   4.7082   4.9995
     6.6087  10.5116  10.7282  10.7282  10.8367

          k = 0.2000 0.2000 0.2000 ( 18850 PWs)   bands (ev):

   -97.2683 -57.6924 -57.6924 -57.6924 -20.9511  -7.4465  -6.6326  -6.6326
    -5.0520  -5.0520  -5.0191   0.7498   1.8712   1.8712   2.7882   2.9232
     2.9232   3.9929   3.9929   4.2450   4.4065   4.4718   4.4718   5.2415
     5.2415   7.8304  10.2210  10.4687  10.4687

          k = 0.2000 0.2000 0.3000 ( 18847 PWs)   bands (ev):

   -97.2683 -57.6924 -57.6924 -57.6924 -20.9509  -7.3616  -6.7275  -6.6219
    -5.0604  -5.0436  -5.0135   0.5878   1.9404   2.0147   2.4527   2.6668
     2.9193   3.9769   4.0143   4.2813   4.4335   4.5486   4.5658   5.1966
     5.4899   8.3391  10.3881  10.7181  10.7923

          k = 0.2000 0.2000 0.4000 ( 18847 PWs)   bands (ev):

   -97.2683 -57.6924 -57.6924 -57.6923 -20.9507  -7.2687  -6.8279  -6.6131
    -5.0673  -5.0350  -5.0121   0.4887   2.0239   2.1011   2.2137   2.4675
     2.9463   3.9346   4.0218   4.2502   4.4455   4.6494   4.6924   5.1396
     5.5707   9.0903  10.5147  10.9073  11.2943

          k = 0.2000 0.2000-0.5000 ( 18830 PWs)   bands (ev):

   -97.2683 -57.6924 -57.6924 -57.6923 -20.9507  -7.2196  -6.8796  -6.6097
    -5.0700  -5.0308  -5.0127   0.4562   2.0751   2.1280   2.1309   2.3775
     2.9593   3.9143   4.0249   4.2328   4.4487   4.6956   4.7493   5.1080
     5.5784   9.6992  10.3456  11.0292  11.2250

          k = 0.2000 0.3000 0.3000 ( 18857 PWs)   bands (ev):

   -97.2683 -57.6924 -57.6924 -57.6924 -20.9507  -7.2767  -6.7515  -6.6700
    -5.0629  -5.0463  -5.0147   0.3800   2.0250   2.1149   2.2168   2.6217
     2.6579   4.0391   4.0707   4.4705   4.4947   4.5439   4.5933   5.2668
     5.7654   8.6937  10.3171  10.9529  11.0043

          k = 0.2000 0.3000 0.4000 ( 18843 PWs)   bands (ev):

   -97.2683 -57.6924 -57.6924 -57.6923 -20.9506  -7.1812  -6.8272  -6.6791
    -5.0693  -5.0401  -5.0202   0.2430   2.0048   2.1173   2.1904   2.4322
     2.6693   4.0456   4.0803   4.4901   4.5320   4.6449   4.7115   5.2208
     5.9575   9.3026  10.2748  11.0944  11.3265

          k = 0.2000 0.3000-0.5000 ( 18814 PWs)   bands (ev):

   -97.2683 -57.6924 -57.6924 -57.6923 -20.9505  -7.1274  -6.8773  -6.6786
    -5.0725  -5.0318  -5.0276   0.1958   1.9429   2.1549   2.2331   2.3248
     2.6832   4.0448   4.0788   4.4826   4.5364   4.6975   4.7807   5.1910
     6.0069   9.8830  10.1409  10.9911  11.1125

          k = 0.2000 0.4000 0.4000 ( 18837 PWs)   bands (ev):

   -97.2683 -57.6924 -57.6924 -57.6924 -20.9504  -7.0794  -6.8417  -6.7490
    -5.0688  -5.0437  -5.0290   0.0763   1.8459   2.1807   2.2564   2.4551
     2.4704   4.0720   4.0940   4.5844   4.6290   4.6728   4.8379   5.1683
     6.3141   9.6952  10.1254  11.1908  11.2142

          k = 0.2000 0.4000-0.5000 ( 18830 PWs)   bands (ev):

   -97.2683 -57.6924 -57.6924 -57.6923 -20.9504  -7.0137  -6.8756  -6.7742
    -5.0689  -5.0389  -5.0381   0.0177   1.7887   2.2239   2.3125   2.3364
     2.4784   4.0813   4.0914   4.5884   4.6503   4.7094   4.9227   5.1313
     6.4415   9.9773  10.2193  10.7182  11.2192

          k = 0.2000-0.5000-0.5000 ( 18800 PWs)   bands (ev):

   -97.2682 -57.6924 -57.6923 -57.6923 -20.9503  -6.9061  -6.8749  -6.8749
    -5.0650  -5.0430  -5.0430  -0.0450   1.7342   2.2949   2.3436   2.3436
     2.3576   4.0918   4.0918   4.5990   4.7110   4.7110   5.0094   5.0877
     6.6144   9.9172  10.6085  10.6085  10.9646

          k = 0.3000 0.3000 0.3000 ( 18829 PWs)   bands (ev):

   -97.2683 -57.6924 -57.6924 -57.6923 -20.9505  -7.1965  -6.7365  -6.7365
    -5.0630  -5.0630  -5.0200   0.1390   2.1212   2.1212   2.1538   2.4421
     2.4421   4.2701   4.2701   4.5070   4.5654   4.5654   4.5862   5.7323
     5.7323   8.9368  10.0424  11.0983  11.0985

          k = 0.3000 0.3000 0.4000 ( 18815 PWs)   bands (ev):

   -97.2683 -57.6924 -57.6924 -57.6923 -20.9504  -7.1051  -6.8169  -6.7241
    -5.0767  -5.0565  -5.0310  -0.0251   2.0081   2.1191   2.1698   2.3142
     2.4496   4.3371   4.3692   4.5445   4.5466   4.6401   4.7422   5.6889
     6.0136   9.4114   9.8938  11.0381  11.1603

          k = 0.3000 0.3000-0.5000 ( 18852 PWs)   bands (ev):

   -97.2683 -57.6924 -57.6924 -57.6924 -20.9504  -7.0504  -6.8674  -6.7193
    -5.0821  -5.0468  -5.0424  -0.0828   1.9500   2.1138   2.1837   2.2757
     2.4634   4.3530   4.3804   4.5363   4.5526   4.7054   4.8138   5.6662
     6.0927   9.7629   9.9693  10.7119  11.0108

          k = 0.3000 0.4000 0.4000 ( 18826 PWs)   bands (ev):

   -97.2683 -57.6924 -57.6923 -57.6923 -20.9503  -7.0171  -6.8239  -6.7714
    -5.0805  -5.0661  -5.0455  -0.2110   1.9059   2.1129   2.1274   2.3338
     2.3673   4.4476   4.4691   4.5999   4.6385   4.6776   4.8564   5.7749
     6.3023   9.5464   9.7892  10.8620  11.0893

          k = 0.3000 0.4000-0.5000 ( 18834 PWs)   bands (ev):

   -97.2683 -57.6924 -57.6924 -57.6923 -20.9502  -6.9585  -6.8593  -6.7817
    -5.0835  -5.0619  -5.0574  -0.2768   1.8573   2.0907   2.1307   2.3249
     2.3726   4.4678   4.4716   4.6042   4.6649   4.7405   4.9367   5.7613
     6.4406   9.5071  10.1241  10.4352  11.0656

          k = 0.3000-0.5000-0.5000 ( 18808 PWs)   bands (ev):

   -97.2683 -57.6924 -57.6923 -57.6923 -20.9502  -6.8729  -6.8562  -6.8562
    -5.0796  -5.0675  -5.0675  -0.3457   1.8108   2.1001   2.1001   2.3349
     2.3605   4.4810   4.4810   4.6136   4.7493   4.7493   5.0218   5.7476
     6.6214   9.4174  10.3254  10.3254  10.7230

          k = 0.4000 0.4000 0.4000 ( 18829 PWs)   bands (ev):

   -97.2683 -57.6924 -57.6923 -57.6923 -20.9502  -6.9468  -6.8091  -6.8091
    -5.0847  -5.0847  -5.0639  -0.4128   1.9307   1.9990   1.9990   2.3523
     2.3523   4.5955   4.6137   4.6137   4.7808   4.7808   4.9025   6.2831
     6.2831   9.2945   9.7809  10.5969  10.5969

          k = 0.4000 0.4000-0.5000 ( 18816 PWs)   bands (ev):

   -97.2683 -57.6923 -57.6923 -57.6923 -20.9501  -6.8976  -6.8458  -6.8034
    -5.0919  -5.0806  -5.0766  -0.4846   1.9003   1.9526   1.9978   2.3502
     2.3618   4.6048   4.6129   4.6215   4.8209   4.8895   4.9658   6.2723
     6.4824   9.1973   9.9929  10.1499  10.5005

          k = 0.4000-0.5000-0.5000 ( 18836 PWs)   bands (ev):

   -97.2683 -57.6924 -57.6923 -57.6923 -20.9501  -6.8453  -6.8406  -6.8406
    -5.0912  -5.0878  -5.0878  -0.5586   1.8742   1.9496   1.9496   2.3568
     2.3629   4.6187   4.6187   4.6269   4.9294   4.9294   5.0320   6.3584
     6.6271   9.0893  10.0337  10.0337  10.1620

          k =-0.5000-0.5000-0.5000 ( 18656 PWs)   bands (ev):

   -97.2682 -57.6923 -57.6923 -57.6923 -20.9500  -6.8345  -6.8345  -6.8345
    -5.0957  -5.0957  -5.0957  -0.6347   1.8988   1.8988   1.8988   2.3638
     2.3638   4.6323   4.6323   4.6323   5.0359   5.0359   5.0359   6.6294
     6.6294   8.9749   9.9138   9.9139   9.9139

     the Fermi energy is     5.1984 ev

!    total energy              =   -1625.29240104 Ry
     estimated scf accuracy    <          4.1E-11 Ry
     smearing contrib. (-TS)   =      -0.00047433 Ry
     internal energy E=F+TS    =   -1625.29192672 Ry

     The total energy is F=E-TS. E is the sum of the following terms:
     one-electron contribution =    -383.80336601 Ry
     hartree contribution      =     210.82741133 Ry
     xc contribution           =    -101.02947627 Ry
     ewald contribution        =    -220.78336196 Ry
     one-center paw contrib.   =   -1130.50313381 Ry

     convergence has been achieved in  15 iterations

     Forces acting on atoms (cartesian axes, Ry/au):

     atom    1 type  1   force =     0.00000000    0.00000000    0.00000000
     atom    2 type  2   force =     0.00000000    0.00000000    0.00000000
     atom    3 type  3   force =     0.00000000    0.00000000    0.00000000
     atom    4 type  3   force =     0.00000000    0.00000000    0.00000000
     atom    5 type  3   force =     0.00000000    0.00000000    0.00000000

     Total force =     0.000000     Total SCF correction =     0.000000


     Computing stress (Cartesian axis) and pressure

          total   stress  (Ry/bohr**3)                   (kbar)     P=        5.04
   0.00003426   0.00000000   0.00000000            5.04        0.00        0.00
   0.00000000   0.00003426   0.00000000            0.00        5.04        0.00
   0.00000000   0.00000000   0.00003426            0.00        0.00        5.04


     BFGS Geometry Optimization
     Energy error            =      0.0E+00 Ry
     Gradient error          =      0.0E+00 Ry/Bohr

     bfgs converged in   1 scf cycles and   0 bfgs steps
     (criteria: energy <  1.0E-05 Ry, force <  1.0E-03 Ry/Bohr)

     End of BFGS Geometry Optimization

     Final energy             =   -1625.2924010414 Ry
Begin final coordinates

ATOMIC_POSITIONS (crystal)
Rb               0.0000000000        0.0000000000        0.0000000000
Ni               0.5000000000        0.5000000000        0.5000000000
I                0.5000000000        0.5000000000        0.0000000000
I                0.5000000000        0.0000000000        0.5000000000
I                0.0000000000        0.5000000000        0.5000000000
End final coordinates



  ++++++++++++++++++++++++++++++++++++++++++++++++++++++++++++++++++++++++++++
     Doing work    5 /     9
  ++++++++++++++++++++++++++++++++++++++++++++++++++++++++++++++++++++++++++++


     Current dimensions of program PWSCF are:
     Max number of different atomic species (ntypx) = 10
     Max number of k-points (npk) = 120000
     Max angular momentum in pseudopotentials (lmaxx) =  4

     WARNING: check_stop already initialized

     Parallelization info
     --------------------
     sticks:   dense  smooth     PW     G-vecs:    dense   smooth      PW
     Min        3448    1728    473               216382    76386   11046
     Max        3461    1729    476               216531    76449   11097
     Sum        6909    3457    949               432913   152835   22143

     Using Pencil Decomposition



     bravais-lattice index     =            1
     lattice parameter (alat)  =      10.4221  a.u.
     unit-cell volume          =    1132.0615 (a.u.)^3
     number of atoms/cell      =            5
     number of atomic types    =            3
     number of electrons       =        48.00
     number of Kohn-Sham states=           29
     kinetic-energy cutoff     =     100.0000  Ry
     charge density cutoff     =     800.0000  Ry
     scf convergence threshold =      1.0E-10
     mixing beta               =       0.3000
     number of iterations used =            8  plain     mixing
     energy convergence thresh.=      1.0E-05
     force convergence thresh. =      1.0E-03
     Exchange-correlation= PBE
                           (   1   4   3   4   0   0   0)
     nstep                     =           20


     celldm(1)=  10.422135  celldm(2)=   0.000000  celldm(3)=   0.000000
     celldm(4)=   0.000000  celldm(5)=   0.000000  celldm(6)=   0.000000

     crystal axes: (cart. coord. in units of alat)
               a(1) = (   1.000000   0.000000   0.000000 )  
               a(2) = (   0.000000   1.000000   0.000000 )  
               a(3) = (   0.000000   0.000000   1.000000 )  

     reciprocal axes: (cart. coord. in units 2 pi/alat)
               b(1) = (  1.000000  0.000000  0.000000 )  
               b(2) = (  0.000000  1.000000  0.000000 )  
               b(3) = (  0.000000  0.000000  1.000000 )  


     PseudoPot. # 1 for Rb read from file:
     /home/administrator/Downloads/BURAI/BURAI1.3/pseudopot/Rb.pbe-spn-rrkjus_psl.1.0.0.UPF
     MD5 check sum: 8db0524251f08d4bb5a0a04c31658078
     Pseudo is Ultrasoft + core correction, Zval =  9.0
     Generated using "atomic" code by A. Dal Corso  v.5.1.2
     Using radial grid of 1219 points,  6 beta functions with: 
                l(1) =   0
                l(2) =   0
                l(3) =   1
                l(4) =   1
                l(5) =   2
                l(6) =   2
     Q(r) pseudized with 0 coefficients 


     PseudoPot. # 2 for Ni read from file:
     /home/administrator/Downloads/BURAI/BURAI1.3/pseudopot/Ni.pbe-spn-kjpaw_psl.1.0.0.UPF
     MD5 check sum: ea56550a36ffb6c479804d371adbec59
     Pseudo is Projector augmented-wave + core cor, Zval = 18.0
     Generated using "atomic" code by A. Dal Corso  v.5.1.2
     Shape of augmentation charge: PSQ
     Using radial grid of 1195 points,  6 beta functions with: 
                l(1) =   0
                l(2) =   0
                l(3) =   1
                l(4) =   1
                l(5) =   2
                l(6) =   2
     Q(r) pseudized with 0 coefficients 


     PseudoPot. # 3 for I  read from file:
     /home/administrator/Downloads/BURAI/BURAI1.3/pseudopot/I.pbe-n-kjpaw_psl.1.0.0.UPF
     MD5 check sum: e1b2a55c91904a364f23c37cb15bc296
     Pseudo is Projector augmented-wave + core cor, Zval =  7.0
     Generated using "atomic" code by A. Dal Corso  v.5.1.2
     Shape of augmentation charge: PSQ
     Using radial grid of 1247 points,  6 beta functions with: 
                l(1) =   0
                l(2) =   0
                l(3) =   1
                l(4) =   1
                l(5) =   2
                l(6) =   2
     Q(r) pseudized with 0 coefficients 


     atomic species   valence    mass     pseudopotential
     Rb                9.00    85.46780     Rb( 1.00)
     Ni               18.00    58.69340     Ni( 1.00)
     I                 7.00   126.90450     I ( 1.00)

     48 Sym. Ops., with inversion, found



   Cartesian axes

     site n.     atom                  positions (alat units)
         1        Rb     tau(   1) = (   0.0000000   0.0000000   0.0000000  )
         2        Ni     tau(   2) = (   0.5000000   0.5000000   0.5000000  )
         3        I      tau(   3) = (   0.5000000   0.5000000   0.0000000  )
         4        I      tau(   4) = (   0.5000000   0.0000000   0.5000000  )
         5        I      tau(   5) = (   0.0000000   0.5000000   0.5000000  )

     number of k points=    56  Gaussian smearing, width (Ry)=  0.0050
                       cart. coord. in units 2pi/alat
        k(    1) = (   0.0000000   0.0000000   0.0000000), wk =   0.0020000
        k(    2) = (   0.0000000   0.0000000   0.1000000), wk =   0.0120000
        k(    3) = (   0.0000000   0.0000000   0.2000000), wk =   0.0120000
        k(    4) = (   0.0000000   0.0000000   0.3000000), wk =   0.0120000
        k(    5) = (   0.0000000   0.0000000   0.4000000), wk =   0.0120000
        k(    6) = (   0.0000000   0.0000000  -0.5000000), wk =   0.0060000
        k(    7) = (   0.0000000   0.1000000   0.1000000), wk =   0.0240000
        k(    8) = (   0.0000000   0.1000000   0.2000000), wk =   0.0480000
        k(    9) = (   0.0000000   0.1000000   0.3000000), wk =   0.0480000
        k(   10) = (   0.0000000   0.1000000   0.4000000), wk =   0.0480000
        k(   11) = (   0.0000000   0.1000000  -0.5000000), wk =   0.0240000
        k(   12) = (   0.0000000   0.2000000   0.2000000), wk =   0.0240000
        k(   13) = (   0.0000000   0.2000000   0.3000000), wk =   0.0480000
        k(   14) = (   0.0000000   0.2000000   0.4000000), wk =   0.0480000
        k(   15) = (   0.0000000   0.2000000  -0.5000000), wk =   0.0240000
        k(   16) = (   0.0000000   0.3000000   0.3000000), wk =   0.0240000
        k(   17) = (   0.0000000   0.3000000   0.4000000), wk =   0.0480000
        k(   18) = (   0.0000000   0.3000000  -0.5000000), wk =   0.0240000
        k(   19) = (   0.0000000   0.4000000   0.4000000), wk =   0.0240000
        k(   20) = (   0.0000000   0.4000000  -0.5000000), wk =   0.0240000
        k(   21) = (   0.0000000  -0.5000000  -0.5000000), wk =   0.0060000
        k(   22) = (   0.1000000   0.1000000   0.1000000), wk =   0.0160000
        k(   23) = (   0.1000000   0.1000000   0.2000000), wk =   0.0480000
        k(   24) = (   0.1000000   0.1000000   0.3000000), wk =   0.0480000
        k(   25) = (   0.1000000   0.1000000   0.4000000), wk =   0.0480000
        k(   26) = (   0.1000000   0.1000000  -0.5000000), wk =   0.0240000
        k(   27) = (   0.1000000   0.2000000   0.2000000), wk =   0.0480000
        k(   28) = (   0.1000000   0.2000000   0.3000000), wk =   0.0960000
        k(   29) = (   0.1000000   0.2000000   0.4000000), wk =   0.0960000
        k(   30) = (   0.1000000   0.2000000  -0.5000000), wk =   0.0480000
        k(   31) = (   0.1000000   0.3000000   0.3000000), wk =   0.0480000
        k(   32) = (   0.1000000   0.3000000   0.4000000), wk =   0.0960000
        k(   33) = (   0.1000000   0.3000000  -0.5000000), wk =   0.0480000
        k(   34) = (   0.1000000   0.4000000   0.4000000), wk =   0.0480000
        k(   35) = (   0.1000000   0.4000000  -0.5000000), wk =   0.0480000
        k(   36) = (   0.1000000  -0.5000000  -0.5000000), wk =   0.0120000
        k(   37) = (   0.2000000   0.2000000   0.2000000), wk =   0.0160000
        k(   38) = (   0.2000000   0.2000000   0.3000000), wk =   0.0480000
        k(   39) = (   0.2000000   0.2000000   0.4000000), wk =   0.0480000
        k(   40) = (   0.2000000   0.2000000  -0.5000000), wk =   0.0240000
        k(   41) = (   0.2000000   0.3000000   0.3000000), wk =   0.0480000
        k(   42) = (   0.2000000   0.3000000   0.4000000), wk =   0.0960000
        k(   43) = (   0.2000000   0.3000000  -0.5000000), wk =   0.0480000
        k(   44) = (   0.2000000   0.4000000   0.4000000), wk =   0.0480000
        k(   45) = (   0.2000000   0.4000000  -0.5000000), wk =   0.0480000
        k(   46) = (   0.2000000  -0.5000000  -0.5000000), wk =   0.0120000
        k(   47) = (   0.3000000   0.3000000   0.3000000), wk =   0.0160000
        k(   48) = (   0.3000000   0.3000000   0.4000000), wk =   0.0480000
        k(   49) = (   0.3000000   0.3000000  -0.5000000), wk =   0.0240000
        k(   50) = (   0.3000000   0.4000000   0.4000000), wk =   0.0480000
        k(   51) = (   0.3000000   0.4000000  -0.5000000), wk =   0.0480000
        k(   52) = (   0.3000000  -0.5000000  -0.5000000), wk =   0.0120000
        k(   53) = (   0.4000000   0.4000000   0.4000000), wk =   0.0160000
        k(   54) = (   0.4000000   0.4000000  -0.5000000), wk =   0.0240000
        k(   55) = (   0.4000000  -0.5000000  -0.5000000), wk =   0.0120000
        k(   56) = (  -0.5000000  -0.5000000  -0.5000000), wk =   0.0020000

     Dense  grid:   432913 G-vectors     FFT dimensions: (  96,  96,  96)

     Smooth grid:   152835 G-vectors     FFT dimensions: (  72,  72,  72)

     Estimated max dynamical RAM per process >     383.05 MB

     Estimated total dynamical RAM >       2.68 GB

     Initial potential from superposition of free atoms

     starting charge      47.9767, renormalised to      48.0000
     Starting wfcs are   30 randomized atomic wfcs
     Checking if some PAW data can be deallocated... 

     total cpu time spent up to now is     2428.7 secs

     Self-consistent Calculation

     iteration #  1     ecut=   100.00 Ry     beta= 0.30
     Davidson diagonalization with overlap
     ethr =  1.00E-02,  avg # of iterations =  6.2

     total cpu time spent up to now is     2463.9 secs

     total energy              =   -1624.84108653 Ry
     estimated scf accuracy    <       1.11755236 Ry

     iteration #  2     ecut=   100.00 Ry     beta= 0.30
     Davidson diagonalization with overlap
     ethr =  2.33E-03,  avg # of iterations =  4.4

     total cpu time spent up to now is     2497.3 secs

     total energy              =   -1624.90598342 Ry
     estimated scf accuracy    <       4.44069807 Ry

     iteration #  3     ecut=   100.00 Ry     beta= 0.30
     Davidson diagonalization with overlap
     ethr =  2.33E-03,  avg # of iterations =  3.5

     total cpu time spent up to now is     2528.5 secs

     total energy              =   -1625.28673420 Ry
     estimated scf accuracy    <       0.03987058 Ry

     iteration #  4     ecut=   100.00 Ry     beta= 0.30
     Davidson diagonalization with overlap
     ethr =  8.31E-05,  avg # of iterations =  6.1

     total cpu time spent up to now is     2564.9 secs

     total energy              =   -1625.29450488 Ry
     estimated scf accuracy    <       0.01197746 Ry

     iteration #  5     ecut=   100.00 Ry     beta= 0.30
     Davidson diagonalization with overlap
     ethr =  2.50E-05,  avg # of iterations =  5.1

     total cpu time spent up to now is     2600.2 secs

     total energy              =   -1625.29155485 Ry
     estimated scf accuracy    <       0.10121388 Ry

     iteration #  6     ecut=   100.00 Ry     beta= 0.30
     Davidson diagonalization with overlap
     ethr =  2.50E-05,  avg # of iterations =  2.3

     total cpu time spent up to now is     2630.0 secs

     total energy              =   -1625.29030842 Ry
     estimated scf accuracy    <       0.02198547 Ry

     iteration #  7     ecut=   100.00 Ry     beta= 0.30
     Davidson diagonalization with overlap
     ethr =  2.50E-05,  avg # of iterations =  2.8

     total cpu time spent up to now is     2660.3 secs

     total energy              =   -1625.29259812 Ry
     estimated scf accuracy    <       0.00054955 Ry

     iteration #  8     ecut=   100.00 Ry     beta= 0.30
     Davidson diagonalization with overlap
     c_bands:  1 eigenvalues not converged
     ethr =  1.14E-06,  avg # of iterations =  8.3

     total cpu time spent up to now is     2701.7 secs

     total energy              =   -1625.29282319 Ry
     estimated scf accuracy    <       0.00030111 Ry

     iteration #  9     ecut=   100.00 Ry     beta= 0.30
     Davidson diagonalization with overlap
     ethr =  6.27E-07,  avg # of iterations =  2.0

     total cpu time spent up to now is     2730.4 secs

     total energy              =   -1625.29267657 Ry
     estimated scf accuracy    <       0.00082898 Ry

     iteration # 10     ecut=   100.00 Ry     beta= 0.30
     Davidson diagonalization with overlap
     ethr =  6.27E-07,  avg # of iterations =  2.2

     total cpu time spent up to now is     2760.0 secs

     total energy              =   -1625.29278226 Ry
     estimated scf accuracy    <       0.00003134 Ry

     iteration # 11     ecut=   100.00 Ry     beta= 0.30
     Davidson diagonalization with overlap
     ethr =  6.53E-08,  avg # of iterations =  2.1

     total cpu time spent up to now is     2789.3 secs

     total energy              =   -1625.29278124 Ry
     estimated scf accuracy    <       0.00002020 Ry

     iteration # 12     ecut=   100.00 Ry     beta= 0.30
     Davidson diagonalization with overlap
     ethr =  4.21E-08,  avg # of iterations =  1.2

     total cpu time spent up to now is     2816.6 secs

     total energy              =   -1625.29278236 Ry
     estimated scf accuracy    <       0.00000116 Ry

     iteration # 13     ecut=   100.00 Ry     beta= 0.30
     Davidson diagonalization with overlap
     ethr =  2.41E-09,  avg # of iterations =  2.6

     total cpu time spent up to now is     2847.1 secs

     total energy              =   -1625.29278249 Ry
     estimated scf accuracy    <       0.00000019 Ry

     iteration # 14     ecut=   100.00 Ry     beta= 0.30
     Davidson diagonalization with overlap
     ethr =  3.93E-10,  avg # of iterations =  2.3

     total cpu time spent up to now is     2876.2 secs

     total energy              =   -1625.29278251 Ry
     estimated scf accuracy    <       0.00000002 Ry

     iteration # 15     ecut=   100.00 Ry     beta= 0.30
     Davidson diagonalization with overlap
     ethr =  5.14E-11,  avg # of iterations =  3.8

     total cpu time spent up to now is     2908.4 secs

     total energy              =   -1625.29278251 Ry
     estimated scf accuracy    <          2.0E-09 Ry

     iteration # 16     ecut=   100.00 Ry     beta= 0.30
     Davidson diagonalization with overlap
     ethr =  4.18E-12,  avg # of iterations =  3.9

     total cpu time spent up to now is     2941.6 secs

     total energy              =   -1625.29278252 Ry
     estimated scf accuracy    <          4.6E-10 Ry

     iteration # 17     ecut=   100.00 Ry     beta= 0.30
     Davidson diagonalization with overlap
     ethr =  9.58E-13,  avg # of iterations =  3.5

     total cpu time spent up to now is     2976.3 secs

     total energy              =   -1625.29278252 Ry
     estimated scf accuracy    <          6.6E-10 Ry

     iteration # 18     ecut=   100.00 Ry     beta= 0.30
     Davidson diagonalization with overlap
     ethr =  9.58E-13,  avg # of iterations =  1.1

     total cpu time spent up to now is     3003.5 secs

     total energy              =   -1625.29278252 Ry
     estimated scf accuracy    <          3.0E-10 Ry

     iteration # 19     ecut=   100.00 Ry     beta= 0.30
     Davidson diagonalization with overlap
     ethr =  6.33E-13,  avg # of iterations =  2.1

     total cpu time spent up to now is     3033.2 secs

     End of self-consistent calculation

          k = 0.0000 0.0000 0.0000 ( 19213 PWs)   bands (ev):

   -97.4150 -57.8389 -57.8389 -57.8389 -21.1179  -7.7728  -6.6303  -6.6303
    -5.2278  -5.2278  -5.2278   1.3219   1.3219   1.3219   3.7690   3.7690
     3.7690   3.9645   3.9645   3.9645   4.1058   4.1058   4.3963   4.3963
     4.3963   6.1209   8.7670   9.4691   9.4691

          k = 0.0000 0.0000 0.1000 ( 19125 PWs)   bands (ev):

   -97.4150 -57.8389 -57.8389 -57.8389 -21.1179  -7.7537  -6.6593  -6.6291
    -5.2270  -5.2270  -5.2185   1.3039   1.3427   1.3427   3.6203   3.6203
     3.7278   3.9038   3.9650   4.0385   4.0385   4.1063   4.4189   4.4189
     4.4465   6.3393   8.9417   9.5507   9.6147

          k = 0.0000 0.0000 0.2000 ( 19137 PWs)   bands (ev):

   -97.4150 -57.8389 -57.8389 -57.8389 -21.1177  -7.6990  -6.7383  -6.6259
    -5.2248  -5.2248  -5.1961   1.2682   1.4016   1.4016   3.3720   3.3720
     3.5161   3.6255   3.9664   4.0911   4.0911   4.1073   4.4757   4.4757
     4.4947   6.9016   9.3808   9.8070  10.0203

          k = 0.0000 0.0000 0.3000 ( 19157 PWs)   bands (ev):

   -97.4150 -57.8389 -57.8389 -57.8389 -21.1176  -7.6184  -6.8462  -6.6218
    -5.2222  -5.2222  -5.1716   1.2483   1.4860   1.4860   3.1241   3.1241
     3.1242   3.5081   3.9681   4.0998   4.0998   4.1080   4.5231   4.5346
     4.5346   7.6847   9.8587  10.2448  10.5982

          k = 0.0000 0.0000 0.4000 ( 19105 PWs)   bands (ev):

   -97.4150 -57.8389 -57.8389 -57.8389 -21.1174  -7.5345  -6.9506  -6.6186
    -5.2200  -5.2200  -5.1541   1.2550   1.5684   1.5684   2.8320   2.9334
     2.9334   3.4193   3.9695   4.0942   4.0942   4.1084   4.5384   4.5733
     4.5733   8.5879  10.2334  10.4669  10.8723

          k = 0.0000 0.0000-0.5000 ( 19066 PWs)   bands (ev):

   -97.4150 -57.8389 -57.8389 -57.8388 -21.1174  -7.4938  -6.9987  -6.6173
    -5.2192  -5.2192  -5.1479   1.2644   1.6047   1.6047   2.7216   2.8592
     2.8592   3.3866   3.9700   4.0907   4.0907   4.1085   4.5432   4.5863
     4.5863   9.2358  10.1051  10.4429  11.0319

          k = 0.0000 0.1000 0.1000 ( 19149 PWs)   bands (ev):

   -97.4150 -57.8389 -57.8389 -57.8389 -21.1178  -7.7344  -6.6722  -6.6430
    -5.2262  -5.2210  -5.2155   1.2152   1.3641   1.4333   3.4236   3.5478
     3.7865   3.8558   3.8647   3.9166   4.1361   4.1452   4.3056   4.4330
     4.6643   6.5103   9.1007   9.6612   9.6977

          k = 0.0000 0.1000 0.2000 ( 19149 PWs)   bands (ev):

   -97.4150 -57.8389 -57.8389 -57.8389 -21.1177  -7.6795  -6.7433  -6.6450
    -5.2240  -5.2184  -5.1962   1.1267   1.4245   1.5403   3.1054   3.3482
     3.5464   3.7801   3.8060   3.8639   4.1932   4.2196   4.3444   4.4773
     4.7991   7.0043   9.5108   9.8989  10.0415

          k = 0.0000 0.1000 0.3000 ( 19124 PWs)   bands (ev):

   -97.4150 -57.8389 -57.8389 -57.8389 -21.1175  -7.5984  -6.8486  -6.6411
    -5.2214  -5.2170  -5.1736   1.0745   1.5115   1.6455   2.7749   3.1143
     3.2705   3.6930   3.7816   3.8429   4.2116   4.2417   4.4467   4.5320
     4.8320   7.7490   9.9769  10.3037  10.5711

          k = 0.0000 0.1000 0.4000 ( 19110 PWs)   bands (ev):

   -97.4150 -57.8389 -57.8389 -57.8389 -21.1174  -7.5133  -6.9522  -6.6374
    -5.2193  -5.2160  -5.1573   1.0611   1.5968   1.7324   2.5210   2.9267
     3.0787   3.6132   3.7689   3.8321   4.2160   4.2443   4.5394   4.5702
     4.8132   8.6334  10.3511  10.5395  11.1380

          k = 0.0000 0.1000-0.5000 ( 19116 PWs)   bands (ev):

   -97.4150 -57.8389 -57.8389 -57.8388 -21.1173  -7.4717  -7.0005  -6.6360
    -5.2185  -5.2157  -5.1516   1.0629   1.6348   1.7682   2.4241   2.8526
     3.0078   3.5824   3.7647   3.8281   4.2169   4.2438   4.5805   4.5832
     4.7948   9.2678  10.1845  10.5725  11.0743

          k = 0.0000 0.2000 0.2000 ( 19177 PWs)   bands (ev):

   -97.4150 -57.8389 -57.8389 -57.8389 -21.1176  -7.6238  -6.7760  -6.6796
    -5.2220  -5.2063  -5.1932   0.9609   1.4898   1.7065   2.7349   3.2562
     3.4932   3.6246   3.6250   3.9673   4.2204   4.3220   4.3346   4.4904
     5.1017   7.3470   9.8561  10.1598  10.1981

          k = 0.0000 0.2000 0.3000 ( 19154 PWs)   bands (ev):

   -97.4150 -57.8389 -57.8389 -57.8389 -21.1174  -7.5410  -6.8596  -6.6916
    -5.2195  -5.2044  -5.1786   0.8428   1.5847   1.8432   2.3982   3.0821
     3.2999   3.5264   3.5837   4.0082   4.2317   4.3802   4.4066   4.5270
     5.2592   7.9632  10.2858  10.4849  10.6362

          k = 0.0000 0.2000 0.4000 ( 19108 PWs)   bands (ev):

   -97.4150 -57.8389 -57.8389 -57.8389 -21.1173  -7.4523  -6.9567  -6.6922
    -5.2174  -5.2057  -5.1656   0.7809   1.6794   1.9376   2.1612   2.9086
     3.1468   3.4860   3.5768   3.9848   4.2349   4.3886   4.5212   4.5624
     5.2954   8.7748  10.6732  10.7373  11.0826

          k = 0.0000 0.2000-0.5000 ( 19098 PWs)   bands (ev):

   -97.4150 -57.8389 -57.8389 -57.8388 -21.1172  -7.4074  -7.0053  -6.6917
    -5.2166  -5.2063  -5.1608   0.7636   1.7224   1.9727   2.0747   2.8353
     3.0908   3.4745   3.5748   3.9710   4.2356   4.3893   4.5706   4.5753
     5.2933   9.3743  10.3752  10.9408  11.1866

          k = 0.0000 0.3000 0.3000 ( 19126 PWs)   bands (ev):

   -97.4150 -57.8389 -57.8389 -57.8389 -21.1172  -7.4546  -6.8949  -6.7469
    -5.2170  -5.1925  -5.1818   0.6587   1.6929   1.9935   2.0810   3.0093
     3.2829   3.3087   3.4158   4.2374   4.2781   4.3834   4.4621   4.5300
     5.6056   8.3886  10.6356  10.7787  10.9502

          k = 0.0000 0.3000 0.4000 ( 19111 PWs)   bands (ev):

   -97.4150 -57.8389 -57.8389 -57.8389 -21.1171  -7.3590  -6.9650  -6.7756
    -5.2151  -5.1931  -5.1749   0.5452   1.8051   1.8705   2.0879   2.8838
     3.1952   3.2002   3.3829   4.2397   4.3185   4.4840   4.5210   4.5534
     5.7822   9.0450  10.8878  11.0905  11.2141

          k = 0.0000 0.3000-0.5000 ( 19098 PWs)   bands (ev):

   -97.4150 -57.8389 -57.8389 -57.8388 -21.1171  -7.3072  -7.0112  -6.7824
    -5.2143  -5.1946  -5.1711   0.5074   1.7966   1.8581   2.1206   2.8139
     3.1532   3.1743   3.3823   4.2403   4.3098   4.4855   4.5659   4.5968
     5.8271   9.5913  10.4985  11.3325  11.4721

          k = 0.0000 0.4000 0.4000 ( 19118 PWs)   bands (ev):

   -97.4150 -57.8389 -57.8389 -57.8389 -21.1170  -7.2500  -6.9848  -6.8641
    -5.2132  -5.1840  -5.1809   0.3918   1.6840   1.9428   2.1785   2.8466
     2.9759   3.2190   3.2702   4.2416   4.4238   4.5333   4.5501   4.6554
     6.1270   9.5045  10.9032  11.0811  11.4038

          k = 0.0000 0.4000-0.5000 ( 19098 PWs)   bands (ev):

   -97.4150 -57.8389 -57.8389 -57.8388 -21.1169  -7.1813  -7.0160  -6.9012
    -5.2124  -5.1850  -5.1786   0.3389   1.6199   2.0132   2.2092   2.7967
     2.9120   3.1994   3.2596   4.2421   4.4262   4.5389   4.5587   4.7416
     6.2464   9.9807  10.5166  10.9794  11.3509

          k = 0.0000-0.5000-0.5000 ( 19072 PWs)   bands (ev):

   -97.4150 -57.8389 -57.8388 -57.8388 -21.1169  -7.0623  -7.0178  -7.0178
    -5.2117  -5.1813  -5.1813   0.2804   1.5594   2.0980   2.2391   2.7901
     2.7901   3.2168   3.2168   4.2425   4.4370   4.5560   4.5560   4.8266
     6.4069  10.5791  10.5791  10.5935  10.7420

          k = 0.1000 0.1000 0.1000 ( 19156 PWs)   bands (ev):

   -97.4150 -57.8389 -57.8389 -57.8389 -21.1178  -7.7152  -6.6704  -6.6704
    -5.2212  -5.2212  -5.2117   1.1282   1.4533   1.4533   3.3851   3.3851
     3.5774   3.8552   3.9121   3.9121   4.1714   4.1714   4.2122   4.6605
     4.6605   6.6535   9.2411   9.7612   9.7612

          k = 0.1000 0.1000 0.2000 ( 19154 PWs)   bands (ev):

   -97.4150 -57.8389 -57.8389 -57.8389 -21.1176  -7.6601  -6.7456  -6.6656
    -5.2215  -5.2159  -5.1955   1.0161   1.5102   1.5824   3.0868   3.1230
     3.4433   3.7531   3.8516   3.8959   4.1808   4.2637   4.3100   4.6484
     4.8533   7.0967   9.6130   9.9681  10.0653

          k = 0.1000 0.1000 0.3000 ( 19114 PWs)   bands (ev):

   -97.4150 -57.8389 -57.8389 -57.8389 -21.1175  -7.5787  -6.8499  -6.6597
    -5.2220  -5.2124  -5.1753   0.9424   1.5934   1.7017   2.7166   2.8725
     3.3896   3.5990   3.7733   3.8852   4.1789   4.3656   4.4332   4.6277
     4.9171   7.8072  10.0566  10.3396  10.5521

          k = 0.1000 0.1000 0.4000 ( 19095 PWs)   bands (ev):

   -97.4150 -57.8389 -57.8389 -57.8388 -21.1173  -7.4926  -6.9529  -6.6549
    -5.2224  -5.2097  -5.1607   0.9130   1.6776   1.7921   2.4483   2.6826
     3.3183   3.5158   3.7007   3.8766   4.1779   4.4402   4.5300   4.6018
     4.9091   8.6741  10.4311  10.5591  11.0142

          k = 0.1000 0.1000-0.5000 ( 19132 PWs)   bands (ev):

   -97.4150 -57.8389 -57.8389 -57.8389 -21.1173  -7.4501  -7.0017  -6.6531
    -5.2226  -5.2087  -5.1556   0.9083   1.7165   1.8272   2.3493   2.6080
     3.2806   3.4948   3.6723   3.8733   4.1775   4.4713   4.5700   4.5862
     4.8947   9.2987  10.2321  10.6502  11.4442

          k = 0.1000 0.2000 0.2000 ( 19148 PWs)   bands (ev):

   -97.4150 -57.8389 -57.8389 -57.8389 -21.1175  -7.6047  -6.7730  -6.7020
    -5.2202  -5.2086  -5.1902   0.8503   1.5926   1.7215   2.7366   3.0807
     3.1506   3.7522   3.7864   3.9949   4.2383   4.3045   4.3261   4.7047
     5.0949   7.4143   9.8937  10.1937  10.2054

          k = 0.1000 0.2000 0.3000 ( 19127 PWs)   bands (ev):

   -97.4150 -57.8389 -57.8389 -57.8389 -21.1173  -7.5220  -6.8578  -6.7086
    -5.2212  -5.2039  -5.1788   0.7234   1.6808   1.8567   2.3984   2.8281
     3.1300   3.6135   3.7698   4.0293   4.2559   4.3990   4.4173   4.6823
     5.2603   8.0065  10.2605  10.4823  10.6097

          k = 0.1000 0.2000 0.4000 ( 19106 PWs)   bands (ev):

   -97.4150 -57.8389 -57.8389 -57.8389 -21.1172  -7.4330  -6.9555  -6.7059
    -5.2230  -5.2011  -5.1691   0.6526   1.7701   1.9491   2.1607   2.6222
     3.1533   3.4798   3.7665   4.0034   4.2602   4.5036   4.5149   4.6388
     5.3013   8.8047  10.5901  10.6754  11.0960

          k = 0.1000 0.2000-0.5000 ( 19116 PWs)   bands (ev):

   -97.4150 -57.8389 -57.8389 -57.8389 -21.1172  -7.3875  -7.0046  -6.7044
    -5.2238  -5.2001  -5.1656   0.6313   1.8128   1.9830   2.0742   2.5404
     3.1720   3.4197   3.7653   3.9886   4.2611   4.5568   4.5787   4.5850
     5.3001   9.4027  10.3288  10.8851  11.1425

          k = 0.1000 0.3000 0.3000 ( 19140 PWs)   bands (ev):

   -97.4150 -57.8389 -57.8389 -57.8389 -21.1172  -7.4367  -6.8907  -6.7607
    -5.2203  -5.1972  -5.1802   0.5379   1.7759   1.9967   2.0915   2.8148
     2.8782   3.6255   3.6342   4.2847   4.3150   4.3841   4.4571   4.6654
     5.6014   8.4167  10.4660  10.7530  10.8952

          k = 0.1000 0.3000 0.4000 ( 19133 PWs)   bands (ev):

   -97.4150 -57.8389 -57.8389 -57.8389 -21.1171  -7.3419  -6.9615  -6.7841
    -5.2208  -5.1941  -5.1781   0.4204   1.8616   1.8989   2.0871   2.6282
     2.8744   3.5151   3.6377   4.3234   4.3383   4.5039   4.5317   4.6277
     5.7797   9.0643  10.5735  11.0475  11.1421

          k = 0.1000 0.3000-0.5000 ( 19068 PWs)   bands (ev):

   -97.4150 -57.8389 -57.8389 -57.8388 -21.1170  -7.2901  -7.0083  -6.7888
    -5.2215  -5.1932  -5.1769   0.3807   1.8106   1.9261   2.1205   2.5400
     2.8858   3.4688   3.6402   4.3155   4.3435   4.5565   4.5840   4.6056
     5.8249   9.6173  10.3560  11.0049  11.2366

          k = 0.1000 0.4000 0.4000 ( 19121 PWs)   bands (ev):

   -97.4150 -57.8389 -57.8389 -57.8389 -21.1169  -7.2356  -6.9797  -6.8669
    -5.2185  -5.1903  -5.1837   0.2663   1.7017   1.9937   2.1745   2.6245
     2.6699   3.5340   3.5387   4.3883   4.4272   4.5290   4.5981   4.6605
     6.1264   9.5159  10.5017  11.0977  11.2746

          k = 0.1000 0.4000-0.5000 ( 19088 PWs)   bands (ev):

   -97.4150 -57.8389 -57.8389 -57.8388 -21.1169  -7.1683  -7.0113  -6.9008
    -5.2178  -5.1893  -5.1852   0.2128   1.6399   2.0543   2.2077   2.5450
     2.6561   3.4972   3.5440   4.4045   4.4299   4.5569   4.5670   4.7455
     6.2468  10.0031  10.3306  10.7192  11.2813

          k = 0.1000-0.5000-0.5000 ( 19080 PWs)   bands (ev):

   -97.4150 -57.8389 -57.8389 -57.8389 -21.1168  -7.0530  -7.0125  -7.0125
    -5.2160  -5.1882  -5.1882   0.1542   1.5813   2.1281   2.2399   2.5471
     2.5471   3.5075   3.5075   4.4299   4.4406   4.5553   4.5553   4.8302
     6.4089  10.3460  10.5584  10.5584  10.6398

          k = 0.2000 0.2000 0.2000 ( 19138 PWs)   bands (ev):

   -97.4150 -57.8389 -57.8389 -57.8389 -21.1174  -7.5497  -6.7649  -6.7649
    -5.2148  -5.2148  -5.1838   0.6585   1.7653   1.7653   2.6668   2.8062
     2.8062   3.8485   3.8485   4.0956   4.2615   4.3259   4.3259   5.0715
     5.0715   7.6591  10.0135  10.3265  10.3265

          k = 0.2000 0.2000 0.3000 ( 19112 PWs)   bands (ev):

   -97.4150 -57.8389 -57.8389 -57.8389 -21.1172  -7.4675  -6.8562  -6.7548
    -5.2226  -5.2070  -5.1785   0.4967   1.8338   1.9060   2.3407   2.5543
     2.8006   3.8331   3.8701   4.1334   4.2879   4.4005   4.4157   5.0280
     5.3160   8.1638  10.1928  10.5704  10.6461

          k = 0.2000 0.2000 0.4000 ( 19093 PWs)   bands (ev):

   -97.4150 -57.8389 -57.8389 -57.8389 -21.1171  -7.3774  -6.9529  -6.7466
    -5.2291  -5.1989  -5.1771   0.3967   1.9161   1.9911   2.1082   2.3585
     2.8262   3.7924   3.8776   4.1052   4.2995   4.4980   4.5378   4.9728
     5.3967   8.9048  10.3324  10.7460  11.1397

          k = 0.2000 0.2000-0.5000 ( 19124 PWs)   bands (ev):

   -97.4150 -57.8389 -57.8389 -57.8389 -21.1170  -7.3299  -7.0029  -6.7434
    -5.2316  -5.1950  -5.1776   0.3636   1.9662   2.0204   2.0252   2.2703
     2.8386   3.7728   3.8806   4.0889   4.3026   4.5426   4.5930   4.9422
     5.4052   9.4947  10.1815  10.8510  11.0544

          k = 0.2000 0.3000 0.3000 ( 19103 PWs)   bands (ev):

   -97.4150 -57.8389 -57.8389 -57.8389 -21.1171  -7.3854  -6.8794  -6.8012
    -5.2249  -5.2095  -5.1796   0.2904   1.9173   2.0046   2.1107   2.5081
     2.5445   3.8952   3.9248   4.3173   4.3474   4.3966   4.4423   5.0974
     5.5856   8.5174  10.1361  10.8039  10.8520

          k = 0.2000 0.3000 0.4000 ( 19115 PWs)   bands (ev):

   -97.4150 -57.8389 -57.8389 -57.8389 -21.1169  -7.2931  -6.9523  -6.8101
    -5.2309  -5.2036  -5.1848   0.1541   1.9038   2.0083   2.0791   2.3223
     2.5542   3.9019   3.9349   4.3413   4.3836   4.4931   4.5542   5.0530
     5.7746   9.1201  10.1018  10.9248  11.1597

          k = 0.2000 0.3000-0.5000 ( 19098 PWs)   bands (ev):

   -97.4150 -57.8389 -57.8389 -57.8389 -21.1169  -7.2410  -7.0008  -6.8097
    -5.2339  -5.1959  -5.1917   0.1069   1.8440   2.0446   2.1205   2.2178
     2.5674   3.9012   3.9337   4.3343   4.3880   4.5441   4.6210   5.0243
     5.8238   9.6823   9.9790  10.8092  10.9364

          k = 0.2000 0.4000 0.4000 ( 19099 PWs)   bands (ev):

   -97.4150 -57.8389 -57.8389 -57.8389 -21.1168  -7.1949  -6.9664  -6.8773
    -5.2304  -5.2069  -5.1931  -0.0108   1.7489   2.0707   2.1448   2.3434
     2.3585   3.9279   3.9489   4.4364   4.4777   4.5204   4.6732   5.0024
     6.1224   9.5170   9.9547  10.9993  11.0367

          k = 0.2000 0.4000-0.5000 ( 19104 PWs)   bands (ev):

   -97.4150 -57.8389 -57.8389 -57.8389 -21.1168  -7.1317  -6.9991  -6.9015
    -5.2305  -5.2024  -5.2018  -0.0687   1.6929   2.1129   2.1985   2.2288
     2.3658   3.9370   3.9466   4.4404   4.4985   4.5558   4.7557   4.9667
     6.2466   9.8174  10.0260  10.5386  11.0414

          k = 0.2000-0.5000-0.5000 ( 19112 PWs)   bands (ev):

   -97.4150 -57.8389 -57.8389 -57.8389 -21.1167  -7.0281  -6.9985  -6.9985
    -5.2269  -5.2063  -5.2063  -0.1306   1.6395   2.1808   2.2357   2.2357
     2.2422   3.9471   3.9471   4.4508   4.5574   4.5574   4.8397   4.9244
     6.4142   9.7581  10.4309  10.4309  10.7608

          k = 0.3000 0.3000 0.3000 ( 19126 PWs)   bands (ev):

   -97.4150 -57.8389 -57.8389 -57.8389 -21.1169  -7.3080  -6.8652  -6.8652
    -5.2250  -5.2250  -5.1847   0.0526   2.0123   2.0123   2.0491   2.3309
     2.3309   4.1199   4.1199   4.3604   4.4174   4.4174   4.4281   5.5533
     5.5533   8.7606   9.8729  10.9428  10.9429

          k = 0.3000 0.3000 0.4000 ( 19086 PWs)   bands (ev):

   -97.4150 -57.8389 -57.8389 -57.8389 -21.1168  -7.2198  -6.9427  -6.8536
    -5.2378  -5.2189  -5.1950  -0.1096   1.9069   2.0132   2.0608   2.2021
     2.3365   4.1856   4.2186   4.3965   4.3973   4.4882   4.5821   5.5111
     5.8294   9.2330   9.7267  10.8673  10.9725

          k = 0.3000 0.3000-0.5000 ( 19082 PWs)   bands (ev):

   -97.4150 -57.8389 -57.8389 -57.8389 -21.1167  -7.1670  -6.9914  -6.8490
    -5.2427  -5.2097  -5.2058  -0.1666   1.8503   2.0100   2.0746   2.1621
     2.3496   4.2011   4.2306   4.3874   4.4045   4.5504   4.6518   5.4891
     5.9077   9.6058   9.7704  10.5263  10.8420

          k = 0.3000 0.4000 0.4000 ( 19091 PWs)   bands (ev):

   -97.4150 -57.8389 -57.8389 -57.8389 -21.1167  -7.1352  -6.9496  -6.8992
    -5.2413  -5.2279  -5.2086  -0.2925   1.8065   2.0079   2.0219   2.2198
     2.2529   4.2962   4.3173   4.4512   4.4855   4.5230   4.6910   5.5962
     6.1107   9.3885   9.6076  10.6724  10.9211

          k = 0.3000 0.4000-0.5000 ( 19108 PWs)   bands (ev):

   -97.4150 -57.8389 -57.8389 -57.8389 -21.1166  -7.0789  -6.9837  -6.9092
    -5.2441  -5.2238  -5.2197  -0.3572   1.7588   1.9868   2.0251   2.2103
     2.2576   4.3173   4.3199   4.4554   4.5107   4.5830   4.7691   5.5833
     6.2457   9.3536   9.9332  10.2536  10.8718

          k = 0.3000-0.5000-0.5000 ( 19144 PWs)   bands (ev):

   -97.4150 -57.8389 -57.8389 -57.8389 -21.1166  -6.9966  -6.9808  -6.9808
    -5.2404  -5.2292  -5.2292  -0.4248   1.7130   1.9958   1.9958   2.2199
     2.2451   4.3303   4.3303   4.4648   4.5915   4.5915   4.8515   5.5706
     6.4209   9.2652  10.1459  10.1459  10.5201

          k = 0.4000 0.4000 0.4000 ( 19138 PWs)   bands (ev):

   -97.4150 -57.8389 -57.8389 -57.8389 -21.1166  -7.0679  -6.9357  -6.9357
    -5.2452  -5.2452  -5.2257  -0.4903   1.8300   1.8962   1.8962   2.2371
     2.2371   4.4467   4.4643   4.4643   4.6176   4.6176   4.7356   6.0922
     6.0922   9.1442   9.6019  10.4111  10.4111

          k = 0.4000 0.4000-0.5000 ( 19116 PWs)   bands (ev):

   -97.4150 -57.8389 -57.8389 -57.8389 -21.1165  -7.0207  -6.9710  -6.9303
    -5.2519  -5.2413  -5.2376  -0.5607   1.7998   1.8507   1.8948   2.2350
     2.2464   4.4555   4.4635   4.4720   4.6564   4.7233   4.7971   6.0817
     6.2863   9.0485   9.8115   9.9724  10.3161

          k = 0.4000-0.5000-0.5000 ( 19164 PWs)   bands (ev):

   -97.4150 -57.8389 -57.8389 -57.8389 -21.1165  -6.9705  -6.9661  -6.9661
    -5.2512  -5.2480  -5.2480  -0.6332   1.7737   1.8474   1.8474   2.2415
     2.2474   4.4690   4.4690   4.4774   4.7618   4.7618   4.8612   6.1659
     6.4263   8.9422   9.8587   9.8587   9.9804

          k =-0.5000-0.5000-0.5000 ( 19208 PWs)   bands (ev):

   -97.4150 -57.8389 -57.8389 -57.8389 -21.1164  -6.9604  -6.9604  -6.9604
    -5.2554  -5.2554  -5.2554  -0.7076   1.7973   1.7973   1.7973   2.2482
     2.2482   4.4825   4.4825   4.4825   4.8649   4.8649   4.8649   6.4284
     6.4284   8.8297   9.7414   9.7414   9.7414

     the Fermi energy is     5.0308 ev

!    total energy              =   -1625.29278252 Ry
     estimated scf accuracy    <          1.8E-12 Ry
     smearing contrib. (-TS)   =      -0.00048596 Ry
     internal energy E=F+TS    =   -1625.29229656 Ry

     The total energy is F=E-TS. E is the sum of the following terms:
     one-electron contribution =    -385.45458837 Ry
     hartree contribution      =     211.39154387 Ry
     xc contribution           =    -101.00434229 Ry
     ewald contribution        =    -219.72415783 Ry
     one-center paw contrib.   =   -1130.50075194 Ry

     convergence has been achieved in  19 iterations

     Forces acting on atoms (cartesian axes, Ry/au):

     atom    1 type  1   force =     0.00000000    0.00000000    0.00000000
     atom    2 type  2   force =     0.00000000    0.00000000    0.00000000
     atom    3 type  3   force =     0.00000000    0.00000000    0.00000000
     atom    4 type  3   force =     0.00000000    0.00000000    0.00000000
     atom    5 type  3   force =     0.00000000    0.00000000    0.00000000

     Total force =     0.000000     Total SCF correction =     0.000000


     Computing stress (Cartesian axis) and pressure

          total   stress  (Ry/bohr**3)                   (kbar)     P=        0.89
   0.00000603   0.00000000   0.00000000            0.89        0.00        0.00
   0.00000000   0.00000603   0.00000000            0.00        0.89        0.00
   0.00000000   0.00000000   0.00000603            0.00        0.00        0.89


     BFGS Geometry Optimization
     Energy error            =      0.0E+00 Ry
     Gradient error          =      0.0E+00 Ry/Bohr

     bfgs converged in   1 scf cycles and   0 bfgs steps
     (criteria: energy <  1.0E-05 Ry, force <  1.0E-03 Ry/Bohr)

     End of BFGS Geometry Optimization

     Final energy             =   -1625.2927825179 Ry
Begin final coordinates

ATOMIC_POSITIONS (crystal)
Rb               0.0000000000        0.0000000000        0.0000000000
Ni               0.5000000000        0.5000000000        0.5000000000
I                0.5000000000        0.5000000000        0.0000000000
I                0.5000000000        0.0000000000        0.5000000000
I                0.0000000000        0.5000000000        0.5000000000
End final coordinates



  ++++++++++++++++++++++++++++++++++++++++++++++++++++++++++++++++++++++++++++
     Doing work    6 /     9
  ++++++++++++++++++++++++++++++++++++++++++++++++++++++++++++++++++++++++++++


     Current dimensions of program PWSCF are:
     Max number of different atomic species (ntypx) = 10
     Max number of k-points (npk) = 120000
     Max angular momentum in pseudopotentials (lmaxx) =  4

     WARNING: check_stop already initialized

     Parallelization info
     --------------------
     sticks:   dense  smooth     PW     G-vecs:    dense   smooth      PW
     Min        3491    1751    483               219592    77646   11297
     Max        3494    1754    490               219615    77685   11350
     Sum        6985    3505    973               439207   155331   22647

     Using Pencil Decomposition



     bravais-lattice index     =            1
     lattice parameter (alat)  =      10.4721  a.u.
     unit-cell volume          =    1148.4330 (a.u.)^3
     number of atoms/cell      =            5
     number of atomic types    =            3
     number of electrons       =        48.00
     number of Kohn-Sham states=           29
     kinetic-energy cutoff     =     100.0000  Ry
     charge density cutoff     =     800.0000  Ry
     scf convergence threshold =      1.0E-10
     mixing beta               =       0.3000
     number of iterations used =            8  plain     mixing
     energy convergence thresh.=      1.0E-05
     force convergence thresh. =      1.0E-03
     Exchange-correlation= PBE
                           (   1   4   3   4   0   0   0)
     nstep                     =           20


     celldm(1)=  10.472135  celldm(2)=   0.000000  celldm(3)=   0.000000
     celldm(4)=   0.000000  celldm(5)=   0.000000  celldm(6)=   0.000000

     crystal axes: (cart. coord. in units of alat)
               a(1) = (   1.000000   0.000000   0.000000 )  
               a(2) = (   0.000000   1.000000   0.000000 )  
               a(3) = (   0.000000   0.000000   1.000000 )  

     reciprocal axes: (cart. coord. in units 2 pi/alat)
               b(1) = (  1.000000  0.000000  0.000000 )  
               b(2) = (  0.000000  1.000000  0.000000 )  
               b(3) = (  0.000000  0.000000  1.000000 )  


     PseudoPot. # 1 for Rb read from file:
     /home/administrator/Downloads/BURAI/BURAI1.3/pseudopot/Rb.pbe-spn-rrkjus_psl.1.0.0.UPF
     MD5 check sum: 8db0524251f08d4bb5a0a04c31658078
     Pseudo is Ultrasoft + core correction, Zval =  9.0
     Generated using "atomic" code by A. Dal Corso  v.5.1.2
     Using radial grid of 1219 points,  6 beta functions with: 
                l(1) =   0
                l(2) =   0
                l(3) =   1
                l(4) =   1
                l(5) =   2
                l(6) =   2
     Q(r) pseudized with 0 coefficients 


     PseudoPot. # 2 for Ni read from file:
     /home/administrator/Downloads/BURAI/BURAI1.3/pseudopot/Ni.pbe-spn-kjpaw_psl.1.0.0.UPF
     MD5 check sum: ea56550a36ffb6c479804d371adbec59
     Pseudo is Projector augmented-wave + core cor, Zval = 18.0
     Generated using "atomic" code by A. Dal Corso  v.5.1.2
     Shape of augmentation charge: PSQ
     Using radial grid of 1195 points,  6 beta functions with: 
                l(1) =   0
                l(2) =   0
                l(3) =   1
                l(4) =   1
                l(5) =   2
                l(6) =   2
     Q(r) pseudized with 0 coefficients 


     PseudoPot. # 3 for I  read from file:
     /home/administrator/Downloads/BURAI/BURAI1.3/pseudopot/I.pbe-n-kjpaw_psl.1.0.0.UPF
     MD5 check sum: e1b2a55c91904a364f23c37cb15bc296
     Pseudo is Projector augmented-wave + core cor, Zval =  7.0
     Generated using "atomic" code by A. Dal Corso  v.5.1.2
     Shape of augmentation charge: PSQ
     Using radial grid of 1247 points,  6 beta functions with: 
                l(1) =   0
                l(2) =   0
                l(3) =   1
                l(4) =   1
                l(5) =   2
                l(6) =   2
     Q(r) pseudized with 0 coefficients 


     atomic species   valence    mass     pseudopotential
     Rb                9.00    85.46780     Rb( 1.00)
     Ni               18.00    58.69340     Ni( 1.00)
     I                 7.00   126.90450     I ( 1.00)

     48 Sym. Ops., with inversion, found



   Cartesian axes

     site n.     atom                  positions (alat units)
         1        Rb     tau(   1) = (   0.0000000   0.0000000   0.0000000  )
         2        Ni     tau(   2) = (   0.5000000   0.5000000   0.5000000  )
         3        I      tau(   3) = (   0.5000000   0.5000000   0.0000000  )
         4        I      tau(   4) = (   0.5000000   0.0000000   0.5000000  )
         5        I      tau(   5) = (   0.0000000   0.5000000   0.5000000  )

     number of k points=    56  Gaussian smearing, width (Ry)=  0.0050
                       cart. coord. in units 2pi/alat
        k(    1) = (   0.0000000   0.0000000   0.0000000), wk =   0.0020000
        k(    2) = (   0.0000000   0.0000000   0.1000000), wk =   0.0120000
        k(    3) = (   0.0000000   0.0000000   0.2000000), wk =   0.0120000
        k(    4) = (   0.0000000   0.0000000   0.3000000), wk =   0.0120000
        k(    5) = (   0.0000000   0.0000000   0.4000000), wk =   0.0120000
        k(    6) = (   0.0000000   0.0000000  -0.5000000), wk =   0.0060000
        k(    7) = (   0.0000000   0.1000000   0.1000000), wk =   0.0240000
        k(    8) = (   0.0000000   0.1000000   0.2000000), wk =   0.0480000
        k(    9) = (   0.0000000   0.1000000   0.3000000), wk =   0.0480000
        k(   10) = (   0.0000000   0.1000000   0.4000000), wk =   0.0480000
        k(   11) = (   0.0000000   0.1000000  -0.5000000), wk =   0.0240000
        k(   12) = (   0.0000000   0.2000000   0.2000000), wk =   0.0240000
        k(   13) = (   0.0000000   0.2000000   0.3000000), wk =   0.0480000
        k(   14) = (   0.0000000   0.2000000   0.4000000), wk =   0.0480000
        k(   15) = (   0.0000000   0.2000000  -0.5000000), wk =   0.0240000
        k(   16) = (   0.0000000   0.3000000   0.3000000), wk =   0.0240000
        k(   17) = (   0.0000000   0.3000000   0.4000000), wk =   0.0480000
        k(   18) = (   0.0000000   0.3000000  -0.5000000), wk =   0.0240000
        k(   19) = (   0.0000000   0.4000000   0.4000000), wk =   0.0240000
        k(   20) = (   0.0000000   0.4000000  -0.5000000), wk =   0.0240000
        k(   21) = (   0.0000000  -0.5000000  -0.5000000), wk =   0.0060000
        k(   22) = (   0.1000000   0.1000000   0.1000000), wk =   0.0160000
        k(   23) = (   0.1000000   0.1000000   0.2000000), wk =   0.0480000
        k(   24) = (   0.1000000   0.1000000   0.3000000), wk =   0.0480000
        k(   25) = (   0.1000000   0.1000000   0.4000000), wk =   0.0480000
        k(   26) = (   0.1000000   0.1000000  -0.5000000), wk =   0.0240000
        k(   27) = (   0.1000000   0.2000000   0.2000000), wk =   0.0480000
        k(   28) = (   0.1000000   0.2000000   0.3000000), wk =   0.0960000
        k(   29) = (   0.1000000   0.2000000   0.4000000), wk =   0.0960000
        k(   30) = (   0.1000000   0.2000000  -0.5000000), wk =   0.0480000
        k(   31) = (   0.1000000   0.3000000   0.3000000), wk =   0.0480000
        k(   32) = (   0.1000000   0.3000000   0.4000000), wk =   0.0960000
        k(   33) = (   0.1000000   0.3000000  -0.5000000), wk =   0.0480000
        k(   34) = (   0.1000000   0.4000000   0.4000000), wk =   0.0480000
        k(   35) = (   0.1000000   0.4000000  -0.5000000), wk =   0.0480000
        k(   36) = (   0.1000000  -0.5000000  -0.5000000), wk =   0.0120000
        k(   37) = (   0.2000000   0.2000000   0.2000000), wk =   0.0160000
        k(   38) = (   0.2000000   0.2000000   0.3000000), wk =   0.0480000
        k(   39) = (   0.2000000   0.2000000   0.4000000), wk =   0.0480000
        k(   40) = (   0.2000000   0.2000000  -0.5000000), wk =   0.0240000
        k(   41) = (   0.2000000   0.3000000   0.3000000), wk =   0.0480000
        k(   42) = (   0.2000000   0.3000000   0.4000000), wk =   0.0960000
        k(   43) = (   0.2000000   0.3000000  -0.5000000), wk =   0.0480000
        k(   44) = (   0.2000000   0.4000000   0.4000000), wk =   0.0480000
        k(   45) = (   0.2000000   0.4000000  -0.5000000), wk =   0.0480000
        k(   46) = (   0.2000000  -0.5000000  -0.5000000), wk =   0.0120000
        k(   47) = (   0.3000000   0.3000000   0.3000000), wk =   0.0160000
        k(   48) = (   0.3000000   0.3000000   0.4000000), wk =   0.0480000
        k(   49) = (   0.3000000   0.3000000  -0.5000000), wk =   0.0240000
        k(   50) = (   0.3000000   0.4000000   0.4000000), wk =   0.0480000
        k(   51) = (   0.3000000   0.4000000  -0.5000000), wk =   0.0480000
        k(   52) = (   0.3000000  -0.5000000  -0.5000000), wk =   0.0120000
        k(   53) = (   0.4000000   0.4000000   0.4000000), wk =   0.0160000
        k(   54) = (   0.4000000   0.4000000  -0.5000000), wk =   0.0240000
        k(   55) = (   0.4000000  -0.5000000  -0.5000000), wk =   0.0120000
        k(   56) = (  -0.5000000  -0.5000000  -0.5000000), wk =   0.0020000

     Dense  grid:   439207 G-vectors     FFT dimensions: (  96,  96,  96)

     Smooth grid:   155331 G-vectors     FFT dimensions: (  72,  72,  72)

     Estimated max dynamical RAM per process >     388.15 MB

     Estimated total dynamical RAM >       2.72 GB

     Initial potential from superposition of free atoms

     starting charge      47.9767, renormalised to      48.0000
     Starting wfcs are   30 randomized atomic wfcs
     Checking if some PAW data can be deallocated... 

     total cpu time spent up to now is     3078.1 secs

     Self-consistent Calculation

     iteration #  1     ecut=   100.00 Ry     beta= 0.30
     Davidson diagonalization with overlap
     ethr =  1.00E-02,  avg # of iterations =  6.1

     total cpu time spent up to now is     3113.5 secs

     total energy              =   -1624.83680115 Ry
     estimated scf accuracy    <       1.12674009 Ry

     iteration #  2     ecut=   100.00 Ry     beta= 0.30
     Davidson diagonalization with overlap
     ethr =  2.35E-03,  avg # of iterations =  4.3

     total cpu time spent up to now is     3147.9 secs

     total energy              =   -1624.89370579 Ry
     estimated scf accuracy    <       4.59051593 Ry

     iteration #  3     ecut=   100.00 Ry     beta= 0.30
     Davidson diagonalization with overlap
     ethr =  2.35E-03,  avg # of iterations =  3.5

     total cpu time spent up to now is     3179.8 secs

     total energy              =   -1625.28754616 Ry
     estimated scf accuracy    <       0.04012168 Ry

     iteration #  4     ecut=   100.00 Ry     beta= 0.30
     Davidson diagonalization with overlap
     ethr =  8.36E-05,  avg # of iterations =  6.0

     total cpu time spent up to now is     3216.2 secs

     total energy              =   -1625.29658205 Ry
     estimated scf accuracy    <       0.01460982 Ry

     iteration #  5     ecut=   100.00 Ry     beta= 0.30
     Davidson diagonalization with overlap
     ethr =  3.04E-05,  avg # of iterations =  4.7

     total cpu time spent up to now is     3251.0 secs

     total energy              =   -1625.29450815 Ry
     estimated scf accuracy    <       0.14860848 Ry

     iteration #  6     ecut=   100.00 Ry     beta= 0.30
     Davidson diagonalization with overlap
     ethr =  3.04E-05,  avg # of iterations =  2.1

     total cpu time spent up to now is     3280.6 secs

     total energy              =   -1625.28861566 Ry
     estimated scf accuracy    <       0.05257062 Ry

     iteration #  7     ecut=   100.00 Ry     beta= 0.30
     Davidson diagonalization with overlap
     ethr =  3.04E-05,  avg # of iterations =  3.2

     total cpu time spent up to now is     3311.7 secs

     total energy              =   -1625.29239726 Ry
     estimated scf accuracy    <       0.00079969 Ry

     iteration #  8     ecut=   100.00 Ry     beta= 0.30
     Davidson diagonalization with overlap
     c_bands:  1 eigenvalues not converged
     ethr =  1.67E-06,  avg # of iterations =  8.0

     total cpu time spent up to now is     3354.5 secs

     total energy              =   -1625.29268691 Ry
     estimated scf accuracy    <       0.00022868 Ry

     iteration #  9     ecut=   100.00 Ry     beta= 0.30
     Davidson diagonalization with overlap
     ethr =  4.76E-07,  avg # of iterations =  2.4

     total cpu time spent up to now is     3385.7 secs

     total energy              =   -1625.29251692 Ry
     estimated scf accuracy    <       0.00126260 Ry

     iteration # 10     ecut=   100.00 Ry     beta= 0.30
     Davidson diagonalization with overlap
     ethr =  4.76E-07,  avg # of iterations =  4.0

     total cpu time spent up to now is     3420.6 secs

     total energy              =   -1625.29270436 Ry
     estimated scf accuracy    <       0.00029594 Ry

     iteration # 11     ecut=   100.00 Ry     beta= 0.30
     Davidson diagonalization with overlap
     ethr =  4.76E-07,  avg # of iterations =  1.2

     total cpu time spent up to now is     3448.2 secs

     total energy              =   -1625.29271674 Ry
     estimated scf accuracy    <       0.00002177 Ry

     iteration # 12     ecut=   100.00 Ry     beta= 0.30
     Davidson diagonalization with overlap
     ethr =  4.53E-08,  avg # of iterations =  2.6

     total cpu time spent up to now is     3478.3 secs

     total energy              =   -1625.29271871 Ry
     estimated scf accuracy    <       0.00000172 Ry

     iteration # 13     ecut=   100.00 Ry     beta= 0.30
     Davidson diagonalization with overlap
     ethr =  3.57E-09,  avg # of iterations =  3.7

     total cpu time spent up to now is     3510.9 secs

     total energy              =   -1625.29271916 Ry
     estimated scf accuracy    <       0.00000088 Ry

     iteration # 14     ecut=   100.00 Ry     beta= 0.30
     Davidson diagonalization with overlap
     ethr =  1.83E-09,  avg # of iterations =  1.2

     total cpu time spent up to now is     3538.7 secs

     total energy              =   -1625.29271920 Ry
     estimated scf accuracy    <       0.00000010 Ry

     iteration # 15     ecut=   100.00 Ry     beta= 0.30
     Davidson diagonalization with overlap
     ethr =  2.02E-10,  avg # of iterations =  2.6

     total cpu time spent up to now is     3569.0 secs

     total energy              =   -1625.29271921 Ry
     estimated scf accuracy    <       0.00000001 Ry

     iteration # 16     ecut=   100.00 Ry     beta= 0.30
     Davidson diagonalization with overlap
     ethr =  2.14E-11,  avg # of iterations =  3.7

     total cpu time spent up to now is     3601.0 secs

     total energy              =   -1625.29271921 Ry
     estimated scf accuracy    <          9.5E-09 Ry

     iteration # 17     ecut=   100.00 Ry     beta= 0.30
     Davidson diagonalization with overlap
     ethr =  1.97E-11,  avg # of iterations =  1.1

     total cpu time spent up to now is     3628.5 secs

     total energy              =   -1625.29271921 Ry
     estimated scf accuracy    <          4.5E-09 Ry

     iteration # 18     ecut=   100.00 Ry     beta= 0.30
     Davidson diagonalization with overlap
     ethr =  9.32E-12,  avg # of iterations =  2.9

     total cpu time spent up to now is     3660.2 secs

     total energy              =   -1625.29271922 Ry
     estimated scf accuracy    <          9.3E-09 Ry

     iteration # 19     ecut=   100.00 Ry     beta= 0.30
     Davidson diagonalization with overlap
     ethr =  9.32E-12,  avg # of iterations =  1.0

     total cpu time spent up to now is     3687.6 secs

     total energy              =   -1625.29271921 Ry
     estimated scf accuracy    <          9.0E-09 Ry

     iteration # 20     ecut=   100.00 Ry     beta= 0.30
     Davidson diagonalization with overlap
     ethr =  9.32E-12,  avg # of iterations =  2.1

     total cpu time spent up to now is     3717.3 secs

     End of self-consistent calculation

          k = 0.0000 0.0000 0.0000 ( 19381 PWs)   bands (ev):

   -97.5595 -57.9831 -57.9831 -57.9831 -21.2817  -7.8680  -6.7655  -6.7655
    -5.3873  -5.3873  -5.3873   1.2267   1.2267   1.2267   3.6301   3.6301
     3.6301   3.8325   3.8325   3.8325   3.9625   3.9625   4.2366   4.2366
     4.2366   5.9553   8.5715   9.3404   9.3404

          k = 0.0000 0.0000 0.1000 ( 19405 PWs)   bands (ev):

   -97.5595 -57.9831 -57.9831 -57.9831 -21.2816  -7.8494  -6.7933  -6.7644
    -5.3865  -5.3865  -5.3786   1.2082   1.2473   1.2473   3.4883   3.4883
     3.5906   3.7592   3.8330   3.8992   3.8992   3.9629   4.2611   4.2611
     4.2900   6.1738   8.7422   9.4199   9.4828

          k = 0.0000 0.0000 0.2000 ( 19433 PWs)   bands (ev):

   -97.5595 -57.9831 -57.9831 -57.9831 -21.2815  -7.7962  -6.8690  -6.7613
    -5.3846  -5.3846  -5.3575   1.1710   1.3056   1.3056   3.2465   3.2465
     3.3760   3.4923   3.8343   3.9457   3.9457   3.9637   4.3211   4.3211
     4.3393   6.7343   9.1779   9.6644   9.8800

          k = 0.0000 0.0000 0.3000 ( 19413 PWs)   bands (ev):

   -97.5595 -57.9831 -57.9831 -57.9831 -21.2813  -7.7179  -6.9728  -6.7575
    -5.3821  -5.3821  -5.3345   1.1480   1.3891   1.3891   2.9918   3.0038
     3.0038   3.3792   3.8359   3.9519   3.9519   3.9644   4.3677   4.3816
     4.3816   7.5112   9.6755  10.0645  10.4486

          k = 0.0000 0.0000 0.4000 ( 19390 PWs)   bands (ev):

   -97.5595 -57.9831 -57.9831 -57.9831 -21.2812  -7.6362  -7.0735  -6.7545
    -5.3801  -5.3801  -5.3179   1.1508   1.4705   1.4705   2.7071   2.8167
     2.8167   3.2934   3.8372   3.9457   3.9457   3.9648   4.3828   4.4210
     4.4210   8.4016  10.0700  10.2660  10.7341

          k = 0.0000 0.0000-0.5000 ( 19442 PWs)   bands (ev):

   -97.5595 -57.9832 -57.9832 -57.9831 -21.2812  -7.5966  -7.1201  -6.7533
    -5.3794  -5.3794  -5.3120   1.1583   1.5064   1.5064   2.6000   2.7439
     2.7439   3.2619   3.8377   3.9421   3.9421   3.9649   4.3876   4.4342
     4.4342   9.0268   9.9452  10.2652  11.5054

          k = 0.0000 0.1000 0.1000 ( 19397 PWs)   bands (ev):

   -97.5595 -57.9831 -57.9831 -57.9831 -21.2816  -7.8307  -6.8056  -6.7777
    -5.3858  -5.3810  -5.3757   1.1210   1.2684   1.3358   3.2957   3.4180
     3.6474   3.7120   3.7318   3.7732   3.9948   4.0050   4.1549   4.2760
     4.5037   6.3448   8.8977   9.5284   9.5647

          k = 0.0000 0.1000 0.2000 ( 19424 PWs)   bands (ev):

   -97.5595 -57.9831 -57.9831 -57.9831 -21.2815  -7.7773  -6.8738  -6.7797
    -5.3838  -5.3786  -5.3577   1.0324   1.3282   1.4406   2.9824   3.2235
     3.4088   3.6419   3.6729   3.7215   4.0481   4.0759   4.1964   4.3228
     4.6370   6.8369   9.3041   9.7576   9.9023

          k = 0.0000 0.1000 0.3000 ( 19400 PWs)   bands (ev):

   -97.5595 -57.9831 -57.9831 -57.9831 -21.2813  -7.6985  -6.9751  -6.7760
    -5.3814  -5.3773  -5.3364   0.9781   1.4142   1.5439   2.6570   2.9945
     3.1403   3.5591   3.6483   3.7005   4.0647   4.0960   4.2976   4.3793
     4.6703   7.5755   9.7885  10.1283  10.4218

          k = 0.0000 0.1000 0.4000 ( 19401 PWs)   bands (ev):

   -97.5595 -57.9831 -57.9831 -57.9831 -21.2812  -7.6157  -7.0750  -6.7726
    -5.3795  -5.3764  -5.3210   0.9617   1.4985   1.6293   2.4083   2.8104
     2.9537   3.4823   3.6357   3.6900   4.0688   4.0981   4.3883   4.4181
     4.6528   8.4472  10.1868  10.3369  10.9772

          k = 0.0000 0.1000-0.5000 ( 19402 PWs)   bands (ev):

   -97.5595 -57.9831 -57.9831 -57.9831 -21.2811  -7.5752  -7.1218  -6.7712
    -5.3787  -5.3761  -5.3156   0.9619   1.5359   1.6646   2.3138   2.7376
     2.8847   3.4526   3.6314   3.6862   4.0697   4.0975   4.4285   4.4313
     4.6350   9.0602  10.0230  10.3917  10.9342

          k = 0.0000 0.2000 0.2000 ( 19397 PWs)   bands (ev):

   -97.5595 -57.9831 -57.9831 -57.9831 -21.2813  -7.7232  -6.9053  -6.8129
    -5.3820  -5.3673  -5.3548   0.8678   1.3926   1.6034   2.6184   3.1340
     3.3577   3.4860   3.4941   3.8244   4.0740   4.1774   4.1893   4.3366
     4.9343   7.1785   9.6427  10.0205  10.0545

          k = 0.0000 0.2000 0.3000 ( 19404 PWs)   bands (ev):

   -97.5595 -57.9831 -57.9831 -57.9831 -21.2812  -7.6429  -6.9856  -6.8245
    -5.3796  -5.3655  -5.3410   0.7487   1.4861   1.7374   2.2885   2.9635
     3.1692   3.3973   3.4460   3.8660   4.0843   4.2330   4.2599   4.3747
     5.0896   7.7896  10.0828  10.3251  10.4847

          k = 0.0000 0.2000 0.4000 ( 19366 PWs)   bands (ev):

   -97.5595 -57.9831 -57.9831 -57.9831 -21.2811  -7.5568  -7.0793  -6.8252
    -5.3777  -5.3667  -5.3287   0.6849   1.5795   1.8301   2.0572   2.7933
     3.0198   3.3579   3.4395   3.8447   4.0873   4.2406   4.3706   4.4108
     5.1261   8.5900  10.5025  10.5366  10.9244

          k = 0.0000 0.2000-0.5000 ( 19410 PWs)   bands (ev):

   -97.5595 -57.9831 -57.9831 -57.9831 -21.2810  -7.5132  -7.1263  -6.8247
    -5.3770  -5.3672  -5.3243   0.6664   1.6218   1.8647   1.9730   2.7212
     2.9650   3.3468   3.4377   3.8317   4.0881   4.2411   4.4184   4.4239
     5.1247   9.1713  10.2101  10.7511  11.0408

          k = 0.0000 0.3000 0.3000 ( 19406 PWs)   bands (ev):

   -97.5595 -57.9831 -57.9831 -57.9831 -21.2810  -7.5592  -7.0196  -6.8777
    -5.3774  -5.3544  -5.3440   0.5651   1.5926   1.8848   1.9786   2.8928
     3.1529   3.1837   3.2811   4.0899   4.1278   4.2391   4.3139   4.3782
     5.4290   8.2141  10.4344  10.6153  10.7923

          k = 0.0000 0.3000 0.4000 ( 19378 PWs)   bands (ev):

   -97.5595 -57.9831 -57.9831 -57.9831 -21.2809  -7.4667  -7.0873  -6.9052
    -5.3756  -5.3549  -5.3376   0.4510   1.7027   1.7733   1.9775   2.7697
     3.0665   3.0780   3.2492   4.0921   4.1723   4.3348   4.3680   4.4024
     5.6027   8.8640  10.6978  10.9284  11.0321

          k = 0.0000 0.3000-0.5000 ( 19394 PWs)   bands (ev):

   -97.5595 -57.9831 -57.9831 -57.9831 -21.2809  -7.4165  -7.1319  -6.9118
    -5.3749  -5.3563  -5.3341   0.4129   1.7015   1.7547   2.0096   2.7010
     3.0251   3.0530   3.2488   4.0927   4.1645   4.3361   4.4151   4.4410
     5.6472   9.3960  10.3338  11.1769  11.2693

          k = 0.0000 0.4000 0.4000 ( 19368 PWs)   bands (ev):

   -97.5595 -57.9831 -57.9831 -57.9831 -21.2808  -7.3614  -7.1062  -6.9902
    -5.3738  -5.3464  -5.3433   0.2986   1.5914   1.8374   2.0663   2.7338
     2.8587   3.0892   3.1384   4.0939   4.2788   4.3835   4.3995   4.4947
     5.9391   9.3259  10.7273  10.9119  11.2174

          k = 0.0000 0.4000-0.5000 ( 19368 PWs)   bands (ev):

   -97.5595 -57.9831 -57.9831 -57.9831 -21.2808  -7.2952  -7.1364  -7.0259
    -5.3732  -5.3473  -5.3413   0.2459   1.5288   1.9060   2.0965   2.6847
     2.7970   3.0695   3.1282   4.0944   4.2811   4.3889   4.4083   4.5786
     6.0554   9.7946  10.3545  10.8079  11.1719

          k = 0.0000-0.5000-0.5000 ( 19408 PWs)   bands (ev):

   -97.5595 -57.9831 -57.9831 -57.9831 -21.2807  -7.1804  -7.1381  -7.1381
    -5.3725  -5.3438  -5.3438   0.1879   1.4697   1.9881   2.1258   2.6785
     2.6785   3.0862   3.0862   4.0949   4.2917   4.4057   4.4057   4.6609
     6.2110  10.3983  10.4154  10.4154  10.5761

          k = 0.1000 0.1000 0.1000 ( 19393 PWs)   bands (ev):

   -97.5595 -57.9831 -57.9831 -57.9831 -21.2815  -7.8120  -6.8039  -6.8039
    -5.3812  -5.3812  -5.3721   1.0353   1.3555   1.3555   3.2588   3.2588
     3.4412   3.7144   3.7692   3.7692   4.0309   4.0309   4.0666   4.5002
     4.5002   6.4879   9.0358   9.6274   9.6274

          k = 0.1000 0.1000 0.2000 ( 19428 PWs)   bands (ev):

   -97.5595 -57.9831 -57.9831 -57.9831 -21.2814  -7.7585  -6.8760  -6.7994
    -5.3815  -5.3763  -5.3570   0.9236   1.4118   1.4819   2.9622   3.0024
     3.3120   3.6138   3.7124   3.7535   4.0386   4.1199   4.1650   4.4893
     4.6903   6.9293   9.4049   9.8280   9.9271

          k = 0.1000 0.1000 0.3000 ( 19422 PWs)   bands (ev):

   -97.5595 -57.9831 -57.9831 -57.9831 -21.2813  -7.6794  -6.9763  -6.7939
    -5.3820  -5.3730  -5.3380   0.8483   1.4940   1.5989   2.5985   2.7570
     3.2600   3.4640   3.6379   3.7431   4.0369   4.2179   4.2853   4.4706
     4.7541   7.6336   9.8642  10.1709  10.4056

          k = 0.1000 0.1000 0.4000 ( 19409 PWs)   bands (ev):

   -97.5595 -57.9831 -57.9831 -57.9831 -21.2811  -7.5958  -7.0757  -6.7894
    -5.3824  -5.3705  -5.3242   0.8162   1.5773   1.6877   2.3367   2.5707
     3.1895   3.3839   3.5681   3.7349   4.0360   4.2890   4.3796   4.4475
     4.7471   8.4881  10.2647  10.3625  10.8689

          k = 0.1000 0.1000-0.5000 ( 19392 PWs)   bands (ev):

   -97.5595 -57.9831 -57.9831 -57.9831 -21.2811  -7.5544  -7.1229  -6.7876
    -5.3825  -5.3696  -5.3193   0.8101   1.6156   1.7222   2.2404   2.4974
     3.1522   3.3638   3.5408   3.7316   4.0357   4.3180   4.4187   4.4339
     4.7334   9.0922  10.0699  10.4695  10.9604

          k = 0.1000 0.2000 0.2000 ( 19403 PWs)   bands (ev):

   -97.5595 -57.9831 -57.9831 -57.9831 -21.2813  -7.7047  -6.9024  -6.8344
    -5.3803  -5.3695  -5.3520   0.7590   1.4928   1.6183   2.6196   2.9608
     3.0249   3.6119   3.6477   3.8514   4.0942   4.1613   4.1815   4.5452
     4.9277   7.2458   9.6833  10.0549  10.0644

          k = 0.1000 0.2000 0.3000 ( 19409 PWs)   bands (ev):

   -97.5595 -57.9831 -57.9831 -57.9831 -21.2811  -7.6245  -6.9839  -6.8409
    -5.3812  -5.3651  -5.3413   0.6314   1.5797   1.7508   2.2883   2.7121
     3.0065   3.4775   3.6307   3.8868   4.1117   4.2524   4.2700   4.5243
     5.0906   7.8331  10.0573  10.3315  10.4631

          k = 0.1000 0.2000 0.4000 ( 19385 PWs)   bands (ev):

   -97.5595 -57.9831 -57.9831 -57.9831 -21.2810  -7.5381  -7.0782  -6.8384
    -5.3829  -5.3625  -5.3321   0.5589   1.6677   1.8415   2.0566   2.5104
     3.0292   3.3473   3.6276   3.8630   4.1160   4.3532   4.3645   4.4829
     5.1321   8.6201  10.3928  10.5186  10.9403

          k = 0.1000 0.2000-0.5000 ( 19374 PWs)   bands (ev):

   -97.5595 -57.9831 -57.9831 -57.9831 -21.2810  -7.4940  -7.1257  -6.8370
    -5.3837  -5.3615  -5.3287   0.5366   1.7098   1.8749   1.9725   2.4303
     3.0473   3.2887   3.6265   3.8491   4.1170   4.4058   4.4239   4.4324
     5.1315   9.1998  10.1650  10.7025  10.9888

          k = 0.1000 0.3000 0.3000 ( 19348 PWs)   bands (ev):

   -97.5595 -57.9831 -57.9831 -57.9831 -21.2810  -7.5420  -7.0156  -6.8910
    -5.3804  -5.3587  -5.3425   0.4466   1.6734   1.8881   1.9886   2.6997
     2.7591   3.4885   3.4994   4.1345   4.1687   4.2397   4.3088   4.5088
     5.4249   8.2422  10.2687  10.6070  10.7417

          k = 0.1000 0.3000 0.4000 ( 19382 PWs)   bands (ev):

   -97.5595 -57.9831 -57.9831 -57.9831 -21.2809  -7.4502  -7.0839  -6.9135
    -5.3809  -5.3559  -5.3406   0.3287   1.7602   1.7983   1.9768   2.5161
     2.7561   3.3819   3.5016   4.1771   4.1914   4.3540   4.3789   4.4729
     5.6002   8.8832  10.3921  10.8838  10.9827

          k = 0.1000 0.3000-0.5000 ( 19388 PWs)   bands (ev):

   -97.5595 -57.9831 -57.9831 -57.9831 -21.2808  -7.4000  -7.1292  -6.9180
    -5.3815  -5.3550  -5.3394   0.2887   1.7150   1.8208   2.0096   2.4298
     2.7671   3.3367   3.5041   4.1701   4.1966   4.4056   4.4304   4.4498
     5.6450   9.4210  10.1923  10.8353  11.0488

          k = 0.1000 0.4000 0.4000 ( 19379 PWs)   bands (ev):

   -97.5595 -57.9831 -57.9831 -57.9831 -21.2808  -7.3476  -7.1015  -6.9931
    -5.3788  -5.3523  -5.3460   0.1758   1.6084   1.8870   2.0626   2.5128
     2.5557   3.4006   3.4042   4.2394   4.2820   4.3792   4.4452   4.4997
     5.9384   9.3371  10.3298  10.9243  11.0989

          k = 0.1000 0.4000-0.5000 ( 19360 PWs)   bands (ev):

   -97.5595 -57.9831 -57.9831 -57.9831 -21.2807  -7.2827  -7.1320  -7.0256
    -5.3781  -5.3513  -5.3474   0.1226   1.5481   1.9460   2.0951   2.4348
     2.5428   3.3640   3.4098   4.2549   4.2846   4.4064   4.4154   4.5823
     6.0557   9.8155  10.1682  10.5489  11.1005

          k = 0.1000-0.5000-0.5000 ( 19400 PWs)   bands (ev):

   -97.5595 -57.9831 -57.9831 -57.9831 -21.2807  -7.1715  -7.1331  -7.1331
    -5.3764  -5.3502  -5.3502   0.0645   1.4908   2.0175   2.1266   2.4369
     2.4369   3.3739   3.3739   4.2788   4.2952   4.4050   4.4050   4.6643
     6.2129  10.1829  10.3915  10.3915  10.4436

          k = 0.2000 0.2000 0.2000 ( 19393 PWs)   bands (ev):

   -97.5595 -57.9831 -57.9831 -57.9831 -21.2812  -7.6515  -6.8948  -6.8948
    -5.3753  -5.3753  -5.3460   0.5691   1.6615   1.6615   2.5477   2.6913
     2.6913   3.7068   3.7068   3.9491   4.1189   4.1823   4.1823   4.9048
     4.9048   7.4900   9.8105  10.1868  10.1868

          k = 0.2000 0.2000 0.3000 ( 19388 PWs)   bands (ev):

   -97.5595 -57.9831 -57.9831 -57.9831 -21.2810  -7.5718  -6.9826  -6.8853
    -5.3826  -5.3679  -5.3411   0.4075   1.7292   1.7994   2.2309   2.4439
     2.6840   3.6921   3.7285   3.9882   4.1446   4.2547   4.2683   4.8625
     5.1453   7.9907  10.0005  10.4253  10.5024

          k = 0.2000 0.2000 0.4000 ( 19400 PWs)   bands (ev):

   -97.5595 -57.9831 -57.9831 -57.9831 -21.2809  -7.4846  -7.0757  -6.8775
    -5.3885  -5.3604  -5.3396   0.3067   1.8103   1.8832   2.0048   2.2515
     2.7083   3.6530   3.7361   3.9626   4.1559   4.3490   4.3860   4.8091
     5.2259   8.7215  10.1525  10.5873  10.9877

          k = 0.2000 0.2000-0.5000 ( 19418 PWs)   bands (ev):

   -97.5595 -57.9831 -57.9831 -57.9831 -21.2809  -7.4384  -7.1240  -6.8745
    -5.3909  -5.3568  -5.3400   0.2732   1.8593   1.9119   1.9243   2.1651
     2.7201   3.6341   3.7390   3.9474   4.1589   4.3922   4.4395   4.7795
     5.2349   9.2929  10.0199  10.6764  10.8856

          k = 0.2000 0.3000 0.3000 ( 19367 PWs)   bands (ev):

   -97.5595 -57.9831 -57.9831 -57.9831 -21.2809  -7.4924  -7.0050  -6.9300
    -5.3847  -5.3702  -5.3421   0.2029   1.8116   1.8964   2.0066   2.3966
     2.4332   3.7539   3.7818   4.1669   4.2026   4.2517   4.2940   4.9311
     5.4092   8.3433   9.9580  10.6575  10.7025

          k = 0.2000 0.3000 0.4000 ( 19389 PWs)   bands (ev):

   -97.5595 -57.9831 -57.9831 -57.9831 -21.2808  -7.4033  -7.0753  -6.9387
    -5.3903  -5.3647  -5.3470   0.0671   1.8048   1.9015   1.9699   2.2145
     2.4413   3.7610   3.7923   4.1947   4.2375   4.3438   4.4001   4.8884
     5.5951   8.9397   9.9317  10.7577  10.9925

          k = 0.2000 0.3000-0.5000 ( 19398 PWs)   bands (ev):

   -97.5595 -57.9831 -57.9831 -57.9831 -21.2807  -7.3529  -7.1220  -6.9384
    -5.3930  -5.3576  -5.3533   0.0201   1.7471   1.9364   2.0101   2.1129
     2.4537   3.7604   3.7914   4.1884   4.2420   4.3933   4.4644   4.8606
     5.6439   9.4843   9.8198  10.6300  10.7639

          k = 0.2000 0.4000 0.4000 ( 19399 PWs)   bands (ev):

   -97.5595 -57.9831 -57.9831 -57.9831 -21.2807  -7.3086  -7.0889  -7.0033
    -5.3898  -5.3678  -5.3548  -0.0959   1.6537   1.9627   2.0351   2.2338
     2.2488   3.7866   3.8065   4.2908   4.3290   4.3705   4.5119   4.8396
     5.9343   9.3403   9.7874  10.8113  10.8622

          k = 0.2000 0.4000-0.5000 ( 19386 PWs)   bands (ev):

   -97.5595 -57.9831 -57.9831 -57.9831 -21.2806  -7.2477  -7.1205  -7.0266
    -5.3899  -5.3635  -5.3630  -0.1531   1.5990   2.0039   2.0865   2.1232
     2.2554   3.7955   3.8046   4.2946   4.3492   4.4048   4.5921   4.8050
     6.0554   9.6602   9.8351  10.3622  10.8665

          k = 0.2000-0.5000-0.5000 ( 19392 PWs)   bands (ev):

   -97.5595 -57.9831 -57.9831 -57.9831 -21.2806  -7.1480  -7.1199  -7.1199
    -5.3866  -5.3672  -5.3672  -0.2141   1.5466   2.0688   2.1289   2.1299
     2.1299   3.8053   3.8053   4.3050   4.4064   4.4064   4.6734   4.7640
     6.2179   9.6017  10.2565  10.2565  10.5569

          k = 0.3000 0.3000 0.3000 ( 19399 PWs)   bands (ev):

   -97.5595 -57.9831 -57.9831 -57.9831 -21.2808  -7.4178  -6.9917  -6.9917
    -5.3847  -5.3847  -5.3469  -0.0318   1.9053   1.9053   1.9464   2.2218
     2.2218   3.9726   3.9726   4.2160   4.2717   4.2717   4.2732   5.3776
     5.3776   8.5868   9.7064  10.7896  10.7898

          k = 0.3000 0.3000 0.4000 ( 19405 PWs)   bands (ev):

   -97.5595 -57.9831 -57.9831 -57.9831 -21.2806  -7.3328  -7.0662  -6.9807
    -5.3966  -5.3789  -5.3565  -0.1922   1.8077   1.9093   1.9538   2.0921
     2.2255   4.0370   4.0707   4.2504   4.2509   4.3390   4.4252   5.3366
     5.6487   9.0565   9.5633  10.6995  10.7873

          k = 0.3000 0.3000-0.5000 ( 19376 PWs)   bands (ev):

   -97.5595 -57.9831 -57.9831 -57.9831 -21.2806  -7.2818  -7.1132  -6.9764
    -5.4012  -5.3702  -5.3668  -0.2485   1.7525   1.9083   1.9675   2.0506
     2.2378   4.0522   4.0835   4.2408   4.2587   4.3982   4.4931   5.3153
     5.7261   9.4514   9.5745  10.3443  10.6762

          k = 0.3000 0.4000 0.4000 ( 19389 PWs)   bands (ev):

   -97.5595 -57.9831 -57.9831 -57.9831 -21.2805  -7.2514  -7.0731  -7.0247
    -5.3998  -5.3873  -5.3692  -0.3721   1.7091   1.9049   1.9183   2.1078
     2.1405   4.1475   4.1681   4.3048   4.3354   4.3714   4.5289   5.4207
     5.9227   9.2325   9.4299  10.4865  10.7520

          k = 0.3000 0.4000-0.5000 ( 19386 PWs)   bands (ev):

   -97.5595 -57.9831 -57.9831 -57.9831 -21.2805  -7.1972  -7.1060  -7.0344
    -5.4024  -5.3835  -5.3797  -0.4357   1.6622   1.8850   1.9216   2.0976
     2.1448   4.1694   4.1708   4.3089   4.3594   4.4286   4.6049   5.4085
     6.0544   9.2028   9.7455  10.0756  10.6803

          k = 0.3000-0.5000-0.5000 ( 19368 PWs)   bands (ev):

   -97.5595 -57.9831 -57.9831 -57.9831 -21.2804  -7.1182  -7.1032  -7.1032
    -5.3991  -5.3885  -5.3885  -0.5021   1.6171   1.8936   1.8936   2.1070
     2.1316   4.1822   4.1822   4.3183   4.4367   4.4367   4.6847   5.3967
     6.2242   9.1157   9.9701   9.9701  10.3203

          k = 0.4000 0.4000 0.4000 ( 19391 PWs)   bands (ev):

   -97.5595 -57.9831 -57.9831 -57.9831 -21.2804  -7.1868  -7.0600  -7.0600
    -5.4034  -5.4034  -5.3853  -0.5660   1.7313   1.7955   1.7955   2.1240
     2.1240   4.3003   4.3172   4.3172   4.4577   4.4577   4.5721   5.9048
     5.9048   8.9965   9.4260  10.2290  10.2290

          k = 0.4000 0.4000-0.5000 ( 19422 PWs)   bands (ev):

   -97.5595 -57.9831 -57.9831 -57.9831 -21.2804  -7.1416  -7.0940  -7.0549
    -5.4097  -5.3998  -5.3964  -0.6350   1.7014   1.7508   1.7940   2.1217
     2.1330   4.3086   4.3165   4.3249   4.4953   4.5605   4.6319   5.8947
     6.0939   8.9023   9.6336   9.7987  10.1354

          k = 0.4000-0.5000-0.5000 ( 19408 PWs)   bands (ev):

   -97.5595 -57.9831 -57.9831 -57.9831 -21.2803  -7.0935  -7.0893  -7.0893
    -5.4091  -5.4061  -5.4061  -0.7060   1.6754   1.7473   1.7473   2.1281
     2.1339   4.3217   4.3217   4.3302   4.5977   4.5977   4.6940   5.9770
     6.2293   8.7978   9.6873   9.6873   9.8025

          k =-0.5000-0.5000-0.5000 ( 19400 PWs)   bands (ev):

   -97.5595 -57.9831 -57.9831 -57.9831 -21.2803  -7.0840  -7.0840  -7.0840
    -5.4129  -5.4129  -5.4129  -0.7788   1.6980   1.6980   1.6980   2.1347
     2.1347   4.3351   4.3351   4.3351   4.6975   4.6975   4.6975   6.2313
     6.2313   8.6871   9.5725   9.5725   9.5725

     the Fermi energy is     4.8662 ev

!    total energy              =   -1625.29271921 Ry
     estimated scf accuracy    <          6.6E-11 Ry
     smearing contrib. (-TS)   =      -0.00049743 Ry
     internal energy E=F+TS    =   -1625.29222178 Ry

     The total energy is F=E-TS. E is the sum of the following terms:
     one-electron contribution =    -387.09241964 Ry
     hartree contribution      =     211.95373441 Ry
     xc contribution           =    -100.98000497 Ry
     ewald contribution        =    -218.67506819 Ry
     one-center paw contrib.   =   -1130.49846338 Ry

     convergence has been achieved in  20 iterations

     Forces acting on atoms (cartesian axes, Ry/au):

     atom    1 type  1   force =     0.00000000    0.00000000    0.00000000
     atom    2 type  2   force =     0.00000000    0.00000000    0.00000000
     atom    3 type  3   force =     0.00000000    0.00000000    0.00000000
     atom    4 type  3   force =     0.00000000    0.00000000    0.00000000
     atom    5 type  3   force =     0.00000000    0.00000000    0.00000000

     Total force =     0.000000     Total SCF correction =     0.000000


     Computing stress (Cartesian axis) and pressure

          total   stress  (Ry/bohr**3)                   (kbar)     P=       -2.97
  -0.00002017   0.00000000   0.00000000           -2.97        0.00        0.00
   0.00000000  -0.00002017   0.00000000            0.00       -2.97        0.00
   0.00000000   0.00000000  -0.00002017            0.00        0.00       -2.97


     BFGS Geometry Optimization
     Energy error            =      0.0E+00 Ry
     Gradient error          =      0.0E+00 Ry/Bohr

     bfgs converged in   1 scf cycles and   0 bfgs steps
     (criteria: energy <  1.0E-05 Ry, force <  1.0E-03 Ry/Bohr)

     End of BFGS Geometry Optimization

     Final energy             =   -1625.2927192148 Ry
Begin final coordinates

ATOMIC_POSITIONS (crystal)
Rb               0.0000000000        0.0000000000        0.0000000000
Ni               0.5000000000        0.5000000000        0.5000000000
I                0.5000000000        0.5000000000        0.0000000000
I                0.5000000000        0.0000000000        0.5000000000
I                0.0000000000        0.5000000000        0.5000000000
End final coordinates



  ++++++++++++++++++++++++++++++++++++++++++++++++++++++++++++++++++++++++++++
     Doing work    7 /     9
  ++++++++++++++++++++++++++++++++++++++++++++++++++++++++++++++++++++++++++++


     Current dimensions of program PWSCF are:
     Max number of different atomic species (ntypx) = 10
     Max number of k-points (npk) = 120000
     Max angular momentum in pseudopotentials (lmaxx) =  4

     WARNING: check_stop already initialized

     Parallelization info
     --------------------
     sticks:   dense  smooth     PW     G-vecs:    dense   smooth      PW
     Min        3516    1755    483               222316    78681   11477
     Max        3517    1766    490               222387    78690   11506
     Sum        7033    3521    973               444703   157371   22983

     Using Pencil Decomposition



     bravais-lattice index     =            1
     lattice parameter (alat)  =      10.5221  a.u.
     unit-cell volume          =    1164.9615 (a.u.)^3
     number of atoms/cell      =            5
     number of atomic types    =            3
     number of electrons       =        48.00
     number of Kohn-Sham states=           29
     kinetic-energy cutoff     =     100.0000  Ry
     charge density cutoff     =     800.0000  Ry
     scf convergence threshold =      1.0E-10
     mixing beta               =       0.3000
     number of iterations used =            8  plain     mixing
     energy convergence thresh.=      1.0E-05
     force convergence thresh. =      1.0E-03
     Exchange-correlation= PBE
                           (   1   4   3   4   0   0   0)
     nstep                     =           20


     celldm(1)=  10.522135  celldm(2)=   0.000000  celldm(3)=   0.000000
     celldm(4)=   0.000000  celldm(5)=   0.000000  celldm(6)=   0.000000

     crystal axes: (cart. coord. in units of alat)
               a(1) = (   1.000000   0.000000   0.000000 )  
               a(2) = (   0.000000   1.000000   0.000000 )  
               a(3) = (   0.000000   0.000000   1.000000 )  

     reciprocal axes: (cart. coord. in units 2 pi/alat)
               b(1) = (  1.000000  0.000000  0.000000 )  
               b(2) = (  0.000000  1.000000  0.000000 )  
               b(3) = (  0.000000  0.000000  1.000000 )  


     PseudoPot. # 1 for Rb read from file:
     /home/administrator/Downloads/BURAI/BURAI1.3/pseudopot/Rb.pbe-spn-rrkjus_psl.1.0.0.UPF
     MD5 check sum: 8db0524251f08d4bb5a0a04c31658078
     Pseudo is Ultrasoft + core correction, Zval =  9.0
     Generated using "atomic" code by A. Dal Corso  v.5.1.2
     Using radial grid of 1219 points,  6 beta functions with: 
                l(1) =   0
                l(2) =   0
                l(3) =   1
                l(4) =   1
                l(5) =   2
                l(6) =   2
     Q(r) pseudized with 0 coefficients 


     PseudoPot. # 2 for Ni read from file:
     /home/administrator/Downloads/BURAI/BURAI1.3/pseudopot/Ni.pbe-spn-kjpaw_psl.1.0.0.UPF
     MD5 check sum: ea56550a36ffb6c479804d371adbec59
     Pseudo is Projector augmented-wave + core cor, Zval = 18.0
     Generated using "atomic" code by A. Dal Corso  v.5.1.2
     Shape of augmentation charge: PSQ
     Using radial grid of 1195 points,  6 beta functions with: 
                l(1) =   0
                l(2) =   0
                l(3) =   1
                l(4) =   1
                l(5) =   2
                l(6) =   2
     Q(r) pseudized with 0 coefficients 


     PseudoPot. # 3 for I  read from file:
     /home/administrator/Downloads/BURAI/BURAI1.3/pseudopot/I.pbe-n-kjpaw_psl.1.0.0.UPF
     MD5 check sum: e1b2a55c91904a364f23c37cb15bc296
     Pseudo is Projector augmented-wave + core cor, Zval =  7.0
     Generated using "atomic" code by A. Dal Corso  v.5.1.2
     Shape of augmentation charge: PSQ
     Using radial grid of 1247 points,  6 beta functions with: 
                l(1) =   0
                l(2) =   0
                l(3) =   1
                l(4) =   1
                l(5) =   2
                l(6) =   2
     Q(r) pseudized with 0 coefficients 


     atomic species   valence    mass     pseudopotential
     Rb                9.00    85.46780     Rb( 1.00)
     Ni               18.00    58.69340     Ni( 1.00)
     I                 7.00   126.90450     I ( 1.00)

     48 Sym. Ops., with inversion, found



   Cartesian axes

     site n.     atom                  positions (alat units)
         1        Rb     tau(   1) = (   0.0000000   0.0000000   0.0000000  )
         2        Ni     tau(   2) = (   0.5000000   0.5000000   0.5000000  )
         3        I      tau(   3) = (   0.5000000   0.5000000   0.0000000  )
         4        I      tau(   4) = (   0.5000000   0.0000000   0.5000000  )
         5        I      tau(   5) = (   0.0000000   0.5000000   0.5000000  )

     number of k points=    56  Gaussian smearing, width (Ry)=  0.0050
                       cart. coord. in units 2pi/alat
        k(    1) = (   0.0000000   0.0000000   0.0000000), wk =   0.0020000
        k(    2) = (   0.0000000   0.0000000   0.1000000), wk =   0.0120000
        k(    3) = (   0.0000000   0.0000000   0.2000000), wk =   0.0120000
        k(    4) = (   0.0000000   0.0000000   0.3000000), wk =   0.0120000
        k(    5) = (   0.0000000   0.0000000   0.4000000), wk =   0.0120000
        k(    6) = (   0.0000000   0.0000000  -0.5000000), wk =   0.0060000
        k(    7) = (   0.0000000   0.1000000   0.1000000), wk =   0.0240000
        k(    8) = (   0.0000000   0.1000000   0.2000000), wk =   0.0480000
        k(    9) = (   0.0000000   0.1000000   0.3000000), wk =   0.0480000
        k(   10) = (   0.0000000   0.1000000   0.4000000), wk =   0.0480000
        k(   11) = (   0.0000000   0.1000000  -0.5000000), wk =   0.0240000
        k(   12) = (   0.0000000   0.2000000   0.2000000), wk =   0.0240000
        k(   13) = (   0.0000000   0.2000000   0.3000000), wk =   0.0480000
        k(   14) = (   0.0000000   0.2000000   0.4000000), wk =   0.0480000
        k(   15) = (   0.0000000   0.2000000  -0.5000000), wk =   0.0240000
        k(   16) = (   0.0000000   0.3000000   0.3000000), wk =   0.0240000
        k(   17) = (   0.0000000   0.3000000   0.4000000), wk =   0.0480000
        k(   18) = (   0.0000000   0.3000000  -0.5000000), wk =   0.0240000
        k(   19) = (   0.0000000   0.4000000   0.4000000), wk =   0.0240000
        k(   20) = (   0.0000000   0.4000000  -0.5000000), wk =   0.0240000
        k(   21) = (   0.0000000  -0.5000000  -0.5000000), wk =   0.0060000
        k(   22) = (   0.1000000   0.1000000   0.1000000), wk =   0.0160000
        k(   23) = (   0.1000000   0.1000000   0.2000000), wk =   0.0480000
        k(   24) = (   0.1000000   0.1000000   0.3000000), wk =   0.0480000
        k(   25) = (   0.1000000   0.1000000   0.4000000), wk =   0.0480000
        k(   26) = (   0.1000000   0.1000000  -0.5000000), wk =   0.0240000
        k(   27) = (   0.1000000   0.2000000   0.2000000), wk =   0.0480000
        k(   28) = (   0.1000000   0.2000000   0.3000000), wk =   0.0960000
        k(   29) = (   0.1000000   0.2000000   0.4000000), wk =   0.0960000
        k(   30) = (   0.1000000   0.2000000  -0.5000000), wk =   0.0480000
        k(   31) = (   0.1000000   0.3000000   0.3000000), wk =   0.0480000
        k(   32) = (   0.1000000   0.3000000   0.4000000), wk =   0.0960000
        k(   33) = (   0.1000000   0.3000000  -0.5000000), wk =   0.0480000
        k(   34) = (   0.1000000   0.4000000   0.4000000), wk =   0.0480000
        k(   35) = (   0.1000000   0.4000000  -0.5000000), wk =   0.0480000
        k(   36) = (   0.1000000  -0.5000000  -0.5000000), wk =   0.0120000
        k(   37) = (   0.2000000   0.2000000   0.2000000), wk =   0.0160000
        k(   38) = (   0.2000000   0.2000000   0.3000000), wk =   0.0480000
        k(   39) = (   0.2000000   0.2000000   0.4000000), wk =   0.0480000
        k(   40) = (   0.2000000   0.2000000  -0.5000000), wk =   0.0240000
        k(   41) = (   0.2000000   0.3000000   0.3000000), wk =   0.0480000
        k(   42) = (   0.2000000   0.3000000   0.4000000), wk =   0.0960000
        k(   43) = (   0.2000000   0.3000000  -0.5000000), wk =   0.0480000
        k(   44) = (   0.2000000   0.4000000   0.4000000), wk =   0.0480000
        k(   45) = (   0.2000000   0.4000000  -0.5000000), wk =   0.0480000
        k(   46) = (   0.2000000  -0.5000000  -0.5000000), wk =   0.0120000
        k(   47) = (   0.3000000   0.3000000   0.3000000), wk =   0.0160000
        k(   48) = (   0.3000000   0.3000000   0.4000000), wk =   0.0480000
        k(   49) = (   0.3000000   0.3000000  -0.5000000), wk =   0.0240000
        k(   50) = (   0.3000000   0.4000000   0.4000000), wk =   0.0480000
        k(   51) = (   0.3000000   0.4000000  -0.5000000), wk =   0.0480000
        k(   52) = (   0.3000000  -0.5000000  -0.5000000), wk =   0.0120000
        k(   53) = (   0.4000000   0.4000000   0.4000000), wk =   0.0160000
        k(   54) = (   0.4000000   0.4000000  -0.5000000), wk =   0.0240000
        k(   55) = (   0.4000000  -0.5000000  -0.5000000), wk =   0.0120000
        k(   56) = (  -0.5000000  -0.5000000  -0.5000000), wk =   0.0020000

     Dense  grid:   444703 G-vectors     FFT dimensions: (  96,  96,  96)

     Smooth grid:   157371 G-vectors     FFT dimensions: (  72,  72,  72)

     Estimated max dynamical RAM per process >     392.66 MB

     Estimated total dynamical RAM >       2.75 GB

     Initial potential from superposition of free atoms

     starting charge      47.9767, renormalised to      48.0000
     Starting wfcs are   30 randomized atomic wfcs
     Checking if some PAW data can be deallocated... 

     total cpu time spent up to now is     3761.8 secs

     Self-consistent Calculation

     iteration #  1     ecut=   100.00 Ry     beta= 0.30
     Davidson diagonalization with overlap
     ethr =  1.00E-02,  avg # of iterations =  6.1

     total cpu time spent up to now is     3797.2 secs

     total energy              =   -1624.83009755 Ry
     estimated scf accuracy    <       1.14122289 Ry

     iteration #  2     ecut=   100.00 Ry     beta= 0.30
     Davidson diagonalization with overlap
     ethr =  2.38E-03,  avg # of iterations =  4.5

     total cpu time spent up to now is     3831.2 secs

     total energy              =   -1624.88232610 Ry
     estimated scf accuracy    <       4.73039422 Ry

     iteration #  3     ecut=   100.00 Ry     beta= 0.30
     Davidson diagonalization with overlap
     ethr =  2.38E-03,  avg # of iterations =  3.5

     total cpu time spent up to now is     3862.8 secs

     total energy              =   -1625.28802783 Ry
     estimated scf accuracy    <       0.04075827 Ry

     iteration #  4     ecut=   100.00 Ry     beta= 0.30
     Davidson diagonalization with overlap
     c_bands:  1 eigenvalues not converged
     ethr =  8.49E-05,  avg # of iterations =  6.5

     total cpu time spent up to now is     3899.3 secs

     total energy              =   -1625.29885802 Ry
     estimated scf accuracy    <       0.01802322 Ry

     iteration #  5     ecut=   100.00 Ry     beta= 0.30
     Davidson diagonalization with overlap
     ethr =  3.75E-05,  avg # of iterations =  4.4

     total cpu time spent up to now is     3933.4 secs

     total energy              =   -1625.30080762 Ry
     estimated scf accuracy    <       0.20211085 Ry

     iteration #  6     ecut=   100.00 Ry     beta= 0.30
     Davidson diagonalization with overlap
     ethr =  3.75E-05,  avg # of iterations =  1.5

     total cpu time spent up to now is     3961.5 secs

     total energy              =   -1625.28589791 Ry
     estimated scf accuracy    <       0.11161640 Ry

     iteration #  7     ecut=   100.00 Ry     beta= 0.30
     Davidson diagonalization with overlap
     ethr =  3.75E-05,  avg # of iterations =  3.0

     total cpu time spent up to now is     3992.9 secs

     total energy              =   -1625.29195257 Ry
     estimated scf accuracy    <       0.00445906 Ry

     iteration #  8     ecut=   100.00 Ry     beta= 0.30
     Davidson diagonalization with overlap
     ethr =  9.29E-06,  avg # of iterations =  4.4

     total cpu time spent up to now is     4025.2 secs

     total energy              =   -1625.29196345 Ry
     estimated scf accuracy    <       0.00080584 Ry

     iteration #  9     ecut=   100.00 Ry     beta= 0.30
     Davidson diagonalization with overlap
     ethr =  1.68E-06,  avg # of iterations =  5.8

     total cpu time spent up to now is     4066.3 secs

     total energy              =   -1625.29187491 Ry
     estimated scf accuracy    <       0.00351529 Ry

     iteration # 10     ecut=   100.00 Ry     beta= 0.30
     Davidson diagonalization with overlap
     ethr =  1.68E-06,  avg # of iterations =  3.3

     total cpu time spent up to now is     4100.2 secs

     total energy              =   -1625.29223329 Ry
     estimated scf accuracy    <       0.00001984 Ry

     iteration # 11     ecut=   100.00 Ry     beta= 0.30
     Davidson diagonalization with overlap
     ethr =  4.13E-08,  avg # of iterations =  4.0

     total cpu time spent up to now is     4137.6 secs

     total energy              =   -1625.29221645 Ry
     estimated scf accuracy    <       0.00010663 Ry

     iteration # 12     ecut=   100.00 Ry     beta= 0.30
     Davidson diagonalization with overlap
     ethr =  4.13E-08,  avg # of iterations =  4.2

     total cpu time spent up to now is     4174.0 secs

     total energy              =   -1625.29223197 Ry
     estimated scf accuracy    <       0.00004197 Ry

     iteration # 13     ecut=   100.00 Ry     beta= 0.30
     Davidson diagonalization with overlap
     ethr =  4.13E-08,  avg # of iterations =  2.1

     total cpu time spent up to now is     4204.0 secs

     total energy              =   -1625.29223551 Ry
     estimated scf accuracy    <       0.00000033 Ry

     iteration # 14     ecut=   100.00 Ry     beta= 0.30
     Davidson diagonalization with overlap
     ethr =  6.80E-10,  avg # of iterations =  4.0

     total cpu time spent up to now is     4241.0 secs

     total energy              =   -1625.29223573 Ry
     estimated scf accuracy    <       0.00000012 Ry

     iteration # 15     ecut=   100.00 Ry     beta= 0.30
     Davidson diagonalization with overlap
     ethr =  2.54E-10,  avg # of iterations =  1.2

     total cpu time spent up to now is     4268.8 secs

     total energy              =   -1625.29223574 Ry
     estimated scf accuracy    <       0.00000005 Ry

     iteration # 16     ecut=   100.00 Ry     beta= 0.30
     Davidson diagonalization with overlap
     ethr =  9.42E-11,  avg # of iterations =  2.0

     total cpu time spent up to now is     4298.0 secs

     total energy              =   -1625.29223574 Ry
     estimated scf accuracy    <          2.3E-09 Ry

     iteration # 17     ecut=   100.00 Ry     beta= 0.30
     Davidson diagonalization with overlap
     ethr =  4.77E-12,  avg # of iterations =  4.4

     total cpu time spent up to now is     4333.1 secs

     total energy              =   -1625.29223574 Ry
     estimated scf accuracy    <          8.7E-10 Ry

     iteration # 18     ecut=   100.00 Ry     beta= 0.30
     Davidson diagonalization with overlap
     ethr =  1.81E-12,  avg # of iterations =  2.0

     total cpu time spent up to now is     4362.8 secs

     total energy              =   -1625.29223574 Ry
     estimated scf accuracy    <          1.8E-09 Ry

     iteration # 19     ecut=   100.00 Ry     beta= 0.30
     Davidson diagonalization with overlap
     ethr =  1.81E-12,  avg # of iterations =  2.0

     total cpu time spent up to now is     4392.0 secs

     total energy              =   -1625.29223574 Ry
     estimated scf accuracy    <          2.3E-10 Ry

     iteration # 20     ecut=   100.00 Ry     beta= 0.30
     Davidson diagonalization with overlap
     ethr =  4.73E-13,  avg # of iterations =  2.4

     total cpu time spent up to now is     4422.5 secs

     End of self-consistent calculation

          k = 0.0000 0.0000 0.0000 ( 19597 PWs)   bands (ev):

   -97.7015 -58.1249 -58.1249 -58.1249 -21.4429  -7.9618  -6.8981  -6.8981
    -5.5445  -5.5445  -5.5445   1.1334   1.1334   1.1334   3.4939   3.4939
     3.4939   3.7024   3.7024   3.7024   3.8215   3.8215   4.0804   4.0804
     4.0804   5.7919   8.3818   9.2140   9.2140

          k = 0.0000 0.0000 0.1000 ( 19689 PWs)   bands (ev):

   -97.7015 -58.1250 -58.1250 -58.1250 -21.4429  -7.9437  -6.9247  -6.8970
    -5.5438  -5.5438  -5.5364   1.1146   1.1538   1.1538   3.3585   3.3585
     3.4560   3.6172   3.7028   3.7622   3.7622   3.8219   4.1067   4.1067
     4.1367   6.0104   8.5484   9.2917   9.3534

          k = 0.0000 0.0000 0.2000 ( 19697 PWs)   bands (ev):

   -97.7015 -58.1250 -58.1250 -58.1250 -21.4428  -7.8920  -6.9973  -6.8942
    -5.5420  -5.5420  -5.5167   1.0758   1.2115   1.2115   3.1231   3.1231
     3.2387   3.3615   3.7041   3.8029   3.8029   3.8226   4.1696   4.1696
     4.1868   6.5691   8.9789   9.5263   9.7425

          k = 0.0000 0.0000 0.3000 ( 19670 PWs)   bands (ev):

   -97.7015 -58.1250 -58.1250 -58.1249 -21.4427  -7.8159  -7.0972  -6.8906
    -5.5398  -5.5398  -5.4949   1.0497   1.2941   1.2941   2.8624   2.8856
     2.8856   3.2526   3.7056   3.8069   3.8069   3.8232   4.2152   4.2316
     4.2316   7.3399   9.4897   9.8954  10.2978

          k = 0.0000 0.0000 0.4000 ( 19686 PWs)   bands (ev):

   -97.7015 -58.1250 -58.1250 -58.1249 -21.4425  -7.7365  -7.1943  -6.8877
    -5.5380  -5.5380  -5.4792   1.0488   1.3746   1.3746   2.5850   2.7021
     2.7021   3.1698   3.7068   3.8002   3.8002   3.8236   4.2302   4.2715
     4.2715   8.2172   9.9041  10.0752  10.5984

          k = 0.0000 0.0000-0.5000 ( 19738 PWs)   bands (ev):

   -97.7015 -58.1250 -58.1250 -58.1249 -21.4425  -7.6979  -7.2393  -6.8866
    -5.5373  -5.5373  -5.4737   1.0543   1.4101   1.4101   2.4810   2.6306
     2.6306   3.1393   3.7073   3.7966   3.7966   3.8237   4.2349   4.2848
     4.2848   8.8203   9.7877  10.0914  10.7575

          k = 0.0000 0.1000 0.1000 ( 19673 PWs)   bands (ev):

   -97.7015 -58.1250 -58.1250 -58.1250 -21.4429  -7.9255  -6.9365  -6.9098
    -5.5431  -5.5387  -5.5337   1.0287   1.1747   1.2403   3.1699   3.2904
     3.5109   3.5709   3.6008   3.6324   3.8557   3.8673   4.0072   4.1224
     4.3462   6.1814   8.7006   9.3982   9.4341

          k = 0.0000 0.1000 0.2000 ( 19673 PWs)   bands (ev):

   -97.7015 -58.1250 -58.1250 -58.1249 -21.4428  -7.8737  -7.0020  -6.9118
    -5.5414  -5.5365  -5.5168   0.9399   1.2338   1.3430   2.8616   3.1009
     3.2740   3.5063   3.5417   3.5819   3.9054   3.9347   4.0512   4.1714
     4.4781   6.6717   9.1018   9.6201   9.7657

          k = 0.0000 0.1000 0.3000 ( 19680 PWs)   bands (ev):

   -97.7015 -58.1250 -58.1250 -58.1249 -21.4426  -7.7971  -7.0993  -6.9083
    -5.5391  -5.5353  -5.4967   0.8836   1.3188   1.4444   2.5413   2.8766
     3.0128   3.4277   3.5171   3.5609   3.9205   3.9529   4.1511   4.2294
     4.5117   7.4040   9.5974   9.9640  10.2755

          k = 0.0000 0.1000 0.4000 ( 19699 PWs)   bands (ev):

   -97.7015 -58.1250 -58.1250 -58.1249 -21.4425  -7.7167  -7.1957  -6.9051
    -5.5374  -5.5344  -5.4821   0.8642   1.4020   1.5284   2.2978   2.6961
     2.8314   3.3538   3.5045   3.5506   3.9242   3.9546   4.2398   4.2688
     4.4952   8.2630  10.0180  10.1464  10.8216

          k = 0.0000 0.1000-0.5000 ( 19684 PWs)   bands (ev):

   -97.7015 -58.1250 -58.1250 -58.1249 -21.4425  -7.6773  -7.2409  -6.9038
    -5.5367  -5.5341  -5.4770   0.8628   1.4390   1.5631   2.2056   2.6247
     2.7642   3.3252   3.5003   3.5470   3.9250   3.9540   4.2792   4.2821
     4.4781   8.8552   9.8640  10.2149  10.7960

          k = 0.0000 0.2000 0.2000 ( 19644 PWs)   bands (ev):

   -97.7015 -58.1249 -58.1249 -58.1249 -21.4426  -7.8212  -7.0321  -6.9437
    -5.5396  -5.5259  -5.5140   0.7765   1.2974   1.5024   2.5040   3.0139
     3.2250   3.3502   3.3654   3.6843   3.9302   4.0353   4.0465   4.1857
     4.7701   7.0121   9.4346   9.8842   9.9136

          k = 0.0000 0.2000 0.3000 ( 19664 PWs)   bands (ev):

   -97.7015 -58.1250 -58.1249 -58.1249 -21.4425  -7.7433  -7.1094  -6.9549
    -5.5375  -5.5242  -5.5011   0.6566   1.3896   1.6337   2.1809   2.8469
     3.0413   3.2703   3.3110   3.7264   3.9396   4.0883   4.1157   4.2252
     4.9231   7.6183   9.8786  10.1739  10.3368

          k = 0.0000 0.2000 0.4000 ( 19708 PWs)   bands (ev):

   -97.7015 -58.1250 -58.1250 -58.1249 -21.4424  -7.6597  -7.1998  -6.9556
    -5.5357  -5.5253  -5.4895   0.5908   1.4816   1.7247   1.9552   2.6799
     2.8953   3.2319   3.3049   3.7072   3.9424   4.0953   4.2227   4.2619
     4.9600   8.4073  10.3042  10.3705  10.7697

          k = 0.0000 0.2000-0.5000 ( 19662 PWs)   bands (ev):

   -97.7015 -58.1250 -58.1249 -58.1249 -21.4424  -7.6174  -7.2452  -6.9552
    -5.5351  -5.5259  -5.4852   0.5713   1.5232   1.7587   1.8733   2.6091
     2.8418   3.2212   3.3032   3.6949   3.9431   4.0957   4.2689   4.2752
     4.9592   8.9707  10.0476  10.5657  11.0201

          k = 0.0000 0.3000 0.3000 ( 19656 PWs)   bands (ev):

   -97.7015 -58.1250 -58.1249 -58.1249 -21.4424  -7.6623  -7.1421  -7.0061
    -5.5354  -5.5139  -5.5039   0.4735   1.4942   1.7781   1.8781   2.7783
     3.0255   3.0607   3.1491   3.9450   3.9804   4.0970   4.1682   4.2291
     5.2558   8.0417  10.2295  10.4635  10.6374

          k = 0.0000 0.3000 0.4000 ( 19659 PWs)   bands (ev):

   -97.7015 -58.1250 -58.1249 -58.1249 -21.4423  -7.5727  -7.2074  -7.0325
    -5.5337  -5.5142  -5.4979   0.3590   1.6023   1.6780   1.8691   2.6574
     2.9404   2.9578   3.1183   3.9471   4.0285   4.1881   4.2181   4.2541
     5.4265   8.6849  10.5070  10.7672  10.8606

          k = 0.0000 0.3000-0.5000 ( 19670 PWs)   bands (ev):

   -97.7015 -58.1250 -58.1249 -58.1249 -21.4422  -7.5241  -7.2505  -7.0387
    -5.5331  -5.5155  -5.4946   0.3205   1.6081   1.6532   1.9006   2.5900
     2.8997   2.9337   3.1180   3.9477   4.0217   4.1893   4.2669   4.2883
     5.4706   9.2027  10.1718  11.0211  11.0708

          k = 0.0000 0.4000 0.4000 ( 19648 PWs)   bands (ev):

   -97.7015 -58.1249 -58.1249 -58.1249 -21.4422  -7.4712  -7.2257  -7.1141
    -5.5321  -5.5063  -5.5033   0.2075   1.5005   1.7340   1.9562   2.6228
     2.7435   2.9622   3.0095   3.9489   4.1361   4.2363   4.2514   4.3373
     5.7547   9.1491  10.5522  10.7454  11.0345

          k = 0.0000 0.4000-0.5000 ( 19678 PWs)   bands (ev):

   -97.7015 -58.1249 -58.1249 -58.1249 -21.4421  -7.4072  -7.2548  -7.1484
    -5.5315  -5.5071  -5.5014   0.1551   1.4394   1.8008   1.9857   2.5746
     2.6838   2.9423   2.9997   3.9494   4.1383   4.2415   4.2605   4.4188
     5.8680   9.6099  10.1950  10.6380  10.9952

          k = 0.0000-0.5000-0.5000 ( 19640 PWs)   bands (ev):

   -97.7015 -58.1249 -58.1249 -58.1249 -21.4421  -7.2965  -7.2564  -7.2564
    -5.5309  -5.5039  -5.5039   0.0977   1.3817   1.8805   2.0145   2.5687
     2.5687   2.9583   2.9583   3.9499   4.1488   4.2581   4.2581   4.4986
     6.0189  10.2039  10.2543  10.2543  10.4120

          k = 0.1000 0.1000 0.1000 ( 19714 PWs)   bands (ev):

   -97.7015 -58.1250 -58.1250 -58.1250 -21.4428  -7.9074  -6.9349  -6.9349
    -5.5389  -5.5389  -5.5303   0.9444   1.2598   1.2598   3.1346   3.1346
     3.3074   3.5763   3.6288   3.6288   3.8928   3.8928   3.9239   4.3431
     4.3431   6.3246   8.8363   9.4960   9.4960

          k = 0.1000 0.1000 0.2000 ( 19675 PWs)   bands (ev):

   -97.7015 -58.1250 -58.1250 -58.1249 -21.4427  -7.8554  -7.0041  -6.9307
    -5.5392  -5.5343  -5.5161   0.8330   1.3154   1.3834   2.8398   2.8840
     3.1830   3.4771   3.5758   3.6138   3.8988   3.9786   4.0225   4.3333
     4.5306   6.7640   9.2015   9.6912   9.7914

          k = 0.1000 0.1000 0.3000 ( 19668 PWs)   bands (ev):

   -97.7015 -58.1250 -58.1250 -58.1249 -21.4426  -7.7786  -7.1005  -6.9255
    -5.5397  -5.5312  -5.4982   0.7560   1.3966   1.4982   2.4827   2.6436
     3.1328   3.3315   3.5049   3.6036   3.8973   4.0729   4.1399   4.3166
     4.5941   7.4622   9.6696  10.0124  10.2618

          k = 0.1000 0.1000 0.4000 ( 19686 PWs)   bands (ev):

   -97.7015 -58.1250 -58.1250 -58.1249 -21.4425  -7.6974  -7.1964  -6.9212
    -5.5401  -5.5290  -5.4851   0.7213   1.4788   1.5854   2.2273   2.4608
     3.0632   3.2542   3.4378   3.5957   3.8966   4.1405   4.2318   4.2961
     4.5881   8.3041  10.0890  10.1819  10.8097

          k = 0.1000 0.1000-0.5000 ( 19674 PWs)   bands (ev):

   -97.7015 -58.1250 -58.1250 -58.1249 -21.4424  -7.6572  -7.2420  -6.9196
    -5.5402  -5.5281  -5.4805   0.7138   1.5167   1.6193   2.1337   2.3889
     3.0264   3.2350   3.4115   3.5926   3.8963   4.1675   4.2699   4.2843
     4.5751   8.8882   9.9102  10.2926  10.8190

          k = 0.1000 0.2000 0.2000 ( 19662 PWs)   bands (ev):

   -97.7015 -58.1250 -58.1249 -58.1249 -21.4426  -7.8032  -7.0294  -6.9643
    -5.5381  -5.5280  -5.5114   0.6696   1.3950   1.5170   2.5048   2.8429
     2.9017   3.4743   3.5115   3.7107   3.9528   4.0205   4.0393   4.3887
     4.7636   7.0795   9.4780   9.9188   9.9259

          k = 0.1000 0.2000 0.3000 ( 19663 PWs)   bands (ev):

   -97.7015 -58.1250 -58.1249 -58.1249 -21.4425  -7.7255  -7.1079  -6.9706
    -5.5389  -5.5239  -5.5013   0.5413   1.4807   1.6469   2.1804   2.5983
     2.8853   3.3442   3.4943   3.7468   3.9699   4.1083   4.1252   4.3693
     4.9242   7.6618   9.8561  10.1855  10.3195

          k = 0.1000 0.2000 0.4000 ( 19684 PWs)   bands (ev):

   -97.7015 -58.1250 -58.1249 -58.1249 -21.4424  -7.6417  -7.1988  -6.9683
    -5.5405  -5.5215  -5.4926   0.4672   1.5674   1.7360   1.9544   2.4007
     2.9074   3.2174   3.4913   3.7251   3.9744   4.2054   4.2169   4.3300
     4.9660   8.4376  10.1978  10.3649  10.7882

          k = 0.1000 0.2000-0.5000 ( 19666 PWs)   bands (ev):

   -97.7015 -58.1250 -58.1249 -58.1249 -21.4423  -7.5989  -7.2446  -6.9670
    -5.5413  -5.5206  -5.4894   0.4440   1.6088   1.7688   1.8726   2.3222
     2.9248   3.1604   3.4903   3.7120   3.9754   4.2574   4.2719   4.2826
     4.9660   8.9993  10.0036  10.5237  10.8374

          k = 0.1000 0.3000 0.3000 ( 19663 PWs)   bands (ev):

   -97.7015 -58.1250 -58.1249 -58.1249 -21.4423  -7.6456  -7.1384  -7.0188
    -5.5382  -5.5179  -5.5025   0.3572   1.5728   1.7815   1.8877   2.5867
     2.6422   3.3543   3.3671   3.9872   4.0249   4.0976   4.1631   4.3550
     5.2516   8.0698  10.0740  10.4637  10.5908

          k = 0.1000 0.3000 0.4000 ( 19644 PWs)   bands (ev):

   -97.7015 -58.1249 -58.1249 -58.1249 -21.4422  -7.5569  -7.2042  -7.0405
    -5.5387  -5.5152  -5.5007   0.2390   1.6603   1.7002   1.8686   2.4060
     2.6399   3.2514   3.3683   4.0332   4.0471   4.2066   4.2290   4.3210
     5.4240   8.7041  10.2128  10.7215  10.8272

          k = 0.1000 0.3000-0.5000 ( 19682 PWs)   bands (ev):

   -97.7015 -58.1250 -58.1249 -58.1249 -21.4422  -7.5083  -7.2480  -7.0449
    -5.5392  -5.5144  -5.4996   0.1988   1.6211   1.7175   1.9007   2.3216
     2.6506   3.2073   3.3707   4.0270   4.0522   4.2573   4.2795   4.2972
     5.4684   9.2268  10.0312  10.6682  10.8649

          k = 0.1000 0.4000 0.4000 ( 19665 PWs)   bands (ev):

   -97.7015 -58.1249 -58.1249 -58.1249 -21.4421  -7.4579  -7.2212  -7.1170
    -5.5367  -5.5118  -5.5058   0.0873   1.5168   1.7822   1.9527   2.4030
     2.4436   3.2699   3.2725   4.0931   4.1392   4.2320   4.2949   4.3422
     5.7539   9.1599  10.1603  10.7534  10.9223

          k = 0.1000 0.4000-0.5000 ( 19678 PWs)   bands (ev):

   -97.7015 -58.1250 -58.1249 -58.1249 -21.4421  -7.3953  -7.2507  -7.1482
    -5.5361  -5.5109  -5.5071   0.0344   1.4580   1.8397   1.9845   2.3266
     2.4315   3.2336   3.2782   4.1080   4.1417   4.2585   4.2664   4.4225
     5.8683   9.6295  10.0083  10.3812  10.9223

          k = 0.1000-0.5000-0.5000 ( 19652 PWs)   bands (ev):

   -97.7015 -58.1249 -58.1249 -58.1249 -21.4421  -7.2881  -7.2517  -7.2517
    -5.5345  -5.5099  -5.5099  -0.0230   1.4019   1.9089   2.0153   2.3287
     2.3287   3.2431   3.2431   4.1304   4.1521   4.2572   4.2572   4.5019
     6.0207  10.0223  10.2271  10.2271  10.2479

          k = 0.2000 0.2000 0.2000 ( 19657 PWs)   bands (ev):

   -97.7015 -58.1249 -58.1249 -58.1249 -21.4425  -7.7517  -7.0223  -7.0223
    -5.5334  -5.5334  -5.5058   0.4815   1.5598   1.5598   2.4311   2.5783
     2.5783   3.5678   3.5678   3.8054   3.9787   4.0410   4.0410   4.7413
     4.7413   7.3231   9.6118  10.0496  10.0496

          k = 0.2000 0.2000 0.3000 ( 19676 PWs)   bands (ev):

   -97.7015 -58.1250 -58.1249 -58.1249 -21.4424  -7.6745  -7.1067  -7.0133
    -5.5402  -5.5265  -5.5011   0.3202   1.6267   1.6949   2.1232   2.3355
     2.5695   3.5538   3.5897   3.8456   4.0037   4.1114   4.1234   4.7002
     4.9778   7.8198   9.8114  10.2827  10.3613

          k = 0.2000 0.2000 0.4000 ( 19695 PWs)   bands (ev):

   -97.7015 -58.1250 -58.1249 -58.1249 -21.4423  -7.5901  -7.1965  -7.0060
    -5.5458  -5.5195  -5.4997   0.2187   1.7066   1.7773   1.9034   2.1465
     2.5925   3.5163   3.5972   3.8226   4.0147   4.2027   4.2370   4.6484
     5.0582   8.5402   9.9752  10.4313  10.8384

          k = 0.2000 0.2000-0.5000 ( 19668 PWs)   bands (ev):

   -97.7015 -58.1250 -58.1249 -58.1249 -21.4422  -7.5453  -7.2431  -7.0032
    -5.5479  -5.5161  -5.5000   0.1847   1.7545   1.8055   1.8253   2.0619
     2.6038   3.4981   3.6001   3.8084   4.0177   4.2444   4.2889   4.6198
     5.0678   9.0936   9.8608  10.5052  10.7188

          k = 0.2000 0.3000 0.3000 ( 19669 PWs)   bands (ev):

   -97.7015 -58.1250 -58.1249 -58.1249 -21.4422  -7.5978  -7.1284  -7.0564
    -5.5421  -5.5286  -5.5022   0.1172   1.7080   1.7902   1.9046   2.2872
     2.3239   3.6154   3.6416   4.0193   4.0602   4.1090   4.1484   4.7680
     5.2362   8.1713   9.7826  10.5132  10.5551

          k = 0.2000 0.3000 0.4000 ( 19658 PWs)   bands (ev):

   -97.7015 -58.1249 -58.1249 -58.1249 -21.4421  -7.5117  -7.1961  -7.0649
    -5.5473  -5.5234  -5.5067  -0.0178   1.7075   1.7967   1.8626   2.1087
     2.3304   3.6227   3.6524   4.0506   4.0939   4.1972   4.2490   4.7268
     5.4189   8.7613   9.7646  10.5932  10.8261

          k = 0.2000 0.3000-0.5000 ( 19676 PWs)   bands (ev):

   -97.7015 -58.1250 -58.1249 -58.1249 -21.4421  -7.4630  -7.2412  -7.0647
    -5.5499  -5.5168  -5.5126  -0.0647   1.6519   1.8302   1.9016   2.0100
     2.3422   3.6223   3.6518   4.0448   4.0985   4.2451   4.3109   4.6999
     5.4673   9.2888   9.6631  10.4536  10.5948

          k = 0.2000 0.4000 0.4000 ( 19643 PWs)   bands (ev):

   -97.7015 -58.1249 -58.1249 -58.1249 -21.4420  -7.4205  -7.2093  -7.1271
    -5.5469  -5.5263  -5.5141  -0.1789   1.5604   1.8566   1.9273   2.1264
     2.1412   3.6480   3.6670   4.1476   4.1828   4.2233   4.3539   4.6797
     5.7497   9.1652   9.6236  10.6267  10.6906

          k = 0.2000 0.4000-0.5000 ( 19670 PWs)   bands (ev):

   -97.7015 -58.1249 -58.1249 -58.1249 -21.4420  -7.3618  -7.2398  -7.1494
    -5.5470  -5.5222  -5.5218  -0.2355   1.5068   1.8968   1.9765   2.0197
     2.1470   3.6566   3.6653   4.1512   4.2025   4.2564   4.4318   4.6462
     5.8678   9.5056   9.6464  10.1887  10.6938

          k = 0.2000-0.5000-0.5000 ( 19696 PWs)   bands (ev):

   -97.7015 -58.1250 -58.1249 -58.1249 -21.4420  -7.2658  -7.2392  -7.2392
    -5.5440  -5.5257  -5.5257  -0.2957   1.4555   1.9589   2.0175   2.0261
     2.0261   3.6662   3.6662   4.1614   4.2580   4.2580   4.5106   4.6065
     6.0254   9.4479  10.0851  10.0851  10.3530

          k = 0.3000 0.3000 0.3000 ( 19669 PWs)   bands (ev):

   -97.7015 -58.1249 -58.1249 -58.1249 -21.4421  -7.5259  -7.1158  -7.1158
    -5.5421  -5.5421  -5.5066  -0.1144   1.8004   1.8004   1.8457   2.1147
     2.1147   3.8282   3.8282   4.0741   4.1214   4.1284   4.1284   5.2052
     5.2052   8.4151   9.5429  10.6373  10.6388

          k = 0.3000 0.3000 0.4000 ( 19689 PWs)   bands (ev):

   -97.7015 -58.1250 -58.1249 -58.1249 -21.4420  -7.4439  -7.1876  -7.1055
    -5.5532  -5.5367  -5.5157  -0.2729   1.7105   1.8073   1.8488   1.9842
     2.1167   3.8914   3.9256   4.1058   4.1078   4.1924   4.2715   5.1654
     5.4713   8.8819   9.4032  10.5346  10.6049

          k = 0.3000 0.3000-0.5000 ( 19722 PWs)   bands (ev):

   -97.7015 -58.1250 -58.1250 -58.1249 -21.4420  -7.3948  -7.2329  -7.1015
    -5.5575  -5.5284  -5.5254  -0.3286   1.6567   1.8087   1.8624   1.9411
     2.1282   3.9062   3.9391   4.0966   4.1154   4.2489   4.3376   5.1448
     5.5478   9.2997   9.3817  10.1658  10.5133

          k = 0.3000 0.4000 0.4000 ( 19694 PWs)   bands (ev):

   -97.7015 -58.1250 -58.1249 -58.1249 -21.4419  -7.3657  -7.1944  -7.1479
    -5.5562  -5.5445  -5.5276  -0.4498   1.6136   1.8040   1.8168   1.9979
     2.0301   4.0015   4.0216   4.1608   4.1881   4.2226   4.3702   5.2484
     5.7383   9.0778   9.2562  10.3048  10.5892

          k = 0.3000 0.4000-0.5000 ( 19690 PWs)   bands (ev):

   -97.7015 -58.1250 -58.1249 -58.1249 -21.4419  -7.3136  -7.2261  -7.1572
    -5.5586  -5.5409  -5.5375  -0.5124   1.5676   1.7852   1.8201   1.9870
     2.0339   4.0241   4.0244   4.1649   4.2109   4.2772   4.4441   5.2370
     5.8667   9.0546   9.5609   9.9012  10.4926

          k = 0.3000-0.5000-0.5000 ( 19696 PWs)   bands (ev):

   -97.7015 -58.1250 -58.1249 -58.1249 -21.4418  -7.2376  -7.2234  -7.2234
    -5.5555  -5.5456  -5.5456  -0.5776   1.5231   1.7934   1.7934   1.9961
     2.0202   4.0366   4.0366   4.1741   4.2849   4.2849   4.5214   5.2260
     6.0313   8.9688   9.7977   9.7977  10.1237

          k = 0.4000 0.4000 0.4000 ( 19676 PWs)   bands (ev):

   -97.7015 -58.1249 -58.1249 -58.1249 -21.4418  -7.3038  -7.1820  -7.1820
    -5.5596  -5.5596  -5.5426  -0.6400   1.6345   1.6969   1.6969   2.0129
     2.0129   4.1563   4.1726   4.1726   4.3011   4.3011   4.4119   5.7209
     5.7209   8.8515   9.2533  10.0507  10.0507

          k = 0.4000 0.4000-0.5000 ( 19668 PWs)   bands (ev):

   -97.7015 -58.1249 -58.1249 -58.1249 -21.4418  -7.2604  -7.2148  -7.1772
    -5.5654  -5.5562  -5.5530  -0.7076   1.6050   1.6530   1.6952   2.0105
     2.0216   4.1640   4.1719   4.1801   4.3374   4.4011   4.4701   5.7113
     5.9051   8.7588   9.4591   9.6285   9.9584

          k = 0.4000-0.5000-0.5000 ( 19660 PWs)   bands (ev):

   -97.7015 -58.1249 -58.1249 -58.1249 -21.4417  -7.2144  -7.2104  -7.2104
    -5.5648  -5.5620  -5.5620  -0.7772   1.5791   1.6494   1.6494   2.0167
     2.0223   4.1769   4.1769   4.1855   4.4371   4.4371   4.5302   5.7916
     6.0361   8.6560   9.5194   9.5194   9.6282

          k =-0.5000-0.5000-0.5000 ( 19640 PWs)   bands (ev):

   -97.7015 -58.1249 -58.1249 -58.1249 -21.4417  -7.2053  -7.2053  -7.2053
    -5.5684  -5.5684  -5.5684  -0.8484   1.6007   1.6007   1.6007   2.0231
     2.0231   4.1901   4.1901   4.1901   4.5336   4.5336   4.5336   6.0380
     6.0380   8.5471   9.4071   9.4071   9.4071

     the Fermi energy is     4.7047 ev

!    total energy              =   -1625.29223574 Ry
     estimated scf accuracy    <          1.1E-12 Ry
     smearing contrib. (-TS)   =      -0.00050875 Ry
     internal energy E=F+TS    =   -1625.29172699 Ry

     The total energy is F=E-TS. E is the sum of the following terms:
     one-electron contribution =    -388.71688105 Ry
     hartree contribution      =     212.51381794 Ry
     xc contribution           =    -100.95644705 Ry
     ewald contribution        =    -217.63594887 Ry
     one-center paw contrib.   =   -1130.49626795 Ry

     convergence has been achieved in  20 iterations

     Forces acting on atoms (cartesian axes, Ry/au):

     atom    1 type  1   force =     0.00000000    0.00000000    0.00000000
     atom    2 type  2   force =     0.00000000    0.00000000    0.00000000
     atom    3 type  3   force =     0.00000000    0.00000000    0.00000000
     atom    4 type  3   force =     0.00000000    0.00000000    0.00000000
     atom    5 type  3   force =     0.00000000    0.00000000    0.00000000

     Total force =     0.000000     Total SCF correction =     0.000000


     Computing stress (Cartesian axis) and pressure

          total   stress  (Ry/bohr**3)                   (kbar)     P=       -6.57
  -0.00004463   0.00000000   0.00000000           -6.57        0.00        0.00
   0.00000000  -0.00004463   0.00000000            0.00       -6.57        0.00
   0.00000000   0.00000000  -0.00004463            0.00        0.00       -6.57


     BFGS Geometry Optimization
     Energy error            =      0.0E+00 Ry
     Gradient error          =      0.0E+00 Ry/Bohr

     bfgs converged in   1 scf cycles and   0 bfgs steps
     (criteria: energy <  1.0E-05 Ry, force <  1.0E-03 Ry/Bohr)

     End of BFGS Geometry Optimization

     Final energy             =   -1625.2922357429 Ry
Begin final coordinates

ATOMIC_POSITIONS (crystal)
Rb               0.0000000000        0.0000000000        0.0000000000
Ni               0.5000000000        0.5000000000        0.5000000000
I                0.5000000000        0.5000000000        0.0000000000
I                0.5000000000        0.0000000000        0.5000000000
I                0.0000000000        0.5000000000        0.5000000000
End final coordinates



  ++++++++++++++++++++++++++++++++++++++++++++++++++++++++++++++++++++++++++++
     Doing work    8 /     9
  ++++++++++++++++++++++++++++++++++++++++++++++++++++++++++++++++++++++++++++


     Current dimensions of program PWSCF are:
     Max number of different atomic species (ntypx) = 10
     Max number of k-points (npk) = 120000
     Max angular momentum in pseudopotentials (lmaxx) =  4

     WARNING: check_stop already initialized

     Parallelization info
     --------------------
     sticks:   dense  smooth     PW     G-vecs:    dense   smooth      PW
     Min        3559    1779    490               225815    79845   11557
     Max        3570    1790    491               225824    79854   11570
     Sum        7129    3569    981               451639   159699   23127

     Using Pencil Decomposition



     bravais-lattice index     =            1
     lattice parameter (alat)  =      10.5721  a.u.
     unit-cell volume          =    1181.6478 (a.u.)^3
     number of atoms/cell      =            5
     number of atomic types    =            3
     number of electrons       =        48.00
     number of Kohn-Sham states=           29
     kinetic-energy cutoff     =     100.0000  Ry
     charge density cutoff     =     800.0000  Ry
     scf convergence threshold =      1.0E-10
     mixing beta               =       0.3000
     number of iterations used =            8  plain     mixing
     energy convergence thresh.=      1.0E-05
     force convergence thresh. =      1.0E-03
     Exchange-correlation= PBE
                           (   1   4   3   4   0   0   0)
     nstep                     =           20


     celldm(1)=  10.572135  celldm(2)=   0.000000  celldm(3)=   0.000000
     celldm(4)=   0.000000  celldm(5)=   0.000000  celldm(6)=   0.000000

     crystal axes: (cart. coord. in units of alat)
               a(1) = (   1.000000   0.000000   0.000000 )  
               a(2) = (   0.000000   1.000000   0.000000 )  
               a(3) = (   0.000000   0.000000   1.000000 )  

     reciprocal axes: (cart. coord. in units 2 pi/alat)
               b(1) = (  1.000000  0.000000  0.000000 )  
               b(2) = (  0.000000  1.000000  0.000000 )  
               b(3) = (  0.000000  0.000000  1.000000 )  


     PseudoPot. # 1 for Rb read from file:
     /home/administrator/Downloads/BURAI/BURAI1.3/pseudopot/Rb.pbe-spn-rrkjus_psl.1.0.0.UPF
     MD5 check sum: 8db0524251f08d4bb5a0a04c31658078
     Pseudo is Ultrasoft + core correction, Zval =  9.0
     Generated using "atomic" code by A. Dal Corso  v.5.1.2
     Using radial grid of 1219 points,  6 beta functions with: 
                l(1) =   0
                l(2) =   0
                l(3) =   1
                l(4) =   1
                l(5) =   2
                l(6) =   2
     Q(r) pseudized with 0 coefficients 


     PseudoPot. # 2 for Ni read from file:
     /home/administrator/Downloads/BURAI/BURAI1.3/pseudopot/Ni.pbe-spn-kjpaw_psl.1.0.0.UPF
     MD5 check sum: ea56550a36ffb6c479804d371adbec59
     Pseudo is Projector augmented-wave + core cor, Zval = 18.0
     Generated using "atomic" code by A. Dal Corso  v.5.1.2
     Shape of augmentation charge: PSQ
     Using radial grid of 1195 points,  6 beta functions with: 
                l(1) =   0
                l(2) =   0
                l(3) =   1
                l(4) =   1
                l(5) =   2
                l(6) =   2
     Q(r) pseudized with 0 coefficients 


     PseudoPot. # 3 for I  read from file:
     /home/administrator/Downloads/BURAI/BURAI1.3/pseudopot/I.pbe-n-kjpaw_psl.1.0.0.UPF
     MD5 check sum: e1b2a55c91904a364f23c37cb15bc296
     Pseudo is Projector augmented-wave + core cor, Zval =  7.0
     Generated using "atomic" code by A. Dal Corso  v.5.1.2
     Shape of augmentation charge: PSQ
     Using radial grid of 1247 points,  6 beta functions with: 
                l(1) =   0
                l(2) =   0
                l(3) =   1
                l(4) =   1
                l(5) =   2
                l(6) =   2
     Q(r) pseudized with 0 coefficients 


     atomic species   valence    mass     pseudopotential
     Rb                9.00    85.46780     Rb( 1.00)
     Ni               18.00    58.69340     Ni( 1.00)
     I                 7.00   126.90450     I ( 1.00)

     48 Sym. Ops., with inversion, found



   Cartesian axes

     site n.     atom                  positions (alat units)
         1        Rb     tau(   1) = (   0.0000000   0.0000000   0.0000000  )
         2        Ni     tau(   2) = (   0.5000000   0.5000000   0.5000000  )
         3        I      tau(   3) = (   0.5000000   0.5000000   0.0000000  )
         4        I      tau(   4) = (   0.5000000   0.0000000   0.5000000  )
         5        I      tau(   5) = (   0.0000000   0.5000000   0.5000000  )

     number of k points=    56  Gaussian smearing, width (Ry)=  0.0050
                       cart. coord. in units 2pi/alat
        k(    1) = (   0.0000000   0.0000000   0.0000000), wk =   0.0020000
        k(    2) = (   0.0000000   0.0000000   0.1000000), wk =   0.0120000
        k(    3) = (   0.0000000   0.0000000   0.2000000), wk =   0.0120000
        k(    4) = (   0.0000000   0.0000000   0.3000000), wk =   0.0120000
        k(    5) = (   0.0000000   0.0000000   0.4000000), wk =   0.0120000
        k(    6) = (   0.0000000   0.0000000  -0.5000000), wk =   0.0060000
        k(    7) = (   0.0000000   0.1000000   0.1000000), wk =   0.0240000
        k(    8) = (   0.0000000   0.1000000   0.2000000), wk =   0.0480000
        k(    9) = (   0.0000000   0.1000000   0.3000000), wk =   0.0480000
        k(   10) = (   0.0000000   0.1000000   0.4000000), wk =   0.0480000
        k(   11) = (   0.0000000   0.1000000  -0.5000000), wk =   0.0240000
        k(   12) = (   0.0000000   0.2000000   0.2000000), wk =   0.0240000
        k(   13) = (   0.0000000   0.2000000   0.3000000), wk =   0.0480000
        k(   14) = (   0.0000000   0.2000000   0.4000000), wk =   0.0480000
        k(   15) = (   0.0000000   0.2000000  -0.5000000), wk =   0.0240000
        k(   16) = (   0.0000000   0.3000000   0.3000000), wk =   0.0240000
        k(   17) = (   0.0000000   0.3000000   0.4000000), wk =   0.0480000
        k(   18) = (   0.0000000   0.3000000  -0.5000000), wk =   0.0240000
        k(   19) = (   0.0000000   0.4000000   0.4000000), wk =   0.0240000
        k(   20) = (   0.0000000   0.4000000  -0.5000000), wk =   0.0240000
        k(   21) = (   0.0000000  -0.5000000  -0.5000000), wk =   0.0060000
        k(   22) = (   0.1000000   0.1000000   0.1000000), wk =   0.0160000
        k(   23) = (   0.1000000   0.1000000   0.2000000), wk =   0.0480000
        k(   24) = (   0.1000000   0.1000000   0.3000000), wk =   0.0480000
        k(   25) = (   0.1000000   0.1000000   0.4000000), wk =   0.0480000
        k(   26) = (   0.1000000   0.1000000  -0.5000000), wk =   0.0240000
        k(   27) = (   0.1000000   0.2000000   0.2000000), wk =   0.0480000
        k(   28) = (   0.1000000   0.2000000   0.3000000), wk =   0.0960000
        k(   29) = (   0.1000000   0.2000000   0.4000000), wk =   0.0960000
        k(   30) = (   0.1000000   0.2000000  -0.5000000), wk =   0.0480000
        k(   31) = (   0.1000000   0.3000000   0.3000000), wk =   0.0480000
        k(   32) = (   0.1000000   0.3000000   0.4000000), wk =   0.0960000
        k(   33) = (   0.1000000   0.3000000  -0.5000000), wk =   0.0480000
        k(   34) = (   0.1000000   0.4000000   0.4000000), wk =   0.0480000
        k(   35) = (   0.1000000   0.4000000  -0.5000000), wk =   0.0480000
        k(   36) = (   0.1000000  -0.5000000  -0.5000000), wk =   0.0120000
        k(   37) = (   0.2000000   0.2000000   0.2000000), wk =   0.0160000
        k(   38) = (   0.2000000   0.2000000   0.3000000), wk =   0.0480000
        k(   39) = (   0.2000000   0.2000000   0.4000000), wk =   0.0480000
        k(   40) = (   0.2000000   0.2000000  -0.5000000), wk =   0.0240000
        k(   41) = (   0.2000000   0.3000000   0.3000000), wk =   0.0480000
        k(   42) = (   0.2000000   0.3000000   0.4000000), wk =   0.0960000
        k(   43) = (   0.2000000   0.3000000  -0.5000000), wk =   0.0480000
        k(   44) = (   0.2000000   0.4000000   0.4000000), wk =   0.0480000
        k(   45) = (   0.2000000   0.4000000  -0.5000000), wk =   0.0480000
        k(   46) = (   0.2000000  -0.5000000  -0.5000000), wk =   0.0120000
        k(   47) = (   0.3000000   0.3000000   0.3000000), wk =   0.0160000
        k(   48) = (   0.3000000   0.3000000   0.4000000), wk =   0.0480000
        k(   49) = (   0.3000000   0.3000000  -0.5000000), wk =   0.0240000
        k(   50) = (   0.3000000   0.4000000   0.4000000), wk =   0.0480000
        k(   51) = (   0.3000000   0.4000000  -0.5000000), wk =   0.0480000
        k(   52) = (   0.3000000  -0.5000000  -0.5000000), wk =   0.0120000
        k(   53) = (   0.4000000   0.4000000   0.4000000), wk =   0.0160000
        k(   54) = (   0.4000000   0.4000000  -0.5000000), wk =   0.0240000
        k(   55) = (   0.4000000  -0.5000000  -0.5000000), wk =   0.0120000
        k(   56) = (  -0.5000000  -0.5000000  -0.5000000), wk =   0.0020000

     Dense  grid:   451639 G-vectors     FFT dimensions: (  96,  96,  96)

     Smooth grid:   159699 G-vectors     FFT dimensions: (  72,  72,  72)

     Estimated max dynamical RAM per process >     398.15 MB

     Estimated total dynamical RAM >       2.79 GB

     Initial potential from superposition of free atoms

     starting charge      47.9767, renormalised to      48.0000
     Starting wfcs are   30 randomized atomic wfcs
     Checking if some PAW data can be deallocated... 

     total cpu time spent up to now is     4468.3 secs

     Self-consistent Calculation

     iteration #  1     ecut=   100.00 Ry     beta= 0.30
     Davidson diagonalization with overlap
     ethr =  1.00E-02,  avg # of iterations =  6.2

     total cpu time spent up to now is     4504.3 secs

     total energy              =   -1624.82205583 Ry
     estimated scf accuracy    <       1.15761902 Ry

     iteration #  2     ecut=   100.00 Ry     beta= 0.30
     Davidson diagonalization with overlap
     ethr =  2.41E-03,  avg # of iterations =  4.4

     total cpu time spent up to now is     4538.6 secs

     total energy              =   -1624.86389614 Ry
     estimated scf accuracy    <       4.93074774 Ry

     iteration #  3     ecut=   100.00 Ry     beta= 0.30
     Davidson diagonalization with overlap
     ethr =  2.41E-03,  avg # of iterations =  3.5

     total cpu time spent up to now is     4570.7 secs

     total energy              =   -1625.28800762 Ry
     estimated scf accuracy    <       0.04115951 Ry

     iteration #  4     ecut=   100.00 Ry     beta= 0.30
     Davidson diagonalization with overlap
     c_bands:  1 eigenvalues not converged
     c_bands:  1 eigenvalues not converged
     ethr =  8.57E-05,  avg # of iterations =  6.4

     total cpu time spent up to now is     4607.0 secs

     total energy              =   -1625.30383131 Ry
     estimated scf accuracy    <       0.02234142 Ry

     iteration #  5     ecut=   100.00 Ry     beta= 0.30
     Davidson diagonalization with overlap
     ethr =  4.65E-05,  avg # of iterations =  4.4

     total cpu time spent up to now is     4642.3 secs

     total energy              =   -1625.34864099 Ry
     estimated scf accuracy    <       0.32746119 Ry

     iteration #  6     ecut=   100.00 Ry     beta= 0.30
     Davidson diagonalization with overlap
     ethr =  4.65E-05,  avg # of iterations =  3.1

     total cpu time spent up to now is     4673.0 secs

     total energy              =   -1625.29573603 Ry
     estimated scf accuracy    <       0.53767101 Ry

     iteration #  7     ecut=   100.00 Ry     beta= 0.30
     Davidson diagonalization with overlap
     ethr =  4.65E-05,  avg # of iterations =  3.7

     total cpu time spent up to now is     4706.9 secs

     total energy              =   -1625.30020083 Ry
     estimated scf accuracy    <       0.15609536 Ry

     iteration #  8     ecut=   100.00 Ry     beta= 0.30
     Davidson diagonalization with overlap
     ethr =  4.65E-05,  avg # of iterations =  1.3

     total cpu time spent up to now is     4734.9 secs

     total energy              =   -1625.31462764 Ry
     estimated scf accuracy    <       0.10072785 Ry

     iteration #  9     ecut=   100.00 Ry     beta= 0.30
     Davidson diagonalization with overlap
     ethr =  4.65E-05,  avg # of iterations =  2.0

     total cpu time spent up to now is     4764.3 secs

     total energy              =   -1625.28606255 Ry
     estimated scf accuracy    <       0.23410860 Ry

     iteration # 10     ecut=   100.00 Ry     beta= 0.30
     Davidson diagonalization with overlap
     ethr =  4.65E-05,  avg # of iterations =  3.3

     total cpu time spent up to now is     4796.3 secs

     total energy              =   -1625.28639745 Ry
     estimated scf accuracy    <       0.03296155 Ry

     iteration # 11     ecut=   100.00 Ry     beta= 0.30
     Davidson diagonalization with overlap
     ethr =  4.65E-05,  avg # of iterations =  2.8

     total cpu time spent up to now is     4827.3 secs

     total energy              =   -1625.29173096 Ry
     estimated scf accuracy    <       0.00386407 Ry

     iteration # 12     ecut=   100.00 Ry     beta= 0.30
     Davidson diagonalization with overlap
     ethr =  8.05E-06,  avg # of iterations =  3.4

     total cpu time spent up to now is     4858.5 secs

     total energy              =   -1625.29175799 Ry
     estimated scf accuracy    <       0.00483726 Ry

     iteration # 13     ecut=   100.00 Ry     beta= 0.30
     Davidson diagonalization with overlap
     ethr =  8.05E-06,  avg # of iterations =  1.0

     total cpu time spent up to now is     4886.0 secs

     total energy              =   -1625.29080339 Ry
     estimated scf accuracy    <       0.00389798 Ry

     iteration # 14     ecut=   100.00 Ry     beta= 0.30
     Davidson diagonalization with overlap
     ethr =  8.05E-06,  avg # of iterations =  2.0

     total cpu time spent up to now is     4915.7 secs

     total energy              =   -1625.29113885 Ry
     estimated scf accuracy    <       0.00119900 Ry

     iteration # 15     ecut=   100.00 Ry     beta= 0.30
     Davidson diagonalization with overlap
     ethr =  2.50E-06,  avg # of iterations =  2.5

     total cpu time spent up to now is     4946.4 secs

     total energy              =   -1625.29087296 Ry
     estimated scf accuracy    <       0.00273111 Ry

     iteration # 16     ecut=   100.00 Ry     beta= 0.30
     Davidson diagonalization with overlap
     ethr =  2.50E-06,  avg # of iterations =  3.6

     total cpu time spent up to now is     4981.3 secs

     total energy              =   -1625.29323455 Ry
     estimated scf accuracy    <       0.00524115 Ry

     iteration # 17     ecut=   100.00 Ry     beta= 0.30
     Davidson diagonalization with overlap
     ethr =  2.50E-06,  avg # of iterations =  3.1

     total cpu time spent up to now is     5014.7 secs

     total energy              =   -1625.29019568 Ry
     estimated scf accuracy    <       0.01793089 Ry

     iteration # 18     ecut=   100.00 Ry     beta= 0.30
     Davidson diagonalization with overlap
     ethr =  2.50E-06,  avg # of iterations =  3.6

     total cpu time spent up to now is     5050.5 secs

     total energy              =   -1625.29117874 Ry
     estimated scf accuracy    <       0.00037735 Ry

     iteration # 19     ecut=   100.00 Ry     beta= 0.30
     Davidson diagonalization with overlap
     ethr =  7.86E-07,  avg # of iterations =  4.6

     total cpu time spent up to now is     5090.7 secs

     total energy              =   -1625.29074600 Ry
     estimated scf accuracy    <       0.00753463 Ry

     iteration # 20     ecut=   100.00 Ry     beta= 0.30
     Davidson diagonalization with overlap
     ethr =  7.86E-07,  avg # of iterations =  3.9

     total cpu time spent up to now is     5127.6 secs

     total energy              =   -1625.29135394 Ry
     estimated scf accuracy    <       0.00001928 Ry

     iteration # 21     ecut=   100.00 Ry     beta= 0.30
     Davidson diagonalization with overlap
     ethr =  4.02E-08,  avg # of iterations =  3.8

     total cpu time spent up to now is     5160.2 secs

     total energy              =   -1625.29135489 Ry
     estimated scf accuracy    <       0.00000670 Ry

     iteration # 22     ecut=   100.00 Ry     beta= 0.30
     Davidson diagonalization with overlap
     ethr =  1.40E-08,  avg # of iterations =  3.3

     total cpu time spent up to now is     5192.2 secs

     total energy              =   -1625.29135659 Ry
     estimated scf accuracy    <       0.00000594 Ry

     iteration # 23     ecut=   100.00 Ry     beta= 0.30
     Davidson diagonalization with overlap
     ethr =  1.24E-08,  avg # of iterations =  1.0

     total cpu time spent up to now is     5219.6 secs

     total energy              =   -1625.29135654 Ry
     estimated scf accuracy    <       0.00000186 Ry

     iteration # 24     ecut=   100.00 Ry     beta= 0.30
     Davidson diagonalization with overlap
     ethr =  3.87E-09,  avg # of iterations =  1.6

     total cpu time spent up to now is     5248.0 secs

     total energy              =   -1625.29135659 Ry
     estimated scf accuracy    <       0.00000028 Ry

     iteration # 25     ecut=   100.00 Ry     beta= 0.30
     Davidson diagonalization with overlap
     ethr =  5.90E-10,  avg # of iterations =  1.9

     total cpu time spent up to now is     5276.7 secs

     total energy              =   -1625.29135659 Ry
     estimated scf accuracy    <       0.00000005 Ry

     iteration # 26     ecut=   100.00 Ry     beta= 0.30
     Davidson diagonalization with overlap
     ethr =  9.61E-11,  avg # of iterations =  3.1

     total cpu time spent up to now is     5307.1 secs

     total energy              =   -1625.29135659 Ry
     estimated scf accuracy    <          6.6E-10 Ry

     iteration # 27     ecut=   100.00 Ry     beta= 0.30
     Davidson diagonalization with overlap
     ethr =  1.37E-12,  avg # of iterations =  5.2

     total cpu time spent up to now is     5346.1 secs

     total energy              =   -1625.29135659 Ry
     estimated scf accuracy    <          3.6E-10 Ry

     iteration # 28     ecut=   100.00 Ry     beta= 0.30
     Davidson diagonalization with overlap
     ethr =  7.51E-13,  avg # of iterations =  1.5

     total cpu time spent up to now is     5374.1 secs

     End of self-consistent calculation

          k = 0.0000 0.0000 0.0000 ( 20005 PWs)   bands (ev):

   -97.8412 -58.2645 -58.2645 -58.2645 -21.6018  -8.0543  -7.0281  -7.0281
    -5.6995  -5.6995  -5.6995   1.0422   1.0422   1.0422   3.3604   3.3604
     3.3604   3.5741   3.5741   3.5741   3.6829   3.6829   3.9275   3.9275
     3.9275   5.6308   8.1976   9.0900   9.0900

          k = 0.0000 0.0000 0.1000 ( 19949 PWs)   bands (ev):

   -97.8412 -58.2645 -58.2645 -58.2645 -21.6018  -8.0367  -7.0536  -7.0271
    -5.6989  -5.6989  -5.6920   1.0229   1.0624   1.0624   3.2310   3.2310
     3.3240   3.4778   3.5745   3.6274   3.6274   3.6832   3.9555   3.9555
     3.9865   5.8493   8.3602   9.1659   9.2264

          k = 0.0000 0.0000 0.2000 ( 19938 PWs)   bands (ev):

   -97.8412 -58.2645 -58.2645 -58.2645 -21.6017  -7.9864  -7.1232  -7.0244
    -5.6972  -5.6972  -5.6734   0.9826   1.1194   1.1194   3.0018   3.0018
     3.1043   3.2332   3.5757   3.6627   3.6627   3.6839   4.0211   4.0211
     4.0372   6.4060   8.7844   9.3920   9.6074

          k = 0.0000 0.0000 0.3000 ( 19946 PWs)   bands (ev):

   -97.8412 -58.2645 -58.2645 -58.2645 -21.6015  -7.9125  -7.2192  -7.0210
    -5.6952  -5.6952  -5.6529   0.9534   1.2010   1.2010   2.7357   2.7694
     2.7694   3.1282   3.5771   3.6647   3.6647   3.6844   4.0655   4.0843
     4.0843   7.1706   9.3026   9.7358  10.1516

          k = 0.0000 0.0000 0.4000 ( 19978 PWs)   bands (ev):

   -97.8412 -58.2645 -58.2645 -58.2645 -21.6014  -7.8353  -7.3130  -7.0183
    -5.6935  -5.6935  -5.6381   0.9489   1.2805   1.2805   2.4656   2.5895
     2.5895   3.0484   3.5783   3.6575   3.6575   3.6847   4.0803   4.1246
     4.1246   8.0349   9.7339   9.8961  10.4652

          k = 0.0000 0.0000-0.5000 ( 19946 PWs)   bands (ev):

   -97.8412 -58.2645 -58.2645 -58.2645 -21.6014  -7.7978  -7.3565  -7.0173
    -5.6929  -5.6929  -5.6328   0.9526   1.3156   1.3156   2.3648   2.5193
     2.5193   3.0189   3.5787   3.6539   3.6539   3.6848   4.0849   4.1380
     4.1380   8.6165   9.6325   9.9214  10.6236

          k = 0.0000 0.1000 0.1000 ( 19933 PWs)   bands (ev):

   -97.8412 -58.2645 -58.2645 -58.2645 -21.6017  -8.0190  -7.0649  -7.0393
    -5.6983  -5.6942  -5.6894   0.9384   1.0830   1.1468   3.0463   3.1650
     3.3771   3.4324   3.4717   3.4941   3.7189   3.7318   3.8624   3.9719
     4.1919   6.0202   8.5091   9.2703   9.3060

          k = 0.0000 0.1000 0.2000 ( 19947 PWs)   bands (ev):

   -97.8412 -58.2645 -58.2645 -58.2645 -21.6016  -7.9687  -7.1277  -7.0413
    -5.6966  -5.6921  -5.6735   0.8494   1.1414   1.2474   2.7428   2.9803
     3.1420   3.3732   3.4124   3.4448   3.7651   3.7960   3.9086   4.0230
     4.3222   6.5085   8.9045   9.4859   9.6316

          k = 0.0000 0.1000 0.3000 ( 19953 PWs)   bands (ev):

   -97.8412 -58.2645 -58.2645 -58.2645 -21.6015  -7.8943  -7.2213  -7.0380
    -5.6946  -5.6910  -5.6546   0.7911   1.2253   1.3469   2.4277   2.7608
     2.8881   3.2986   3.3878   3.4238   3.7787   3.8125   4.0071   4.0823
     4.3561   7.2347   9.4055   9.8086  10.1320

          k = 0.0000 0.1000 0.4000 ( 19959 PWs)   bands (ev):

   -97.8412 -58.2645 -58.2645 -58.2645 -21.6014  -7.8162  -7.3143  -7.0350
    -5.6930  -5.6902  -5.6408   0.7688   1.3075   1.4294   2.1894   2.5838
     2.7115   3.2276   3.3753   3.4139   3.7822   3.8138   4.0940   4.1221
     4.3406   8.0808   9.8421   9.9706  10.6677

          k = 0.0000 0.1000-0.5000 ( 19984 PWs)   bands (ev):

   -97.8412 -58.2645 -58.2645 -58.2645 -21.6014  -7.7779  -7.3580  -7.0338
    -5.6923  -5.6899  -5.6359   0.7659   1.3439   1.4636   2.0996   2.5137
     2.6461   3.1999   3.3711   3.4104   3.7829   3.8132   4.1325   4.1355
     4.3241   8.6528   9.7073  10.0420  10.6602

          k = 0.0000 0.2000 0.2000 ( 19924 PWs)   bands (ev):

   -97.8412 -58.2645 -58.2645 -58.2645 -21.6015  -7.9178  -7.1566  -7.0719
    -5.6950  -5.6823  -5.6708   0.6871   1.2041   1.4034   2.3917   2.8957
     3.0950   3.2170   3.2387   3.5469   3.7887   3.8956   3.9061   4.0377
     4.6090   6.8478   9.2318   9.7505   9.7753

          k = 0.0000 0.2000 0.3000 ( 19933 PWs)   bands (ev):

   -97.8412 -58.2645 -58.2645 -58.2645 -21.6014  -7.8422  -7.2310  -7.0828
    -5.6931  -5.6806  -5.6587   0.5664   1.2949   1.5320   2.0753   2.7323
     2.9159   3.1454   3.1788   3.5894   3.7973   3.9462   3.9740   4.0784
     4.7597   7.4490   9.6762  10.0284  10.1920

          k = 0.0000 0.2000 0.4000 ( 19946 PWs)   bands (ev):

   -97.8412 -58.2645 -58.2645 -58.2645 -21.6013  -7.7611  -7.3182  -7.0835
    -5.6915  -5.6817  -5.6477   0.4988   1.3855   1.6214   1.8552   2.5684
     2.7735   3.1080   3.1730   3.5721   3.8000   3.9525   4.0774   4.1156
     4.7969   8.2266  10.1015  10.2161  10.6184

          k = 0.0000 0.2000-0.5000 ( 19970 PWs)   bands (ev):

   -97.8412 -58.2645 -58.2645 -58.2645 -21.6013  -7.7201  -7.3621  -7.0832
    -5.6909  -5.6822  -5.6437   0.4784   1.4265   1.6548   1.7755   2.4990
     2.7212   3.0976   3.1715   3.5605   3.8007   3.9528   4.1221   4.1289
     4.7966   8.7724   9.8875  10.3843  10.7568

          k = 0.0000 0.3000 0.3000 ( 19954 PWs)   bands (ev):

   -97.8412 -58.2645 -58.2645 -58.2645 -21.6013  -7.7639  -7.2625  -7.1320
    -5.6912  -5.6709  -5.6613   0.3838   1.3978   1.6735   1.7796   2.6657
     2.9008   2.9399   3.0199   3.8026   3.8360   3.9573   4.0249   4.0827
     5.0858   7.8713  10.0256  10.3179  10.4853

          k = 0.0000 0.3000 0.4000 ( 19962 PWs)   bands (ev):

   -97.8412 -58.2645 -58.2645 -58.2645 -21.6012  -7.6772  -7.3255  -7.1574
    -5.6896  -5.6713  -5.6557   0.2690   1.5038   1.5845   1.7627   2.5471
     2.8170   2.8397   2.9901   3.8046   3.8870   4.0440   4.0710   4.1083
     5.2536   8.5078  10.3161  10.6067  10.6972

          k = 0.0000 0.3000-0.5000 ( 19936 PWs)   bands (ev):

   -97.8412 -58.2645 -58.2645 -58.2645 -21.6011  -7.6301  -7.3671  -7.1634
    -5.6890  -5.6725  -5.6526   0.2302   1.5165   1.5537   1.7937   2.4809
     2.7770   2.8164   2.9899   3.8052   3.8811   4.0450   4.1212   4.1386
     5.2972   9.0115  10.0124  10.8638  10.8770

          k = 0.0000 0.4000 0.4000 ( 19962 PWs)   bands (ev):

   -97.8412 -58.2645 -58.2645 -58.2645 -21.6011  -7.5792  -7.3430  -7.2358
    -5.6881  -5.6638  -5.6608   0.1185   1.4113   1.6326   1.8480   2.5136
     2.6303   2.8379   2.8833   3.8064   3.9957   4.0916   4.1059   4.1831
     5.5737   8.9738  10.3780  10.5819  10.8548

          k = 0.0000 0.4000-0.5000 ( 19958 PWs)   bands (ev):

   -97.8412 -58.2645 -58.2645 -58.2645 -21.6011  -7.5175  -7.3712  -7.2687
    -5.6876  -5.6646  -5.6592   0.0665   1.3517   1.6976   1.8770   2.4663
     2.5726   2.8179   2.8739   3.8069   3.9977   4.0965   4.1151   4.2624
     5.6842   9.4268  10.0380  10.4696  10.8210

          k = 0.0000-0.5000-0.5000 ( 19968 PWs)   bands (ev):

   -97.8412 -58.2645 -58.2645 -58.2645 -21.6010  -7.4107  -7.3727  -7.3727
    -5.6870  -5.6615  -5.6615   0.0096   1.2953   1.7749   1.9051   2.4607
     2.4607   2.8333   2.8333   3.8074   4.0081   4.1129   4.1129   4.3397
     5.8304  10.0102  10.0958  10.0958  10.2497

          k = 0.1000 0.1000 0.1000 ( 19924 PWs)   bands (ev):

   -97.8412 -58.2645 -58.2645 -58.2645 -21.6017  -8.0014  -7.0634  -7.0634
    -5.6943  -5.6943  -5.6862   0.8553   1.1660   1.1660   3.0126   3.0126
     3.1759   3.4409   3.4910   3.4910   3.7569   3.7569   3.7839   4.1891
     4.1891   6.1633   8.6424   9.3671   9.3671

          k = 0.1000 0.1000 0.2000 ( 19941 PWs)   bands (ev):

   -97.8412 -58.2645 -58.2645 -58.2645 -21.6016  -7.9510  -7.1297  -7.0594
    -5.6946  -5.6901  -5.6728   0.7442   1.2210   1.2870   2.7196   2.7676
     3.0566   3.3429   3.4417   3.4766   3.7615   3.8396   3.8824   4.1804
     4.3738   6.6009   9.0031   9.5574   9.6583

          k = 0.1000 0.1000 0.3000 ( 19932 PWs)   bands (ev):

   -97.8412 -58.2645 -58.2645 -58.2645 -21.6015  -7.8764  -7.2225  -7.0545
    -5.6951  -5.6872  -5.6560   0.6657   1.3012   1.3995   2.3691   2.5321
     3.0080   3.2014   3.3743   3.4667   3.7601   3.9302   3.9969   4.1655
     4.4371   7.2928   9.4752   9.8615  10.1207

          k = 0.1000 0.1000 0.4000 ( 19966 PWs)   bands (ev):

   -97.8412 -58.2645 -58.2645 -58.2645 -21.6014  -7.7975  -7.3150  -7.0505
    -5.6955  -5.6851  -5.6437   0.6285   1.3823   1.4851   2.1200   2.3529
     2.9394   3.1268   3.3099   3.4592   3.7596   3.9946   4.0866   4.1475
     4.4321   8.1222   9.9037  10.0178  10.6581

          k = 0.1000 0.1000-0.5000 ( 19996 PWs)   bands (ev):

   -97.8412 -58.2645 -58.2645 -58.2645 -21.6013  -7.7585  -7.3590  -7.0490
    -5.6956  -5.6843  -5.6393   0.6196   1.4196   1.5184   2.0291   2.2823
     2.9031   3.1084   3.2845   3.4562   3.7594   4.0198   4.1238   4.1373
     4.4196   8.6868   9.7528  10.1196  10.9605

          k = 0.1000 0.2000 0.2000 ( 19940 PWs)   bands (ev):

   -97.8412 -58.2645 -58.2645 -58.2645 -21.6015  -7.9004  -7.1541  -7.0917
    -5.6936  -5.6842  -5.6684   0.5819   1.2991   1.4179   2.3920   2.7271
     2.7808   3.3393   3.3777   3.5728   3.8137   3.8819   3.8994   4.2353
     4.6026   6.9153   9.2777   9.7853   9.7900

          k = 0.1000 0.2000 0.3000 ( 19933 PWs)   bands (ev):

   -97.8412 -58.2645 -58.2645 -58.2645 -21.6014  -7.8250  -7.2296  -7.0979
    -5.6944  -5.6803  -5.6589   0.4531   1.3836   1.5451   2.0745   2.4864
     2.7664   3.2134   3.3604   3.6095   3.8306   3.9666   3.9829   4.2172
     4.7608   7.4927   9.6581  10.0431  10.1784

          k = 0.1000 0.2000 0.4000 ( 19949 PWs)   bands (ev):

   -97.8412 -58.2645 -58.2645 -58.2645 -21.6013  -7.7438  -7.3172  -7.0958
    -5.6959  -5.6781  -5.6507   0.3774   1.4690   1.6326   1.8542   2.2930
     2.7877   3.0900   3.3576   3.5897   3.8351   4.0600   4.0719   4.1798
     4.8029   8.2572  10.0056  10.2139  10.6386

          k = 0.1000 0.2000-0.5000 ( 19970 PWs)   bands (ev):

   -97.8412 -58.2645 -58.2645 -58.2645 -21.6012  -7.7022  -7.3615  -7.0946
    -5.6966  -5.6772  -5.6476   0.3534   1.5097   1.6648   1.7747   2.2162
     2.8045   3.0346   3.3566   3.5774   3.8361   4.1116   4.1227   4.1354
     4.8035   8.8013   9.8446  10.3485  10.6867

          k = 0.1000 0.3000 0.3000 ( 19971 PWs)   bands (ev):

   -97.8412 -58.2645 -58.2645 -58.2645 -21.6012  -7.7478  -7.2589  -7.1443
    -5.6937  -5.6747  -5.6601   0.2697   1.4742   1.6770   1.7888   2.4756
     2.5274   3.2227   3.2373   3.8427   3.8835   3.9578   4.0198   4.2041
     5.0816   7.8995   9.8823  10.3231  10.4427

          k = 0.1000 0.3000 0.4000 ( 19965 PWs)   bands (ev):

   -97.8412 -58.2645 -58.2645 -58.2645 -21.6011  -7.6619  -7.3224  -7.1651
    -5.6942  -5.6722  -5.6584   0.1514   1.5618   1.6044   1.7624   2.2979
     2.5258   3.1233   3.2375   3.8917   3.9051   4.0617   4.0821   4.1718
     5.2510   8.5269  10.0355  10.5608  10.6749

          k = 0.1000 0.3000-0.5000 ( 19932 PWs)   bands (ev):

   -97.8412 -58.2645 -58.2645 -58.2645 -21.6011  -7.6149  -7.3647  -7.1693
    -5.6947  -5.6715  -5.6573   0.1110   1.5290   1.6161   1.7939   2.2154
     2.5362   3.0804   3.2398   3.8863   3.9102   4.1115   4.1314   4.1475
     5.2950   9.0348   9.8725  10.5021  10.6847

          k = 0.1000 0.4000 0.4000 ( 19940 PWs)   bands (ev):

   -97.8412 -58.2645 -58.2645 -58.2645 -21.6011  -7.5665  -7.3388  -7.2386
    -5.6924  -5.6690  -5.6632   0.0008   1.4269   1.6795   1.8447   2.2952
     2.3335   3.1417   3.1434   3.9493   3.9986   4.0873   4.1473   4.1878
     5.5728   8.9844   9.9932  10.5851  10.7496

          k = 0.1000 0.4000-0.5000 ( 19938 PWs)   bands (ev):

   -97.8412 -58.2645 -58.2645 -58.2645 -21.6010  -7.5060  -7.3673  -7.2686
    -5.6918  -5.6681  -5.6645  -0.0516   1.3695   1.7354   1.8758   2.2204
     2.3222   3.1058   3.1493   3.9635   4.0009   4.1131   4.1200   4.2659
     5.6843   9.4451   9.8509  10.2159  10.7467

          k = 0.1000-0.5000-0.5000 ( 19940 PWs)   bands (ev):

   -97.8412 -58.2645 -58.2645 -58.2645 -21.6010  -7.4028  -7.3683  -7.3683
    -5.6904  -5.6671  -5.6671  -0.1085   1.3147   1.8025   1.9059   2.2225
     2.2225   3.1149   3.1149   3.9847   4.0113   4.1120   4.1120   4.3429
     5.8321   9.8640  10.0528  10.0654  10.0654

          k = 0.2000 0.2000 0.2000 ( 19951 PWs)   bands (ev):

   -97.8412 -58.2645 -58.2645 -58.2645 -21.6014  -7.8505  -7.1474  -7.1474
    -5.6892  -5.6892  -5.6632   0.3957   1.4602   1.4602   2.3169   2.4674
     2.4674   3.4314   3.4314   3.6647   3.8407   3.9020   3.9020   4.5809
     4.5809   7.1584   9.4176   9.9148   9.9148

          k = 0.2000 0.2000 0.3000 ( 19944 PWs)   bands (ev):

   -97.8412 -58.2645 -58.2645 -58.2645 -21.6013  -7.7758  -7.2285  -7.1390
    -5.6956  -5.6828  -5.6588   0.2348   1.5262   1.5924   2.0177   2.2290
     2.4572   3.4182   3.4535   3.7057   3.8651   3.9704   3.9810   4.5410
     4.8134   7.6510   9.6257  10.1425  10.2226

          k = 0.2000 0.2000 0.4000 ( 19938 PWs)   bands (ev):

   -97.8412 -58.2645 -58.2645 -58.2645 -21.6012  -7.6940  -7.3151  -7.1321
    -5.7008  -5.6762  -5.6574   0.1327   1.6048   1.6734   1.8039   2.0435
     2.4789   3.3823   3.4611   3.6851   3.8758   4.0588   4.0907   4.4908
     4.8936   8.3611   9.8005  10.2779  10.6920

          k = 0.2000 0.2000-0.5000 ( 19944 PWs)   bands (ev):

   -97.8412 -58.2645 -58.2645 -58.2645 -21.6011  -7.6506  -7.3601  -7.1295
    -5.7028  -5.6731  -5.6577   0.0983   1.6517   1.7010   1.7282   1.9607
     2.4896   3.3648   3.4638   3.6717   3.8787   4.0992   4.1410   4.4631
     4.9037   8.8969   9.7040  10.3374  10.5533

          k = 0.2000 0.3000 0.3000 ( 19948 PWs)   bands (ev):

   -97.8412 -58.2645 -58.2645 -58.2645 -21.6012  -7.7016  -7.2495  -7.1805
    -5.6973  -5.6847  -5.6598   0.0334   1.6063   1.6860   1.8046   2.1798
     2.2166   3.4794   3.5042   3.8744   3.9201   3.9687   4.0053   4.6079
     5.0663   8.0015   9.6101  10.3711  10.4102

          k = 0.2000 0.3000 0.4000 ( 19963 PWs)   bands (ev):

   -97.8412 -58.2645 -58.2645 -58.2645 -21.6011  -7.6184  -7.3148  -7.1888
    -5.7022  -5.6798  -5.6640  -0.1009   1.6121   1.6940   1.7574   2.0050
     2.2216   3.4871   3.5154   3.9088   3.9527   4.0530   4.1008   4.5681
     5.2460   8.5850   9.6004  10.4313  10.6601

          k = 0.2000 0.3000-0.5000 ( 19960 PWs)   bands (ev):

   -97.8412 -58.2645 -58.2645 -58.2645 -21.6010  -7.5714  -7.3583  -7.1886
    -5.7046  -5.6737  -5.6695  -0.1476   1.5586   1.7260   1.7951   1.9091
     2.2327   3.4868   3.5150   3.9036   3.9573   4.0996   4.1605   4.5421
     5.2940   9.0959   9.5090  10.2799  10.4291

          k = 0.2000 0.4000 0.4000 ( 19970 PWs)   bands (ev):

   -97.8412 -58.2645 -58.2645 -58.2645 -21.6010  -7.5306  -7.3276  -7.2486
    -5.7018  -5.6825  -5.6711  -0.2601   1.4688   1.7525   1.8215   2.0211
     2.0357   3.5120   3.5301   4.0065   4.0392   4.0785   4.1991   4.5228
     5.5686   8.9915   9.4630  10.4456  10.5219

          k = 0.2000 0.4000-0.5000 ( 19982 PWs)   bands (ev):

   -97.8412 -58.2645 -58.2645 -58.2645 -21.6009  -7.4740  -7.3570  -7.2701
    -5.7019  -5.6786  -5.6784  -0.3161   1.4165   1.7917   1.8685   1.9183
     2.0408   3.5205   3.5287   4.0100   4.0583   4.1107   4.2748   4.4903
     5.6837   9.3537   9.4598  10.0184  10.5237

          k = 0.2000-0.5000-0.5000 ( 19948 PWs)   bands (ev):

   -97.8412 -58.2645 -58.2645 -58.2645 -21.6009  -7.3816  -7.3565  -7.3565
    -5.6991  -5.6819  -5.6819  -0.3754   1.3661   1.8510   1.9080   1.9244
     1.9244   3.5297   3.5297   4.0202   4.1122   4.1122   4.3512   4.4519
     5.8365   9.2967   9.9167   9.9167  10.1497

          k = 0.3000 0.3000 0.3000 ( 19979 PWs)   bands (ev):

   -97.8412 -58.2645 -58.2645 -58.2645 -21.6010  -7.6323  -7.2377  -7.2377
    -5.6973  -5.6973  -5.6640  -0.1952   1.6975   1.6975   1.7470   2.0096
     2.0096   3.6867   3.6867   3.9344   3.9726   3.9874   3.9874   5.0360
     5.0360   8.2456   9.3821  10.4893  10.4897

          k = 0.3000 0.3000 0.4000 ( 19951 PWs)   bands (ev):

   -97.8412 -58.2645 -58.2645 -58.2645 -21.6009  -7.5532  -7.3068  -7.2279
    -5.7077  -5.6922  -5.6725  -0.3517   1.6151   1.7071   1.7457   1.8785
     2.0099   3.7487   3.7832   3.9635   3.9670   4.0484   4.1209   4.9973
     5.2972   8.7092   9.2464  10.3726  10.4253

          k = 0.3000 0.3000-0.5000 ( 19948 PWs)   bands (ev):

   -97.8412 -58.2645 -58.2645 -58.2645 -21.6009  -7.5059  -7.3504  -7.2242
    -5.7117  -5.6843  -5.6817  -0.4068   1.5626   1.7110   1.7592   1.8336
     2.0207   3.7631   3.7972   3.9547   3.9744   4.1023   4.1852   4.9774
     5.3727   9.1506   9.1919   9.9907  10.3532

          k = 0.3000 0.4000 0.4000 ( 19976 PWs)   bands (ev):

   -97.8412 -58.2645 -58.2645 -58.2645 -21.6009  -7.4780  -7.3135  -7.2689
    -5.7104  -5.6995  -5.6837  -0.5257   1.5199   1.7050   1.7172   1.8901
     1.9218   3.8581   3.8778   4.0191   4.0435   4.0766   4.2148   5.0794
     5.5573   8.9241   9.0870  10.1259  10.4226

          k = 0.3000 0.4000-0.5000 ( 19980 PWs)   bands (ev):

   -97.8412 -58.2645 -58.2645 -58.2645 -21.6008  -7.4279  -7.3440  -7.2779
    -5.7127  -5.6961  -5.6929  -0.5874   1.4748   1.6875   1.7205   1.8784
     1.9251   3.8806   3.8813   4.0231   4.0653   4.1287   4.2866   5.0686
     5.6826   8.9091   9.3793   9.7302  10.3083

          k = 0.3000-0.5000-0.5000 ( 19984 PWs)   bands (ev):

   -97.8412 -58.2645 -58.2645 -58.2645 -21.6008  -7.3550  -7.3416  -7.3416
    -5.7098  -5.7005  -5.7005  -0.6514   1.4311   1.6953   1.6953   1.8872
     1.9106   3.8936   3.8936   4.0323   4.1360   4.1360   4.3615   5.0584
     5.8421   8.8246   9.6288   9.6288   9.9301

          k = 0.4000 0.4000 0.4000 ( 19949 PWs)   bands (ev):

   -97.8412 -58.2645 -58.2645 -58.2645 -21.6008  -7.4187  -7.3018  -7.3018
    -5.7135  -5.7135  -5.6977  -0.7123   1.5398   1.6003   1.6003   1.9037
     1.9037   4.0146   4.0303   4.0303   4.1477   4.1477   4.2551   5.5405
     5.5405   8.7090   9.0836   9.8759   9.8759

          k = 0.4000 0.4000-0.5000 ( 19946 PWs)   bands (ev):

   -97.8412 -58.2645 -58.2645 -58.2645 -21.6007  -7.3771  -7.3334  -7.2973
    -5.7190  -5.7103  -5.7074  -0.7786   1.5105   1.5572   1.5985   1.9012
     1.9122   4.0218   4.0297   4.0378   4.1828   4.2450   4.3117   5.5312
     5.7199   8.6178   9.2879   9.4618   9.7851

          k = 0.4000-0.5000-0.5000 ( 19960 PWs)   bands (ev):

   -97.8412 -58.2645 -58.2645 -58.2645 -21.6007  -7.3330  -7.3292  -7.3292
    -5.7185  -5.7158  -5.7158  -0.8467   1.4848   1.5535   1.5535   1.9072
     1.9127   4.0344   4.0344   4.0431   4.2797   4.2797   4.3700   5.6097
     5.8467   8.5167   9.3550   9.3550   9.4572

          k =-0.5000-0.5000-0.5000 ( 19952 PWs)   bands (ev):

   -97.8412 -58.2645 -58.2645 -58.2645 -21.6007  -7.3245  -7.3245  -7.3245
    -5.7217  -5.7217  -5.7217  -0.9164   1.5056   1.5056   1.5056   1.9135
     1.9135   4.0475   4.0475   4.0475   4.3732   4.3732   4.3732   5.8484
     5.8484   8.4096   9.2451   9.2451   9.2451

     the Fermi energy is     4.5462 ev

!    total energy              =   -1625.29135659 Ry
     estimated scf accuracy    <          1.6E-11 Ry
     smearing contrib. (-TS)   =      -0.00051987 Ry
     internal energy E=F+TS    =   -1625.29083672 Ry

     The total energy is F=E-TS. E is the sum of the following terms:
     one-electron contribution =    -390.32856675 Ry
     hartree contribution      =     213.07220822 Ry
     xc contribution           =    -100.93366270 Ry
     ewald contribution        =    -216.60665840 Ry
     one-center paw contrib.   =   -1130.49415709 Ry

     convergence has been achieved in  28 iterations

     Forces acting on atoms (cartesian axes, Ry/au):

     atom    1 type  1   force =     0.00000000    0.00000000    0.00000000
     atom    2 type  2   force =     0.00000000    0.00000000    0.00000000
     atom    3 type  3   force =     0.00000000    0.00000000    0.00000000
     atom    4 type  3   force =     0.00000000    0.00000000    0.00000000
     atom    5 type  3   force =     0.00000000    0.00000000    0.00000000

     Total force =     0.000000     Total SCF correction =     0.000000


     Computing stress (Cartesian axis) and pressure

          total   stress  (Ry/bohr**3)                   (kbar)     P=       -9.87
  -0.00006709   0.00000000   0.00000000           -9.87        0.00        0.00
   0.00000000  -0.00006709   0.00000000            0.00       -9.87        0.00
   0.00000000   0.00000000  -0.00006709            0.00        0.00       -9.87


     BFGS Geometry Optimization
     Energy error            =      0.0E+00 Ry
     Gradient error          =      0.0E+00 Ry/Bohr

     bfgs converged in   1 scf cycles and   0 bfgs steps
     (criteria: energy <  1.0E-05 Ry, force <  1.0E-03 Ry/Bohr)

     End of BFGS Geometry Optimization

     Final energy             =   -1625.2913565949 Ry
Begin final coordinates

ATOMIC_POSITIONS (crystal)
Rb               0.0000000000        0.0000000000        0.0000000000
Ni               0.5000000000        0.5000000000        0.5000000000
I                0.5000000000        0.5000000000        0.0000000000
I                0.5000000000        0.0000000000        0.5000000000
I                0.0000000000        0.5000000000        0.5000000000
End final coordinates



  ++++++++++++++++++++++++++++++++++++++++++++++++++++++++++++++++++++++++++++
     Doing work    9 /     9
  ++++++++++++++++++++++++++++++++++++++++++++++++++++++++++++++++++++++++++++


     Current dimensions of program PWSCF are:
     Max number of different atomic species (ntypx) = 10
     Max number of k-points (npk) = 120000
     Max angular momentum in pseudopotentials (lmaxx) =  4

     WARNING: check_stop already initialized

     Parallelization info
     --------------------
     sticks:   dense  smooth     PW     G-vecs:    dense   smooth      PW
     Min        3581    1783    491               229131    80933   11765
     Max        3596    1794    498               229204    80998   11818
     Sum        7177    3577    989               458335   161931   23583

     Using Pencil Decomposition



     bravais-lattice index     =            1
     lattice parameter (alat)  =      10.6221  a.u.
     unit-cell volume          =    1198.4927 (a.u.)^3
     number of atoms/cell      =            5
     number of atomic types    =            3
     number of electrons       =        48.00
     number of Kohn-Sham states=           29
     kinetic-energy cutoff     =     100.0000  Ry
     charge density cutoff     =     800.0000  Ry
     scf convergence threshold =      1.0E-10
     mixing beta               =       0.3000
     number of iterations used =            8  plain     mixing
     energy convergence thresh.=      1.0E-05
     force convergence thresh. =      1.0E-03
     Exchange-correlation= PBE
                           (   1   4   3   4   0   0   0)
     nstep                     =           20


     celldm(1)=  10.622135  celldm(2)=   0.000000  celldm(3)=   0.000000
     celldm(4)=   0.000000  celldm(5)=   0.000000  celldm(6)=   0.000000

     crystal axes: (cart. coord. in units of alat)
               a(1) = (   1.000000   0.000000   0.000000 )  
               a(2) = (   0.000000   1.000000   0.000000 )  
               a(3) = (   0.000000   0.000000   1.000000 )  

     reciprocal axes: (cart. coord. in units 2 pi/alat)
               b(1) = (  1.000000  0.000000  0.000000 )  
               b(2) = (  0.000000  1.000000  0.000000 )  
               b(3) = (  0.000000  0.000000  1.000000 )  


     PseudoPot. # 1 for Rb read from file:
     /home/administrator/Downloads/BURAI/BURAI1.3/pseudopot/Rb.pbe-spn-rrkjus_psl.1.0.0.UPF
     MD5 check sum: 8db0524251f08d4bb5a0a04c31658078
     Pseudo is Ultrasoft + core correction, Zval =  9.0
     Generated using "atomic" code by A. Dal Corso  v.5.1.2
     Using radial grid of 1219 points,  6 beta functions with: 
                l(1) =   0
                l(2) =   0
                l(3) =   1
                l(4) =   1
                l(5) =   2
                l(6) =   2
     Q(r) pseudized with 0 coefficients 


     PseudoPot. # 2 for Ni read from file:
     /home/administrator/Downloads/BURAI/BURAI1.3/pseudopot/Ni.pbe-spn-kjpaw_psl.1.0.0.UPF
     MD5 check sum: ea56550a36ffb6c479804d371adbec59
     Pseudo is Projector augmented-wave + core cor, Zval = 18.0
     Generated using "atomic" code by A. Dal Corso  v.5.1.2
     Shape of augmentation charge: PSQ
     Using radial grid of 1195 points,  6 beta functions with: 
                l(1) =   0
                l(2) =   0
                l(3) =   1
                l(4) =   1
                l(5) =   2
                l(6) =   2
     Q(r) pseudized with 0 coefficients 


     PseudoPot. # 3 for I  read from file:
     /home/administrator/Downloads/BURAI/BURAI1.3/pseudopot/I.pbe-n-kjpaw_psl.1.0.0.UPF
     MD5 check sum: e1b2a55c91904a364f23c37cb15bc296
     Pseudo is Projector augmented-wave + core cor, Zval =  7.0
     Generated using "atomic" code by A. Dal Corso  v.5.1.2
     Shape of augmentation charge: PSQ
     Using radial grid of 1247 points,  6 beta functions with: 
                l(1) =   0
                l(2) =   0
                l(3) =   1
                l(4) =   1
                l(5) =   2
                l(6) =   2
     Q(r) pseudized with 0 coefficients 


     atomic species   valence    mass     pseudopotential
     Rb                9.00    85.46780     Rb( 1.00)
     Ni               18.00    58.69340     Ni( 1.00)
     I                 7.00   126.90450     I ( 1.00)

     48 Sym. Ops., with inversion, found



   Cartesian axes

     site n.     atom                  positions (alat units)
         1        Rb     tau(   1) = (   0.0000000   0.0000000   0.0000000  )
         2        Ni     tau(   2) = (   0.5000000   0.5000000   0.5000000  )
         3        I      tau(   3) = (   0.5000000   0.5000000   0.0000000  )
         4        I      tau(   4) = (   0.5000000   0.0000000   0.5000000  )
         5        I      tau(   5) = (   0.0000000   0.5000000   0.5000000  )

     number of k points=    56  Gaussian smearing, width (Ry)=  0.0050
                       cart. coord. in units 2pi/alat
        k(    1) = (   0.0000000   0.0000000   0.0000000), wk =   0.0020000
        k(    2) = (   0.0000000   0.0000000   0.1000000), wk =   0.0120000
        k(    3) = (   0.0000000   0.0000000   0.2000000), wk =   0.0120000
        k(    4) = (   0.0000000   0.0000000   0.3000000), wk =   0.0120000
        k(    5) = (   0.0000000   0.0000000   0.4000000), wk =   0.0120000
        k(    6) = (   0.0000000   0.0000000  -0.5000000), wk =   0.0060000
        k(    7) = (   0.0000000   0.1000000   0.1000000), wk =   0.0240000
        k(    8) = (   0.0000000   0.1000000   0.2000000), wk =   0.0480000
        k(    9) = (   0.0000000   0.1000000   0.3000000), wk =   0.0480000
        k(   10) = (   0.0000000   0.1000000   0.4000000), wk =   0.0480000
        k(   11) = (   0.0000000   0.1000000  -0.5000000), wk =   0.0240000
        k(   12) = (   0.0000000   0.2000000   0.2000000), wk =   0.0240000
        k(   13) = (   0.0000000   0.2000000   0.3000000), wk =   0.0480000
        k(   14) = (   0.0000000   0.2000000   0.4000000), wk =   0.0480000
        k(   15) = (   0.0000000   0.2000000  -0.5000000), wk =   0.0240000
        k(   16) = (   0.0000000   0.3000000   0.3000000), wk =   0.0240000
        k(   17) = (   0.0000000   0.3000000   0.4000000), wk =   0.0480000
        k(   18) = (   0.0000000   0.3000000  -0.5000000), wk =   0.0240000
        k(   19) = (   0.0000000   0.4000000   0.4000000), wk =   0.0240000
        k(   20) = (   0.0000000   0.4000000  -0.5000000), wk =   0.0240000
        k(   21) = (   0.0000000  -0.5000000  -0.5000000), wk =   0.0060000
        k(   22) = (   0.1000000   0.1000000   0.1000000), wk =   0.0160000
        k(   23) = (   0.1000000   0.1000000   0.2000000), wk =   0.0480000
        k(   24) = (   0.1000000   0.1000000   0.3000000), wk =   0.0480000
        k(   25) = (   0.1000000   0.1000000   0.4000000), wk =   0.0480000
        k(   26) = (   0.1000000   0.1000000  -0.5000000), wk =   0.0240000
        k(   27) = (   0.1000000   0.2000000   0.2000000), wk =   0.0480000
        k(   28) = (   0.1000000   0.2000000   0.3000000), wk =   0.0960000
        k(   29) = (   0.1000000   0.2000000   0.4000000), wk =   0.0960000
        k(   30) = (   0.1000000   0.2000000  -0.5000000), wk =   0.0480000
        k(   31) = (   0.1000000   0.3000000   0.3000000), wk =   0.0480000
        k(   32) = (   0.1000000   0.3000000   0.4000000), wk =   0.0960000
        k(   33) = (   0.1000000   0.3000000  -0.5000000), wk =   0.0480000
        k(   34) = (   0.1000000   0.4000000   0.4000000), wk =   0.0480000
        k(   35) = (   0.1000000   0.4000000  -0.5000000), wk =   0.0480000
        k(   36) = (   0.1000000  -0.5000000  -0.5000000), wk =   0.0120000
        k(   37) = (   0.2000000   0.2000000   0.2000000), wk =   0.0160000
        k(   38) = (   0.2000000   0.2000000   0.3000000), wk =   0.0480000
        k(   39) = (   0.2000000   0.2000000   0.4000000), wk =   0.0480000
        k(   40) = (   0.2000000   0.2000000  -0.5000000), wk =   0.0240000
        k(   41) = (   0.2000000   0.3000000   0.3000000), wk =   0.0480000
        k(   42) = (   0.2000000   0.3000000   0.4000000), wk =   0.0960000
        k(   43) = (   0.2000000   0.3000000  -0.5000000), wk =   0.0480000
        k(   44) = (   0.2000000   0.4000000   0.4000000), wk =   0.0480000
        k(   45) = (   0.2000000   0.4000000  -0.5000000), wk =   0.0480000
        k(   46) = (   0.2000000  -0.5000000  -0.5000000), wk =   0.0120000
        k(   47) = (   0.3000000   0.3000000   0.3000000), wk =   0.0160000
        k(   48) = (   0.3000000   0.3000000   0.4000000), wk =   0.0480000
        k(   49) = (   0.3000000   0.3000000  -0.5000000), wk =   0.0240000
        k(   50) = (   0.3000000   0.4000000   0.4000000), wk =   0.0480000
        k(   51) = (   0.3000000   0.4000000  -0.5000000), wk =   0.0480000
        k(   52) = (   0.3000000  -0.5000000  -0.5000000), wk =   0.0120000
        k(   53) = (   0.4000000   0.4000000   0.4000000), wk =   0.0160000
        k(   54) = (   0.4000000   0.4000000  -0.5000000), wk =   0.0240000
        k(   55) = (   0.4000000  -0.5000000  -0.5000000), wk =   0.0120000
        k(   56) = (  -0.5000000  -0.5000000  -0.5000000), wk =   0.0020000

     Dense  grid:   458335 G-vectors     FFT dimensions: (  96,  96,  96)

     Smooth grid:   161931 G-vectors     FFT dimensions: (  72,  72,  72)

     Estimated max dynamical RAM per process >     403.41 MB

     Estimated total dynamical RAM >       2.82 GB

     Initial potential from superposition of free atoms

     starting charge      47.9767, renormalised to      48.0000
     Starting wfcs are   30 randomized atomic wfcs
     Checking if some PAW data can be deallocated... 

     total cpu time spent up to now is     5420.1 secs

     Self-consistent Calculation

     iteration #  1     ecut=   100.00 Ry     beta= 0.30
     Davidson diagonalization with overlap
     ethr =  1.00E-02,  avg # of iterations =  6.1

     total cpu time spent up to now is     5456.0 secs

     total energy              =   -1624.81624476 Ry
     estimated scf accuracy    <       1.16812322 Ry

     iteration #  2     ecut=   100.00 Ry     beta= 0.30
     Davidson diagonalization with overlap
     ethr =  2.43E-03,  avg # of iterations =  4.4

     total cpu time spent up to now is     5490.4 secs

     total energy              =   -1624.84803022 Ry
     estimated scf accuracy    <       5.10397833 Ry

     iteration #  3     ecut=   100.00 Ry     beta= 0.30
     Davidson diagonalization with overlap
     ethr =  2.43E-03,  avg # of iterations =  3.6

     total cpu time spent up to now is     5522.5 secs

     total energy              =   -1625.28703158 Ry
     estimated scf accuracy    <       0.04192646 Ry

     iteration #  4     ecut=   100.00 Ry     beta= 0.30
     Davidson diagonalization with overlap
     ethr =  8.73E-05,  avg # of iterations =  6.2

     total cpu time spent up to now is     5559.1 secs

     total energy              =   -1625.30690090 Ry
     estimated scf accuracy    <       0.02527136 Ry

     iteration #  5     ecut=   100.00 Ry     beta= 0.30
     Davidson diagonalization with overlap
     ethr =  5.26E-05,  avg # of iterations =  4.2

     total cpu time spent up to now is     5594.3 secs

     total energy              =   -1625.29755726 Ry
     estimated scf accuracy    <       0.39765597 Ry

     iteration #  6     ecut=   100.00 Ry     beta= 0.30
     Davidson diagonalization with overlap
     ethr =  5.26E-05,  avg # of iterations =  3.5

     total cpu time spent up to now is     5626.0 secs

     total energy              =   -1625.48598370 Ry
     estimated scf accuracy    <       0.14252192 Ry

     iteration #  7     ecut=   100.00 Ry     beta= 0.30
     Davidson diagonalization with overlap
     ethr =  5.26E-05,  avg # of iterations =  7.3

     total cpu time spent up to now is     5674.2 secs

     total energy              =   -1625.28125833 Ry
     estimated scf accuracy    <       5.79791061 Ry

     iteration #  8     ecut=   100.00 Ry     beta= 0.30
     Davidson diagonalization with overlap
     ethr =  5.26E-05,  avg # of iterations =  5.9

     total cpu time spent up to now is     5715.8 secs

     total energy              =   -1625.31649544 Ry
     estimated scf accuracy    <       1.22887607 Ry

     iteration #  9     ecut=   100.00 Ry     beta= 0.30
     Davidson diagonalization with overlap
     ethr =  5.26E-05,  avg # of iterations =  4.1

     total cpu time spent up to now is     5751.5 secs

     total energy              =   -1625.32871342 Ry
     estimated scf accuracy    <       0.43645741 Ry

     iteration # 10     ecut=   100.00 Ry     beta= 0.30
     Davidson diagonalization with overlap
     ethr =  5.26E-05,  avg # of iterations =  1.0

     total cpu time spent up to now is     5779.2 secs

     total energy              =   -1625.27742090 Ry
     estimated scf accuracy    <       0.36967277 Ry

     iteration # 11     ecut=   100.00 Ry     beta= 0.30
     Davidson diagonalization with overlap
     ethr =  5.26E-05,  avg # of iterations =  4.0

     total cpu time spent up to now is     5814.7 secs

     total energy              =   -1625.28466791 Ry
     estimated scf accuracy    <       0.03493949 Ry

     iteration # 12     ecut=   100.00 Ry     beta= 0.30
     Davidson diagonalization with overlap
     ethr =  5.26E-05,  avg # of iterations =  2.4

     total cpu time spent up to now is     5845.7 secs

     total energy              =   -1625.29020466 Ry
     estimated scf accuracy    <       0.00510237 Ry

     iteration # 13     ecut=   100.00 Ry     beta= 0.30
     Davidson diagonalization with overlap
     ethr =  1.06E-05,  avg # of iterations =  2.4

     total cpu time spent up to now is     5875.1 secs

     total energy              =   -1625.28958170 Ry
     estimated scf accuracy    <       0.00325779 Ry

     iteration # 14     ecut=   100.00 Ry     beta= 0.30
     Davidson diagonalization with overlap
     ethr =  6.79E-06,  avg # of iterations =  2.1

     total cpu time spent up to now is     5905.1 secs

     total energy              =   -1625.29019722 Ry
     estimated scf accuracy    <       0.00119864 Ry

     iteration # 15     ecut=   100.00 Ry     beta= 0.30
     Davidson diagonalization with overlap
     ethr =  2.50E-06,  avg # of iterations =  2.2

     total cpu time spent up to now is     5934.7 secs

     total energy              =   -1625.29007791 Ry
     estimated scf accuracy    <       0.00076717 Ry

     iteration # 16     ecut=   100.00 Ry     beta= 0.30
     Davidson diagonalization with overlap
     ethr =  1.60E-06,  avg # of iterations =  1.2

     total cpu time spent up to now is     5962.8 secs

     total energy              =   -1625.29012520 Ry
     estimated scf accuracy    <       0.00011321 Ry

     iteration # 17     ecut=   100.00 Ry     beta= 0.30
     Davidson diagonalization with overlap
     ethr =  2.36E-07,  avg # of iterations =  1.9

     total cpu time spent up to now is     5992.0 secs

     total energy              =   -1625.29013131 Ry
     estimated scf accuracy    <       0.00010183 Ry

     iteration # 18     ecut=   100.00 Ry     beta= 0.30
     Davidson diagonalization with overlap
     ethr =  2.12E-07,  avg # of iterations =  1.2

     total cpu time spent up to now is     6020.3 secs

     total energy              =   -1625.29010827 Ry
     estimated scf accuracy    <       0.00021030 Ry

     iteration # 19     ecut=   100.00 Ry     beta= 0.30
     Davidson diagonalization with overlap
     ethr =  2.12E-07,  avg # of iterations =  1.8

     total cpu time spent up to now is     6049.3 secs

     total energy              =   -1625.29010851 Ry
     estimated scf accuracy    <       0.00005733 Ry

     iteration # 20     ecut=   100.00 Ry     beta= 0.30
     Davidson diagonalization with overlap
     ethr =  1.19E-07,  avg # of iterations =  1.0

     total cpu time spent up to now is     6077.1 secs

     total energy              =   -1625.29010407 Ry
     estimated scf accuracy    <       0.00003726 Ry

     iteration # 21     ecut=   100.00 Ry     beta= 0.30
     Davidson diagonalization with overlap
     ethr =  7.76E-08,  avg # of iterations =  1.6

     total cpu time spent up to now is     6105.7 secs

     total energy              =   -1625.29010285 Ry
     estimated scf accuracy    <       0.00000937 Ry

     iteration # 22     ecut=   100.00 Ry     beta= 0.30
     Davidson diagonalization with overlap
     ethr =  1.95E-08,  avg # of iterations =  2.8

     total cpu time spent up to now is     6137.8 secs

     total energy              =   -1625.29010425 Ry
     estimated scf accuracy    <       0.00000002 Ry

     iteration # 23     ecut=   100.00 Ry     beta= 0.30
     Davidson diagonalization with overlap
     ethr =  3.28E-11,  avg # of iterations =  6.4

     total cpu time spent up to now is     6186.2 secs

     total energy              =   -1625.29010435 Ry
     estimated scf accuracy    <       0.00000005 Ry

     iteration # 24     ecut=   100.00 Ry     beta= 0.30
     Davidson diagonalization with overlap
     ethr =  3.28E-11,  avg # of iterations =  2.0

     total cpu time spent up to now is     6216.1 secs

     total energy              =   -1625.29010435 Ry
     estimated scf accuracy    <          7.6E-09 Ry

     iteration # 25     ecut=   100.00 Ry     beta= 0.30
     Davidson diagonalization with overlap
     ethr =  1.59E-11,  avg # of iterations =  3.7

     total cpu time spent up to now is     6251.6 secs

     total energy              =   -1625.29010436 Ry
     estimated scf accuracy    <       0.00000002 Ry

     iteration # 26     ecut=   100.00 Ry     beta= 0.30
     Davidson diagonalization with overlap
     ethr =  1.59E-11,  avg # of iterations =  2.3

     total cpu time spent up to now is     6282.0 secs

     End of self-consistent calculation

          k = 0.0000 0.0000 0.0000 ( 20197 PWs)   bands (ev):

   -97.9786 -58.4017 -58.4017 -58.4017 -21.7583  -8.1454  -7.1556  -7.1556
    -5.8524  -5.8524  -5.8524   0.9528   0.9528   0.9528   3.2294   3.2294
     3.2294   3.4476   3.4476   3.4476   3.5466   3.5466   3.7778   3.7778
     3.7778   5.4720   8.0188   8.9682   8.9682

          k = 0.0000 0.0000 0.1000 ( 20182 PWs)   bands (ev):

   -97.9786 -58.4017 -58.4017 -58.4017 -21.7582  -8.1283  -7.1800  -7.1547
    -5.8518  -5.8518  -5.8453   0.9331   0.9728   0.9728   3.1057   3.1057
     3.1946   3.3410   3.4480   3.4949   3.4949   3.5469   3.8076   3.8076
     3.8393   5.6904   8.1774   9.0424   9.1018

          k = 0.0000 0.0000 0.2000 ( 20190 PWs)   bands (ev):

   -97.9786 -58.4017 -58.4017 -58.4017 -21.7581  -8.0795  -7.2468  -7.1521
    -5.8503  -5.8503  -5.8279   0.8912   1.0291   1.0291   2.8826   2.8826
     2.9727   3.1072   3.4491   3.5250   3.5250   3.5475   3.8756   3.8756
     3.8904   6.2450   8.5945   9.2610   9.4750

          k = 0.0000 0.0000 0.3000 ( 20198 PWs)   bands (ev):

   -97.9786 -58.4017 -58.4017 -58.4017 -21.7580  -8.0077  -7.3391  -7.1489
    -5.8484  -5.8484  -5.8086   0.8592   1.1098   1.1098   2.6118   2.6552
     2.6552   3.0061   3.4505   3.5252   3.5252   3.5480   3.9185   3.9398
     3.9398   7.0033   9.1159   9.5840  10.0084

          k = 0.0000 0.0000 0.4000 ( 20210 PWs)   bands (ev):

   -97.9786 -58.4017 -58.4017 -58.4017 -21.7579  -7.9327  -7.4295  -7.1464
    -5.8469  -5.8469  -5.7945   0.8511   1.1883   1.1883   2.3488   2.4788
     2.4788   2.9290   3.4516   3.5177   3.5177   3.5482   3.9332   3.9803
     3.9803   7.8545   9.5591   9.7291  10.3338

          k = 0.0000 0.0000-0.5000 ( 20234 PWs)   bands (ev):

   -97.9786 -58.4017 -58.4017 -58.4017 -21.7579  -7.8962  -7.4716  -7.1454
    -5.8463  -5.8463  -5.7895   0.8530   1.2229   1.2229   2.2511   2.4100
     2.4100   2.9006   3.4520   3.5141   3.5141   3.5483   3.9378   3.9938
     3.9938   8.4153   9.4795   9.7551  11.0749

          k = 0.0000 0.1000 0.1000 ( 20212 PWs)   bands (ev):

   -97.9786 -58.4017 -58.4017 -58.4017 -21.7582  -8.1112  -7.1908  -7.1664
    -5.8512  -5.8474  -5.8428   0.8499   0.9932   1.0552   2.9249   3.0417
     3.2458   3.2966   3.3445   3.3584   3.5843   3.5986   3.7205   3.8246
     4.0406   5.8612   8.3230   9.1448   9.1803

          k = 0.0000 0.1000 0.2000 ( 20202 PWs)   bands (ev):

   -97.9786 -58.4017 -58.4017 -58.4017 -21.7581  -8.0623  -7.2511  -7.1683
    -5.8497  -5.8454  -5.8280   0.7607   1.0509   1.1537   2.6261   2.8618
     3.0127   3.2427   3.2852   3.3103   3.6271   3.6596   3.7687   3.8775
     4.1693   6.3475   8.7121   9.3547   9.5001

          k = 0.0000 0.1000 0.3000 ( 20219 PWs)   bands (ev):

   -97.9786 -58.4017 -58.4017 -58.4017 -21.7580  -7.9901  -7.3412  -7.1653
    -5.8479  -5.8445  -5.8101   0.7005   1.1337   1.2513   2.3161   2.6470
     2.7658   3.1719   3.2606   3.2894   3.6395   3.6746   3.8658   3.9379
     4.2033   7.0674   9.2147   9.6601   9.9913

          k = 0.0000 0.1000 0.4000 ( 20245 PWs)   bands (ev):

   -97.9786 -58.4017 -58.4017 -58.4017 -21.7579  -7.9142  -7.4308  -7.1624
    -5.8463  -5.8438  -5.7971   0.6753   1.2147   1.3324   2.0830   2.4734
     2.5942   3.1036   3.2481   3.2798   3.6427   3.6756   3.9507   3.9779
     4.1889   7.9006   9.6602   9.8082  10.5127

          k = 0.0000 0.1000-0.5000 ( 20222 PWs)   bands (ev):

   -97.9786 -58.4017 -58.4017 -58.4017 -21.7579  -7.8770  -7.4731  -7.1613
    -5.8458  -5.8435  -5.7924   0.6709   1.2507   1.3660   1.9956   2.4047
     2.5304   3.0770   3.2440   3.2765   3.6434   3.6750   3.9884   3.9914
     4.1729   8.4529   9.5528   9.8729  10.5267

          k = 0.0000 0.2000 0.2000 ( 20214 PWs)   bands (ev):

   -97.9786 -58.4017 -58.4017 -58.4017 -21.7580  -8.0130  -7.2789  -7.1978
    -5.8483  -5.8363  -5.8254   0.5995   1.1126   1.3064   2.2815   2.7796
     2.9677   3.0863   3.1141   3.4121   3.6496   3.7583   3.7681   3.8926
     4.4510   6.6856   9.0342   9.6194   9.6396

          k = 0.0000 0.2000 0.3000 ( 20238 PWs)   bands (ev):

   -97.9786 -58.4017 -58.4017 -58.4017 -21.7579  -7.9396  -7.3505  -7.2082
    -5.8464  -5.8348  -5.8140   0.4780   1.2022   1.4324   1.9717   2.6196
     2.7932   3.0225   3.0491   3.4549   3.6576   3.8064   3.8347   3.9342
     4.5994   7.2818   9.4772   9.8870  10.0502

          k = 0.0000 0.2000 0.4000 ( 20270 PWs)   bands (ev):

   -97.9786 -58.4017 -58.4017 -58.4017 -21.7578  -7.8611  -7.4345  -7.2090
    -5.8450  -5.8357  -5.8036   0.4088   1.2913   1.5200   1.7571   2.4588
     2.6541   2.9862   3.0437   3.4394   3.6601   3.8122   3.9346   3.9719
     4.6368   8.0480   9.9020  10.0654  10.4701

          k = 0.0000 0.2000-0.5000 ( 20234 PWs)   bands (ev):

   -97.9786 -58.4017 -58.4017 -58.4017 -21.7578  -7.8212  -7.4769  -7.2087
    -5.8444  -5.8362  -5.7998   0.3874   1.3316   1.5528   1.6796   2.3908
     2.6031   2.9761   3.0423   3.4285   3.6608   3.8124   3.9779   3.9853
     4.6370   8.5766   9.7298  10.2069  10.6192

          k = 0.0000 0.3000 0.3000 ( 20272 PWs)   bands (ev):

   -97.9786 -58.4017 -58.4017 -58.4017 -21.7578  -7.8639  -7.3807  -7.2556
    -5.8447  -5.8257  -5.8164   0.2961   1.3032   1.5709   1.6829   2.5550
     2.7786   2.8211   2.8933   3.6627   3.6943   3.8197   3.8841   3.9388
     4.9189   7.7029   9.8248  10.1767  10.3360

          k = 0.0000 0.3000 0.4000 ( 20265 PWs)   bands (ev):

   -97.9786 -58.4017 -58.4017 -58.4017 -21.7577  -7.7800  -7.4414  -7.2800
    -5.8433  -5.8259  -5.8112   0.1810   1.4073   1.4928   1.6583   2.4386
     2.6962   2.7236   2.8645   3.6647   3.7479   3.9023   3.9268   3.9650
     5.0838   8.3325  10.1262  10.4476  10.5418

          k = 0.0000 0.3000-0.5000 ( 20262 PWs)   bands (ev):

   -97.9786 -58.4017 -58.4017 -58.4017 -21.7577  -7.7344  -7.4817  -7.2857
    -5.8427  -5.8271  -5.8083   0.1419   1.4265   1.4561   1.6886   2.3736
     2.6568   2.7012   2.8645   3.6653   3.7429   3.9032   3.9780   3.9918
     5.1270   8.8223   9.8555  10.6875  10.7007

          k = 0.0000 0.4000 0.4000 ( 20250 PWs)   bands (ev):

   -97.9786 -58.4017 -58.4017 -58.4017 -21.7576  -7.6855  -7.4584  -7.3553
    -5.8419  -5.8190  -5.8161   0.0316   1.3237   1.5331   1.7418   2.4063
     2.5190   2.7162   2.7597   3.6664   3.8575   3.9493   3.9629   4.0321
     5.3960   8.8000  10.2047  10.4209  10.6789

          k = 0.0000 0.4000-0.5000 ( 20234 PWs)   bands (ev):

   -97.9786 -58.4017 -58.4017 -58.4017 -21.7576  -7.6260  -7.4855  -7.3868
    -5.8414  -5.8196  -5.8145  -0.0201   1.2656   1.5965   1.7701   2.3598
     2.4632   2.6962   2.7507   3.6669   3.8593   3.9540   3.9723   4.1092
     5.5037   9.2450   9.8835  10.3026  10.6490

          k = 0.0000-0.5000-0.5000 ( 20232 PWs)   bands (ev):

   -97.9786 -58.4017 -58.4017 -58.4017 -21.7576  -7.5231  -7.4870  -7.4870
    -5.8409  -5.8168  -5.8168  -0.0764   1.2105   1.6713   1.7977   2.3545
     2.3545   2.7109   2.7109   3.6673   3.8696   3.9702   3.9702   4.1841
     5.6455   9.8171   9.9398   9.9398  10.0892

          k = 0.1000 0.1000 0.1000 ( 20203 PWs)   bands (ev):

   -97.9786 -58.4017 -58.4017 -58.4017 -21.7582  -8.0941  -7.1894  -7.1894
    -5.8475  -5.8475  -5.8399   0.7680   1.0742   1.0742   2.8927   2.8927
     3.0466   3.3082   3.3556   3.3556   3.6232   3.6232   3.6466   4.0381
     4.0381   6.0042   8.4540   9.2405   9.2405

          k = 0.1000 0.1000 0.2000 ( 20189 PWs)   bands (ev):

   -97.9786 -58.4017 -58.4017 -58.4017 -21.7581  -8.0451  -7.2531  -7.1857
    -5.8479  -5.8436  -5.8273   0.6571   1.1285   1.1926   2.6015   2.6532
     2.9325   3.2112   3.3102   3.3420   3.6265   3.7030   3.7448   4.0304
     4.2201   6.4399   8.8097   9.4264   9.5275

          k = 0.1000 0.1000 0.3000 ( 20235 PWs)   bands (ev):

   -97.9786 -58.4017 -58.4017 -58.4017 -21.7580  -7.9728  -7.3423  -7.1811
    -5.8483  -5.8409  -5.8115   0.5771   1.2077   1.3027   2.2577   2.4226
     2.8856   3.0736   3.2461   3.3324   3.6253   3.7901   3.8565   4.0173
     4.2830   7.1256   9.2827   9.7164   9.9822

          k = 0.1000 0.1000 0.4000 ( 20239 PWs)   bands (ev):

   -97.9786 -58.4017 -58.4017 -58.4017 -21.7579  -7.8962  -7.4314  -7.1773
    -5.8487  -5.8390  -5.7998   0.5375   1.2877   1.3868   2.0148   2.2469
     2.8181   3.0017   3.1842   3.3252   3.6249   3.8513   3.9439   4.0016
     4.2789   7.9423   9.7151   9.8640  10.5094

          k = 0.1000 0.1000-0.5000 ( 20242 PWs)   bands (ev):

   -97.9786 -58.4017 -58.4017 -58.4017 -21.7578  -7.8583  -7.4740  -7.1759
    -5.8488  -5.8383  -5.7956   0.5274   1.3244   1.4195   1.9265   2.1776
     2.7822   2.9841   3.1598   3.3223   3.6248   3.8748   3.9801   3.9929
     4.2670   8.4879   9.5976   9.9502  10.8044

          k = 0.1000 0.2000 0.2000 ( 20216 PWs)   bands (ev):

   -97.9786 -58.4017 -58.4017 -58.4017 -21.7580  -7.9961  -7.2765  -7.2167
    -5.8469  -5.8381  -5.8232   0.4961   1.2052   1.3207   2.2813   2.6132
     2.6622   3.2069   3.2464   3.4374   3.6770   3.7456   3.7620   4.0847
     4.4447   6.7532   9.0824   9.6543   9.6564

          k = 0.1000 0.2000 0.3000 ( 20245 PWs)   bands (ev):

   -97.9786 -58.4017 -58.4017 -58.4017 -21.7579  -7.9231  -7.3491  -7.2228
    -5.8477  -5.8345  -5.8142   0.3667   1.2884   1.4453   1.9707   2.3766
     2.6495   3.0851   3.2291   3.4746   3.6936   3.8273   3.8430   4.0680
     4.6004   7.3257   9.4637   9.9039  10.0403

          k = 0.1000 0.2000 0.4000 ( 20232 PWs)   bands (ev):

   -97.9786 -58.4017 -58.4017 -58.4017 -21.7578  -7.8444  -7.4336  -7.2208
    -5.8490  -5.8324  -5.8064   0.2896   1.3725   1.5311   1.7559   2.1873
     2.6702   2.9650   3.2264   3.4567   3.6981   3.9171   3.9295   4.0325
     4.6428   8.0788   9.8166  10.0653  10.4922

          k = 0.1000 0.2000-0.5000 ( 20234 PWs)   bands (ev):

   -97.9786 -58.4017 -58.4017 -58.4017 -21.7578  -7.8040  -7.4764  -7.2197
    -5.8497  -5.8316  -5.8035   0.2649   1.4124   1.5627   1.6786   2.1121
     2.6863   2.9113   3.2255   3.4451   3.6992   3.9683   3.9763   3.9909
     4.6438   8.6057   9.6880  10.1769  10.5389

          k = 0.1000 0.3000 0.3000 ( 20258 PWs)   bands (ev):

   -97.9786 -58.4017 -58.4017 -58.4017 -21.7578  -7.8484  -7.3774  -7.2674
    -5.8470  -5.8292  -5.8153   0.1841   1.3776   1.5744   1.6917   2.3664
     2.4149   3.0937   3.1099   3.7011   3.7446   3.8203   3.8791   4.0560
     4.9147   7.7312   9.6938  10.1850  10.2970

          k = 0.1000 0.3000 0.4000 ( 20237 PWs)   bands (ev):

   -97.9786 -58.4017 -58.4017 -58.4017 -21.7577  -7.7654  -7.4386  -7.2875
    -5.8475  -5.8269  -5.8137   0.0657   1.4647   1.5108   1.6582   2.1917
     2.4138   2.9978   3.1092   3.7524   3.7656   3.9193   3.9380   4.0253
     5.0812   8.3516   9.8603  10.4021  10.5255

          k = 0.1000 0.3000-0.5000 ( 20222 PWs)   bands (ev):

   -97.9786 -58.4017 -58.4017 -58.4017 -21.7576  -7.7198  -7.4794  -7.2915
    -5.8479  -5.8262  -5.8127   0.0252   1.4386   1.5167   1.6890   2.1111
     2.4238   2.9560   3.1115   3.7479   3.7706   3.9681   3.9859   4.0007
     5.1248   8.8450   9.7163  10.3381  10.5083

          k = 0.1000 0.4000 0.4000 ( 20260 PWs)   bands (ev):

   -97.9786 -58.4017 -58.4017 -58.4017 -21.7576  -7.6733  -7.4544  -7.3581
    -5.8458  -5.8238  -5.8183  -0.0836   1.3387   1.5786   1.7388   2.1894
     2.2256   3.0160   3.0168   3.8079   3.8603   3.9450   4.0023   4.0366
     5.3952   8.8104   9.8283  10.4192  10.5790

          k = 0.1000 0.4000-0.5000 ( 20250 PWs)   bands (ev):

   -97.9786 -58.4017 -58.4017 -58.4017 -21.7576  -7.6150  -7.4819  -7.3868
    -5.8453  -5.8230  -5.8195  -0.1357   1.2827   1.6331   1.7691   2.1161
     2.2149   2.9805   3.0230   3.8216   3.8624   3.9702   3.9762   4.1125
     5.5038   9.2621   9.6959  10.0530  10.5736

          k = 0.1000-0.5000-0.5000 ( 20272 PWs)   bands (ev):

   -97.9786 -58.4017 -58.4017 -58.4017 -21.7575  -7.5155  -7.4828  -7.4828
    -5.8440  -5.8220  -5.8220  -0.1919   1.2291   1.6981   1.7985   2.1182
     2.1182   2.9892   2.9892   3.8415   3.8727   3.9691   3.9691   4.1871
     5.6471   9.7081   9.8582   9.9062   9.9062

          k = 0.2000 0.2000 0.2000 ( 20215 PWs)   bands (ev):

   -97.9786 -58.4017 -58.4017 -58.4017 -21.7579  -7.9478  -7.2702  -7.2702
    -5.8428  -5.8428  -5.8183   0.3116   1.3625   1.3625   2.2050   2.3584
     2.3584   3.2977   3.2977   3.5267   3.7051   3.7653   3.7653   4.4234
     4.4234   6.9957   9.2276   9.7822   9.7822

          k = 0.2000 0.2000 0.3000 ( 20248 PWs)   bands (ev):

   -97.9786 -58.4017 -58.4017 -58.4017 -21.7578  -7.8755  -7.3482  -7.2623
    -5.8487  -5.8368  -5.8141   0.1511   1.4276   1.4920   1.9142   2.1244
     2.3468   3.2853   3.3198   3.5683   3.7288   3.8317   3.8412   4.3847
     4.6521   7.4844   9.4432  10.0045  10.0862

          k = 0.2000 0.2000 0.4000 ( 20235 PWs)   bands (ev):

   -97.9786 -58.4017 -58.4017 -58.4017 -21.7577  -7.7963  -7.4316  -7.2558
    -5.8536  -5.8306  -5.8127   0.0485   1.5050   1.5715   1.7064   1.9424
     2.3673   3.2509   3.3275   3.5499   3.7392   3.9173   3.9470   4.3360
     4.7320   8.1840   9.6285  10.1270  10.5475

          k = 0.2000 0.2000-0.5000 ( 20258 PWs)   bands (ev):

   -97.9786 -58.4017 -58.4017 -58.4017 -21.7577  -7.7543  -7.4750  -7.2533
    -5.8554  -5.8277  -5.8129   0.0138   1.5508   1.5986   1.6330   1.8614
     2.3774   3.2341   3.3302   3.5375   3.7420   3.9565   3.9957   4.3092
     4.7425   8.7027   9.5496  10.1729  10.3891

          k = 0.2000 0.3000 0.3000 ( 20244 PWs)   bands (ev):

   -97.9786 -58.4017 -58.4017 -58.4017 -21.7577  -7.8039  -7.3685  -7.3023
    -5.8504  -5.8386  -5.8151  -0.0485   1.5066   1.5839   1.7066   2.0745
     2.1112   3.3460   3.3694   3.7323   3.7824   3.8306   3.8649   4.4509
     4.8996   7.8338   9.4403  10.2311  10.2676

          k = 0.2000 0.3000 0.4000 ( 20239 PWs)   bands (ev):

   -97.9786 -58.4017 -58.4017 -58.4017 -21.7576  -7.7235  -7.4314  -7.3104
    -5.8549  -5.8340  -5.8191  -0.1821   1.5184   1.5933   1.6541   1.9032
     2.1148   3.3541   3.3809   3.7693   3.8139   3.9114   3.9555   4.4124
     5.0762   8.4106   9.4389  10.2719  10.4931

          k = 0.2000 0.3000-0.5000 ( 20258 PWs)   bands (ev):

   -97.9786 -58.4017 -58.4017 -58.4017 -21.7576  -7.6780  -7.4734  -7.3102
    -5.8571  -5.8283  -5.8241  -0.2286   1.4671   1.6237   1.6906   1.8101
     2.1253   3.3540   3.3807   3.7648   3.8185   3.9565   4.0130   4.3873
     5.1238   8.9055   9.3573  10.1090  10.2665

          k = 0.2000 0.4000 0.4000 ( 20258 PWs)   bands (ev):

   -97.9786 -58.4017 -58.4017 -58.4017 -21.7575  -7.6390  -7.4438  -7.3679
    -5.8545  -5.8364  -5.8257  -0.3394   1.3790   1.6502   1.7175   1.9179
     1.9321   3.3786   3.3959   3.8678   3.8979   3.9362   4.0475   4.3687
     5.3908   8.8194   9.3056  10.2679  10.3556

          k = 0.2000 0.4000-0.5000 ( 20244 PWs)   bands (ev):

   -97.9786 -58.4017 -58.4017 -58.4017 -21.7575  -7.5844  -7.4721  -7.3885
    -5.8547  -5.8327  -5.8326  -0.3947   1.3278   1.6885   1.7624   1.8187
     1.9367   3.3869   3.3947   3.8712   3.9166   3.9674   4.1211   4.3373
     5.5031   9.2043   9.2753   9.8509  10.3552

          k = 0.2000-0.5000-0.5000 ( 20252 PWs)   bands (ev):

   -97.9786 -58.4017 -58.4017 -58.4017 -21.7574  -7.4955  -7.4716  -7.4716
    -5.8521  -5.8358  -5.8358  -0.4532   1.2785   1.7451   1.8005   1.8246
     1.8246   3.3959   3.3959   3.8812   3.9690   3.9690   4.1950   4.3000
     5.6514   9.1481   9.7513   9.7513   9.9472

          k = 0.3000 0.3000 0.3000 ( 20225 PWs)   bands (ev):

   -97.9786 -58.4017 -58.4017 -58.4017 -21.7576  -7.7370  -7.3573  -7.3573
    -5.8503  -5.8503  -5.8191  -0.2741   1.5964   1.5964   1.6503   1.9065
     1.9065   3.5480   3.5480   3.7970   3.8268   3.8488   3.8488   4.8699
     4.8699   8.0782   9.2242  10.2617  10.3426

          k = 0.3000 0.3000 0.4000 ( 20246 PWs)   bands (ev):

   -97.9786 -58.4017 -58.4017 -58.4017 -21.7575  -7.6608  -7.4239  -7.3481
    -5.8600  -5.8455  -5.8270  -0.4287   1.5216   1.6087   1.6445   1.7748
     1.9051   3.6088   3.6434   3.8235   3.8285   3.9069   3.9733   4.8324
     5.1263   8.5384   9.0928  10.2134  10.2485

          k = 0.3000 0.3000-0.5000 ( 20228 PWs)   bands (ev):

   -97.9786 -58.4017 -58.4017 -58.4017 -21.7575  -7.6151  -7.4660  -7.3446
    -5.8637  -5.8380  -5.8358  -0.4831   1.4704   1.6153   1.6579   1.7280
     1.9152   3.6228   3.6580   3.8152   3.8357   3.9584   4.0359   4.8132
     5.2009   9.0040   9.0049   9.8191  10.1959

          k = 0.3000 0.4000 0.4000 ( 20227 PWs)   bands (ev):

   -97.9786 -58.4017 -58.4017 -58.4017 -21.7574  -7.5885  -7.4304  -7.3876
    -5.8625  -5.8523  -5.8375  -0.5999   1.4281   1.6079   1.6195   1.7842
     1.8155   3.7173   3.7365   3.8797   3.9015   3.9332   4.0625   4.9134
     5.3798   8.7707   8.9226   9.9507  10.2552

          k = 0.3000 0.4000-0.5000 ( 20244 PWs)   bands (ev):

   -97.9786 -58.4017 -58.4017 -58.4017 -21.7574  -7.5403  -7.4599  -7.3963
    -5.8647  -5.8491  -5.8462  -0.6606   1.3838   1.5917   1.6229   1.7718
     1.8182   3.7394   3.7410   3.8836   3.9223   3.9831   4.1324   4.9033
     5.5019   8.7661   9.2006   9.5627  10.1273

          k = 0.3000-0.5000-0.5000 ( 20260 PWs)   bands (ev):

   -97.9786 -58.4017 -58.4017 -58.4017 -21.7573  -7.4703  -7.4576  -7.4576
    -5.8620  -5.8532  -5.8532  -0.7235   1.3408   1.5991   1.5991   1.7803
     1.8030   3.7531   3.7531   3.8927   3.9900   3.9900   4.2049   4.8939
     5.6566   8.6828   9.4633   9.4633   9.7395

          k = 0.4000 0.4000 0.4000 ( 20243 PWs)   bands (ev):

   -97.9786 -58.4017 -58.4017 -58.4017 -21.7573  -7.5317  -7.4194  -7.4194
    -5.8654  -5.8654  -5.8506  -0.7829   1.4469   1.5056   1.5056   1.7965
     1.7965   3.8752   3.8904   3.8904   3.9974   3.9974   4.1015   5.3635
     5.3635   8.5690   8.9169   9.7047   9.7047

          k = 0.4000 0.4000-0.5000 ( 20262 PWs)   bands (ev):

   -97.9786 -58.4017 -58.4017 -58.4017 -21.7573  -7.4917  -7.4498  -7.4152
    -5.8705  -5.8624  -5.8597  -0.8480   1.4180   1.4634   1.5037   1.7939
     1.8046   3.8820   3.8898   3.8977   4.0314   4.0921   4.1565   5.3546
     5.5382   8.4793   9.1198   9.2985   9.6153

          k = 0.4000-0.5000-0.5000 ( 20228 PWs)   bands (ev):

   -97.9786 -58.4017 -58.4017 -58.4017 -21.7573  -7.4495  -7.4459  -7.4459
    -5.8700  -5.8675  -5.8675  -0.9147   1.3924   1.4595   1.4595   1.7997
     1.8051   3.8943   3.8943   3.9030   4.1256   4.1256   4.2130   5.4312
     5.6609   8.3798   9.1939   9.1939   9.2896

          k =-0.5000-0.5000-0.5000 ( 20336 PWs)   bands (ev):

   -97.9786 -58.4017 -58.4017 -58.4017 -21.7572  -7.4415  -7.4415  -7.4415
    -5.8731  -5.8731  -5.8731  -0.9829   1.4123   1.4123   1.4123   1.8059
     1.8059   3.9072   3.9072   3.9072   4.2161   4.2161   4.2161   5.6626
     5.6626   8.2746   9.0864   9.0864   9.0864

     the Fermi energy is     4.3907 ev

!    total energy              =   -1625.29010436 Ry
     estimated scf accuracy    <          4.7E-11 Ry
     smearing contrib. (-TS)   =      -0.00053079 Ry
     internal energy E=F+TS    =   -1625.28957357 Ry

     The total energy is F=E-TS. E is the sum of the following terms:
     one-electron contribution =    -391.92745112 Ry
     hartree contribution      =     213.62870015 Ry
     xc contribution           =    -100.91163182 Ry
     ewald contribution        =    -215.58705798 Ry
     one-center paw contrib.   =   -1130.49213280 Ry

     convergence has been achieved in  26 iterations

     Forces acting on atoms (cartesian axes, Ry/au):

     atom    1 type  1   force =     0.00000000    0.00000000    0.00000000
     atom    2 type  2   force =     0.00000000    0.00000000    0.00000000
     atom    3 type  3   force =     0.00000000    0.00000000    0.00000000
     atom    4 type  3   force =     0.00000000    0.00000000    0.00000000
     atom    5 type  3   force =     0.00000000    0.00000000    0.00000000

     Total force =     0.000000     Total SCF correction =     0.000000


     Computing stress (Cartesian axis) and pressure

          total   stress  (Ry/bohr**3)                   (kbar)     P=      -12.91
  -0.00008779   0.00000000   0.00000000          -12.91        0.00        0.00
   0.00000000  -0.00008779   0.00000000            0.00      -12.91        0.00
   0.00000000   0.00000000  -0.00008779            0.00        0.00      -12.91


     BFGS Geometry Optimization
     Energy error            =      0.0E+00 Ry
     Gradient error          =      0.0E+00 Ry/Bohr

     bfgs converged in   1 scf cycles and   0 bfgs steps
     (criteria: energy <  1.0E-05 Ry, force <  1.0E-03 Ry/Bohr)

     End of BFGS Geometry Optimization

     Final energy             =   -1625.2901043582 Ry
Begin final coordinates

ATOMIC_POSITIONS (crystal)
Rb               0.0000000000        0.0000000000        0.0000000000
Ni               0.5000000000        0.5000000000        0.5000000000
I                0.5000000000        0.5000000000        0.0000000000
I                0.5000000000        0.0000000000        0.5000000000
I                0.0000000000        0.5000000000        0.5000000000
End final coordinates



  ----------------------------------------------------------------------------

     Murnaghan equation of state

     The equilibrium celldm is:
                                            a=         10.43975 a.u.
     The bulk modulus is:                             272.444  kbar
     The pressure derivative of the bulk modulus is:    4.990
     The total energy at the minimum is:              -1625.292808907 Ry
     The volume is             1137.80984 (a.u.)^3      168.60602 (A)^3
  ----------------------------------------------------------------------------


     Total mass of this unit cell        524.8747 a.m.u.
     Density of this solid                5169.30 kg/m^3         5.1693 g/cm^3

  ----------------------------------------------------------------------------

     Applying the following strain
     (     0.00000,     0.00000,     0.00000  )
     (     0.00000,     0.00000,     0.00000  )
     (     0.00000,     0.00000,    -0.00750  )



  ++++++++++++++++++++++++++++++++++++++++++++++++++++++++++++++++++++++++++++
     Doing work    1 /     8
  ++++++++++++++++++++++++++++++++++++++++++++++++++++++++++++++++++++++++++++


     Current dimensions of program PWSCF are:
     Max number of different atomic species (ntypx) = 10
     Max number of k-points (npk) = 120000
     Max angular momentum in pseudopotentials (lmaxx) =  4

     WARNING: check_stop already initialized
     Message from routine setup:
     using ibrav=0 with symmetry is DISCOURAGED, use correct ibrav instead

     Parallelization info
     --------------------
     sticks:   dense  smooth     PW     G-vecs:    dense   smooth      PW
     Min        3450    1726    482               215562    76220   11070
     Max        3467    1731    483               215783    76253   11113
     Sum        6917    3457    965               431345   152473   22183

     Using Pencil Decomposition



     bravais-lattice index     =            0
     lattice parameter (alat)  =      10.4397  a.u.
     unit-cell volume          =    1129.2763 (a.u.)^3
     number of atoms/cell      =            5
     number of atomic types    =            3
     number of electrons       =        48.00
     number of Kohn-Sham states=           29
     kinetic-energy cutoff     =     100.0000  Ry
     charge density cutoff     =     800.0000  Ry
     scf convergence threshold =      1.0E-10
     mixing beta               =       0.3000
     number of iterations used =            8  plain     mixing
     energy convergence thresh.=      1.0E-05
     force convergence thresh. =      1.0E-03
     Exchange-correlation= PBE
                           (   1   4   3   4   0   0   0)
     nstep                     =           20


     celldm(1)=  10.439745  celldm(2)=   0.000000  celldm(3)=   0.000000
     celldm(4)=   0.000000  celldm(5)=   0.000000  celldm(6)=   0.000000

     crystal axes: (cart. coord. in units of alat)
               a(1) = (   1.000000   0.000000   0.000000 )  
               a(2) = (   0.000000   1.000000   0.000000 )  
               a(3) = (   0.000000   0.000000   0.992500 )  

     reciprocal axes: (cart. coord. in units 2 pi/alat)
               b(1) = (  1.000000  0.000000  0.000000 )  
               b(2) = (  0.000000  1.000000  0.000000 )  
               b(3) = (  0.000000  0.000000  1.007557 )  


     PseudoPot. # 1 for Rb read from file:
     /home/administrator/Downloads/BURAI/BURAI1.3/pseudopot/Rb.pbe-spn-rrkjus_psl.1.0.0.UPF
     MD5 check sum: 8db0524251f08d4bb5a0a04c31658078
     Pseudo is Ultrasoft + core correction, Zval =  9.0
     Generated using "atomic" code by A. Dal Corso  v.5.1.2
     Using radial grid of 1219 points,  6 beta functions with: 
                l(1) =   0
                l(2) =   0
                l(3) =   1
                l(4) =   1
                l(5) =   2
                l(6) =   2
     Q(r) pseudized with 0 coefficients 


     PseudoPot. # 2 for Ni read from file:
     /home/administrator/Downloads/BURAI/BURAI1.3/pseudopot/Ni.pbe-spn-kjpaw_psl.1.0.0.UPF
     MD5 check sum: ea56550a36ffb6c479804d371adbec59
     Pseudo is Projector augmented-wave + core cor, Zval = 18.0
     Generated using "atomic" code by A. Dal Corso  v.5.1.2
     Shape of augmentation charge: PSQ
     Using radial grid of 1195 points,  6 beta functions with: 
                l(1) =   0
                l(2) =   0
                l(3) =   1
                l(4) =   1
                l(5) =   2
                l(6) =   2
     Q(r) pseudized with 0 coefficients 


     PseudoPot. # 3 for I  read from file:
     /home/administrator/Downloads/BURAI/BURAI1.3/pseudopot/I.pbe-n-kjpaw_psl.1.0.0.UPF
     MD5 check sum: e1b2a55c91904a364f23c37cb15bc296
     Pseudo is Projector augmented-wave + core cor, Zval =  7.0
     Generated using "atomic" code by A. Dal Corso  v.5.1.2
     Shape of augmentation charge: PSQ
     Using radial grid of 1247 points,  6 beta functions with: 
                l(1) =   0
                l(2) =   0
                l(3) =   1
                l(4) =   1
                l(5) =   2
                l(6) =   2
     Q(r) pseudized with 0 coefficients 


     atomic species   valence    mass     pseudopotential
     Rb                9.00    85.46780     Rb( 1.00)
     Ni               18.00    58.69340     Ni( 1.00)
     I                 7.00   126.90450     I ( 1.00)

     16 Sym. Ops., with inversion, found



   Cartesian axes

     site n.     atom                  positions (alat units)
         1        Rb     tau(   1) = (   0.0000000   0.0000000   0.0000000  )
         2        Ni     tau(   2) = (   0.5000000   0.5000000   0.4962500  )
         3        I      tau(   3) = (   0.5000000   0.5000000   0.0000000  )
         4        I      tau(   4) = (   0.5000000   0.0000000   0.4962500  )
         5        I      tau(   5) = (   0.0000000   0.5000000   0.4962500  )

     number of k points=   126  Gaussian smearing, width (Ry)=  0.0050

     Number of k-points >= 100: set verbosity='high' to print them.

     Dense  grid:   431345 G-vectors     FFT dimensions: (  96,  96,  96)

     Smooth grid:   152473 G-vectors     FFT dimensions: (  72,  72,  72)

     Estimated max dynamical RAM per process >     457.80 MB

     Estimated total dynamical RAM >       3.27 GB

     Initial potential from superposition of free atoms

     starting charge      47.9767, renormalised to      48.0000
     Starting wfcs are   30 randomized atomic wfcs
     Checking if some PAW data can be deallocated... 

     total cpu time spent up to now is     6339.6 secs

     Self-consistent Calculation

     iteration #  1     ecut=   100.00 Ry     beta= 0.30
     Davidson diagonalization with overlap
     ethr =  1.00E-02,  avg # of iterations =  6.1

     total cpu time spent up to now is     6414.5 secs

     total energy              =   -1624.83987471 Ry
     estimated scf accuracy    <       1.11974938 Ry

     iteration #  2     ecut=   100.00 Ry     beta= 0.30
     Davidson diagonalization with overlap
     ethr =  2.33E-03,  avg # of iterations =  4.4

     total cpu time spent up to now is     6486.0 secs

     total energy              =   -1624.90364446 Ry
     estimated scf accuracy    <       4.46244257 Ry

     iteration #  3     ecut=   100.00 Ry     beta= 0.30
     Davidson diagonalization with overlap
     ethr =  2.33E-03,  avg # of iterations =  3.5

     total cpu time spent up to now is     6552.6 secs

     total energy              =   -1625.28697502 Ry
     estimated scf accuracy    <       0.03891005 Ry

     iteration #  4     ecut=   100.00 Ry     beta= 0.30
     Davidson diagonalization with overlap
     c_bands:  1 eigenvalues not converged
     ethr =  8.11E-05,  avg # of iterations =  6.5

     total cpu time spent up to now is     6630.9 secs

     total energy              =   -1625.29457088 Ry
     estimated scf accuracy    <       0.01218281 Ry

     iteration #  5     ecut=   100.00 Ry     beta= 0.30
     Davidson diagonalization with overlap
     ethr =  2.54E-05,  avg # of iterations =  4.7

     total cpu time spent up to now is     6704.4 secs

     total energy              =   -1625.29163251 Ry
     estimated scf accuracy    <       0.10081967 Ry

     iteration #  6     ecut=   100.00 Ry     beta= 0.30
     Davidson diagonalization with overlap
     ethr =  2.54E-05,  avg # of iterations =  2.2

     total cpu time spent up to now is     6766.6 secs

     total energy              =   -1625.29034901 Ry
     estimated scf accuracy    <       0.02262920 Ry

     iteration #  7     ecut=   100.00 Ry     beta= 0.30
     Davidson diagonalization with overlap
     ethr =  2.54E-05,  avg # of iterations =  2.6

     total cpu time spent up to now is     6829.8 secs

     total energy              =   -1625.29251638 Ry
     estimated scf accuracy    <       0.00038286 Ry

     iteration #  8     ecut=   100.00 Ry     beta= 0.30
     Davidson diagonalization with overlap
     ethr =  7.98E-07,  avg # of iterations =  8.4

     total cpu time spent up to now is     6927.6 secs

     total energy              =   -1625.29275487 Ry
     estimated scf accuracy    <       0.00042740 Ry

     iteration #  9     ecut=   100.00 Ry     beta= 0.30
     Davidson diagonalization with overlap
     ethr =  7.98E-07,  avg # of iterations =  1.3

     total cpu time spent up to now is     6984.9 secs

     total energy              =   -1625.29261993 Ry
     estimated scf accuracy    <       0.00070477 Ry

     iteration # 10     ecut=   100.00 Ry     beta= 0.30
     Davidson diagonalization with overlap
     ethr =  7.98E-07,  avg # of iterations =  2.1

     total cpu time spent up to now is     7046.9 secs

     total energy              =   -1625.29271050 Ry
     estimated scf accuracy    <       0.00002755 Ry

     iteration # 11     ecut=   100.00 Ry     beta= 0.30
     Davidson diagonalization with overlap
     ethr =  5.74E-08,  avg # of iterations =  2.2

     total cpu time spent up to now is     7108.9 secs

     total energy              =   -1625.29271122 Ry
     estimated scf accuracy    <       0.00001286 Ry

     iteration # 12     ecut=   100.00 Ry     beta= 0.30
     Davidson diagonalization with overlap
     ethr =  2.68E-08,  avg # of iterations =  1.2

     total cpu time spent up to now is     7166.0 secs

     total energy              =   -1625.29271174 Ry
     estimated scf accuracy    <       0.00000118 Ry

     iteration # 13     ecut=   100.00 Ry     beta= 0.30
     Davidson diagonalization with overlap
     ethr =  2.47E-09,  avg # of iterations =  2.5

     total cpu time spent up to now is     7229.3 secs

     total energy              =   -1625.29271191 Ry
     estimated scf accuracy    <          6.5E-09 Ry

     iteration # 14     ecut=   100.00 Ry     beta= 0.30
     Davidson diagonalization with overlap
     ethr =  1.36E-11,  avg # of iterations =  5.6

     total cpu time spent up to now is     7323.9 secs

     total energy              =   -1625.29271192 Ry
     estimated scf accuracy    <          1.0E-09 Ry

     iteration # 15     ecut=   100.00 Ry     beta= 0.30
     Davidson diagonalization with overlap
     ethr =  2.08E-12,  avg # of iterations =  4.9

     total cpu time spent up to now is     7412.2 secs

     total energy              =   -1625.29271193 Ry
     estimated scf accuracy    <       0.00000002 Ry

     iteration # 16     ecut=   100.00 Ry     beta= 0.30
     Davidson diagonalization with overlap
     ethr =  2.08E-12,  avg # of iterations =  4.1

     total cpu time spent up to now is     7494.2 secs

     total energy              =   -1625.29271193 Ry
     estimated scf accuracy    <          1.4E-09 Ry

     iteration # 17     ecut=   100.00 Ry     beta= 0.30
     Davidson diagonalization with overlap
     ethr =  2.08E-12,  avg # of iterations =  2.0

     total cpu time spent up to now is     7554.3 secs

     End of self-consistent calculation

     Number of k-points >= 100: set verbosity='high' to print the bands.

     the Fermi energy is     5.0594 ev

!    total energy              =   -1625.29271193 Ry
     estimated scf accuracy    <          9.7E-12 Ry
     smearing contrib. (-TS)   =      -0.00048243 Ry
     internal energy E=F+TS    =   -1625.29222950 Ry

     The total energy is F=E-TS. E is the sum of the following terms:
     one-electron contribution =    -385.18067488 Ry
     hartree contribution      =     211.29896293 Ry
     xc contribution           =    -101.00868439 Ry
     ewald contribution        =    -219.90066722 Ry
     one-center paw contrib.   =   -1130.50116594 Ry

     convergence has been achieved in  17 iterations

     Forces acting on atoms (cartesian axes, Ry/au):

     atom    1 type  1   force =     0.00000000    0.00000000    0.00000000
     atom    2 type  2   force =     0.00000000    0.00000000    0.00000000
     atom    3 type  3   force =     0.00000000    0.00000000    0.00000000
     atom    4 type  3   force =     0.00000000    0.00000000    0.00000000
     atom    5 type  3   force =     0.00000000    0.00000000    0.00000000

     Total force =     0.000000     Total SCF correction =     0.000000


     Computing stress (Cartesian axis) and pressure

          total   stress  (Ry/bohr**3)                   (kbar)     P=        1.60
   0.00000651   0.00000000   0.00000000            0.96        0.00        0.00
   0.00000000   0.00000651   0.00000000            0.00        0.96        0.00
   0.00000000   0.00000000   0.00001967            0.00        0.00        2.89


     BFGS Geometry Optimization
     Energy error            =      0.0E+00 Ry
     Gradient error          =      0.0E+00 Ry/Bohr

     bfgs converged in   1 scf cycles and   0 bfgs steps
     (criteria: energy <  1.0E-05 Ry, force <  1.0E-03 Ry/Bohr)

     End of BFGS Geometry Optimization

     Final energy             =   -1625.2927119308 Ry
Begin final coordinates

ATOMIC_POSITIONS (crystal)
Rb               0.0000000000        0.0000000000        0.0000000000
Ni               0.5000000000        0.5000000000        0.5000000000
I                0.5000000000        0.5000000000        0.0000000000
I                0.5000000000        0.0000000000        0.5000000000
I                0.0000000000        0.5000000000        0.5000000000
End final coordinates



  ----------------------------------------------------------------------------

     Applying the following strain
     (     0.00000,     0.00000,     0.00000  )
     (     0.00000,     0.00000,     0.00000  )
     (     0.00000,     0.00000,    -0.00250  )



  ++++++++++++++++++++++++++++++++++++++++++++++++++++++++++++++++++++++++++++
     Doing work    2 /     8
  ++++++++++++++++++++++++++++++++++++++++++++++++++++++++++++++++++++++++++++


     Current dimensions of program PWSCF are:
     Max number of different atomic species (ntypx) = 10
     Max number of k-points (npk) = 120000
     Max angular momentum in pseudopotentials (lmaxx) =  4

     WARNING: check_stop already initialized
     Message from routine setup:
     using ibrav=0 with symmetry is DISCOURAGED, use correct ibrav instead

     Parallelization info
     --------------------
     sticks:   dense  smooth     PW     G-vecs:    dense   smooth      PW
     Min        3448    1726    482               216628    76566   11118
     Max        3469    1731    483               216885    76645   11153
     Sum        6917    3457    965               433513   153211   22271

     Using Pencil Decomposition



     bravais-lattice index     =            0
     lattice parameter (alat)  =      10.4397  a.u.
     unit-cell volume          =    1134.9653 (a.u.)^3
     number of atoms/cell      =            5
     number of atomic types    =            3
     number of electrons       =        48.00
     number of Kohn-Sham states=           29
     kinetic-energy cutoff     =     100.0000  Ry
     charge density cutoff     =     800.0000  Ry
     scf convergence threshold =      1.0E-10
     mixing beta               =       0.3000
     number of iterations used =            8  plain     mixing
     energy convergence thresh.=      1.0E-05
     force convergence thresh. =      1.0E-03
     Exchange-correlation= PBE
                           (   1   4   3   4   0   0   0)
     nstep                     =           20


     celldm(1)=  10.439745  celldm(2)=   0.000000  celldm(3)=   0.000000
     celldm(4)=   0.000000  celldm(5)=   0.000000  celldm(6)=   0.000000

     crystal axes: (cart. coord. in units of alat)
               a(1) = (   1.000000   0.000000   0.000000 )  
               a(2) = (   0.000000   1.000000   0.000000 )  
               a(3) = (   0.000000   0.000000   0.997500 )  

     reciprocal axes: (cart. coord. in units 2 pi/alat)
               b(1) = (  1.000000  0.000000  0.000000 )  
               b(2) = (  0.000000  1.000000  0.000000 )  
               b(3) = (  0.000000  0.000000  1.002506 )  


     PseudoPot. # 1 for Rb read from file:
     /home/administrator/Downloads/BURAI/BURAI1.3/pseudopot/Rb.pbe-spn-rrkjus_psl.1.0.0.UPF
     MD5 check sum: 8db0524251f08d4bb5a0a04c31658078
     Pseudo is Ultrasoft + core correction, Zval =  9.0
     Generated using "atomic" code by A. Dal Corso  v.5.1.2
     Using radial grid of 1219 points,  6 beta functions with: 
                l(1) =   0
                l(2) =   0
                l(3) =   1
                l(4) =   1
                l(5) =   2
                l(6) =   2
     Q(r) pseudized with 0 coefficients 


     PseudoPot. # 2 for Ni read from file:
     /home/administrator/Downloads/BURAI/BURAI1.3/pseudopot/Ni.pbe-spn-kjpaw_psl.1.0.0.UPF
     MD5 check sum: ea56550a36ffb6c479804d371adbec59
     Pseudo is Projector augmented-wave + core cor, Zval = 18.0
     Generated using "atomic" code by A. Dal Corso  v.5.1.2
     Shape of augmentation charge: PSQ
     Using radial grid of 1195 points,  6 beta functions with: 
                l(1) =   0
                l(2) =   0
                l(3) =   1
                l(4) =   1
                l(5) =   2
                l(6) =   2
     Q(r) pseudized with 0 coefficients 


     PseudoPot. # 3 for I  read from file:
     /home/administrator/Downloads/BURAI/BURAI1.3/pseudopot/I.pbe-n-kjpaw_psl.1.0.0.UPF
     MD5 check sum: e1b2a55c91904a364f23c37cb15bc296
     Pseudo is Projector augmented-wave + core cor, Zval =  7.0
     Generated using "atomic" code by A. Dal Corso  v.5.1.2
     Shape of augmentation charge: PSQ
     Using radial grid of 1247 points,  6 beta functions with: 
                l(1) =   0
                l(2) =   0
                l(3) =   1
                l(4) =   1
                l(5) =   2
                l(6) =   2
     Q(r) pseudized with 0 coefficients 


     atomic species   valence    mass     pseudopotential
     Rb                9.00    85.46780     Rb( 1.00)
     Ni               18.00    58.69340     Ni( 1.00)
     I                 7.00   126.90450     I ( 1.00)

     16 Sym. Ops., with inversion, found



   Cartesian axes

     site n.     atom                  positions (alat units)
         1        Rb     tau(   1) = (   0.0000000   0.0000000   0.0000000  )
         2        Ni     tau(   2) = (   0.5000000   0.5000000   0.4987500  )
         3        I      tau(   3) = (   0.5000000   0.5000000   0.0000000  )
         4        I      tau(   4) = (   0.5000000   0.0000000   0.4987500  )
         5        I      tau(   5) = (   0.0000000   0.5000000   0.4987500  )

     number of k points=   126  Gaussian smearing, width (Ry)=  0.0050

     Number of k-points >= 100: set verbosity='high' to print them.

     Dense  grid:   433513 G-vectors     FFT dimensions: (  96,  96,  96)

     Smooth grid:   153211 G-vectors     FFT dimensions: (  72,  72,  72)

     Estimated max dynamical RAM per process >     460.62 MB

     Estimated total dynamical RAM >       3.29 GB

     Initial potential from superposition of free atoms

     starting charge      47.9767, renormalised to      48.0000
     Starting wfcs are   30 randomized atomic wfcs
     Checking if some PAW data can be deallocated... 

     total cpu time spent up to now is     7633.5 secs

     Self-consistent Calculation

     iteration #  1     ecut=   100.00 Ry     beta= 0.30
     Davidson diagonalization with overlap
     ethr =  1.00E-02,  avg # of iterations =  6.0

     total cpu time spent up to now is     7708.1 secs

     total energy              =   -1624.83887570 Ry
     estimated scf accuracy    <       1.12253248 Ry

     iteration #  2     ecut=   100.00 Ry     beta= 0.30
     Davidson diagonalization with overlap
     ethr =  2.34E-03,  avg # of iterations =  4.3

     total cpu time spent up to now is     7778.9 secs

     total energy              =   -1624.90209788 Ry
     estimated scf accuracy    <       4.48597469 Ry

     iteration #  3     ecut=   100.00 Ry     beta= 0.30
     Davidson diagonalization with overlap
     ethr =  2.34E-03,  avg # of iterations =  3.5

     total cpu time spent up to now is     7845.3 secs

     total energy              =   -1625.28721101 Ry
     estimated scf accuracy    <       0.03941024 Ry

     iteration #  4     ecut=   100.00 Ry     beta= 0.30
     Davidson diagonalization with overlap
     ethr =  8.21E-05,  avg # of iterations =  6.5

     total cpu time spent up to now is     7924.7 secs

     total energy              =   -1625.29493202 Ry
     estimated scf accuracy    <       0.01266802 Ry

     iteration #  5     ecut=   100.00 Ry     beta= 0.30
     Davidson diagonalization with overlap
     ethr =  2.64E-05,  avg # of iterations =  5.0

     total cpu time spent up to now is     7998.9 secs

     total energy              =   -1625.29199833 Ry
     estimated scf accuracy    <       0.10481667 Ry

     iteration #  6     ecut=   100.00 Ry     beta= 0.30
     Davidson diagonalization with overlap
     ethr =  2.64E-05,  avg # of iterations =  2.2

     total cpu time spent up to now is     8060.5 secs

     total energy              =   -1625.29015883 Ry
     estimated scf accuracy    <       0.02533239 Ry

     iteration #  7     ecut=   100.00 Ry     beta= 0.30
     Davidson diagonalization with overlap
     ethr =  2.64E-05,  avg # of iterations =  2.8

     total cpu time spent up to now is     8123.9 secs

     total energy              =   -1625.29259267 Ry
     estimated scf accuracy    <       0.00043394 Ry

     iteration #  8     ecut=   100.00 Ry     beta= 0.30
     Davidson diagonalization with overlap
     c_bands:  1 eigenvalues not converged
     c_bands:  1 eigenvalues not converged
     ethr =  9.04E-07,  avg # of iterations =  8.3

     total cpu time spent up to now is     8218.0 secs

     total energy              =   -1625.29283365 Ry
     estimated scf accuracy    <       0.00026221 Ry

     iteration #  9     ecut=   100.00 Ry     beta= 0.30
     Davidson diagonalization with overlap
     ethr =  5.46E-07,  avg # of iterations =  2.1

     total cpu time spent up to now is     8280.3 secs

     total energy              =   -1625.29267096 Ry
     estimated scf accuracy    <       0.00094666 Ry

     iteration # 10     ecut=   100.00 Ry     beta= 0.30
     Davidson diagonalization with overlap
     ethr =  5.46E-07,  avg # of iterations =  3.1

     total cpu time spent up to now is     8348.7 secs

     total energy              =   -1625.29279414 Ry
     estimated scf accuracy    <       0.00007662 Ry

     iteration # 11     ecut=   100.00 Ry     beta= 0.30
     Davidson diagonalization with overlap
     ethr =  1.60E-07,  avg # of iterations =  1.1

     total cpu time spent up to now is     8405.8 secs

     total energy              =   -1625.29279796 Ry
     estimated scf accuracy    <       0.00000476 Ry

     iteration # 12     ecut=   100.00 Ry     beta= 0.30
     Davidson diagonalization with overlap
     ethr =  9.92E-09,  avg # of iterations =  2.6

     total cpu time spent up to now is     8470.4 secs

     total energy              =   -1625.29279892 Ry
     estimated scf accuracy    <       0.00000014 Ry

     iteration # 13     ecut=   100.00 Ry     beta= 0.30
     Davidson diagonalization with overlap
     ethr =  2.87E-10,  avg # of iterations =  4.3

     total cpu time spent up to now is     8544.9 secs

     total energy              =   -1625.29279892 Ry
     estimated scf accuracy    <       0.00000017 Ry

     iteration # 14     ecut=   100.00 Ry     beta= 0.30
     Davidson diagonalization with overlap
     ethr =  2.87E-10,  avg # of iterations =  3.0

     total cpu time spent up to now is     8613.9 secs

     total energy              =   -1625.29279896 Ry
     estimated scf accuracy    <       0.00000007 Ry

     iteration # 15     ecut=   100.00 Ry     beta= 0.30
     Davidson diagonalization with overlap
     ethr =  1.50E-10,  avg # of iterations =  2.0

     total cpu time spent up to now is     8673.0 secs

     total energy              =   -1625.29279897 Ry
     estimated scf accuracy    <          4.3E-09 Ry

     iteration # 16     ecut=   100.00 Ry     beta= 0.30
     Davidson diagonalization with overlap
     ethr =  8.90E-12,  avg # of iterations =  3.0

     total cpu time spent up to now is     8738.7 secs

     End of self-consistent calculation

     Number of k-points >= 100: set verbosity='high' to print the bands.

     the Fermi energy is     5.0013 ev

!    total energy              =   -1625.29279897 Ry
     estimated scf accuracy    <          7.4E-11 Ry
     smearing contrib. (-TS)   =      -0.00048785 Ry
     internal energy E=F+TS    =   -1625.29231113 Ry

     The total energy is F=E-TS. E is the sum of the following terms:
     one-electron contribution =    -385.74782566 Ry
     hartree contribution      =     211.49196585 Ry
     xc contribution           =    -100.99994047 Ry
     ewald contribution        =    -219.53617173 Ry
     one-center paw contrib.   =   -1130.50033911 Ry

     convergence has been achieved in  16 iterations

     Forces acting on atoms (cartesian axes, Ry/au):

     atom    1 type  1   force =     0.00000000    0.00000000    0.00000000
     atom    2 type  2   force =     0.00000000    0.00000000    0.00000000
     atom    3 type  3   force =     0.00000000    0.00000000    0.00000000
     atom    4 type  3   force =     0.00000000    0.00000000    0.00000000
     atom    5 type  3   force =     0.00000000    0.00000000    0.00000000

     Total force =     0.000000     Total SCF correction =     0.000000


     Computing stress (Cartesian axis) and pressure

          total   stress  (Ry/bohr**3)                   (kbar)     P=        0.15
  -0.00000042   0.00000000   0.00000000           -0.06        0.00        0.00
   0.00000000  -0.00000042   0.00000000            0.00       -0.06        0.00
   0.00000000   0.00000000   0.00000382            0.00        0.00        0.56


     BFGS Geometry Optimization
     Energy error            =      0.0E+00 Ry
     Gradient error          =      0.0E+00 Ry/Bohr

     bfgs converged in   1 scf cycles and   0 bfgs steps
     (criteria: energy <  1.0E-05 Ry, force <  1.0E-03 Ry/Bohr)

     End of BFGS Geometry Optimization

     Final energy             =   -1625.2927989725 Ry
Begin final coordinates

ATOMIC_POSITIONS (crystal)
Rb               0.0000000000        0.0000000000        0.0000000000
Ni               0.5000000000        0.5000000000        0.5000000000
I                0.5000000000        0.5000000000        0.0000000000
I                0.5000000000        0.0000000000        0.5000000000
I                0.0000000000        0.5000000000        0.5000000000
End final coordinates



  ----------------------------------------------------------------------------

     Applying the following strain
     (     0.00000,     0.00000,     0.00000  )
     (     0.00000,     0.00000,     0.00000  )
     (     0.00000,     0.00000,     0.00250  )



  ++++++++++++++++++++++++++++++++++++++++++++++++++++++++++++++++++++++++++++
     Doing work    3 /     8
  ++++++++++++++++++++++++++++++++++++++++++++++++++++++++++++++++++++++++++++


     Current dimensions of program PWSCF are:
     Max number of different atomic species (ntypx) = 10
     Max number of k-points (npk) = 120000
     Max angular momentum in pseudopotentials (lmaxx) =  4

     WARNING: check_stop already initialized
     Message from routine setup:
     using ibrav=0 with symmetry is DISCOURAGED, use correct ibrav instead

     Parallelization info
     --------------------
     sticks:   dense  smooth     PW     G-vecs:    dense   smooth      PW
     Min        3448    1728    481               217816    76968   11215
     Max        3469    1729    484               217891    77027   11232
     Sum        6917    3457    965               435707   153995   22447

     Using Pencil Decomposition



     bravais-lattice index     =            0
     lattice parameter (alat)  =      10.4397  a.u.
     unit-cell volume          =    1140.6544 (a.u.)^3
     number of atoms/cell      =            5
     number of atomic types    =            3
     number of electrons       =        48.00
     number of Kohn-Sham states=           29
     kinetic-energy cutoff     =     100.0000  Ry
     charge density cutoff     =     800.0000  Ry
     scf convergence threshold =      1.0E-10
     mixing beta               =       0.3000
     number of iterations used =            8  plain     mixing
     energy convergence thresh.=      1.0E-05
     force convergence thresh. =      1.0E-03
     Exchange-correlation= PBE
                           (   1   4   3   4   0   0   0)
     nstep                     =           20


     celldm(1)=  10.439745  celldm(2)=   0.000000  celldm(3)=   0.000000
     celldm(4)=   0.000000  celldm(5)=   0.000000  celldm(6)=   0.000000

     crystal axes: (cart. coord. in units of alat)
               a(1) = (   1.000000   0.000000   0.000000 )  
               a(2) = (   0.000000   1.000000   0.000000 )  
               a(3) = (   0.000000   0.000000   1.002500 )  

     reciprocal axes: (cart. coord. in units 2 pi/alat)
               b(1) = (  1.000000  0.000000  0.000000 )  
               b(2) = (  0.000000  1.000000  0.000000 )  
               b(3) = (  0.000000  0.000000  0.997506 )  


     PseudoPot. # 1 for Rb read from file:
     /home/administrator/Downloads/BURAI/BURAI1.3/pseudopot/Rb.pbe-spn-rrkjus_psl.1.0.0.UPF
     MD5 check sum: 8db0524251f08d4bb5a0a04c31658078
     Pseudo is Ultrasoft + core correction, Zval =  9.0
     Generated using "atomic" code by A. Dal Corso  v.5.1.2
     Using radial grid of 1219 points,  6 beta functions with: 
                l(1) =   0
                l(2) =   0
                l(3) =   1
                l(4) =   1
                l(5) =   2
                l(6) =   2
     Q(r) pseudized with 0 coefficients 


     PseudoPot. # 2 for Ni read from file:
     /home/administrator/Downloads/BURAI/BURAI1.3/pseudopot/Ni.pbe-spn-kjpaw_psl.1.0.0.UPF
     MD5 check sum: ea56550a36ffb6c479804d371adbec59
     Pseudo is Projector augmented-wave + core cor, Zval = 18.0
     Generated using "atomic" code by A. Dal Corso  v.5.1.2
     Shape of augmentation charge: PSQ
     Using radial grid of 1195 points,  6 beta functions with: 
                l(1) =   0
                l(2) =   0
                l(3) =   1
                l(4) =   1
                l(5) =   2
                l(6) =   2
     Q(r) pseudized with 0 coefficients 


     PseudoPot. # 3 for I  read from file:
     /home/administrator/Downloads/BURAI/BURAI1.3/pseudopot/I.pbe-n-kjpaw_psl.1.0.0.UPF
     MD5 check sum: e1b2a55c91904a364f23c37cb15bc296
     Pseudo is Projector augmented-wave + core cor, Zval =  7.0
     Generated using "atomic" code by A. Dal Corso  v.5.1.2
     Shape of augmentation charge: PSQ
     Using radial grid of 1247 points,  6 beta functions with: 
                l(1) =   0
                l(2) =   0
                l(3) =   1
                l(4) =   1
                l(5) =   2
                l(6) =   2
     Q(r) pseudized with 0 coefficients 


     atomic species   valence    mass     pseudopotential
     Rb                9.00    85.46780     Rb( 1.00)
     Ni               18.00    58.69340     Ni( 1.00)
     I                 7.00   126.90450     I ( 1.00)

     16 Sym. Ops., with inversion, found



   Cartesian axes

     site n.     atom                  positions (alat units)
         1        Rb     tau(   1) = (   0.0000000   0.0000000   0.0000000  )
         2        Ni     tau(   2) = (   0.5000000   0.5000000   0.5012500  )
         3        I      tau(   3) = (   0.5000000   0.5000000   0.0000000  )
         4        I      tau(   4) = (   0.5000000   0.0000000   0.5012500  )
         5        I      tau(   5) = (   0.0000000   0.5000000   0.5012500  )

     number of k points=   126  Gaussian smearing, width (Ry)=  0.0050

     Number of k-points >= 100: set verbosity='high' to print them.

     Dense  grid:   435707 G-vectors     FFT dimensions: (  96,  96,  96)

     Smooth grid:   153995 G-vectors     FFT dimensions: (  72,  72,  72)

     Estimated max dynamical RAM per process >     462.55 MB

     Estimated total dynamical RAM >       3.30 GB

     Initial potential from superposition of free atoms

     starting charge      47.9767, renormalised to      48.0000
     Starting wfcs are   30 randomized atomic wfcs
     Checking if some PAW data can be deallocated... 

     total cpu time spent up to now is     8819.4 secs

     Self-consistent Calculation

     iteration #  1     ecut=   100.00 Ry     beta= 0.30
     Davidson diagonalization with overlap
     ethr =  1.00E-02,  avg # of iterations =  6.1

     total cpu time spent up to now is     8894.9 secs

     total energy              =   -1624.83805332 Ry
     estimated scf accuracy    <       1.12405638 Ry

     iteration #  2     ecut=   100.00 Ry     beta= 0.30
     Davidson diagonalization with overlap
     ethr =  2.34E-03,  avg # of iterations =  4.4

     total cpu time spent up to now is     8966.6 secs

     total energy              =   -1624.89950649 Ry
     estimated scf accuracy    <       4.52205127 Ry

     iteration #  3     ecut=   100.00 Ry     beta= 0.30
     Davidson diagonalization with overlap
     ethr =  2.34E-03,  avg # of iterations =  3.5

     total cpu time spent up to now is     9033.3 secs

     total energy              =   -1625.28711375 Ry
     estimated scf accuracy    <       0.04048191 Ry

     iteration #  4     ecut=   100.00 Ry     beta= 0.30
     Davidson diagonalization with overlap
     c_bands:  1 eigenvalues not converged
     ethr =  8.43E-05,  avg # of iterations =  6.3

     total cpu time spent up to now is     9111.4 secs

     total energy              =   -1625.29576215 Ry
     estimated scf accuracy    <       0.01338605 Ry

     iteration #  5     ecut=   100.00 Ry     beta= 0.30
     Davidson diagonalization with overlap
     ethr =  2.79E-05,  avg # of iterations =  5.0

     total cpu time spent up to now is     9187.2 secs

     total energy              =   -1625.29298951 Ry
     estimated scf accuracy    <       0.13083176 Ry

     iteration #  6     ecut=   100.00 Ry     beta= 0.30
     Davidson diagonalization with overlap
     ethr =  2.79E-05,  avg # of iterations =  2.2

     total cpu time spent up to now is     9249.3 secs

     total energy              =   -1625.28934128 Ry
     estimated scf accuracy    <       0.03797896 Ry

     iteration #  7     ecut=   100.00 Ry     beta= 0.30
     Davidson diagonalization with overlap
     ethr =  2.79E-05,  avg # of iterations =  3.1

     total cpu time spent up to now is     9314.5 secs

     total energy              =   -1625.29254815 Ry
     estimated scf accuracy    <       0.00045118 Ry

     iteration #  8     ecut=   100.00 Ry     beta= 0.30
     Davidson diagonalization with overlap
     c_bands:  1 eigenvalues not converged
     c_bands:  1 eigenvalues not converged
     ethr =  9.40E-07,  avg # of iterations =  8.6

     total cpu time spent up to now is     9410.1 secs

     total energy              =   -1625.29281143 Ry
     estimated scf accuracy    <       0.00022615 Ry

     iteration #  9     ecut=   100.00 Ry     beta= 0.30
     Davidson diagonalization with overlap
     ethr =  4.71E-07,  avg # of iterations =  2.3

     total cpu time spent up to now is     9476.1 secs

     total energy              =   -1625.29262906 Ry
     estimated scf accuracy    <       0.00113215 Ry

     iteration # 10     ecut=   100.00 Ry     beta= 0.30
     Davidson diagonalization with overlap
     ethr =  4.71E-07,  avg # of iterations =  3.5

     total cpu time spent up to now is     9547.4 secs

     total energy              =   -1625.29278778 Ry
     estimated scf accuracy    <       0.00018775 Ry

     iteration # 11     ecut=   100.00 Ry     beta= 0.30
     Davidson diagonalization with overlap
     ethr =  3.91E-07,  avg # of iterations =  1.1

     total cpu time spent up to now is     9604.5 secs

     total energy              =   -1625.29279755 Ry
     estimated scf accuracy    <       0.00000929 Ry

     iteration # 12     ecut=   100.00 Ry     beta= 0.30
     Davidson diagonalization with overlap
     ethr =  1.94E-08,  avg # of iterations =  3.2

     total cpu time spent up to now is     9669.9 secs

     total energy              =   -1625.29279883 Ry
     estimated scf accuracy    <       0.00000058 Ry

     iteration # 13     ecut=   100.00 Ry     beta= 0.30
     Davidson diagonalization with overlap
     ethr =  1.21E-09,  avg # of iterations =  3.9

     total cpu time spent up to now is     9743.0 secs

     total energy              =   -1625.29279898 Ry
     estimated scf accuracy    <       0.00000065 Ry

     iteration # 14     ecut=   100.00 Ry     beta= 0.30
     Davidson diagonalization with overlap
     ethr =  1.21E-09,  avg # of iterations =  2.0

     total cpu time spent up to now is     9803.8 secs

     total energy              =   -1625.29279904 Ry
     estimated scf accuracy    <       0.00000001 Ry

     iteration # 15     ecut=   100.00 Ry     beta= 0.30
     Davidson diagonalization with overlap
     ethr =  2.27E-11,  avg # of iterations =  4.0

     total cpu time spent up to now is     9882.3 secs

     total energy              =   -1625.29279905 Ry
     estimated scf accuracy    <          7.4E-10 Ry

     iteration # 16     ecut=   100.00 Ry     beta= 0.30
     Davidson diagonalization with overlap
     ethr =  1.55E-12,  avg # of iterations =  4.2

     total cpu time spent up to now is     9959.5 secs

     total energy              =   -1625.29279905 Ry
     estimated scf accuracy    <          7.1E-09 Ry

     iteration # 17     ecut=   100.00 Ry     beta= 0.30
     Davidson diagonalization with overlap
     ethr =  1.55E-12,  avg # of iterations =  3.8

     total cpu time spent up to now is    10032.0 secs

     End of self-consistent calculation

     Number of k-points >= 100: set verbosity='high' to print the bands.

     the Fermi energy is     4.9438 ev

!    total energy              =   -1625.29279905 Ry
     estimated scf accuracy    <          6.8E-11 Ry
     smearing contrib. (-TS)   =      -0.00049185 Ry
     internal energy E=F+TS    =   -1625.29230720 Ry

     The total energy is F=E-TS. E is the sum of the following terms:
     one-electron contribution =    -386.31843614 Ry
     hartree contribution      =     211.68768129 Ry
     xc contribution           =    -100.99143019 Ry
     ewald contribution        =    -219.17058424 Ry
     one-center paw contrib.   =   -1130.49953792 Ry

     convergence has been achieved in  17 iterations

     Forces acting on atoms (cartesian axes, Ry/au):

     atom    1 type  1   force =     0.00000000    0.00000000    0.00000000
     atom    2 type  2   force =     0.00000000    0.00000000    0.00000000
     atom    3 type  3   force =     0.00000000    0.00000000    0.00000000
     atom    4 type  3   force =     0.00000000    0.00000000    0.00000000
     atom    5 type  3   force =     0.00000000    0.00000000    0.00000000

     Total force =     0.000000     Total SCF correction =     0.000000


     Computing stress (Cartesian axis) and pressure

          total   stress  (Ry/bohr**3)                   (kbar)     P=       -1.21
  -0.00000689   0.00000000   0.00000000           -1.01        0.00        0.00
   0.00000000  -0.00000689   0.00000000            0.00       -1.01        0.00
   0.00000000   0.00000000  -0.00001099            0.00        0.00       -1.62


     BFGS Geometry Optimization
     Energy error            =      0.0E+00 Ry
     Gradient error          =      0.0E+00 Ry/Bohr

     bfgs converged in   1 scf cycles and   0 bfgs steps
     (criteria: energy <  1.0E-05 Ry, force <  1.0E-03 Ry/Bohr)

     End of BFGS Geometry Optimization

     Final energy             =   -1625.2927990545 Ry
Begin final coordinates

ATOMIC_POSITIONS (crystal)
Rb               0.0000000000        0.0000000000        0.0000000000
Ni               0.5000000000        0.5000000000        0.5000000000
I                0.5000000000        0.5000000000        0.0000000000
I                0.5000000000        0.0000000000        0.5000000000
I                0.0000000000        0.5000000000        0.5000000000
End final coordinates



  ----------------------------------------------------------------------------

     Applying the following strain
     (     0.00000,     0.00000,     0.00000  )
     (     0.00000,     0.00000,     0.00000  )
     (     0.00000,     0.00000,     0.00750  )



  ++++++++++++++++++++++++++++++++++++++++++++++++++++++++++++++++++++++++++++
     Doing work    4 /     8
  ++++++++++++++++++++++++++++++++++++++++++++++++++++++++++++++++++++++++++++


     Current dimensions of program PWSCF are:
     Max number of different atomic species (ntypx) = 10
     Max number of k-points (npk) = 120000
     Max angular momentum in pseudopotentials (lmaxx) =  4

     WARNING: check_stop already initialized
     Message from routine setup:
     using ibrav=0 with symmetry is DISCOURAGED, use correct ibrav instead

     Parallelization info
     --------------------
     sticks:   dense  smooth     PW     G-vecs:    dense   smooth      PW
     Min        3450    1728    481               219002    77382   11271
     Max        3467    1729    484               219041    77397   11288
     Sum        6917    3457    965               438043   154779   22559

     Using Pencil Decomposition



     bravais-lattice index     =            0
     lattice parameter (alat)  =      10.4397  a.u.
     unit-cell volume          =    1146.3434 (a.u.)^3
     number of atoms/cell      =            5
     number of atomic types    =            3
     number of electrons       =        48.00
     number of Kohn-Sham states=           29
     kinetic-energy cutoff     =     100.0000  Ry
     charge density cutoff     =     800.0000  Ry
     scf convergence threshold =      1.0E-10
     mixing beta               =       0.3000
     number of iterations used =            8  plain     mixing
     energy convergence thresh.=      1.0E-05
     force convergence thresh. =      1.0E-03
     Exchange-correlation= PBE
                           (   1   4   3   4   0   0   0)
     nstep                     =           20


     celldm(1)=  10.439745  celldm(2)=   0.000000  celldm(3)=   0.000000
     celldm(4)=   0.000000  celldm(5)=   0.000000  celldm(6)=   0.000000

     crystal axes: (cart. coord. in units of alat)
               a(1) = (   1.000000   0.000000   0.000000 )  
               a(2) = (   0.000000   1.000000   0.000000 )  
               a(3) = (   0.000000   0.000000   1.007500 )  

     reciprocal axes: (cart. coord. in units 2 pi/alat)
               b(1) = (  1.000000  0.000000  0.000000 )  
               b(2) = (  0.000000  1.000000  0.000000 )  
               b(3) = (  0.000000  0.000000  0.992556 )  


     PseudoPot. # 1 for Rb read from file:
     /home/administrator/Downloads/BURAI/BURAI1.3/pseudopot/Rb.pbe-spn-rrkjus_psl.1.0.0.UPF
     MD5 check sum: 8db0524251f08d4bb5a0a04c31658078
     Pseudo is Ultrasoft + core correction, Zval =  9.0
     Generated using "atomic" code by A. Dal Corso  v.5.1.2
     Using radial grid of 1219 points,  6 beta functions with: 
                l(1) =   0
                l(2) =   0
                l(3) =   1
                l(4) =   1
                l(5) =   2
                l(6) =   2
     Q(r) pseudized with 0 coefficients 


     PseudoPot. # 2 for Ni read from file:
     /home/administrator/Downloads/BURAI/BURAI1.3/pseudopot/Ni.pbe-spn-kjpaw_psl.1.0.0.UPF
     MD5 check sum: ea56550a36ffb6c479804d371adbec59
     Pseudo is Projector augmented-wave + core cor, Zval = 18.0
     Generated using "atomic" code by A. Dal Corso  v.5.1.2
     Shape of augmentation charge: PSQ
     Using radial grid of 1195 points,  6 beta functions with: 
                l(1) =   0
                l(2) =   0
                l(3) =   1
                l(4) =   1
                l(5) =   2
                l(6) =   2
     Q(r) pseudized with 0 coefficients 


     PseudoPot. # 3 for I  read from file:
     /home/administrator/Downloads/BURAI/BURAI1.3/pseudopot/I.pbe-n-kjpaw_psl.1.0.0.UPF
     MD5 check sum: e1b2a55c91904a364f23c37cb15bc296
     Pseudo is Projector augmented-wave + core cor, Zval =  7.0
     Generated using "atomic" code by A. Dal Corso  v.5.1.2
     Shape of augmentation charge: PSQ
     Using radial grid of 1247 points,  6 beta functions with: 
                l(1) =   0
                l(2) =   0
                l(3) =   1
                l(4) =   1
                l(5) =   2
                l(6) =   2
     Q(r) pseudized with 0 coefficients 


     atomic species   valence    mass     pseudopotential
     Rb                9.00    85.46780     Rb( 1.00)
     Ni               18.00    58.69340     Ni( 1.00)
     I                 7.00   126.90450     I ( 1.00)

     16 Sym. Ops., with inversion, found



   Cartesian axes

     site n.     atom                  positions (alat units)
         1        Rb     tau(   1) = (   0.0000000   0.0000000   0.0000000  )
         2        Ni     tau(   2) = (   0.5000000   0.5000000   0.5037500  )
         3        I      tau(   3) = (   0.5000000   0.5000000   0.0000000  )
         4        I      tau(   4) = (   0.5000000   0.0000000   0.5037500  )
         5        I      tau(   5) = (   0.0000000   0.5000000   0.5037500  )

     number of k points=   126  Gaussian smearing, width (Ry)=  0.0050

     Number of k-points >= 100: set verbosity='high' to print them.

     Dense  grid:   438043 G-vectors     FFT dimensions: (  96,  96,  96)

     Smooth grid:   154779 G-vectors     FFT dimensions: (  72,  72,  72)

     Estimated max dynamical RAM per process >     464.79 MB

     Estimated total dynamical RAM >       3.32 GB

     Initial potential from superposition of free atoms

     starting charge      47.9767, renormalised to      48.0000
     Starting wfcs are   30 randomized atomic wfcs
     Checking if some PAW data can be deallocated... 

     total cpu time spent up to now is    10111.1 secs

     Self-consistent Calculation

     iteration #  1     ecut=   100.00 Ry     beta= 0.30
     Davidson diagonalization with overlap
     ethr =  1.00E-02,  avg # of iterations =  6.1

     total cpu time spent up to now is    10186.8 secs

     total energy              =   -1624.83737293 Ry
     estimated scf accuracy    <       1.12548279 Ry

     iteration #  2     ecut=   100.00 Ry     beta= 0.30
     Davidson diagonalization with overlap
     ethr =  2.34E-03,  avg # of iterations =  4.3

     total cpu time spent up to now is    10258.9 secs

     total energy              =   -1624.89715244 Ry
     estimated scf accuracy    <       4.55553214 Ry

     iteration #  3     ecut=   100.00 Ry     beta= 0.30
     Davidson diagonalization with overlap
     ethr =  2.34E-03,  avg # of iterations =  3.5

     total cpu time spent up to now is    10326.0 secs

     total energy              =   -1625.28701467 Ry
     estimated scf accuracy    <       0.04102939 Ry

     iteration #  4     ecut=   100.00 Ry     beta= 0.30
     Davidson diagonalization with overlap
     ethr =  8.55E-05,  avg # of iterations =  6.3

     total cpu time spent up to now is    10405.0 secs

     total energy              =   -1625.29566604 Ry
     estimated scf accuracy    <       0.01344412 Ry

     iteration #  5     ecut=   100.00 Ry     beta= 0.30
     Davidson diagonalization with overlap
     ethr =  2.80E-05,  avg # of iterations =  4.4

     total cpu time spent up to now is    10477.5 secs

     total energy              =   -1625.29279180 Ry
     estimated scf accuracy    <       0.13048111 Ry

     iteration #  6     ecut=   100.00 Ry     beta= 0.30
     Davidson diagonalization with overlap
     ethr =  2.80E-05,  avg # of iterations =  2.2

     total cpu time spent up to now is    10539.6 secs

     total energy              =   -1625.28940459 Ry
     estimated scf accuracy    <       0.03717491 Ry

     iteration #  7     ecut=   100.00 Ry     beta= 0.30
     Davidson diagonalization with overlap
     ethr =  2.80E-05,  avg # of iterations =  3.1

     total cpu time spent up to now is    10604.7 secs

     total energy              =   -1625.29245962 Ry
     estimated scf accuracy    <       0.00046912 Ry

     iteration #  8     ecut=   100.00 Ry     beta= 0.30
     Davidson diagonalization with overlap
     c_bands:  1 eigenvalues not converged
     ethr =  9.77E-07,  avg # of iterations =  8.8

     total cpu time spent up to now is    10700.1 secs

     total energy              =   -1625.29274245 Ry
     estimated scf accuracy    <       0.00021284 Ry

     iteration #  9     ecut=   100.00 Ry     beta= 0.30
     Davidson diagonalization with overlap
     ethr =  4.43E-07,  avg # of iterations =  2.3

     total cpu time spent up to now is    10765.1 secs

     total energy              =   -1625.29255198 Ry
     estimated scf accuracy    <       0.00110467 Ry

     iteration # 10     ecut=   100.00 Ry     beta= 0.30
     Davidson diagonalization with overlap
     ethr =  4.43E-07,  avg # of iterations =  3.5

     total cpu time spent up to now is    10837.5 secs

     total energy              =   -1625.29270552 Ry
     estimated scf accuracy    <       0.00018160 Ry

     iteration # 11     ecut=   100.00 Ry     beta= 0.30
     Davidson diagonalization with overlap
     ethr =  3.78E-07,  avg # of iterations =  1.1

     total cpu time spent up to now is    10894.9 secs

     total energy              =   -1625.29271582 Ry
     estimated scf accuracy    <       0.00000709 Ry

     iteration # 12     ecut=   100.00 Ry     beta= 0.30
     Davidson diagonalization with overlap
     ethr =  1.48E-08,  avg # of iterations =  3.5

     total cpu time spent up to now is    10962.3 secs

     total energy              =   -1625.29271679 Ry
     estimated scf accuracy    <       0.00000066 Ry

     iteration # 13     ecut=   100.00 Ry     beta= 0.30
     Davidson diagonalization with overlap
     ethr =  1.37E-09,  avg # of iterations =  3.8

     total cpu time spent up to now is    11034.5 secs

     total energy              =   -1625.29271697 Ry
     estimated scf accuracy    <       0.00000069 Ry

     iteration # 14     ecut=   100.00 Ry     beta= 0.30
     Davidson diagonalization with overlap
     ethr =  1.37E-09,  avg # of iterations =  1.1

     total cpu time spent up to now is    11091.5 secs

     total energy              =   -1625.29271701 Ry
     estimated scf accuracy    <       0.00000003 Ry

     iteration # 15     ecut=   100.00 Ry     beta= 0.30
     Davidson diagonalization with overlap
     ethr =  7.26E-11,  avg # of iterations =  3.3

     total cpu time spent up to now is    11158.5 secs

     total energy              =   -1625.29271702 Ry
     estimated scf accuracy    <          9.8E-09 Ry

     iteration # 16     ecut=   100.00 Ry     beta= 0.30
     Davidson diagonalization with overlap
     ethr =  2.04E-11,  avg # of iterations =  2.2

     total cpu time spent up to now is    11221.9 secs

     total energy              =   -1625.29271702 Ry
     estimated scf accuracy    <          1.3E-10 Ry

     iteration # 17     ecut=   100.00 Ry     beta= 0.30
     Davidson diagonalization with overlap
     ethr =  2.75E-13,  avg # of iterations =  5.3

     total cpu time spent up to now is    11313.1 secs

     End of self-consistent calculation

     Number of k-points >= 100: set verbosity='high' to print the bands.

     the Fermi energy is     4.8871 ev

!    total energy              =   -1625.29271702 Ry
     estimated scf accuracy    <          1.9E-11 Ry
     smearing contrib. (-TS)   =      -0.00049452 Ry
     internal energy E=F+TS    =   -1625.29222250 Ry

     The total energy is F=E-TS. E is the sum of the following terms:
     one-electron contribution =    -386.89240728 Ry
     hartree contribution      =     211.88603373 Ry
     xc contribution           =    -100.98314199 Ry
     ewald contribution        =    -218.80394569 Ry
     one-center paw contrib.   =   -1130.49876127 Ry

     convergence has been achieved in  17 iterations

     Forces acting on atoms (cartesian axes, Ry/au):

     atom    1 type  1   force =     0.00000000    0.00000000    0.00000000
     atom    2 type  2   force =     0.00000000    0.00000000    0.00000000
     atom    3 type  3   force =     0.00000000    0.00000000    0.00000000
     atom    4 type  3   force =     0.00000000    0.00000000    0.00000000
     atom    5 type  3   force =     0.00000000    0.00000000    0.00000000

     Total force =     0.000000     Total SCF correction =     0.000000


     Computing stress (Cartesian axis) and pressure

          total   stress  (Ry/bohr**3)                   (kbar)     P=       -2.48
  -0.00001292   0.00000000   0.00000000           -1.90        0.00        0.00
   0.00000000  -0.00001292   0.00000000            0.00       -1.90        0.00
   0.00000000   0.00000000  -0.00002480            0.00        0.00       -3.65


     BFGS Geometry Optimization
     Energy error            =      0.0E+00 Ry
     Gradient error          =      0.0E+00 Ry/Bohr

     bfgs converged in   1 scf cycles and   0 bfgs steps
     (criteria: energy <  1.0E-05 Ry, force <  1.0E-03 Ry/Bohr)

     End of BFGS Geometry Optimization

     Final energy             =   -1625.2927170226 Ry
Begin final coordinates

ATOMIC_POSITIONS (crystal)
Rb               0.0000000000        0.0000000000        0.0000000000
Ni               0.5000000000        0.5000000000        0.5000000000
I                0.5000000000        0.5000000000        0.0000000000
I                0.5000000000        0.0000000000        0.5000000000
I                0.0000000000        0.5000000000        0.5000000000
End final coordinates



  ----------------------------------------------------------------------------

     Applying the following strain
     (     0.00000,    -0.00750,    -0.00750  )
     (    -0.00750,     0.00000,    -0.00750  )
     (    -0.00750,    -0.00750,     0.00000  )



  ++++++++++++++++++++++++++++++++++++++++++++++++++++++++++++++++++++++++++++
     Doing work    5 /     8
  ++++++++++++++++++++++++++++++++++++++++++++++++++++++++++++++++++++++++++++


     Current dimensions of program PWSCF are:
     Max number of different atomic species (ntypx) = 10
     Max number of k-points (npk) = 120000
     Max angular momentum in pseudopotentials (lmaxx) =  4

     WARNING: check_stop already initialized
     Message from routine setup:
     using ibrav=0 with symmetry is DISCOURAGED, use correct ibrav instead

     Parallelization info
     --------------------
     sticks:   dense  smooth     PW     G-vecs:    dense   smooth      PW
     Min        3448    1736    479               217092    76848   11229
     Max        3467    1737    482               217283    76855   11230
     Sum        6915    3473    961               434375   153703   22459

     Using Pencil Decomposition



     bravais-lattice index     =            0
     lattice parameter (alat)  =      10.4397  a.u.
     unit-cell volume          =    1137.6169 (a.u.)^3
     number of atoms/cell      =            5
     number of atomic types    =            3
     number of electrons       =        48.00
     number of Kohn-Sham states=           29
     kinetic-energy cutoff     =     100.0000  Ry
     charge density cutoff     =     800.0000  Ry
     scf convergence threshold =      1.0E-10
     mixing beta               =       0.3000
     number of iterations used =            8  plain     mixing
     energy convergence thresh.=      1.0E-05
     force convergence thresh. =      1.0E-03
     Exchange-correlation= PBE
                           (   1   4   3   4   0   0   0)
     nstep                     =           20


     celldm(1)=  10.439745  celldm(2)=   0.000000  celldm(3)=   0.000000
     celldm(4)=   0.000000  celldm(5)=   0.000000  celldm(6)=   0.000000

     crystal axes: (cart. coord. in units of alat)
               a(1) = (   1.000000  -0.007500  -0.007500 )  
               a(2) = (  -0.007500   1.000000  -0.007500 )  
               a(3) = (  -0.007500  -0.007500   1.000000 )  

     reciprocal axes: (cart. coord. in units 2 pi/alat)
               b(1) = (  1.000113  0.007558  0.007558 )  
               b(2) = (  0.007558  1.000113  0.007558 )  
               b(3) = (  0.007558  0.007558  1.000113 )  


     PseudoPot. # 1 for Rb read from file:
     /home/administrator/Downloads/BURAI/BURAI1.3/pseudopot/Rb.pbe-spn-rrkjus_psl.1.0.0.UPF
     MD5 check sum: 8db0524251f08d4bb5a0a04c31658078
     Pseudo is Ultrasoft + core correction, Zval =  9.0
     Generated using "atomic" code by A. Dal Corso  v.5.1.2
     Using radial grid of 1219 points,  6 beta functions with: 
                l(1) =   0
                l(2) =   0
                l(3) =   1
                l(4) =   1
                l(5) =   2
                l(6) =   2
     Q(r) pseudized with 0 coefficients 


     PseudoPot. # 2 for Ni read from file:
     /home/administrator/Downloads/BURAI/BURAI1.3/pseudopot/Ni.pbe-spn-kjpaw_psl.1.0.0.UPF
     MD5 check sum: ea56550a36ffb6c479804d371adbec59
     Pseudo is Projector augmented-wave + core cor, Zval = 18.0
     Generated using "atomic" code by A. Dal Corso  v.5.1.2
     Shape of augmentation charge: PSQ
     Using radial grid of 1195 points,  6 beta functions with: 
                l(1) =   0
                l(2) =   0
                l(3) =   1
                l(4) =   1
                l(5) =   2
                l(6) =   2
     Q(r) pseudized with 0 coefficients 


     PseudoPot. # 3 for I  read from file:
     /home/administrator/Downloads/BURAI/BURAI1.3/pseudopot/I.pbe-n-kjpaw_psl.1.0.0.UPF
     MD5 check sum: e1b2a55c91904a364f23c37cb15bc296
     Pseudo is Projector augmented-wave + core cor, Zval =  7.0
     Generated using "atomic" code by A. Dal Corso  v.5.1.2
     Shape of augmentation charge: PSQ
     Using radial grid of 1247 points,  6 beta functions with: 
                l(1) =   0
                l(2) =   0
                l(3) =   1
                l(4) =   1
                l(5) =   2
                l(6) =   2
     Q(r) pseudized with 0 coefficients 


     atomic species   valence    mass     pseudopotential
     Rb                9.00    85.46780     Rb( 1.00)
     Ni               18.00    58.69340     Ni( 1.00)
     I                 7.00   126.90450     I ( 1.00)

     12 Sym. Ops., with inversion, found



   Cartesian axes

     site n.     atom                  positions (alat units)
         1        Rb     tau(   1) = (   0.0000000   0.0000000   0.0000000  )
         2        Ni     tau(   2) = (   0.4925000   0.4925000   0.4925000  )
         3        I      tau(   3) = (   0.4962500   0.4962500  -0.0075000  )
         4        I      tau(   4) = (   0.4962500  -0.0075000   0.4962500  )
         5        I      tau(   5) = (  -0.0075000   0.4962500   0.4962500  )

     number of k points=   116  Gaussian smearing, width (Ry)=  0.0050

     Number of k-points >= 100: set verbosity='high' to print them.

     Dense  grid:   434375 G-vectors     FFT dimensions: (  96,  96,  96)

     Smooth grid:   153703 G-vectors     FFT dimensions: (  72,  72,  72)

     Estimated max dynamical RAM per process >     448.48 MB

     Estimated total dynamical RAM >       3.19 GB

     Initial potential from superposition of free atoms

     starting charge      47.9767, renormalised to      48.0000
     Starting wfcs are   30 randomized atomic wfcs
     Checking if some PAW data can be deallocated... 

     total cpu time spent up to now is    11391.6 secs

     Self-consistent Calculation

     iteration #  1     ecut=   100.00 Ry     beta= 0.30
     Davidson diagonalization with overlap
     ethr =  1.00E-02,  avg # of iterations =  6.1

     total cpu time spent up to now is    11460.7 secs

     total energy              =   -1624.83831498 Ry
     estimated scf accuracy    <       1.12317197 Ry

     iteration #  2     ecut=   100.00 Ry     beta= 0.30
     Davidson diagonalization with overlap
     ethr =  2.34E-03,  avg # of iterations =  4.4

     total cpu time spent up to now is    11527.1 secs

     total energy              =   -1624.89871585 Ry
     estimated scf accuracy    <       4.52447425 Ry

     iteration #  3     ecut=   100.00 Ry     beta= 0.30
     Davidson diagonalization with overlap
     ethr =  2.34E-03,  avg # of iterations =  3.6

     total cpu time spent up to now is    11588.5 secs

     total energy              =   -1625.28748107 Ry
     estimated scf accuracy    <       0.03808384 Ry

     iteration #  4     ecut=   100.00 Ry     beta= 0.30
     Davidson diagonalization with overlap
     ethr =  7.93E-05,  avg # of iterations =  6.3

     total cpu time spent up to now is    11661.3 secs

     total energy              =   -1625.29465784 Ry
     estimated scf accuracy    <       0.01316554 Ry

     iteration #  5     ecut=   100.00 Ry     beta= 0.30
     Davidson diagonalization with overlap
     ethr =  2.74E-05,  avg # of iterations =  4.3

     total cpu time spent up to now is    11727.8 secs

     total energy              =   -1625.29176840 Ry
     estimated scf accuracy    <       0.09800933 Ry

     iteration #  6     ecut=   100.00 Ry     beta= 0.30
     Davidson diagonalization with overlap
     ethr =  2.74E-05,  avg # of iterations =  2.1

     total cpu time spent up to now is    11785.9 secs

     total energy              =   -1625.29008215 Ry
     estimated scf accuracy    <       0.02383231 Ry

     iteration #  7     ecut=   100.00 Ry     beta= 0.30
     Davidson diagonalization with overlap
     ethr =  2.74E-05,  avg # of iterations =  2.6

     total cpu time spent up to now is    11848.2 secs

     total energy              =   -1625.29227034 Ry
     estimated scf accuracy    <       0.00038038 Ry

     iteration #  8     ecut=   100.00 Ry     beta= 0.30
     Davidson diagonalization with overlap
     c_bands:  1 eigenvalues not converged
     c_bands:  2 eigenvalues not converged
     ethr =  7.92E-07,  avg # of iterations =  9.0

     total cpu time spent up to now is    11937.6 secs

     total energy              =   -1625.29253742 Ry
     estimated scf accuracy    <       0.00031432 Ry

     iteration #  9     ecut=   100.00 Ry     beta= 0.30
     Davidson diagonalization with overlap
     ethr =  6.55E-07,  avg # of iterations =  1.6

     total cpu time spent up to now is    11991.6 secs

     total energy              =   -1625.29239248 Ry
     estimated scf accuracy    <       0.00082466 Ry

     iteration # 10     ecut=   100.00 Ry     beta= 0.30
     Davidson diagonalization with overlap
     ethr =  6.55E-07,  avg # of iterations =  2.1

     total cpu time spent up to now is    12048.7 secs

     total energy              =   -1625.29249061 Ry
     estimated scf accuracy    <       0.00001868 Ry

     iteration # 11     ecut=   100.00 Ry     beta= 0.30
     Davidson diagonalization with overlap
     ethr =  3.89E-08,  avg # of iterations =  3.3

     total cpu time spent up to now is    12110.4 secs

     total energy              =   -1625.29249021 Ry
     estimated scf accuracy    <       0.00002295 Ry

     iteration # 12     ecut=   100.00 Ry     beta= 0.30
     Davidson diagonalization with overlap
     ethr =  3.89E-08,  avg # of iterations =  1.9

     total cpu time spent up to now is    12165.8 secs

     total energy              =   -1625.29249099 Ry
     estimated scf accuracy    <       0.00000220 Ry

     iteration # 13     ecut=   100.00 Ry     beta= 0.30
     Davidson diagonalization with overlap
     ethr =  4.59E-09,  avg # of iterations =  3.0

     total cpu time spent up to now is    12226.9 secs

     total energy              =   -1625.29249137 Ry
     estimated scf accuracy    <       0.00000013 Ry

     iteration # 14     ecut=   100.00 Ry     beta= 0.30
     Davidson diagonalization with overlap
     ethr =  2.77E-10,  avg # of iterations =  3.3

     total cpu time spent up to now is    12287.3 secs

     total energy              =   -1625.29249138 Ry
     estimated scf accuracy    <       0.00000007 Ry

     iteration # 15     ecut=   100.00 Ry     beta= 0.30
     Davidson diagonalization with overlap
     ethr =  1.47E-10,  avg # of iterations =  1.8

     total cpu time spent up to now is    12342.1 secs

     total energy              =   -1625.29249138 Ry
     estimated scf accuracy    <       0.00000002 Ry

     iteration # 16     ecut=   100.00 Ry     beta= 0.30
     Davidson diagonalization with overlap
     ethr =  3.21E-11,  avg # of iterations =  2.9

     total cpu time spent up to now is    12403.9 secs

     total energy              =   -1625.29249139 Ry
     estimated scf accuracy    <          9.7E-10 Ry

     iteration # 17     ecut=   100.00 Ry     beta= 0.30
     Davidson diagonalization with overlap
     ethr =  2.02E-12,  avg # of iterations =  4.0

     total cpu time spent up to now is    12470.4 secs

     total energy              =   -1625.29249139 Ry
     estimated scf accuracy    <          9.6E-10 Ry

     iteration # 18     ecut=   100.00 Ry     beta= 0.30
     Davidson diagonalization with overlap
     ethr =  1.99E-12,  avg # of iterations =  2.1

     total cpu time spent up to now is    12528.5 secs

     total energy              =   -1625.29249139 Ry
     estimated scf accuracy    <          1.5E-10 Ry

     iteration # 19     ecut=   100.00 Ry     beta= 0.30
     Davidson diagonalization with overlap
     ethr =  3.08E-13,  avg # of iterations =  2.1

     total cpu time spent up to now is    12585.4 secs

     total energy              =   -1625.29249139 Ry
     estimated scf accuracy    <          2.8E-10 Ry

     iteration # 20     ecut=   100.00 Ry     beta= 0.30
     Davidson diagonalization with overlap
     ethr =  3.08E-13,  avg # of iterations =  3.2

     total cpu time spent up to now is    12651.6 secs

     total energy              =   -1625.29249139 Ry
     estimated scf accuracy    <          1.6E-10 Ry

     iteration # 21     ecut=   100.00 Ry     beta= 0.30
     Davidson diagonalization with overlap
     ethr =  3.08E-13,  avg # of iterations =  2.0

     total cpu time spent up to now is    12708.1 secs

     End of self-consistent calculation

     Number of k-points >= 100: set verbosity='high' to print the bands.

     the Fermi energy is     4.9756 ev

!    total energy              =   -1625.29249139 Ry
     estimated scf accuracy    <          2.4E-12 Ry
     smearing contrib. (-TS)   =      -0.00048038 Ry
     internal energy E=F+TS    =   -1625.29201101 Ry

     The total energy is F=E-TS. E is the sum of the following terms:
     one-electron contribution =    -386.00228192 Ry
     hartree contribution      =     211.57960833 Ry
     xc contribution           =    -100.99628067 Ry
     ewald contribution        =    -219.37312577 Ry
     one-center paw contrib.   =   -1130.49993098 Ry

     convergence has been achieved in  21 iterations

     Forces acting on atoms (cartesian axes, Ry/au):

     atom    1 type  1   force =    -0.00000000   -0.00000000   -0.00000000
     atom    2 type  2   force =     0.00000000    0.00000000    0.00000000
     atom    3 type  3   force =     0.00000000    0.00000000    0.00000000
     atom    4 type  3   force =     0.00000000    0.00000000    0.00000000
     atom    5 type  3   force =    -0.00000000   -0.00000000   -0.00000000

     Total force =     0.000000     Total SCF correction =     0.000000


     Computing stress (Cartesian axis) and pressure

          total   stress  (Ry/bohr**3)                   (kbar)     P=       -0.41
  -0.00000282   0.00001236   0.00001236           -0.41        1.82        1.82
   0.00001236  -0.00000282   0.00001236            1.82       -0.41        1.82
   0.00001236   0.00001236  -0.00000282            1.82        1.82       -0.41


     BFGS Geometry Optimization
     Energy error            =      0.0E+00 Ry
     Gradient error          =      4.2E-30 Ry/Bohr

     bfgs converged in   1 scf cycles and   0 bfgs steps
     (criteria: energy <  1.0E-05 Ry, force <  1.0E-03 Ry/Bohr)

     End of BFGS Geometry Optimization

     Final energy             =   -1625.2924913893 Ry
Begin final coordinates

ATOMIC_POSITIONS (crystal)
Rb               0.0000000000        0.0000000000        0.0000000000
Ni               0.5000000000        0.5000000000        0.5000000000
I                0.5000000000        0.5000000000       -0.0000000000
I                0.5000000000       -0.0000000000        0.5000000000
I               -0.0000000000        0.5000000000        0.5000000000
End final coordinates



  ----------------------------------------------------------------------------

     Applying the following strain
     (     0.00000,    -0.00250,    -0.00250  )
     (    -0.00250,     0.00000,    -0.00250  )
     (    -0.00250,    -0.00250,     0.00000  )



  ++++++++++++++++++++++++++++++++++++++++++++++++++++++++++++++++++++++++++++
     Doing work    6 /     8
  ++++++++++++++++++++++++++++++++++++++++++++++++++++++++++++++++++++++++++++


     Current dimensions of program PWSCF are:
     Max number of different atomic species (ntypx) = 10
     Max number of k-points (npk) = 120000
     Max angular momentum in pseudopotentials (lmaxx) =  4

     WARNING: check_stop already initialized
     Message from routine setup:
     using ibrav=0 with symmetry is DISCOURAGED, use correct ibrav instead

     Parallelization info
     --------------------
     sticks:   dense  smooth     PW     G-vecs:    dense   smooth      PW
     Min        3460    1738    479               217326    76848   11206
     Max        3465    1743    486               217343    76851   11225
     Sum        6925    3481    965               434669   153699   22431

     Using Pencil Decomposition



     bravais-lattice index     =            0
     lattice parameter (alat)  =      10.4397  a.u.
     unit-cell volume          =    1137.7885 (a.u.)^3
     number of atoms/cell      =            5
     number of atomic types    =            3
     number of electrons       =        48.00
     number of Kohn-Sham states=           29
     kinetic-energy cutoff     =     100.0000  Ry
     charge density cutoff     =     800.0000  Ry
     scf convergence threshold =      1.0E-10
     mixing beta               =       0.3000
     number of iterations used =            8  plain     mixing
     energy convergence thresh.=      1.0E-05
     force convergence thresh. =      1.0E-03
     Exchange-correlation= PBE
                           (   1   4   3   4   0   0   0)
     nstep                     =           20


     celldm(1)=  10.439745  celldm(2)=   0.000000  celldm(3)=   0.000000
     celldm(4)=   0.000000  celldm(5)=   0.000000  celldm(6)=   0.000000

     crystal axes: (cart. coord. in units of alat)
               a(1) = (   1.000000  -0.002500  -0.002500 )  
               a(2) = (  -0.002500   1.000000  -0.002500 )  
               a(3) = (  -0.002500  -0.002500   1.000000 )  

     reciprocal axes: (cart. coord. in units 2 pi/alat)
               b(1) = (  1.000013  0.002506  0.002506 )  
               b(2) = (  0.002506  1.000013  0.002506 )  
               b(3) = (  0.002506  0.002506  1.000013 )  


     PseudoPot. # 1 for Rb read from file:
     /home/administrator/Downloads/BURAI/BURAI1.3/pseudopot/Rb.pbe-spn-rrkjus_psl.1.0.0.UPF
     MD5 check sum: 8db0524251f08d4bb5a0a04c31658078
     Pseudo is Ultrasoft + core correction, Zval =  9.0
     Generated using "atomic" code by A. Dal Corso  v.5.1.2
     Using radial grid of 1219 points,  6 beta functions with: 
                l(1) =   0
                l(2) =   0
                l(3) =   1
                l(4) =   1
                l(5) =   2
                l(6) =   2
     Q(r) pseudized with 0 coefficients 


     PseudoPot. # 2 for Ni read from file:
     /home/administrator/Downloads/BURAI/BURAI1.3/pseudopot/Ni.pbe-spn-kjpaw_psl.1.0.0.UPF
     MD5 check sum: ea56550a36ffb6c479804d371adbec59
     Pseudo is Projector augmented-wave + core cor, Zval = 18.0
     Generated using "atomic" code by A. Dal Corso  v.5.1.2
     Shape of augmentation charge: PSQ
     Using radial grid of 1195 points,  6 beta functions with: 
                l(1) =   0
                l(2) =   0
                l(3) =   1
                l(4) =   1
                l(5) =   2
                l(6) =   2
     Q(r) pseudized with 0 coefficients 


     PseudoPot. # 3 for I  read from file:
     /home/administrator/Downloads/BURAI/BURAI1.3/pseudopot/I.pbe-n-kjpaw_psl.1.0.0.UPF
     MD5 check sum: e1b2a55c91904a364f23c37cb15bc296
     Pseudo is Projector augmented-wave + core cor, Zval =  7.0
     Generated using "atomic" code by A. Dal Corso  v.5.1.2
     Shape of augmentation charge: PSQ
     Using radial grid of 1247 points,  6 beta functions with: 
                l(1) =   0
                l(2) =   0
                l(3) =   1
                l(4) =   1
                l(5) =   2
                l(6) =   2
     Q(r) pseudized with 0 coefficients 


     atomic species   valence    mass     pseudopotential
     Rb                9.00    85.46780     Rb( 1.00)
     Ni               18.00    58.69340     Ni( 1.00)
     I                 7.00   126.90450     I ( 1.00)

     12 Sym. Ops., with inversion, found



   Cartesian axes

     site n.     atom                  positions (alat units)
         1        Rb     tau(   1) = (   0.0000000   0.0000000   0.0000000  )
         2        Ni     tau(   2) = (   0.4975000   0.4975000   0.4975000  )
         3        I      tau(   3) = (   0.4987500   0.4987500  -0.0025000  )
         4        I      tau(   4) = (   0.4987500  -0.0025000   0.4987500  )
         5        I      tau(   5) = (  -0.0025000   0.4987500   0.4987500  )

     number of k points=   116  Gaussian smearing, width (Ry)=  0.0050

     Number of k-points >= 100: set verbosity='high' to print them.

     Dense  grid:   434669 G-vectors     FFT dimensions: (  96,  96,  96)

     Smooth grid:   153699 G-vectors     FFT dimensions: (  72,  72,  72)

     Estimated max dynamical RAM per process >     448.88 MB

     Estimated total dynamical RAM >       3.20 GB

     Initial potential from superposition of free atoms

     starting charge      47.9767, renormalised to      48.0000
     Starting wfcs are   30 randomized atomic wfcs
     Checking if some PAW data can be deallocated... 

     total cpu time spent up to now is    12783.0 secs

     Self-consistent Calculation

     iteration #  1     ecut=   100.00 Ry     beta= 0.30
     Davidson diagonalization with overlap
     ethr =  1.00E-02,  avg # of iterations =  6.1

     total cpu time spent up to now is    12852.3 secs

     total energy              =   -1624.83851870 Ry
     estimated scf accuracy    <       1.12323331 Ry

     iteration #  2     ecut=   100.00 Ry     beta= 0.30
     Davidson diagonalization with overlap
     ethr =  2.34E-03,  avg # of iterations =  4.4

     total cpu time spent up to now is    12918.5 secs

     total energy              =   -1624.90051626 Ry
     estimated scf accuracy    <       4.50775678 Ry

     iteration #  3     ecut=   100.00 Ry     beta= 0.30
     Davidson diagonalization with overlap
     ethr =  2.34E-03,  avg # of iterations =  3.6

     total cpu time spent up to now is    12980.2 secs

     total energy              =   -1625.28757037 Ry
     estimated scf accuracy    <       0.03902194 Ry

     iteration #  4     ecut=   100.00 Ry     beta= 0.30
     Davidson diagonalization with overlap
     ethr =  8.13E-05,  avg # of iterations =  6.2

     total cpu time spent up to now is    13052.1 secs

     total energy              =   -1625.29553256 Ry
     estimated scf accuracy    <       0.01346607 Ry

     iteration #  5     ecut=   100.00 Ry     beta= 0.30
     Davidson diagonalization with overlap
     ethr =  2.81E-05,  avg # of iterations =  4.9

     total cpu time spent up to now is    13120.5 secs

     total energy              =   -1625.29248833 Ry
     estimated scf accuracy    <       0.11779664 Ry

     iteration #  6     ecut=   100.00 Ry     beta= 0.30
     Davidson diagonalization with overlap
     ethr =  2.81E-05,  avg # of iterations =  2.1

     total cpu time spent up to now is    13177.6 secs

     total energy              =   -1625.28983951 Ry
     estimated scf accuracy    <       0.03168767 Ry

     iteration #  7     ecut=   100.00 Ry     beta= 0.30
     Davidson diagonalization with overlap
     ethr =  2.81E-05,  avg # of iterations =  2.9

     total cpu time spent up to now is    13237.1 secs

     total energy              =   -1625.29252103 Ry
     estimated scf accuracy    <       0.00042913 Ry

     iteration #  8     ecut=   100.00 Ry     beta= 0.30
     Davidson diagonalization with overlap
     c_bands:  1 eigenvalues not converged
     ethr =  8.94E-07,  avg # of iterations =  8.4

     total cpu time spent up to now is    13323.9 secs

     total energy              =   -1625.29279635 Ry
     estimated scf accuracy    <       0.00022411 Ry

     iteration #  9     ecut=   100.00 Ry     beta= 0.30
     Davidson diagonalization with overlap
     ethr =  4.67E-07,  avg # of iterations =  2.0

     total cpu time spent up to now is    13382.5 secs

     total energy              =   -1625.29262649 Ry
     estimated scf accuracy    <       0.00099883 Ry

     iteration # 10     ecut=   100.00 Ry     beta= 0.30
     Davidson diagonalization with overlap
     ethr =  4.67E-07,  avg # of iterations =  3.3

     total cpu time spent up to now is    13447.8 secs

     total energy              =   -1625.29276384 Ry
     estimated scf accuracy    <       0.00014833 Ry

     iteration # 11     ecut=   100.00 Ry     beta= 0.30
     Davidson diagonalization with overlap
     ethr =  3.09E-07,  avg # of iterations =  1.2

     total cpu time spent up to now is    13500.7 secs

     total energy              =   -1625.29277313 Ry
     estimated scf accuracy    <       0.00000446 Ry

     iteration # 12     ecut=   100.00 Ry     beta= 0.30
     Davidson diagonalization with overlap
     ethr =  9.29E-09,  avg # of iterations =  3.7

     total cpu time spent up to now is    13564.2 secs

     total energy              =   -1625.29277416 Ry
     estimated scf accuracy    <       0.00000020 Ry

     iteration # 13     ecut=   100.00 Ry     beta= 0.30
     Davidson diagonalization with overlap
     ethr =  4.21E-10,  avg # of iterations =  4.2

     total cpu time spent up to now is    13634.5 secs

     total energy              =   -1625.29277421 Ry
     estimated scf accuracy    <       0.00000054 Ry

     iteration # 14     ecut=   100.00 Ry     beta= 0.30
     Davidson diagonalization with overlap
     ethr =  4.21E-10,  avg # of iterations =  2.0

     total cpu time spent up to now is    13692.0 secs

     total energy              =   -1625.29277424 Ry
     estimated scf accuracy    <       0.00000004 Ry

     iteration # 15     ecut=   100.00 Ry     beta= 0.30
     Davidson diagonalization with overlap
     ethr =  8.23E-11,  avg # of iterations =  2.6

     total cpu time spent up to now is    13751.1 secs

     total energy              =   -1625.29277425 Ry
     estimated scf accuracy    <          1.6E-09 Ry

     iteration # 16     ecut=   100.00 Ry     beta= 0.30
     Davidson diagonalization with overlap
     ethr =  3.38E-12,  avg # of iterations =  3.6

     total cpu time spent up to now is    13818.8 secs

     total energy              =   -1625.29277425 Ry
     estimated scf accuracy    <          5.1E-09 Ry

     iteration # 17     ecut=   100.00 Ry     beta= 0.30
     Davidson diagonalization with overlap
     ethr =  3.38E-12,  avg # of iterations =  3.7

     total cpu time spent up to now is    13883.6 secs

     total energy              =   -1625.29277425 Ry
     estimated scf accuracy    <          2.1E-09 Ry

     iteration # 18     ecut=   100.00 Ry     beta= 0.30
     Davidson diagonalization with overlap
     ethr =  3.38E-12,  avg # of iterations =  1.1

     total cpu time spent up to now is    13936.4 secs

     total energy              =   -1625.29277425 Ry
     estimated scf accuracy    <          1.1E-10 Ry

     iteration # 19     ecut=   100.00 Ry     beta= 0.30
     Davidson diagonalization with overlap
     ethr =  2.22E-13,  avg # of iterations =  2.2

     total cpu time spent up to now is    13994.8 secs

     End of self-consistent calculation

     Number of k-points >= 100: set verbosity='high' to print the bands.

     the Fermi energy is     4.9728 ev

!    total energy              =   -1625.29277425 Ry
     estimated scf accuracy    <          3.1E-12 Ry
     smearing contrib. (-TS)   =      -0.00048883 Ry
     internal energy E=F+TS    =   -1625.29228542 Ry

     The total energy is F=E-TS. E is the sum of the following terms:
     one-electron contribution =    -386.02954368 Ry
     hartree contribution      =     211.58862723 Ry
     xc contribution           =    -100.99574585 Ry
     ewald contribution        =    -219.35568799 Ry
     one-center paw contrib.   =   -1130.49993513 Ry

     convergence has been achieved in  19 iterations

     Forces acting on atoms (cartesian axes, Ry/au):

     atom    1 type  1   force =     0.00000000    0.00000000   -0.00000000
     atom    2 type  2   force =     0.00000000    0.00000000    0.00000000
     atom    3 type  3   force =     0.00000000    0.00000000    0.00000000
     atom    4 type  3   force =     0.00000000    0.00000000   -0.00000000
     atom    5 type  3   force =     0.00000000   -0.00000000    0.00000000

     Total force =     0.000000     Total SCF correction =     0.000000


     Computing stress (Cartesian axis) and pressure

          total   stress  (Ry/bohr**3)                   (kbar)     P=       -0.50
  -0.00000338   0.00000413   0.00000413           -0.50        0.61        0.61
   0.00000413  -0.00000338   0.00000413            0.61       -0.50        0.61
   0.00000413   0.00000413  -0.00000338            0.61        0.61       -0.50


     BFGS Geometry Optimization
     Energy error            =      0.0E+00 Ry
     Gradient error          =      5.3E-31 Ry/Bohr

     bfgs converged in   1 scf cycles and   0 bfgs steps
     (criteria: energy <  1.0E-05 Ry, force <  1.0E-03 Ry/Bohr)

     End of BFGS Geometry Optimization

     Final energy             =   -1625.2927742489 Ry
Begin final coordinates

ATOMIC_POSITIONS (crystal)
Rb               0.0000000000        0.0000000000        0.0000000000
Ni               0.5000000000        0.5000000000        0.5000000000
I                0.5000000000        0.5000000000       -0.0000000000
I                0.5000000000       -0.0000000000        0.5000000000
I               -0.0000000000        0.5000000000        0.5000000000
End final coordinates



  ----------------------------------------------------------------------------

     Applying the following strain
     (     0.00000,     0.00250,     0.00250  )
     (     0.00250,     0.00000,     0.00250  )
     (     0.00250,     0.00250,     0.00000  )



  ++++++++++++++++++++++++++++++++++++++++++++++++++++++++++++++++++++++++++++
     Doing work    7 /     8
  ++++++++++++++++++++++++++++++++++++++++++++++++++++++++++++++++++++++++++++


     Current dimensions of program PWSCF are:
     Max number of different atomic species (ntypx) = 10
     Max number of k-points (npk) = 120000
     Max angular momentum in pseudopotentials (lmaxx) =  4

     WARNING: check_stop already initialized
     Message from routine setup:
     using ibrav=0 with symmetry is DISCOURAGED, use correct ibrav instead

     Parallelization info
     --------------------
     sticks:   dense  smooth     PW     G-vecs:    dense   smooth      PW
     Min        3456    1740    479               217254    76830   11155
     Max        3469    1741    482               217417    76911   11186
     Sum        6925    3481    961               434671   153741   22341

     Using Pencil Decomposition



     bravais-lattice index     =            0
     lattice parameter (alat)  =      10.4397  a.u.
     unit-cell volume          =    1137.7885 (a.u.)^3
     number of atoms/cell      =            5
     number of atomic types    =            3
     number of electrons       =        48.00
     number of Kohn-Sham states=           29
     kinetic-energy cutoff     =     100.0000  Ry
     charge density cutoff     =     800.0000  Ry
     scf convergence threshold =      1.0E-10
     mixing beta               =       0.3000
     number of iterations used =            8  plain     mixing
     energy convergence thresh.=      1.0E-05
     force convergence thresh. =      1.0E-03
     Exchange-correlation= PBE
                           (   1   4   3   4   0   0   0)
     nstep                     =           20


     celldm(1)=  10.439745  celldm(2)=   0.000000  celldm(3)=   0.000000
     celldm(4)=   0.000000  celldm(5)=   0.000000  celldm(6)=   0.000000

     crystal axes: (cart. coord. in units of alat)
               a(1) = (   1.000000   0.002500   0.002500 )  
               a(2) = (   0.002500   1.000000   0.002500 )  
               a(3) = (   0.002500   0.002500   1.000000 )  

     reciprocal axes: (cart. coord. in units 2 pi/alat)
               b(1) = (  1.000012 -0.002494 -0.002494 )  
               b(2) = ( -0.002494  1.000012 -0.002494 )  
               b(3) = ( -0.002494 -0.002494  1.000012 )  


     PseudoPot. # 1 for Rb read from file:
     /home/administrator/Downloads/BURAI/BURAI1.3/pseudopot/Rb.pbe-spn-rrkjus_psl.1.0.0.UPF
     MD5 check sum: 8db0524251f08d4bb5a0a04c31658078
     Pseudo is Ultrasoft + core correction, Zval =  9.0
     Generated using "atomic" code by A. Dal Corso  v.5.1.2
     Using radial grid of 1219 points,  6 beta functions with: 
                l(1) =   0
                l(2) =   0
                l(3) =   1
                l(4) =   1
                l(5) =   2
                l(6) =   2
     Q(r) pseudized with 0 coefficients 


     PseudoPot. # 2 for Ni read from file:
     /home/administrator/Downloads/BURAI/BURAI1.3/pseudopot/Ni.pbe-spn-kjpaw_psl.1.0.0.UPF
     MD5 check sum: ea56550a36ffb6c479804d371adbec59
     Pseudo is Projector augmented-wave + core cor, Zval = 18.0
     Generated using "atomic" code by A. Dal Corso  v.5.1.2
     Shape of augmentation charge: PSQ
     Using radial grid of 1195 points,  6 beta functions with: 
                l(1) =   0
                l(2) =   0
                l(3) =   1
                l(4) =   1
                l(5) =   2
                l(6) =   2
     Q(r) pseudized with 0 coefficients 


     PseudoPot. # 3 for I  read from file:
     /home/administrator/Downloads/BURAI/BURAI1.3/pseudopot/I.pbe-n-kjpaw_psl.1.0.0.UPF
     MD5 check sum: e1b2a55c91904a364f23c37cb15bc296
     Pseudo is Projector augmented-wave + core cor, Zval =  7.0
     Generated using "atomic" code by A. Dal Corso  v.5.1.2
     Shape of augmentation charge: PSQ
     Using radial grid of 1247 points,  6 beta functions with: 
                l(1) =   0
                l(2) =   0
                l(3) =   1
                l(4) =   1
                l(5) =   2
                l(6) =   2
     Q(r) pseudized with 0 coefficients 


     atomic species   valence    mass     pseudopotential
     Rb                9.00    85.46780     Rb( 1.00)
     Ni               18.00    58.69340     Ni( 1.00)
     I                 7.00   126.90450     I ( 1.00)

     12 Sym. Ops., with inversion, found



   Cartesian axes

     site n.     atom                  positions (alat units)
         1        Rb     tau(   1) = (   0.0000000   0.0000000   0.0000000  )
         2        Ni     tau(   2) = (   0.5025000   0.5025000   0.5025000  )
         3        I      tau(   3) = (   0.5012500   0.5012500   0.0025000  )
         4        I      tau(   4) = (   0.5012500   0.0025000   0.5012500  )
         5        I      tau(   5) = (   0.0025000   0.5012500   0.5012500  )

     number of k points=   116  Gaussian smearing, width (Ry)=  0.0050

     Number of k-points >= 100: set verbosity='high' to print them.

     Dense  grid:   434671 G-vectors     FFT dimensions: (  96,  96,  96)

     Smooth grid:   153741 G-vectors     FFT dimensions: (  72,  72,  72)

     Estimated max dynamical RAM per process >     449.00 MB

     Estimated total dynamical RAM >       3.20 GB

     Initial potential from superposition of free atoms

     starting charge      47.9767, renormalised to      48.0000
     Starting wfcs are   30 randomized atomic wfcs
     Checking if some PAW data can be deallocated... 

     total cpu time spent up to now is    14068.7 secs

     Self-consistent Calculation

     iteration #  1     ecut=   100.00 Ry     beta= 0.30
     Davidson diagonalization with overlap
     ethr =  1.00E-02,  avg # of iterations =  6.0

     total cpu time spent up to now is    14138.0 secs

     total energy              =   -1624.83852769 Ry
     estimated scf accuracy    <       1.12289650 Ry

     iteration #  2     ecut=   100.00 Ry     beta= 0.30
     Davidson diagonalization with overlap
     ethr =  2.34E-03,  avg # of iterations =  4.4

     total cpu time spent up to now is    14204.4 secs

     total energy              =   -1624.89976069 Ry
     estimated scf accuracy    <       4.51519230 Ry

     iteration #  3     ecut=   100.00 Ry     beta= 0.30
     Davidson diagonalization with overlap
     ethr =  2.34E-03,  avg # of iterations =  3.6

     total cpu time spent up to now is    14266.0 secs

     total energy              =   -1625.28762987 Ry
     estimated scf accuracy    <       0.03867696 Ry

     iteration #  4     ecut=   100.00 Ry     beta= 0.30
     Davidson diagonalization with overlap
     c_bands:  1 eigenvalues not converged
     ethr =  8.06E-05,  avg # of iterations =  6.5

     total cpu time spent up to now is    14338.6 secs

     total energy              =   -1625.29511646 Ry
     estimated scf accuracy    <       0.01330210 Ry

     iteration #  5     ecut=   100.00 Ry     beta= 0.30
     Davidson diagonalization with overlap
     ethr =  2.77E-05,  avg # of iterations =  4.5

     total cpu time spent up to now is    14405.0 secs

     total energy              =   -1625.29207304 Ry
     estimated scf accuracy    <       0.10291839 Ry

     iteration #  6     ecut=   100.00 Ry     beta= 0.30
     Davidson diagonalization with overlap
     ethr =  2.77E-05,  avg # of iterations =  2.1

     total cpu time spent up to now is    14461.2 secs

     total energy              =   -1625.29020632 Ry
     estimated scf accuracy    <       0.02535510 Ry

     iteration #  7     ecut=   100.00 Ry     beta= 0.30
     Davidson diagonalization with overlap
     ethr =  2.77E-05,  avg # of iterations =  2.7

     total cpu time spent up to now is    14519.9 secs

     total energy              =   -1625.29255240 Ry
     estimated scf accuracy    <       0.00040179 Ry

     iteration #  8     ecut=   100.00 Ry     beta= 0.30
     Davidson diagonalization with overlap
     c_bands:  1 eigenvalues not converged
     ethr =  8.37E-07,  avg # of iterations =  8.5

     total cpu time spent up to now is    14608.2 secs

     total energy              =   -1625.29280252 Ry
     estimated scf accuracy    <       0.00020265 Ry

     iteration #  9     ecut=   100.00 Ry     beta= 0.30
     Davidson diagonalization with overlap
     ethr =  4.22E-07,  avg # of iterations =  2.3

     total cpu time spent up to now is    14667.8 secs

     total energy              =   -1625.29264170 Ry
     estimated scf accuracy    <       0.00098046 Ry

     iteration # 10     ecut=   100.00 Ry     beta= 0.30
     Davidson diagonalization with overlap
     ethr =  4.22E-07,  avg # of iterations =  3.3

     total cpu time spent up to now is    14732.7 secs

     total energy              =   -1625.29276760 Ry
     estimated scf accuracy    <       0.00009306 Ry

     iteration # 11     ecut=   100.00 Ry     beta= 0.30
     Davidson diagonalization with overlap
     ethr =  1.94E-07,  avg # of iterations =  1.2

     total cpu time spent up to now is    14785.7 secs

     total energy              =   -1625.29277381 Ry
     estimated scf accuracy    <       0.00000236 Ry

     iteration # 12     ecut=   100.00 Ry     beta= 0.30
     Davidson diagonalization with overlap
     ethr =  4.92E-09,  avg # of iterations =  3.8

     total cpu time spent up to now is    14849.8 secs

     total energy              =   -1625.29277439 Ry
     estimated scf accuracy    <       0.00000017 Ry

     iteration # 13     ecut=   100.00 Ry     beta= 0.30
     Davidson diagonalization with overlap
     ethr =  3.56E-10,  avg # of iterations =  3.6

     total cpu time spent up to now is    14915.9 secs

     total energy              =   -1625.29277443 Ry
     estimated scf accuracy    <       0.00000018 Ry

     iteration # 14     ecut=   100.00 Ry     beta= 0.30
     Davidson diagonalization with overlap
     ethr =  3.56E-10,  avg # of iterations =  2.0

     total cpu time spent up to now is    14971.0 secs

     total energy              =   -1625.29277445 Ry
     estimated scf accuracy    <          9.5E-09 Ry

     iteration # 15     ecut=   100.00 Ry     beta= 0.30
     Davidson diagonalization with overlap
     ethr =  1.99E-11,  avg # of iterations =  3.4

     total cpu time spent up to now is    15034.7 secs

     total energy              =   -1625.29277445 Ry
     estimated scf accuracy    <          8.1E-10 Ry

     iteration # 16     ecut=   100.00 Ry     beta= 0.30
     Davidson diagonalization with overlap
     ethr =  1.69E-12,  avg # of iterations =  4.0

     total cpu time spent up to now is    15106.0 secs

     total energy              =   -1625.29277445 Ry
     estimated scf accuracy    <          6.3E-09 Ry

     iteration # 17     ecut=   100.00 Ry     beta= 0.30
     Davidson diagonalization with overlap
     ethr =  1.69E-12,  avg # of iterations =  2.7

     total cpu time spent up to now is    15166.1 secs

     total energy              =   -1625.29277446 Ry
     estimated scf accuracy    <          6.8E-10 Ry

     iteration # 18     ecut=   100.00 Ry     beta= 0.30
     Davidson diagonalization with overlap
     ethr =  1.41E-12,  avg # of iterations =  2.0

     total cpu time spent up to now is    15222.7 secs

     End of self-consistent calculation

     Number of k-points >= 100: set verbosity='high' to print the bands.

     the Fermi energy is     4.9728 ev

!    total energy              =   -1625.29277446 Ry
     estimated scf accuracy    <          3.6E-11 Ry
     smearing contrib. (-TS)   =      -0.00048869 Ry
     internal energy E=F+TS    =   -1625.29228576 Ry

     The total energy is F=E-TS. E is the sum of the following terms:
     one-electron contribution =    -386.02966057 Ry
     hartree contribution      =     211.58875063 Ry
     xc contribution           =    -100.99575625 Ry
     ewald contribution        =    -219.35568450 Ry
     one-center paw contrib.   =   -1130.49993507 Ry

     convergence has been achieved in  18 iterations

     Forces acting on atoms (cartesian axes, Ry/au):

     atom    1 type  1   force =    -0.00000000    0.00000000    0.00000000
     atom    2 type  2   force =     0.00000000    0.00000000   -0.00000000
     atom    3 type  3   force =     0.00000000    0.00000000    0.00000000
     atom    4 type  3   force =     0.00000000   -0.00000000   -0.00000000
     atom    5 type  3   force =     0.00000000    0.00000000   -0.00000000

     Total force =     0.000000     Total SCF correction =     0.000000


     Computing stress (Cartesian axis) and pressure

          total   stress  (Ry/bohr**3)                   (kbar)     P=       -0.48
  -0.00000328  -0.00000415  -0.00000415           -0.48       -0.61       -0.61
  -0.00000415  -0.00000328  -0.00000415           -0.61       -0.48       -0.61
  -0.00000415  -0.00000415  -0.00000328           -0.61       -0.61       -0.48


     BFGS Geometry Optimization
     Energy error            =      0.0E+00 Ry
     Gradient error          =      1.1E-29 Ry/Bohr

     bfgs converged in   1 scf cycles and   0 bfgs steps
     (criteria: energy <  1.0E-05 Ry, force <  1.0E-03 Ry/Bohr)

     End of BFGS Geometry Optimization

     Final energy             =   -1625.2927744560 Ry
Begin final coordinates

ATOMIC_POSITIONS (crystal)
Rb               0.0000000000        0.0000000000        0.0000000000
Ni               0.5000000000        0.5000000000        0.5000000000
I                0.5000000000        0.5000000000        0.0000000000
I                0.5000000000        0.0000000000        0.5000000000
I                0.0000000000        0.5000000000        0.5000000000
End final coordinates



  ----------------------------------------------------------------------------

     Applying the following strain
     (     0.00000,     0.00750,     0.00750  )
     (     0.00750,     0.00000,     0.00750  )
     (     0.00750,     0.00750,     0.00000  )



  ++++++++++++++++++++++++++++++++++++++++++++++++++++++++++++++++++++++++++++
     Doing work    8 /     8
  ++++++++++++++++++++++++++++++++++++++++++++++++++++++++++++++++++++++++++++


     Current dimensions of program PWSCF are:
     Max number of different atomic species (ntypx) = 10
     Max number of k-points (npk) = 120000
     Max angular momentum in pseudopotentials (lmaxx) =  4

     WARNING: check_stop already initialized
     Message from routine setup:
     using ibrav=0 with symmetry is DISCOURAGED, use correct ibrav instead

     Parallelization info
     --------------------
     sticks:   dense  smooth     PW     G-vecs:    dense   smooth      PW
     Min        3448    1736    479               217117    76841   11193
     Max        3467    1737    482               217284    76960   11202
     Sum        6915    3473    961               434401   153801   22395

     Using Pencil Decomposition



     bravais-lattice index     =            0
     lattice parameter (alat)  =      10.4397  a.u.
     unit-cell volume          =    1137.6188 (a.u.)^3
     number of atoms/cell      =            5
     number of atomic types    =            3
     number of electrons       =        48.00
     number of Kohn-Sham states=           29
     kinetic-energy cutoff     =     100.0000  Ry
     charge density cutoff     =     800.0000  Ry
     scf convergence threshold =      1.0E-10
     mixing beta               =       0.3000
     number of iterations used =            8  plain     mixing
     energy convergence thresh.=      1.0E-05
     force convergence thresh. =      1.0E-03
     Exchange-correlation= PBE
                           (   1   4   3   4   0   0   0)
     nstep                     =           20


     celldm(1)=  10.439745  celldm(2)=   0.000000  celldm(3)=   0.000000
     celldm(4)=   0.000000  celldm(5)=   0.000000  celldm(6)=   0.000000

     crystal axes: (cart. coord. in units of alat)
               a(1) = (   1.000000   0.007500   0.007500 )  
               a(2) = (   0.007500   1.000000   0.007500 )  
               a(3) = (   0.007500   0.007500   1.000000 )  

     reciprocal axes: (cart. coord. in units 2 pi/alat)
               b(1) = (  1.000112 -0.007445 -0.007445 )  
               b(2) = ( -0.007445  1.000112 -0.007445 )  
               b(3) = ( -0.007445 -0.007445  1.000112 )  


     PseudoPot. # 1 for Rb read from file:
     /home/administrator/Downloads/BURAI/BURAI1.3/pseudopot/Rb.pbe-spn-rrkjus_psl.1.0.0.UPF
     MD5 check sum: 8db0524251f08d4bb5a0a04c31658078
     Pseudo is Ultrasoft + core correction, Zval =  9.0
     Generated using "atomic" code by A. Dal Corso  v.5.1.2
     Using radial grid of 1219 points,  6 beta functions with: 
                l(1) =   0
                l(2) =   0
                l(3) =   1
                l(4) =   1
                l(5) =   2
                l(6) =   2
     Q(r) pseudized with 0 coefficients 


     PseudoPot. # 2 for Ni read from file:
     /home/administrator/Downloads/BURAI/BURAI1.3/pseudopot/Ni.pbe-spn-kjpaw_psl.1.0.0.UPF
     MD5 check sum: ea56550a36ffb6c479804d371adbec59
     Pseudo is Projector augmented-wave + core cor, Zval = 18.0
     Generated using "atomic" code by A. Dal Corso  v.5.1.2
     Shape of augmentation charge: PSQ
     Using radial grid of 1195 points,  6 beta functions with: 
                l(1) =   0
                l(2) =   0
                l(3) =   1
                l(4) =   1
                l(5) =   2
                l(6) =   2
     Q(r) pseudized with 0 coefficients 


     PseudoPot. # 3 for I  read from file:
     /home/administrator/Downloads/BURAI/BURAI1.3/pseudopot/I.pbe-n-kjpaw_psl.1.0.0.UPF
     MD5 check sum: e1b2a55c91904a364f23c37cb15bc296
     Pseudo is Projector augmented-wave + core cor, Zval =  7.0
     Generated using "atomic" code by A. Dal Corso  v.5.1.2
     Shape of augmentation charge: PSQ
     Using radial grid of 1247 points,  6 beta functions with: 
                l(1) =   0
                l(2) =   0
                l(3) =   1
                l(4) =   1
                l(5) =   2
                l(6) =   2
     Q(r) pseudized with 0 coefficients 


     atomic species   valence    mass     pseudopotential
     Rb                9.00    85.46780     Rb( 1.00)
     Ni               18.00    58.69340     Ni( 1.00)
     I                 7.00   126.90450     I ( 1.00)

     12 Sym. Ops., with inversion, found



   Cartesian axes

     site n.     atom                  positions (alat units)
         1        Rb     tau(   1) = (   0.0000000   0.0000000   0.0000000  )
         2        Ni     tau(   2) = (   0.5075000   0.5075000   0.5075000  )
         3        I      tau(   3) = (   0.5037500   0.5037500   0.0075000  )
         4        I      tau(   4) = (   0.5037500   0.0075000   0.5037500  )
         5        I      tau(   5) = (   0.0075000   0.5037500   0.5037500  )

     number of k points=   116  Gaussian smearing, width (Ry)=  0.0050

     Number of k-points >= 100: set verbosity='high' to print them.

     Dense  grid:   434401 G-vectors     FFT dimensions: (  96,  96,  96)

     Smooth grid:   153801 G-vectors     FFT dimensions: (  72,  72,  72)

     Estimated max dynamical RAM per process >     448.59 MB

     Estimated total dynamical RAM >       3.19 GB

     Initial potential from superposition of free atoms

     starting charge      47.9767, renormalised to      48.0000
     Starting wfcs are   30 randomized atomic wfcs
     Checking if some PAW data can be deallocated... 

     total cpu time spent up to now is    15297.9 secs

     Self-consistent Calculation

     iteration #  1     ecut=   100.00 Ry     beta= 0.30
     Davidson diagonalization with overlap
     ethr =  1.00E-02,  avg # of iterations =  6.1

     total cpu time spent up to now is    15366.7 secs

     total energy              =   -1624.83808436 Ry
     estimated scf accuracy    <       1.12368024 Ry

     iteration #  2     ecut=   100.00 Ry     beta= 0.30
     Davidson diagonalization with overlap
     ethr =  2.34E-03,  avg # of iterations =  4.4

     total cpu time spent up to now is    15433.0 secs

     total energy              =   -1624.89760599 Ry
     estimated scf accuracy    <       4.53618965 Ry

     iteration #  3     ecut=   100.00 Ry     beta= 0.30
     Davidson diagonalization with overlap
     ethr =  2.34E-03,  avg # of iterations =  3.6

     total cpu time spent up to now is    15495.1 secs

     total energy              =   -1625.28726746 Ry
     estimated scf accuracy    <       0.03873624 Ry

     iteration #  4     ecut=   100.00 Ry     beta= 0.30
     Davidson diagonalization with overlap
     c_bands:  1 eigenvalues not converged
     ethr =  8.07E-05,  avg # of iterations =  6.5

     total cpu time spent up to now is    15568.9 secs

     total energy              =   -1625.29519483 Ry
     estimated scf accuracy    <       0.01337913 Ry

     iteration #  5     ecut=   100.00 Ry     beta= 0.30
     Davidson diagonalization with overlap
     ethr =  2.79E-05,  avg # of iterations =  5.0

     total cpu time spent up to now is    15637.1 secs

     total energy              =   -1625.29224352 Ry
     estimated scf accuracy    <       0.11722065 Ry

     iteration #  6     ecut=   100.00 Ry     beta= 0.30
     Davidson diagonalization with overlap
     ethr =  2.79E-05,  avg # of iterations =  2.1

     total cpu time spent up to now is    15694.2 secs

     total energy              =   -1625.28952743 Ry
     estimated scf accuracy    <       0.03175692 Ry

     iteration #  7     ecut=   100.00 Ry     beta= 0.30
     Davidson diagonalization with overlap
     ethr =  2.79E-05,  avg # of iterations =  2.9

     total cpu time spent up to now is    15753.3 secs

     total energy              =   -1625.29223949 Ry
     estimated scf accuracy    <       0.00043166 Ry

     iteration #  8     ecut=   100.00 Ry     beta= 0.30
     Davidson diagonalization with overlap
     ethr =  8.99E-07,  avg # of iterations =  8.4

     total cpu time spent up to now is    15840.3 secs

     total energy              =   -1625.29253000 Ry
     estimated scf accuracy    <       0.00030264 Ry

     iteration #  9     ecut=   100.00 Ry     beta= 0.30
     Davidson diagonalization with overlap
     ethr =  6.31E-07,  avg # of iterations =  2.0

     total cpu time spent up to now is    15897.4 secs

     total energy              =   -1625.29235983 Ry
     estimated scf accuracy    <       0.00096705 Ry

     iteration # 10     ecut=   100.00 Ry     beta= 0.30
     Davidson diagonalization with overlap
     ethr =  6.31E-07,  avg # of iterations =  3.0

     total cpu time spent up to now is    15959.4 secs

     total energy              =   -1625.29248664 Ry
     estimated scf accuracy    <       0.00007688 Ry

     iteration # 11     ecut=   100.00 Ry     beta= 0.30
     Davidson diagonalization with overlap
     ethr =  1.60E-07,  avg # of iterations =  1.1

     total cpu time spent up to now is    16012.3 secs

     total energy              =   -1625.29248993 Ry
     estimated scf accuracy    <       0.00000620 Ry

     iteration # 12     ecut=   100.00 Ry     beta= 0.30
     Davidson diagonalization with overlap
     ethr =  1.29E-08,  avg # of iterations =  2.4

     total cpu time spent up to now is    16073.3 secs

     total energy              =   -1625.29249109 Ry
     estimated scf accuracy    <       0.00000023 Ry

     iteration # 13     ecut=   100.00 Ry     beta= 0.30
     Davidson diagonalization with overlap
     c_bands:  2 eigenvalues not converged
     ethr =  4.72E-10,  avg # of iterations =  4.1

     total cpu time spent up to now is    16140.3 secs

     total energy              =   -1625.29249115 Ry
     estimated scf accuracy    <       0.00000002 Ry

     iteration # 14     ecut=   100.00 Ry     beta= 0.30
     Davidson diagonalization with overlap
     ethr =  5.02E-11,  avg # of iterations =  3.6

     total cpu time spent up to now is    16208.2 secs

     total energy              =   -1625.29249115 Ry
     estimated scf accuracy    <       0.00000005 Ry

     iteration # 15     ecut=   100.00 Ry     beta= 0.30
     Davidson diagonalization with overlap
     ethr =  5.02E-11,  avg # of iterations =  2.5

     total cpu time spent up to now is    16270.2 secs

     total energy              =   -1625.29249116 Ry
     estimated scf accuracy    <          1.0E-09 Ry

     iteration # 16     ecut=   100.00 Ry     beta= 0.30
     Davidson diagonalization with overlap
     ethr =  2.08E-12,  avg # of iterations =  2.8

     total cpu time spent up to now is    16329.3 secs

     total energy              =   -1625.29249117 Ry
     estimated scf accuracy    <          2.7E-10 Ry

     iteration # 17     ecut=   100.00 Ry     beta= 0.30
     Davidson diagonalization with overlap
     ethr =  5.57E-13,  avg # of iterations =  2.1

     total cpu time spent up to now is    16387.3 secs

     End of self-consistent calculation

     Number of k-points >= 100: set verbosity='high' to print the bands.

     the Fermi energy is     4.9757 ev

!    total energy              =   -1625.29249117 Ry
     estimated scf accuracy    <          1.8E-11 Ry
     smearing contrib. (-TS)   =      -0.00047703 Ry
     internal energy E=F+TS    =   -1625.29201413 Ry

     The total energy is F=E-TS. E is the sum of the following terms:
     one-electron contribution =    -386.00267992 Ry
     hartree contribution      =     211.57992728 Ry
     xc contribution           =    -100.99630035 Ry
     ewald contribution        =    -219.37303156 Ry
     one-center paw contrib.   =   -1130.49992958 Ry

     convergence has been achieved in  17 iterations

     Forces acting on atoms (cartesian axes, Ry/au):

     atom    1 type  1   force =    -0.00000000    0.00000000   -0.00000000
     atom    2 type  2   force =    -0.00000000    0.00000000    0.00000000
     atom    3 type  3   force =    -0.00000000    0.00000000    0.00000000
     atom    4 type  3   force =    -0.00000000    0.00000000    0.00000000
     atom    5 type  3   force =    -0.00000000    0.00000000    0.00000000

     Total force =     0.000000     Total SCF correction =     0.000000


     Computing stress (Cartesian axis) and pressure

          total   stress  (Ry/bohr**3)                   (kbar)     P=       -0.40
  -0.00000269  -0.00001256  -0.00001256           -0.40       -1.85       -1.85
  -0.00001256  -0.00000269  -0.00001256           -1.85       -0.40       -1.85
  -0.00001256  -0.00001256  -0.00000269           -1.85       -1.85       -0.40


     BFGS Geometry Optimization
     Energy error            =      0.0E+00 Ry
     Gradient error          =      8.5E-30 Ry/Bohr

     bfgs converged in   1 scf cycles and   0 bfgs steps
     (criteria: energy <  1.0E-05 Ry, force <  1.0E-03 Ry/Bohr)

     End of BFGS Geometry Optimization

     Final energy             =   -1625.2924911664 Ry
Begin final coordinates

ATOMIC_POSITIONS (crystal)
Rb               0.0000000000        0.0000000000        0.0000000000
Ni               0.5000000000        0.5000000000        0.5000000000
I                0.5000000000        0.5000000000       -0.0000000000
I                0.5000000000       -0.0000000000        0.5000000000
I               -0.0000000000        0.5000000000        0.5000000000
End final coordinates



                    ----------------------------------------


     Elastic constant     3    3

          strain       stress (kbar)
     -0.0075000000      2.8932964413
     -0.0025000000      0.5613602227
      0.0025000000     -1.6160497174
      0.0075000000     -3.6484848490

     Polynomial coefficients
     a1= -0.371206467449E-05
     a2= -0.296424216430E-02
     a3=  0.203596701071E-01

                    ----------------------------------------


     Elastic constant     1    3

          strain       stress (kbar)
     -0.0075000000      0.9577991698
     -0.0025000000     -0.0618493152
      0.0025000000     -1.0130723693
      0.0075000000     -1.9001896205

     Polynomial coefficients
     a1= -0.370989261537E-05
     a2= -0.129501843489E-02
     a3=  0.900929016763E-02

                    ----------------------------------------


     Elastic constant     4    4

          strain       stress (kbar)
     -0.0075000000      1.8177568762
     -0.0025000000      0.6075049618
      0.0025000000     -0.6109093552
      0.0075000000     -1.8472260704

     Polynomial coefficients
     a1= -0.497240720130E-09
     a2= -0.166049510769E-02
     a3= -0.177184914748E-02

                    ----------------------------------------


     Elastic constants C_ij (kbar) 
    i j=        1           2           3           4           5           6
    1   436.05508   190.50379   190.50379     0.00000     0.00000     0.00000
    2   190.50379   436.05508   190.50379     0.00000     0.00000     0.00000
    3   190.50379   190.50379   436.05508     0.00000     0.00000     0.00000
    4     0.00000     0.00000     0.00000   122.13363     0.00000     0.00000
    5     0.00000     0.00000     0.00000     0.00000   122.13363     0.00000
    6     0.00000     0.00000     0.00000     0.00000     0.00000   122.13363

     1 bar = 10^5 Pa; 10 kbar = 1 GPa; 1 atm = 1.01325 bar; 1 Pa = 1 N/m^2
     1 Pa = 10 dyn/cm^2; 1 Mbar = 10^11 Pa
     1 torr = 1 mm Hg = 1/760 bar = 7.5006 x 10^-3 Pa


                    ----------------------------------------


     Elastic compliances  S_ij (1/Mbar) 
    i j=        1           2           3           4           5           6
    1     3.12294    -0.94952    -0.94952    -0.00000     0.00000    -0.00000
    2    -0.94952     3.12294    -0.94952    -0.00000     0.00000    -0.00000
    3    -0.94952    -0.94952     3.12294    -0.00000     0.00000    -0.00000
    4     0.00000     0.00000     0.00000     8.18775     0.00000    -0.00000
    5     0.00000     0.00000     0.00000     0.00000     8.18775    -0.00000
    6     0.00000     0.00000     0.00000     0.00000     0.00000     8.18775

     1/Mbar = 1/10^{11} Pa; 1 Pa = 1 N/m^2

                    ----------------------------------------


     Voigt approximation:
     Bulk modulus  B =    272.35422 kbar
     Young modulus E =    319.33682 kbar
     Shear modulus G =    122.39044 kbar
     Poisson Ratio n =      0.30458
     Pugh Ratio r =         0.44938

     Reuss approximation:
     Bulk modulus  B =    272.35422 kbar
     Young modulus E =    319.33499 kbar
     Shear modulus G =    122.38963 kbar
     Poisson Ratio n =      0.30458
     Pugh Ratio r =         0.44938

     Voigt-Reuss-Hill average of the two approximations:
     Bulk modulus  B =    272.35422 kbar
     Young modulus E =    319.33591 kbar
     Shear modulus G =    122.39003 kbar
     Longitudinal modulus L =    435.54093 kbar
     Poisson Ratio n =      0.30458
     Pugh Ratio r =         0.44938

     Voigt-Reuss-Hill average; sound velocities:

     Compressional V_P =     2902.677 m/s
     Bulk          V_B =     2295.362 m/s
     Shear         V_G =     1538.712 m/s

     The approximate Debye temperature is      158.485 K

                    ----------------------------------------

     Average Debye sound velocity =     1719.559 m/s

     Debye temperature =      158.471 K

  ++++++++++++++++++++++++++++++++++++++++++++++++++++++++++++++++++++++++++++
     Computing the thermodynamic properties from elastic constants
     Writing on file therm_files/output_therm.dat_debye.g1
  ++++++++++++++++++++++++++++++++++++++++++++++++++++++++++++++++++++++++++++


     Times for scf pw.x
     tpw_scf_pw   :  19374.30s CPU  16437.13s WALL (      17 calls)
     cegterg:diag :    127.59s CPU     90.56s WALL (   32110 calls)

     Times for non scf pw.x

     Times for ph.x 

     THERMO_PW    :      5h22m CPU      4h33m WALL


   This run was terminated on:  12:10:30  22May2025            

=------------------------------------------------------------------------------=
   JOB DONE.
=------------------------------------------------------------------------------=
