
     Program THERMO_PW v.7.3.1 starts on 20May2025 at 11:17:24 

     This program is part of the open-source Quantum ESPRESSO suite
     for quantum simulation of materials; please cite
         "P. Giannozzi et al., J. Phys.:Condens. Matter 21 395502 (2009);
         "P. Giannozzi et al., J. Phys.:Condens. Matter 29 465901 (2017);
         "P. Giannozzi et al., J. Chem. Phys. 152 154105 (2020);
          URL http://www.quantum-espresso.org", 
     in publications or presentations arising from this work. More details at
     http://www.quantum-espresso.org/quote

     Parallel version (MPI), running on     8 processors

     MPI processes distributed on     1 nodes
     K-points division:     npool     =       4
     R & G space division:  proc/nbgrp/npool/nimage =       2
     wavefunctions fft division:  Y-proc x Z-proc =       2      1
     wavefunctions fft division:  task group distribution
                                  #TG    x Z-proc =       2      1
     59039 MiB available memory on the printing compute node when the environment starts

     Reading input from _temporary_1
     file K.pbe-spn-kjpaw_psl.1.0.0.UPF: wavefunction(s)  3S renormalized
     file Co.pbe-spn-kjpaw_psl.1.0.0.UPF: wavefunction(s)  3P 3D renormalized
     file Br.pbe-n-kjpaw_psl.1.0.0.UPF: wavefunction(s)  4S 4P renormalized

     IMPORTANT: XC functional enforced from input :
     Exchange-correlation= PBE
                           (   1   4   3   4   0   0   0)
     Any further DFT definition will be discarded
     Please, verify this is what you really want


     Point group of the at O_h (m-3m) 


     ibrav=0, please use:

     ibrav=  1,
     celldm(1)=    9.5421538418,

ATOMIC_POSITIONS (alat)
K       0.0000000000     0.0000000000     0.0000000000
Co      0.5000000000     0.5000000000     0.5000000000
Br      0.5000000000     0.5000000000     0.0000000000
Br      0.5000000000     0.0000000000     0.5000000000
Br      0.0000000000     0.5000000000     0.5000000000

   Info: using nr1, nr2, nr3 values from input


     Computing the elastic constants at the minimum volume 

     FFT mesh: (   90,   90,   90 )

     Bravais lattice:

     ibrav=  1: simple cubic
     Cell parameters:

     alat=   9.542154 a.u.


     Starting primitive lattice vectors:
     crystal axes: (cart. coord. in units of alat)

               a(1) = (   1.000000   0.000000   0.000000 )  
               a(2) = (   0.000000   1.000000   0.000000 )  
               a(3) = (   0.000000   0.000000   1.000000 )  

     Starting reciprocal lattice vectors:
     reciprocal axes: (cart. coord. in units 2 pi/alat)

               b(1) = (  1.000000  0.000000  0.000000 )  
               b(2) = (  0.000000  1.000000  0.000000 )  
               b(3) = (  0.000000  0.000000  1.000000 )  

     Starting atomic positions in Cartesian axes:

     site n.     atom                  positions (alat units)
         1        K      tau(   1) = (   0.0000000   0.0000000   0.0000000  )
         2        Co     tau(   2) = (   0.5000000   0.5000000   0.5000000  )
         3        Br     tau(   3) = (   0.5000000   0.5000000   0.0000000  )
         4        Br     tau(   4) = (   0.5000000   0.0000000   0.5000000  )
         5        Br     tau(   5) = (   0.0000000   0.5000000   0.5000000  )

     Starting atomic positions in crystallographic axes:

     site n.     atom                  positions (cryst. coord.)
         1        K      tau(   1) = (  0.0000000  0.0000000  0.0000000  )
         2        Co     tau(   2) = (  0.5000000  0.5000000  0.5000000  )
         3        Br     tau(   3) = (  0.5000000  0.5000000  0.0000000  )
         4        Br     tau(   4) = (  0.5000000  0.0000000  0.5000000  )
         5        Br     tau(   5) = (  0.0000000  0.5000000  0.5000000  )

     The energy minimization will require  9 scf calculations

     The point group 136 O_h (m-3m) is compatible with the Bravais lattice.

     The rotation matrices with the order used inside thermo_pw are:

     48 Sym. Ops., with inversion, found


                          s                  frac. trans.

      isym =  1     identity                                     

 cryst.   s( 1) = (  1    0    0   )
                  (  0    1    0   )
                  (  0    0    1   )

 cart.    s( 1) = (  1.000  0.000  0.000 )
                  (  0.000  1.000  0.000 )
                  (  0.000  0.000  1.000 )


      isym =  2     180 deg rotation - cart. axis [0,0,1]        

 cryst.   s( 2) = ( -1    0    0   )
                  (  0   -1    0   )
                  (  0    0    1   )

 cart.    s( 2) = ( -1.000  0.000  0.000 )
                  (  0.000 -1.000  0.000 )
                  (  0.000  0.000  1.000 )


      isym =  3     180 deg rotation - cart. axis [0,1,0]        

 cryst.   s( 3) = ( -1    0    0   )
                  (  0    1    0   )
                  (  0    0   -1   )

 cart.    s( 3) = ( -1.000  0.000  0.000 )
                  (  0.000  1.000  0.000 )
                  (  0.000  0.000 -1.000 )


      isym =  4     180 deg rotation - cart. axis [1,0,0]        

 cryst.   s( 4) = (  1    0    0   )
                  (  0   -1    0   )
                  (  0    0   -1   )

 cart.    s( 4) = (  1.000  0.000  0.000 )
                  (  0.000 -1.000  0.000 )
                  (  0.000  0.000 -1.000 )


      isym =  5     180 deg rotation - cart. axis [1,1,0]        

 cryst.   s( 5) = (  0    1    0   )
                  (  1    0    0   )
                  (  0    0   -1   )

 cart.    s( 5) = (  0.000  1.000  0.000 )
                  (  1.000  0.000  0.000 )
                  (  0.000  0.000 -1.000 )


      isym =  6     180 deg rotation - cart. axis [1,-1,0]       

 cryst.   s( 6) = (  0   -1    0   )
                  ( -1    0    0   )
                  (  0    0   -1   )

 cart.    s( 6) = (  0.000 -1.000  0.000 )
                  ( -1.000  0.000  0.000 )
                  (  0.000  0.000 -1.000 )


      isym =  7      90 deg rotation - cart. axis [0,0,-1]       

 cryst.   s( 7) = (  0   -1    0   )
                  (  1    0    0   )
                  (  0    0    1   )

 cart.    s( 7) = (  0.000  1.000  0.000 )
                  ( -1.000  0.000  0.000 )
                  (  0.000  0.000  1.000 )


      isym =  8      90 deg rotation - cart. axis [0,0,1]        

 cryst.   s( 8) = (  0    1    0   )
                  ( -1    0    0   )
                  (  0    0    1   )

 cart.    s( 8) = (  0.000 -1.000  0.000 )
                  (  1.000  0.000  0.000 )
                  (  0.000  0.000  1.000 )


      isym =  9     180 deg rotation - cart. axis [1,0,1]        

 cryst.   s( 9) = (  0    0    1   )
                  (  0   -1    0   )
                  (  1    0    0   )

 cart.    s( 9) = (  0.000  0.000  1.000 )
                  (  0.000 -1.000  0.000 )
                  (  1.000  0.000  0.000 )


      isym = 10     180 deg rotation - cart. axis [-1,0,1]       

 cryst.   s(10) = (  0    0   -1   )
                  (  0   -1    0   )
                  ( -1    0    0   )

 cart.    s(10) = (  0.000  0.000 -1.000 )
                  (  0.000 -1.000  0.000 )
                  ( -1.000  0.000  0.000 )


      isym = 11      90 deg rotation - cart. axis [0,1,0]        

 cryst.   s(11) = (  0    0   -1   )
                  (  0    1    0   )
                  (  1    0    0   )

 cart.    s(11) = (  0.000  0.000  1.000 )
                  (  0.000  1.000  0.000 )
                  ( -1.000  0.000  0.000 )


      isym = 12      90 deg rotation - cart. axis [0,-1,0]       

 cryst.   s(12) = (  0    0    1   )
                  (  0    1    0   )
                  ( -1    0    0   )

 cart.    s(12) = (  0.000  0.000 -1.000 )
                  (  0.000  1.000  0.000 )
                  (  1.000  0.000  0.000 )


      isym = 13     180 deg rotation - cart. axis [0,1,1]        

 cryst.   s(13) = ( -1    0    0   )
                  (  0    0    1   )
                  (  0    1    0   )

 cart.    s(13) = ( -1.000  0.000  0.000 )
                  (  0.000  0.000  1.000 )
                  (  0.000  1.000  0.000 )


      isym = 14     180 deg rotation - cart. axis [0,1,-1]       

 cryst.   s(14) = ( -1    0    0   )
                  (  0    0   -1   )
                  (  0   -1    0   )

 cart.    s(14) = ( -1.000  0.000  0.000 )
                  (  0.000  0.000 -1.000 )
                  (  0.000 -1.000  0.000 )


      isym = 15      90 deg rotation - cart. axis [-1,0,0]       

 cryst.   s(15) = (  1    0    0   )
                  (  0    0   -1   )
                  (  0    1    0   )

 cart.    s(15) = (  1.000  0.000  0.000 )
                  (  0.000  0.000  1.000 )
                  (  0.000 -1.000  0.000 )


      isym = 16      90 deg rotation - cart. axis [1,0,0]        

 cryst.   s(16) = (  1    0    0   )
                  (  0    0    1   )
                  (  0   -1    0   )

 cart.    s(16) = (  1.000  0.000  0.000 )
                  (  0.000  0.000 -1.000 )
                  (  0.000  1.000  0.000 )


      isym = 17     120 deg rotation - cart. axis [-1,-1,-1]     

 cryst.   s(17) = (  0    0    1   )
                  (  1    0    0   )
                  (  0    1    0   )

 cart.    s(17) = (  0.000  1.000  0.000 )
                  (  0.000  0.000  1.000 )
                  (  1.000  0.000  0.000 )


      isym = 18     120 deg rotation - cart. axis [-1,1,1]       

 cryst.   s(18) = (  0    0   -1   )
                  ( -1    0    0   )
                  (  0    1    0   )

 cart.    s(18) = (  0.000 -1.000  0.000 )
                  (  0.000  0.000  1.000 )
                  ( -1.000  0.000  0.000 )


      isym = 19     120 deg rotation - cart. axis [1,1,-1]       

 cryst.   s(19) = (  0    0   -1   )
                  (  1    0    0   )
                  (  0   -1    0   )

 cart.    s(19) = (  0.000  1.000  0.000 )
                  (  0.000  0.000 -1.000 )
                  ( -1.000  0.000  0.000 )


      isym = 20     120 deg rotation - cart. axis [1,-1,1]       

 cryst.   s(20) = (  0    0    1   )
                  ( -1    0    0   )
                  (  0   -1    0   )

 cart.    s(20) = (  0.000 -1.000  0.000 )
                  (  0.000  0.000 -1.000 )
                  (  1.000  0.000  0.000 )


      isym = 21     120 deg rotation - cart. axis [1,1,1]        

 cryst.   s(21) = (  0    1    0   )
                  (  0    0    1   )
                  (  1    0    0   )

 cart.    s(21) = (  0.000  0.000  1.000 )
                  (  1.000  0.000  0.000 )
                  (  0.000  1.000  0.000 )


      isym = 22     120 deg rotation - cart. axis [-1,1,-1]      

 cryst.   s(22) = (  0   -1    0   )
                  (  0    0   -1   )
                  (  1    0    0   )

 cart.    s(22) = (  0.000  0.000  1.000 )
                  ( -1.000  0.000  0.000 )
                  (  0.000 -1.000  0.000 )


      isym = 23     120 deg rotation - cart. axis [1,-1,-1]      

 cryst.   s(23) = (  0   -1    0   )
                  (  0    0    1   )
                  ( -1    0    0   )

 cart.    s(23) = (  0.000  0.000 -1.000 )
                  ( -1.000  0.000  0.000 )
                  (  0.000  1.000  0.000 )


      isym = 24     120 deg rotation - cart. axis [-1,-1,1]      

 cryst.   s(24) = (  0    1    0   )
                  (  0    0   -1   )
                  ( -1    0    0   )

 cart.    s(24) = (  0.000  0.000 -1.000 )
                  (  1.000  0.000  0.000 )
                  (  0.000 -1.000  0.000 )


      isym = 25     inversion                                    

 cryst.   s(25) = ( -1    0    0   )
                  (  0   -1    0   )
                  (  0    0   -1   )

 cart.    s(25) = ( -1.000  0.000  0.000 )
                  (  0.000 -1.000  0.000 )
                  (  0.000  0.000 -1.000 )


      isym = 26     inv. 180 deg rotation - cart. axis [0,0,1]   

 cryst.   s(26) = (  1    0    0   )
                  (  0    1    0   )
                  (  0    0   -1   )

 cart.    s(26) = (  1.000  0.000  0.000 )
                  (  0.000  1.000  0.000 )
                  (  0.000  0.000 -1.000 )


      isym = 27     inv. 180 deg rotation - cart. axis [0,1,0]   

 cryst.   s(27) = (  1    0    0   )
                  (  0   -1    0   )
                  (  0    0    1   )

 cart.    s(27) = (  1.000  0.000  0.000 )
                  (  0.000 -1.000  0.000 )
                  (  0.000  0.000  1.000 )


      isym = 28     inv. 180 deg rotation - cart. axis [1,0,0]   

 cryst.   s(28) = ( -1    0    0   )
                  (  0    1    0   )
                  (  0    0    1   )

 cart.    s(28) = ( -1.000  0.000  0.000 )
                  (  0.000  1.000  0.000 )
                  (  0.000  0.000  1.000 )


      isym = 29     inv. 180 deg rotation - cart. axis [1,1,0]   

 cryst.   s(29) = (  0   -1    0   )
                  ( -1    0    0   )
                  (  0    0    1   )

 cart.    s(29) = (  0.000 -1.000  0.000 )
                  ( -1.000  0.000  0.000 )
                  (  0.000  0.000  1.000 )


      isym = 30     inv. 180 deg rotation - cart. axis [1,-1,0]  

 cryst.   s(30) = (  0    1    0   )
                  (  1    0    0   )
                  (  0    0    1   )

 cart.    s(30) = (  0.000  1.000  0.000 )
                  (  1.000  0.000  0.000 )
                  (  0.000  0.000  1.000 )


      isym = 31     inv.  90 deg rotation - cart. axis [0,0,-1]  

 cryst.   s(31) = (  0    1    0   )
                  ( -1    0    0   )
                  (  0    0   -1   )

 cart.    s(31) = (  0.000 -1.000  0.000 )
                  (  1.000  0.000  0.000 )
                  (  0.000  0.000 -1.000 )


      isym = 32     inv.  90 deg rotation - cart. axis [0,0,1]   

 cryst.   s(32) = (  0   -1    0   )
                  (  1    0    0   )
                  (  0    0   -1   )

 cart.    s(32) = (  0.000  1.000  0.000 )
                  ( -1.000  0.000  0.000 )
                  (  0.000  0.000 -1.000 )


      isym = 33     inv. 180 deg rotation - cart. axis [1,0,1]   

 cryst.   s(33) = (  0    0   -1   )
                  (  0    1    0   )
                  ( -1    0    0   )

 cart.    s(33) = (  0.000  0.000 -1.000 )
                  (  0.000  1.000  0.000 )
                  ( -1.000  0.000  0.000 )


      isym = 34     inv. 180 deg rotation - cart. axis [-1,0,1]  

 cryst.   s(34) = (  0    0    1   )
                  (  0    1    0   )
                  (  1    0    0   )

 cart.    s(34) = (  0.000  0.000  1.000 )
                  (  0.000  1.000  0.000 )
                  (  1.000  0.000  0.000 )


      isym = 35     inv.  90 deg rotation - cart. axis [0,1,0]   

 cryst.   s(35) = (  0    0    1   )
                  (  0   -1    0   )
                  ( -1    0    0   )

 cart.    s(35) = (  0.000  0.000 -1.000 )
                  (  0.000 -1.000  0.000 )
                  (  1.000  0.000  0.000 )


      isym = 36     inv.  90 deg rotation - cart. axis [0,-1,0]  

 cryst.   s(36) = (  0    0   -1   )
                  (  0   -1    0   )
                  (  1    0    0   )

 cart.    s(36) = (  0.000  0.000  1.000 )
                  (  0.000 -1.000  0.000 )
                  ( -1.000  0.000  0.000 )


      isym = 37     inv. 180 deg rotation - cart. axis [0,1,1]   

 cryst.   s(37) = (  1    0    0   )
                  (  0    0   -1   )
                  (  0   -1    0   )

 cart.    s(37) = (  1.000  0.000  0.000 )
                  (  0.000  0.000 -1.000 )
                  (  0.000 -1.000  0.000 )


      isym = 38     inv. 180 deg rotation - cart. axis [0,1,-1]  

 cryst.   s(38) = (  1    0    0   )
                  (  0    0    1   )
                  (  0    1    0   )

 cart.    s(38) = (  1.000  0.000  0.000 )
                  (  0.000  0.000  1.000 )
                  (  0.000  1.000  0.000 )


      isym = 39     inv.  90 deg rotation - cart. axis [-1,0,0]  

 cryst.   s(39) = ( -1    0    0   )
                  (  0    0    1   )
                  (  0   -1    0   )

 cart.    s(39) = ( -1.000  0.000  0.000 )
                  (  0.000  0.000 -1.000 )
                  (  0.000  1.000  0.000 )


      isym = 40     inv.  90 deg rotation - cart. axis [1,0,0]   

 cryst.   s(40) = ( -1    0    0   )
                  (  0    0   -1   )
                  (  0    1    0   )

 cart.    s(40) = ( -1.000  0.000  0.000 )
                  (  0.000  0.000  1.000 )
                  (  0.000 -1.000  0.000 )


      isym = 41     inv. 120 deg rotation - cart. axis [-1,-1,-1]

 cryst.   s(41) = (  0    0   -1   )
                  ( -1    0    0   )
                  (  0   -1    0   )

 cart.    s(41) = (  0.000 -1.000  0.000 )
                  (  0.000  0.000 -1.000 )
                  ( -1.000  0.000  0.000 )


      isym = 42     inv. 120 deg rotation - cart. axis [-1,1,1]  

 cryst.   s(42) = (  0    0    1   )
                  (  1    0    0   )
                  (  0   -1    0   )

 cart.    s(42) = (  0.000  1.000  0.000 )
                  (  0.000  0.000 -1.000 )
                  (  1.000  0.000  0.000 )


      isym = 43     inv. 120 deg rotation - cart. axis [1,1,-1]  

 cryst.   s(43) = (  0    0    1   )
                  ( -1    0    0   )
                  (  0    1    0   )

 cart.    s(43) = (  0.000 -1.000  0.000 )
                  (  0.000  0.000  1.000 )
                  (  1.000  0.000  0.000 )


      isym = 44     inv. 120 deg rotation - cart. axis [1,-1,1]  

 cryst.   s(44) = (  0    0   -1   )
                  (  1    0    0   )
                  (  0    1    0   )

 cart.    s(44) = (  0.000  1.000  0.000 )
                  (  0.000  0.000  1.000 )
                  ( -1.000  0.000  0.000 )


      isym = 45     inv. 120 deg rotation - cart. axis [1,1,1]   

 cryst.   s(45) = (  0   -1    0   )
                  (  0    0   -1   )
                  ( -1    0    0   )

 cart.    s(45) = (  0.000  0.000 -1.000 )
                  ( -1.000  0.000  0.000 )
                  (  0.000 -1.000  0.000 )


      isym = 46     inv. 120 deg rotation - cart. axis [-1,1,-1] 

 cryst.   s(46) = (  0    1    0   )
                  (  0    0    1   )
                  ( -1    0    0   )

 cart.    s(46) = (  0.000  0.000 -1.000 )
                  (  1.000  0.000  0.000 )
                  (  0.000  1.000  0.000 )


      isym = 47     inv. 120 deg rotation - cart. axis [1,-1,-1] 

 cryst.   s(47) = (  0    1    0   )
                  (  0    0   -1   )
                  (  1    0    0   )

 cart.    s(47) = (  0.000  0.000  1.000 )
                  (  1.000  0.000  0.000 )
                  (  0.000 -1.000  0.000 )


      isym = 48     inv. 120 deg rotation - cart. axis [-1,-1,1] 

 cryst.   s(48) = (  0   -1    0   )
                  (  0    0    1   )
                  (  1    0    0   )

 cart.    s(48) = (  0.000  0.000  1.000 )
                  ( -1.000  0.000  0.000 )
                  (  0.000  1.000  0.000 )


     point group O_h (m-3m) 
     there are 10 classes
     the character table:

       E     8C3   3C2   6C4   6C2'  i     8S6   3s_h  6S4   6s_d 
A_1g   1.00  1.00  1.00  1.00  1.00  1.00  1.00  1.00  1.00  1.00
A_2g   1.00  1.00  1.00 -1.00 -1.00  1.00  1.00  1.00 -1.00 -1.00
E_g    2.00 -1.00  2.00  0.00  0.00  2.00 -1.00  2.00  0.00  0.00
T_1g   3.00  0.00 -1.00  1.00 -1.00  3.00  0.00 -1.00  1.00 -1.00
T_2g   3.00  0.00 -1.00 -1.00  1.00  3.00  0.00 -1.00 -1.00  1.00
A_1u   1.00  1.00  1.00  1.00  1.00 -1.00 -1.00 -1.00 -1.00 -1.00
A_2u   1.00  1.00  1.00 -1.00 -1.00 -1.00 -1.00 -1.00  1.00  1.00
E_u    2.00 -1.00  2.00  0.00  0.00 -2.00  1.00 -2.00  0.00  0.00
T_1u   3.00  0.00 -1.00  1.00 -1.00 -3.00  0.00  1.00 -1.00  1.00
T_2u   3.00  0.00 -1.00 -1.00  1.00 -3.00  0.00  1.00  1.00 -1.00

     the symmetry operations in each class and the name of the first element:

     E        1
          identity                                               
     8C3     17   19   20   18   24   21   22   23
          120 deg rotation - cart. axis [-1,-1,-1]               
     3C2      2    4    3
          180 deg rotation - cart. axis [0,0,1]                  
     6C4      7    8   15   16   12   11
           90 deg rotation - cart. axis [0,0,-1]                 
     6C2'     5    6   14   13   10    9
          180 deg rotation - cart. axis [1,1,0]                  
     i       25
          inversion                                              
     8S6     41   43   44   42   48   45   46   47
          inv. 120 deg rotation - cart. axis [-1,-1,-1]          
     3s_h    26   28   27
          inv. 180 deg rotation - cart. axis [0,0,1]             
     6S4     31   32   39   40   36   35
          inv.  90 deg rotation - cart. axis [0,0,-1]            
     6s_d    29   30   38   37   34   33
          inv. 180 deg rotation - cart. axis [1,1,0]             

     Space group identification,  48 symmetries:

     Bravais lattice   1  simple cubic                            
     Point group number  32 / 136  O_h (m-3m)

     Nonsymmorphic operations not found: All fractional translations vanish
     Symmetries of the point group in standard order

        1       E   1
        2      2x   4
        3      2y   3
        4      2z   2
        5    3xyz  21
        6  3x-y-z  23
        7  3-xy-z  22
        8  3-x-yz  24
        9 3-x-y-z  17
       10   3-xyz  18
       11   3x-yz  20
       12   3xy-z  19
       13     4-x  15
       14      4x  16
       15     4-y  12
       16      4y  11
       17     4-z   7
       18      4z   8
       19    2y-z  14
       20     2yz  13
       21    2x-z  10
       22     2xz   9
       23    2x-y   6
       24     2xy   5
       25       i  33
       26     i2x  36
       27     i2y  35
       28     i2z  34
       29   i3xyz  53
       30 i3x-y-z  55
       31 i3-xy-z  54
       32 i3-x-yz  56
       33i3-x-y-z  49
       34  i3-xyz  50
       35  i3x-yz  52
       36  i3xy-z  51
       37    i4-x  47
       38     i4x  48
       39    i4-y  44
       40     i4y  43
       41    i4-z  39
       42     i4z  40
       43   i2y-z  46
       44    i2yz  45
       45   i2x-z  42
       46    i2xz  41
       47   i2x-y  38
       48    i2xy  37


     Space group number  221

     Space group Pm-3m   (group number 221).
     The origin coincides with the ITA tables.

     The Laue class is O_h (m-3m) 

     In this class the elastic tensor is

     ( c11  c12  c12   .    .    .  )
     ( c12  c11  c12   .    .    .  )
     ( c12  c12  c11   .    .    .  )
     (  .    .    .   c44   .    .  )
     (  .    .    .    .   c44   .  )
     (  .    .    .    .    .   c44 )

     It requires two strains: e1 and e4
     for a total of  8 scf calculations

     ----------------------------------------------------------------------
     Ions are relaxed in each calculation
     ----------------------------------------------------------------------

     Total mass of this unit cell        337.7435 a.m.u.
     Density of this solid                4356.06 kg/m^3         4.3561 g/cm^3

  ++++++++++++++++++++++++++++++++++++++++++++++++++++++++++++++++++++++++++++
     Doing work    1 /     9
  ++++++++++++++++++++++++++++++++++++++++++++++++++++++++++++++++++++++++++++


     Current dimensions of program PWSCF are:
     Max number of different atomic species (ntypx) = 10
     Max number of k-points (npk) = 120000
     Max angular momentum in pseudopotentials (lmaxx) =  4

     WARNING: check_stop already initialized

     K-points division:     npool     =       4
     R & G space division:  proc/nbgrp/npool/nimage =       2
     wavefunctions fft division:  Y-proc x Z-proc =       2      1
     wavefunctions fft division:  task group distribution
                                  #TG    x Z-proc =       2      1
     Subspace diagonalization in iterative solution of the eigenvalue problem:
     a serial algorithm will be used


     Parallelization info
     --------------------
     sticks:   dense  smooth     PW     G-vecs:    dense   smooth      PW
     Min        2777    1392    387               155487    55094    8135
     Max        2780    1393    390               155626    55101    8144
     Sum        5557    2785    777               311113   110195   16279

     Using Pencil Decomposition



     bravais-lattice index     =            1
     lattice parameter (alat)  =       9.3422  a.u.
     unit-cell volume          =     815.3443 (a.u.)^3
     number of atoms/cell      =            5
     number of atomic types    =            3
     number of electrons       =        47.00
     number of Kohn-Sham states=           29
     kinetic-energy cutoff     =     100.0000  Ry
     charge density cutoff     =     800.0000  Ry
     scf convergence threshold =      1.0E-10
     mixing beta               =       0.3000
     number of iterations used =            8  plain     mixing
     energy convergence thresh.=      1.0E-07
     force convergence thresh. =      1.0E-03
     Exchange-correlation= PBE
                           (   1   4   3   4   0   0   0)
     nstep                     =           20


     celldm(1)=   9.342154  celldm(2)=   0.000000  celldm(3)=   0.000000
     celldm(4)=   0.000000  celldm(5)=   0.000000  celldm(6)=   0.000000

     crystal axes: (cart. coord. in units of alat)
               a(1) = (   1.000000   0.000000   0.000000 )  
               a(2) = (   0.000000   1.000000   0.000000 )  
               a(3) = (   0.000000   0.000000   1.000000 )  

     reciprocal axes: (cart. coord. in units 2 pi/alat)
               b(1) = (  1.000000  0.000000  0.000000 )  
               b(2) = (  0.000000  1.000000  0.000000 )  
               b(3) = (  0.000000  0.000000  1.000000 )  


     PseudoPot. # 1 for K  read from file:
     /home/administrator/Downloads/BURAI/BURAI1.3/pseudopot/K.pbe-spn-kjpaw_psl.1.0.0.UPF
     MD5 check sum: 14ff5a24ff9f8afecca2cb30191d3c3d
     Pseudo is Projector augmented-wave + core cor, Zval =  9.0
     Generated using "atomic" code by A. Dal Corso  v.5.1.2
     Shape of augmentation charge: PSQ
     Using radial grid of 1165 points,  6 beta functions with: 
                l(1) =   0
                l(2) =   0
                l(3) =   1
                l(4) =   1
                l(5) =   2
                l(6) =   2
     Q(r) pseudized with 0 coefficients 


     PseudoPot. # 2 for Co read from file:
     /home/administrator/Downloads/BURAI/BURAI1.3/pseudopot/Co.pbe-spn-kjpaw_psl.1.0.0.UPF
     MD5 check sum: debeb0e0a2756593e9907dd3738e3b12
     Pseudo is Projector augmented-wave + core cor, Zval = 17.0
     Generated using "atomic" code by A. Dal Corso  v.5.1.2
     Shape of augmentation charge: PSQ
     Using radial grid of 1193 points,  6 beta functions with: 
                l(1) =   0
                l(2) =   0
                l(3) =   1
                l(4) =   1
                l(5) =   2
                l(6) =   2
     Q(r) pseudized with 0 coefficients 


     PseudoPot. # 3 for Br read from file:
     /home/administrator/Downloads/BURAI/BURAI1.3/pseudopot/Br.pbe-n-kjpaw_psl.1.0.0.UPF
     MD5 check sum: 4e719ecb11afb5eb9a83625d9f5c08f4
     Pseudo is Projector augmented-wave + core cor, Zval =  7.0
     Generated using "atomic" code by A. Dal Corso  v.5.1.2
     Shape of augmentation charge: PSQ
     Using radial grid of 1213 points,  4 beta functions with: 
                l(1) =   0
                l(2) =   0
                l(3) =   1
                l(4) =   1
     Q(r) pseudized with 0 coefficients 


     atomic species   valence    mass     pseudopotential
     K                 9.00    39.09830     K ( 1.00)
     Co               17.00    58.93320     Co( 1.00)
     Br                7.00    79.90400     Br( 1.00)

     48 Sym. Ops., with inversion, found



   Cartesian axes

     site n.     atom                  positions (alat units)
         1        K      tau(   1) = (   0.0000000   0.0000000   0.0000000  )
         2        Co     tau(   2) = (   0.5000000   0.5000000   0.5000000  )
         3        Br     tau(   3) = (   0.5000000   0.5000000   0.0000000  )
         4        Br     tau(   4) = (   0.5000000   0.0000000   0.5000000  )
         5        Br     tau(   5) = (   0.0000000   0.5000000   0.5000000  )

     number of k points=    56  Gaussian smearing, width (Ry)=  0.0100
                       cart. coord. in units 2pi/alat
        k(    1) = (   0.0000000   0.0000000   0.0000000), wk =   0.0020000
        k(    2) = (   0.0000000   0.0000000   0.1000000), wk =   0.0120000
        k(    3) = (   0.0000000   0.0000000   0.2000000), wk =   0.0120000
        k(    4) = (   0.0000000   0.0000000   0.3000000), wk =   0.0120000
        k(    5) = (   0.0000000   0.0000000   0.4000000), wk =   0.0120000
        k(    6) = (   0.0000000   0.0000000  -0.5000000), wk =   0.0060000
        k(    7) = (   0.0000000   0.1000000   0.1000000), wk =   0.0240000
        k(    8) = (   0.0000000   0.1000000   0.2000000), wk =   0.0480000
        k(    9) = (   0.0000000   0.1000000   0.3000000), wk =   0.0480000
        k(   10) = (   0.0000000   0.1000000   0.4000000), wk =   0.0480000
        k(   11) = (   0.0000000   0.1000000  -0.5000000), wk =   0.0240000
        k(   12) = (   0.0000000   0.2000000   0.2000000), wk =   0.0240000
        k(   13) = (   0.0000000   0.2000000   0.3000000), wk =   0.0480000
        k(   14) = (   0.0000000   0.2000000   0.4000000), wk =   0.0480000
        k(   15) = (   0.0000000   0.2000000  -0.5000000), wk =   0.0240000
        k(   16) = (   0.0000000   0.3000000   0.3000000), wk =   0.0240000
        k(   17) = (   0.0000000   0.3000000   0.4000000), wk =   0.0480000
        k(   18) = (   0.0000000   0.3000000  -0.5000000), wk =   0.0240000
        k(   19) = (   0.0000000   0.4000000   0.4000000), wk =   0.0240000
        k(   20) = (   0.0000000   0.4000000  -0.5000000), wk =   0.0240000
        k(   21) = (   0.0000000  -0.5000000  -0.5000000), wk =   0.0060000
        k(   22) = (   0.1000000   0.1000000   0.1000000), wk =   0.0160000
        k(   23) = (   0.1000000   0.1000000   0.2000000), wk =   0.0480000
        k(   24) = (   0.1000000   0.1000000   0.3000000), wk =   0.0480000
        k(   25) = (   0.1000000   0.1000000   0.4000000), wk =   0.0480000
        k(   26) = (   0.1000000   0.1000000  -0.5000000), wk =   0.0240000
        k(   27) = (   0.1000000   0.2000000   0.2000000), wk =   0.0480000
        k(   28) = (   0.1000000   0.2000000   0.3000000), wk =   0.0960000
        k(   29) = (   0.1000000   0.2000000   0.4000000), wk =   0.0960000
        k(   30) = (   0.1000000   0.2000000  -0.5000000), wk =   0.0480000
        k(   31) = (   0.1000000   0.3000000   0.3000000), wk =   0.0480000
        k(   32) = (   0.1000000   0.3000000   0.4000000), wk =   0.0960000
        k(   33) = (   0.1000000   0.3000000  -0.5000000), wk =   0.0480000
        k(   34) = (   0.1000000   0.4000000   0.4000000), wk =   0.0480000
        k(   35) = (   0.1000000   0.4000000  -0.5000000), wk =   0.0480000
        k(   36) = (   0.1000000  -0.5000000  -0.5000000), wk =   0.0120000
        k(   37) = (   0.2000000   0.2000000   0.2000000), wk =   0.0160000
        k(   38) = (   0.2000000   0.2000000   0.3000000), wk =   0.0480000
        k(   39) = (   0.2000000   0.2000000   0.4000000), wk =   0.0480000
        k(   40) = (   0.2000000   0.2000000  -0.5000000), wk =   0.0240000
        k(   41) = (   0.2000000   0.3000000   0.3000000), wk =   0.0480000
        k(   42) = (   0.2000000   0.3000000   0.4000000), wk =   0.0960000
        k(   43) = (   0.2000000   0.3000000  -0.5000000), wk =   0.0480000
        k(   44) = (   0.2000000   0.4000000   0.4000000), wk =   0.0480000
        k(   45) = (   0.2000000   0.4000000  -0.5000000), wk =   0.0480000
        k(   46) = (   0.2000000  -0.5000000  -0.5000000), wk =   0.0120000
        k(   47) = (   0.3000000   0.3000000   0.3000000), wk =   0.0160000
        k(   48) = (   0.3000000   0.3000000   0.4000000), wk =   0.0480000
        k(   49) = (   0.3000000   0.3000000  -0.5000000), wk =   0.0240000
        k(   50) = (   0.3000000   0.4000000   0.4000000), wk =   0.0480000
        k(   51) = (   0.3000000   0.4000000  -0.5000000), wk =   0.0480000
        k(   52) = (   0.3000000  -0.5000000  -0.5000000), wk =   0.0120000
        k(   53) = (   0.4000000   0.4000000   0.4000000), wk =   0.0160000
        k(   54) = (   0.4000000   0.4000000  -0.5000000), wk =   0.0240000
        k(   55) = (   0.4000000  -0.5000000  -0.5000000), wk =   0.0120000
        k(   56) = (  -0.5000000  -0.5000000  -0.5000000), wk =   0.0020000

     Dense  grid:   311113 G-vectors     FFT dimensions: (  90,  90,  90)

     Smooth grid:   110195 G-vectors     FFT dimensions: (  60,  60,  60)

     Estimated max dynamical RAM per process >     277.31 MB

     Estimated total dynamical RAM >       1.94 GB

     Initial potential from superposition of free atoms

     starting charge      46.9808, renormalised to      47.0000
     Starting wfcs are   30 randomized atomic wfcs
     Checking if some PAW data can be deallocated... 

     total cpu time spent up to now is        8.6 secs

     Self-consistent Calculation

     iteration #  1     ecut=   100.00 Ry     beta= 0.30
     Davidson diagonalization with overlap
     ethr =  1.00E-02,  avg # of iterations =  6.2

     total cpu time spent up to now is       28.7 secs

     total energy              =   -1102.75041188 Ry
     estimated scf accuracy    <       0.84974922 Ry

     iteration #  2     ecut=   100.00 Ry     beta= 0.30
     Davidson diagonalization with overlap
     ethr =  1.81E-03,  avg # of iterations =  3.9

     total cpu time spent up to now is       47.3 secs

     total energy              =   -1102.96716689 Ry
     estimated scf accuracy    <       1.82993863 Ry

     iteration #  3     ecut=   100.00 Ry     beta= 0.30
     Davidson diagonalization with overlap
     ethr =  1.81E-03,  avg # of iterations =  3.3

     total cpu time spent up to now is       64.7 secs

     total energy              =   -1103.08024528 Ry
     estimated scf accuracy    <       0.10835189 Ry

     iteration #  4     ecut=   100.00 Ry     beta= 0.30
     Davidson diagonalization with overlap
     ethr =  2.31E-04,  avg # of iterations =  4.7

     total cpu time spent up to now is       83.6 secs

     total energy              =   -1103.09793390 Ry
     estimated scf accuracy    <       0.05461016 Ry

     iteration #  5     ecut=   100.00 Ry     beta= 0.30
     Davidson diagonalization with overlap
     ethr =  1.16E-04,  avg # of iterations =  2.4

     total cpu time spent up to now is      100.3 secs

     total energy              =   -1103.10604671 Ry
     estimated scf accuracy    <       0.00167222 Ry

     iteration #  6     ecut=   100.00 Ry     beta= 0.30
     Davidson diagonalization with overlap
     ethr =  3.56E-06,  avg # of iterations =  8.1

     total cpu time spent up to now is      124.6 secs

     total energy              =   -1103.10333178 Ry
     estimated scf accuracy    <       0.00977506 Ry

     iteration #  7     ecut=   100.00 Ry     beta= 0.30
     Davidson diagonalization with overlap
     ethr =  3.56E-06,  avg # of iterations =  4.2

     total cpu time spent up to now is      145.3 secs

     total energy              =   -1103.10524503 Ry
     estimated scf accuracy    <       0.00532040 Ry

     iteration #  8     ecut=   100.00 Ry     beta= 0.30
     Davidson diagonalization with overlap
     ethr =  3.56E-06,  avg # of iterations =  2.8

     total cpu time spent up to now is      162.2 secs

     total energy              =   -1103.10570596 Ry
     estimated scf accuracy    <       0.00006044 Ry

     iteration #  9     ecut=   100.00 Ry     beta= 0.30
     Davidson diagonalization with overlap
     ethr =  1.29E-07,  avg # of iterations =  3.7

     total cpu time spent up to now is      179.9 secs

     total energy              =   -1103.10571736 Ry
     estimated scf accuracy    <       0.00000443 Ry

     iteration # 10     ecut=   100.00 Ry     beta= 0.30
     Davidson diagonalization with overlap
     ethr =  9.42E-09,  avg # of iterations =  3.5

     total cpu time spent up to now is      199.1 secs

     total energy              =   -1103.10571806 Ry
     estimated scf accuracy    <       0.00000908 Ry

     iteration # 11     ecut=   100.00 Ry     beta= 0.30
     Davidson diagonalization with overlap
     ethr =  9.42E-09,  avg # of iterations =  2.0

     total cpu time spent up to now is      215.4 secs

     total energy              =   -1103.10571805 Ry
     estimated scf accuracy    <       0.00000130 Ry

     iteration # 12     ecut=   100.00 Ry     beta= 0.30
     Davidson diagonalization with overlap
     ethr =  2.77E-09,  avg # of iterations =  3.8

     total cpu time spent up to now is      234.5 secs

     total energy              =   -1103.10571840 Ry
     estimated scf accuracy    <       0.00000187 Ry

     iteration # 13     ecut=   100.00 Ry     beta= 0.30
     Davidson diagonalization with overlap
     ethr =  2.77E-09,  avg # of iterations =  2.0

     total cpu time spent up to now is      250.8 secs

     total energy              =   -1103.10571847 Ry
     estimated scf accuracy    <       0.00000019 Ry

     iteration # 14     ecut=   100.00 Ry     beta= 0.30
     Davidson diagonalization with overlap
     ethr =  4.01E-10,  avg # of iterations =  3.5

     total cpu time spent up to now is      269.2 secs

     total energy              =   -1103.10571852 Ry
     estimated scf accuracy    <       0.00000002 Ry

     iteration # 15     ecut=   100.00 Ry     beta= 0.30
     Davidson diagonalization with overlap
     ethr =  3.61E-11,  avg # of iterations =  1.8

     total cpu time spent up to now is      285.1 secs

     total energy              =   -1103.10571851 Ry
     estimated scf accuracy    <       0.00000002 Ry

     iteration # 16     ecut=   100.00 Ry     beta= 0.30
     Davidson diagonalization with overlap
     ethr =  3.32E-11,  avg # of iterations =  2.3

     total cpu time spent up to now is      302.0 secs

     End of self-consistent calculation

          k = 0.0000 0.0000 0.0000 ( 13805 PWs)   bands (ev):

   -88.1534 -51.4813 -51.4813 -51.4813 -23.3958  -9.5468  -8.3522  -8.3522
    -6.8991  -6.8991  -6.8991   1.3543   1.3543   1.3543   4.0667   4.0667
     4.0667   4.6569   4.6569   4.6569   5.1342   5.1342   5.1342   5.4750
     5.4750   8.5195   9.9329  11.0698  11.0698

          k = 0.0000 0.0000 0.1000 ( 13749 PWs)   bands (ev):

   -88.1534 -51.4813 -51.4813 -51.4812 -23.3957  -9.5256  -8.3798  -8.3508
    -6.8984  -6.8984  -6.8901   1.3339   1.3783   1.3783   3.9695   3.9695
     4.0240   4.3604   4.5623   4.5623   5.1355   5.2906   5.2906   5.4755
     5.6666   8.7138  10.1218  11.1577  11.2240

          k = 0.0000 0.0000 0.2000 ( 13750 PWs)   bands (ev):

   -88.1534 -51.4813 -51.4812 -51.4812 -23.3955  -9.4658  -8.4555  -8.3472
    -6.8966  -6.8966  -6.8683   1.2907   1.4465   1.4465   3.7153   3.7153
     3.8411   3.9170   4.4657   4.4657   5.1389   5.4766   5.5433   5.5433
     5.9142   9.2655  10.6260  11.4204  11.6506

          k = 0.0000 0.0000 0.3000 ( 13710 PWs)   bands (ev):

   -88.1534 -51.4812 -51.4812 -51.4812 -23.3952  -9.3789  -8.5594  -8.3428
    -6.8943  -6.8943  -6.8443   1.2593   1.5451   1.5451   3.3528   3.4193
     3.4193   3.7929   4.4145   4.4145   5.1432   5.4778   5.7540   5.7540
     6.0708  10.0894  11.2641  11.8454  12.2446

          k = 0.0000 0.0000 0.4000 ( 13742 PWs)   bands (ev):

   -88.1534 -51.4813 -51.4812 -51.4812 -23.3950  -9.2905  -8.6601  -8.3392
    -6.8925  -6.8925  -6.8270   1.2558   1.6427   1.6427   3.0027   3.1845
     3.1845   3.6981   4.3872   4.3872   5.1466   5.4786   5.8875   5.8875
     6.1505  11.0458  11.7968  12.2622  12.8161

          k = 0.0000 0.0000-0.5000 ( 13758 PWs)   bands (ev):

   -88.1534 -51.4813 -51.4812 -51.4812 -23.3949  -9.2487  -8.7061  -8.3378
    -6.8918  -6.8918  -6.8209   1.2611   1.6864   1.6864   2.8730   3.0926
     3.0926   3.6630   4.3782   4.3782   5.1479   5.4789   5.9328   5.9328
     6.1746  11.7003  12.0193  12.2561  13.0664

          k = 0.0000 0.1000 0.1000 ( 13753 PWs)   bands (ev):

   -88.1534 -51.4813 -51.4813 -51.4812 -23.3957  -9.5044  -8.3921  -8.3639
    -6.8977  -6.8927  -6.8872   1.2533   1.4028   1.4602   3.7525   3.9012
     4.0875   4.2273   4.4399   4.4426   5.2752   5.3043   5.3389   5.5672
     5.7981   8.8820  10.2976  11.2767  11.3258

          k = 0.0000 0.1000 0.2000 ( 13743 PWs)   bands (ev):

   -88.1534 -51.4813 -51.4812 -51.4812 -23.3954  -9.4443  -8.4603  -8.3654
    -6.8959  -6.8903  -6.8685   1.1650   1.4724   1.5654   3.3815   3.6886
     3.8632   4.0929   4.3065   4.3185   5.2890   5.4953   5.5427   5.6134
     6.0701   9.3830  10.7712  11.5335  11.7035

          k = 0.0000 0.1000 0.3000 ( 13741 PWs)   bands (ev):

   -88.1534 -51.4813 -51.4812 -51.4812 -23.3951  -9.3567  -8.5618  -8.3610
    -6.8937  -6.8893  -6.8463   1.1072   1.5733   1.6760   2.9826   3.4093
     3.5357   4.0170   4.2398   4.2481   5.2901   5.5637   5.7428   5.7527
     6.2515  10.1698  11.3894  11.9272  12.2617

          k = 0.0000 0.1000 0.4000 ( 13775 PWs)   bands (ev):

   -88.1534 -51.4813 -51.4812 -51.4812 -23.3949  -9.2670  -8.6618  -8.3570
    -6.8919  -6.8885  -6.8302   1.0879   1.6738   1.7719   2.6773   3.1783
     3.3049   3.9340   4.2083   4.2181   5.2909   5.5738   5.8737   5.8859
     6.3348  11.1113  11.9316  12.3213  12.8253

          k = 0.0000 0.1000-0.5000 ( 13784 PWs)   bands (ev):

   -88.1534 -51.4813 -51.4813 -51.4812 -23.3948  -9.2242  -8.7082  -8.3554
    -6.8912  -6.8882  -6.8245   1.0874   1.7190   1.8126   2.5615   3.0865
     3.2191   3.9003   4.1985   4.2096   5.2912   5.5757   5.9231   5.9311
     6.3565  11.7792  12.1204  12.3520  13.0916

          k = 0.0000 0.2000 0.2000 ( 13769 PWs)   bands (ev):

   -88.1534 -51.4813 -51.4813 -51.4812 -23.3952  -9.3831  -8.4919  -8.3979
    -6.8941  -6.8785  -6.8656   1.0024   1.5463   1.7200   2.9443   3.5840
     3.7933   3.9755   4.0613   4.3438   5.5282   5.5512   5.5661   5.6661
     6.4163   9.7602  11.1695  11.8544  11.8923

          k = 0.0000 0.2000 0.3000 ( 13769 PWs)   bands (ev):

   -88.1534 -51.4813 -51.4813 -51.4813 -23.3949  -9.2934  -8.5727  -8.4088
    -6.8920  -6.8767  -6.8512   0.8793   1.6545   1.8542   2.5478   3.3752
     3.5604   3.9191   3.9197   4.3835   5.5371   5.6429   5.7379   5.7493
     6.6925  10.4235  11.7231  12.1905  12.3712

          k = 0.0000 0.2000 0.4000 ( 13778 PWs)   bands (ev):

   -88.1534 -51.4813 -51.4813 -51.4813 -23.3946  -9.1996  -8.6670  -8.4090
    -6.8902  -6.8780  -6.8382   0.8114   1.7641   1.9525   2.2686   3.1613
     3.3664   3.8642   3.9106   4.3698   5.5355   5.6610   5.8523   5.8817
     6.8282  11.2954  12.2931  12.5192  12.8780

          k = 0.0000 0.2000-0.5000 ( 13778 PWs)   bands (ev):

   -88.1534 -51.4813 -51.4813 -51.4813 -23.3946  -9.1534  -8.7138  -8.4084
    -6.8895  -6.8787  -6.8334   0.7916   1.8144   1.9906   2.1666   3.0705
     3.2946   3.8492   3.9088   4.3581   5.5349   5.6645   5.9021   5.9267
     6.8639  11.9697  12.3918  12.6600  13.1102

          k = 0.0000 0.3000 0.3000 ( 13779 PWs)   bands (ev):

   -88.1534 -51.4813 -51.4813 -51.4813 -23.3946  -9.1995  -8.6075  -8.4618
    -6.8899  -6.8649  -6.8543   0.6866   1.7755   1.9980   2.1807   3.2921
     3.5356   3.6415   3.6920   4.6306   5.6799   5.7407   5.7492   5.7747
     7.1283  10.8937  12.1735  12.5862  12.6797

          k = 0.0000 0.3000 0.4000 ( 13795 PWs)   bands (ev):

   -88.1534 -51.4813 -51.4813 -51.4813 -23.3944  -9.0977  -8.6759  -8.4898
    -6.8882  -6.8654  -6.8473   0.5627   1.9020   1.9363   2.0942   3.1375
     3.4111   3.5109   3.6467   4.7541   5.6941   5.7418   5.8499   5.8767
     7.3947  11.5945  12.6809  12.9598  13.0162

          k = 0.0000 0.3000-0.5000 ( 13796 PWs)   bands (ev):

   -88.1534 -51.4813 -51.4813 -51.4813 -23.3943  -9.0440  -8.7207  -8.4966
    -6.8875  -6.8668  -6.8435   0.5204   1.8506   1.9624   2.1290   3.0509
     3.3515   3.4820   3.6458   4.7870   5.6975   5.7407   5.8896   5.9215
     7.4766  12.2347  12.6501  13.1200  13.2117

          k = 0.0000 0.4000 0.4000 ( 13773 PWs)   bands (ev):

   -88.1534 -51.4813 -51.4813 -51.4813 -23.3941  -8.9808  -8.6957  -8.5775
    -6.8865  -6.8563  -6.8531   0.3943   1.7233   2.0539   2.1855   3.0970
     3.2413   3.4295   3.4851   4.9959   5.7065   5.8721   5.8737   5.8790
     7.8153  12.0508  12.9314  13.2130  13.4391

          k = 0.0000 0.4000-0.5000 ( 13780 PWs)   bands (ev):

   -88.1534 -51.4813 -51.4813 -51.4813 -23.3941  -8.9093  -8.7262  -8.6149
    -6.8859  -6.8572  -6.8509   0.3350   1.6500   2.1318   2.2180   3.0351
     3.1704   3.3935   3.4710   5.0723   5.7098   5.8714   5.9017   5.9174
     7.9660  12.6038  12.6949  13.2347  13.3956

          k = 0.0000-0.5000-0.5000 ( 13780 PWs)   bands (ev):

   -88.1534 -51.4813 -51.4813 -51.4813 -23.3940  -8.7898  -8.7283  -8.7283
    -6.8853  -6.8535  -6.8535   0.2694   1.5814   2.2242   2.2495   3.0290
     3.0290   3.4092   3.4092   5.1669   5.7131   5.9159   5.9159   5.9160
     8.1538  12.7460  12.9866  12.9866  13.1755

          k = 0.1000 0.1000 0.1000 ( 13733 PWs)   bands (ev):

   -88.1534 -51.4812 -51.4812 -51.4812 -23.3956  -9.4832  -8.3901  -8.3901
    -6.8929  -6.8929  -6.8836   1.1738   1.4829   1.4829   3.7111   3.7111
     3.9487   4.1582   4.4213   4.4213   5.3336   5.3467   5.3467   5.8005
     5.8005   9.0310  10.4579  11.4017  11.4017

          k = 0.1000 0.1000 0.2000 ( 13752 PWs)   bands (ev):

   -88.1534 -51.4813 -51.4813 -51.4812 -23.3953  -9.4228  -8.4623  -8.3850
    -6.8935  -6.8880  -6.8678   1.0639   1.5480   1.6061   3.3611   3.4033
     3.7754   4.1708   4.2146   4.3730   5.3435   5.5084   5.5229   5.8101
     6.1304   9.4908  10.8946  11.6300  11.7561

          k = 0.1000 0.1000 0.3000 ( 13768 PWs)   bands (ev):

   -88.1534 -51.4813 -51.4813 -51.4813 -23.3950  -9.3348  -8.5630  -8.3786
    -6.8942  -6.8848  -6.8480   0.9862   1.6441   1.7272   2.9154   3.1041
     3.7045   3.9997   4.1096   4.3317   5.3464   5.6556   5.7212   5.8400
     6.3473  10.2437  11.4814  11.9962  12.2786

          k = 0.1000 0.1000 0.4000 ( 13757 PWs)   bands (ev):

   -88.1534 -51.4813 -51.4813 -51.4812 -23.3948  -9.2440  -8.6628  -8.3734
    -6.8948  -6.8824  -6.8335   0.9520   1.7430   1.8239   2.5949   2.8753
     3.6024   3.8893   4.0364   4.3105   5.3485   5.7206   5.8644   5.8975
     6.4460  11.1700  12.0285  12.3492  12.8398

          k = 0.1000 0.1000-0.5000 ( 13788 PWs)   bands (ev):

   -88.1534 -51.4813 -51.4813 -51.4812 -23.3947  -9.2003  -8.7096  -8.3714
    -6.8950  -6.8815  -6.8283   0.9455   1.7894   1.8626   2.4772   2.7846
     3.5483   3.8631   4.0060   4.3039   5.3492   5.7337   5.9171   5.9273
     6.4712  11.8497  12.1793  12.4121  13.0162

          k = 0.1000 0.2000 0.2000 ( 13730 PWs)   bands (ev):

   -88.1534 -51.4813 -51.4812 -51.4812 -23.3951  -9.3619  -8.4886  -8.4193
    -6.8923  -6.8809  -6.8628   0.9015   1.6329   1.7369   2.9474   3.3588
     3.4320   4.1534   4.2374   4.3490   5.4925   5.5450   5.5842   5.9390
     6.4119   9.8433  11.2380  11.9091  11.9411

          k = 0.1000 0.2000 0.3000 ( 13771 PWs)   bands (ev):

   -88.1534 -51.4813 -51.4813 -51.4812 -23.3948  -9.2724  -8.5707  -8.4250
    -6.8934  -6.8764  -6.8515   0.7699   1.7321   1.8688   2.5488   3.0491
     3.4124   3.9733   4.1891   4.3976   5.5154   5.7052   5.7177   5.9580
     6.7007  10.4805  11.7267  12.2244  12.3817

          k = 0.1000 0.2000 0.4000 ( 13781 PWs)   bands (ev):

   -88.1534 -51.4813 -51.4813 -51.4813 -23.3946  -9.1781  -8.6657  -8.4219
    -6.8953  -6.8739  -6.8417   0.6930   1.8350   1.9646   2.2681   2.7998
     3.4416   3.7868   4.1776   4.3883   5.5187   5.8333   5.8495   5.9499
     6.8488  11.3366  12.2594  12.4739  12.8969

          k = 0.1000 0.2000-0.5000 ( 13770 PWs)   bands (ev):

   -88.1534 -51.4813 -51.4813 -51.4812 -23.3945  -9.1312  -8.7131  -8.4202
    -6.8962  -6.8729  -6.8380   0.6692   1.8850   2.0015   2.1656   2.7008
     3.4675   3.7011   4.1740   4.3780   5.5196   5.8997   5.9049   5.9229
     6.8884  12.0323  12.3056  12.6031  13.1671

          k = 0.1000 0.3000 0.3000 ( 13773 PWs)   bands (ev):

   -88.1534 -51.4813 -51.4813 -51.4813 -23.3945  -9.1796  -8.6029  -8.4748
    -6.8928  -6.8695  -6.8528   0.5758   1.8368   2.0027   2.1923   3.0360
     3.1019   3.9595   4.0054   4.6376   5.6681   5.7414   5.7677   5.9907
     7.1236  10.9300  12.0577  12.5929  12.6565

          k = 0.1000 0.3000 0.4000 ( 13784 PWs)   bands (ev):

   -88.1534 -51.4813 -51.4813 -51.4813 -23.3943  -9.0786  -8.6721  -8.4975
    -6.8934  -6.8666  -6.8505   0.4476   1.9280   1.9724   2.0950   2.8058
     3.0996   3.8144   3.9863   4.7598   5.6962   5.8487   5.8526   5.9839
     7.3933  11.6112  12.4097  12.8261  13.0242

          k = 0.1000 0.3000-0.5000 ( 13772 PWs)   bands (ev):

   -88.1534 -51.4813 -51.4813 -51.4813 -23.3942  -9.0249  -8.7176  -8.5021
    -6.8941  -6.8658  -6.8491   0.4033   1.8643   2.0065   2.1311   2.6997
     3.1131   3.7483   3.9866   4.7925   5.6988   5.8899   5.9189   5.9593
     7.4769  12.2913  12.3540  12.8932  13.1309

          k = 0.1000 0.4000 0.4000 ( 13761 PWs)   bands (ev):

   -88.1534 -51.4813 -51.4813 -51.4813 -23.3941  -8.9646  -8.6902  -8.5796
    -6.8914  -6.8624  -6.8560   0.2785   1.7401   2.0803   2.1829   2.8021
     2.8503   3.8272   3.8363   4.9994   5.8148   5.8700   5.8812   5.9803
     7.8138  12.0169  12.4845  13.0681  13.4315

          k = 0.1000 0.4000-0.5000 ( 13776 PWs)   bands (ev):

   -88.1534 -51.4813 -51.4813 -51.4813 -23.3940  -8.8945  -8.7212  -8.6136
    -6.8908  -6.8615  -6.8572   0.2186   1.6691   2.1468   2.2185   2.7062
     2.8361   3.7725   3.8377   5.0757   5.8355   5.9033   5.9162   5.9592
     7.9657  12.3013  12.6274  12.9883  13.1254

          k = 0.1000-0.5000-0.5000 ( 13776 PWs)   bands (ev):

   -88.1534 -51.4813 -51.4813 -51.4813 -23.3939  -8.7784  -8.7225  -8.7225
    -6.8892  -6.8602  -6.8602   0.1529   1.6021   2.2286   2.2508   2.7090
     2.7090   3.7810   3.7810   5.1703   5.9137   5.9137   5.9194   5.9267
     8.1553  12.2735  12.8820  12.8821  13.1511

          k = 0.2000 0.2000 0.2000 ( 13775 PWs)   bands (ev):

   -88.1534 -51.4813 -51.4813 -51.4813 -23.3949  -9.3015  -8.4800  -8.4800
    -6.8870  -6.8870  -6.8567   0.7147   1.7862   1.7862   2.8760   3.0225
     3.0225   4.2919   4.2919   4.4115   5.5408   5.6112   5.6112   6.3969
     6.3969  10.1232  11.4413  12.1012  12.1012

          k = 0.2000 0.2000 0.3000 ( 13769 PWs)   bands (ev):

   -88.1534 -51.4813 -51.4813 -51.4812 -23.3946  -9.2122  -8.5686  -8.4691
    -6.8947  -6.8793  -6.8514   0.5480   1.8641   1.9193   2.4866   2.7184
     3.0170   4.2299   4.3038   4.4872   5.5793   5.7187   5.7330   6.3687
     6.7804  10.6654  11.7526  12.3616  12.4607

          k = 0.2000 0.2000 0.4000 ( 13786 PWs)   bands (ev):

   -88.1534 -51.4813 -51.4813 -51.4813 -23.3943  -9.1167  -8.6629  -8.4603
    -6.9010  -6.8716  -6.8496   0.4406   1.9588   2.0061   2.2083   2.4836
     3.0461   4.1464   4.3032   4.4997   5.5897   5.8415   5.8605   6.3314
     6.9847  11.4462  12.1187  12.5101  12.9579

          k = 0.2000 0.2000-0.5000 ( 13760 PWs)   bands (ev):

   -88.1534 -51.4813 -51.4813 -51.4812 -23.3943  -9.0675  -8.7114  -8.4568
    -6.9035  -6.8680  -6.8497   0.4042   2.0168   2.0369   2.1096   2.3785
     3.0602   4.1093   4.3029   4.4962   5.5925   5.8921   5.9177   6.3101
     7.0412  12.0993  12.2005  12.5186  13.2031

          k = 0.2000 0.3000 0.3000 ( 13767 PWs)   bands (ev):

   -88.1534 -51.4813 -51.4813 -51.4813 -23.3943  -9.1228  -8.5907  -8.5135
    -6.8969  -6.8815  -6.8525   0.3339   1.9485   2.0153   2.2130   2.6632
     2.7000   4.3046   4.3066   4.6682   5.6857   5.7545   5.7812   6.5127
     7.1077  11.0346  11.8261  12.6328  12.6499

          k = 0.2000 0.3000 0.4000 ( 13754 PWs)   bands (ev):

   -88.1534 -51.4813 -51.4813 -51.4812 -23.3941  -9.0245  -8.6621  -8.5216
    -6.9028  -6.8757  -6.8573   0.1866   1.9626   2.0556   2.0934   2.4345
     2.7091   4.2715   4.3220   4.7816   5.7202   5.8465   5.8677   6.5036
     7.3947  11.6007  11.9772  12.6674  13.0019

          k = 0.2000 0.3000-0.5000 ( 13768 PWs)   bands (ev):

   -88.1534 -51.4813 -51.4813 -51.4812 -23.3940  -8.9705  -8.7094  -8.5209
    -6.9057  -6.8686  -6.8635   0.1346   1.8965   2.0840   2.1430   2.3144
     2.7225   4.2533   4.3258   4.8133   5.7253   5.8897   5.9164   6.4893
     7.4876  11.8572  12.3468  12.6168  12.8993

          k = 0.2000 0.4000 0.4000 ( 13750 PWs)   bands (ev):

   -88.1534 -51.4813 -51.4813 -51.4812 -23.3939  -8.9191  -8.6758  -8.5879
    -6.9025  -6.8787  -6.8654   0.0073   1.7850   2.1212   2.1638   2.4555
     2.4619   4.2992   4.3043   5.0095   5.8371   5.8689   5.8926   6.5102
     7.8077  11.6849  12.0859  12.8173  12.9149

          k = 0.2000 0.4000-0.5000 ( 13780 PWs)   bands (ev):

   -88.1534 -51.4813 -51.4813 -51.4813 -23.3938  -8.8531  -8.7079  -8.6121
    -6.9026  -6.8740  -6.8739  -0.0568   1.7195   2.1615   2.2217   2.3246
     2.4718   4.2892   4.3093   5.0851   5.8547   5.9039   5.9196   6.4981
     7.9645  11.6697  12.4308  12.6105  12.8731

          k = 0.2000-0.5000-0.5000 ( 13764 PWs)   bands (ev):

   -88.1534 -51.4813 -51.4813 -51.4813 -23.3937  -8.7480  -8.7073  -8.7073
    -6.8994  -6.8779  -6.8779  -0.1254   1.6571   2.2391   2.2541   2.3314
     2.3314   4.2985   4.2985   5.1794   5.9107   5.9107   5.9288   6.4856
     8.1593  11.6005  12.4976  12.4976  12.9038

          k = 0.3000 0.3000 0.3000 ( 13778 PWs)   bands (ev):

   -88.1534 -51.4813 -51.4813 -51.4813 -23.3940  -9.0384  -8.5754  -8.5754
    -6.8967  -6.8967  -6.8574   0.0873   2.0329   2.0329   2.1427   2.4317
     2.4317   4.5065   4.5065   4.7578   5.7392   5.8030   5.8030   7.0790
     7.0790  11.2319  11.6396  12.7340  12.7342

          k = 0.3000 0.3000 0.4000 ( 13778 PWs)   bands (ev):

   -88.1534 -51.4813 -51.4813 -51.4813 -23.3938  -8.9441  -8.6515  -8.5628
    -6.9092  -6.8905  -6.8673  -0.0874   1.9655   2.0521   2.0873   2.2572
     2.4252   4.5652   4.6103   4.8596   5.7806   5.8566   5.8799   7.0453
     7.4699  11.4364  11.7192  12.6468  12.9024

          k = 0.3000 0.3000-0.5000 ( 13768 PWs)   bands (ev):

   -88.1534 -51.4813 -51.4813 -51.4813 -23.3937  -8.8893  -8.6993  -8.5580
    -6.9141  -6.8811  -6.8782  -0.1500   1.8974   2.0642   2.1014   2.1927
     2.4365   4.5777   4.6398   4.8938   5.7888   5.8936   5.9202   7.0290
     7.5990  11.4287  12.0946  12.4726  12.8515

          k = 0.3000 0.4000 0.4000 ( 13786 PWs)   bands (ev):

   -88.1534 -51.4813 -51.4813 -51.4813 -23.3936  -8.8531  -8.6575  -8.6074
    -6.9126  -6.8992  -6.8805  -0.2845   1.8399   2.0550   2.0627   2.2609
     2.2885   4.6967   4.7191   5.0264   5.8563   5.8823   5.9057   7.1951
     7.7949  11.2270  11.7480  12.4602  12.6392

          k = 0.3000 0.4000-0.5000 ( 13776 PWs)   bands (ev):

   -88.1534 -51.4813 -51.4813 -51.4813 -23.3935  -8.7942  -8.6911  -8.6171
    -6.9153  -6.8950  -6.8914  -0.3555   1.7820   2.0350   2.0695   2.2375
     2.2902   4.7224   4.7512   5.0986   5.8741   5.9092   5.9301   7.1991
     7.9643  11.1470  11.9700  12.1343  12.5631

          k = 0.3000-0.5000-0.5000 ( 13768 PWs)   bands (ev):

   -88.1534 -51.4813 -51.4813 -51.4813 -23.3934  -8.7097  -8.6880  -8.6880
    -6.9120  -6.9003  -6.9003  -0.4295   1.7263   2.0436   2.0436   2.2507
     2.2582   4.7668   4.7668   5.1906   5.9168   5.9168   5.9412   7.2102
     8.1642  11.0490  12.0068  12.0068  12.3106

          k = 0.4000 0.4000 0.4000 ( 13793 PWs)   bands (ev):

   -88.1534 -51.4813 -51.4813 -51.4813 -23.3934  -8.7802  -8.6423  -8.6423
    -6.9161  -6.9161  -6.8972  -0.4968   1.8592   1.9238   1.9238   2.2579
     2.2579   4.9595   4.9595   5.0727   5.8953   5.9178   5.9178   7.7783
     7.7783  10.9170  11.5648  12.1485  12.1485

          k = 0.4000 0.4000-0.5000 ( 13782 PWs)   bands (ev):

   -88.1534 -51.4813 -51.4813 -51.4813 -23.3933  -8.7306  -8.6773  -8.6365
    -6.9227  -6.9122  -6.9088  -0.5735   1.8189   1.8706   1.9217   2.2540
     2.2638   4.9982   5.0474   5.1300   5.9139   5.9291   5.9416   7.7699
     8.0126  10.8093  11.6657  11.7650  12.0365

          k = 0.4000-0.5000-0.5000 ( 13764 PWs)   bands (ev):

   -88.1534 -51.4813 -51.4813 -51.4813 -23.3932  -8.6780  -8.6719  -8.6719
    -6.9221  -6.9188  -6.9188  -0.6524   1.7834   1.8656   1.8656   2.2595
     2.2615   5.0909   5.0909   5.1998   5.9394   5.9394   5.9522   7.8756
     8.1683  10.6926  11.6258  11.6258  11.7366

          k =-0.5000-0.5000-0.5000 ( 13776 PWs)   bands (ev):

   -88.1534 -51.4813 -51.4813 -51.4813 -23.3932  -8.6657  -8.6657  -8.6657
    -6.9260  -6.9260  -6.9260  -0.7332   1.8054   1.8054   1.8054   2.2628
     2.2628   5.2033   5.2033   5.2033   5.9566   5.9566   5.9566   8.1699
     8.1699  10.5693  11.4819  11.4819  11.4819

     the Fermi energy is     6.0238 ev

!    total energy              =   -1103.10571852 Ry
     total all-electron energy =    -19630.249946 Ry
     estimated scf accuracy    <          6.1E-11 Ry
     smearing contrib. (-TS)   =      -0.00479024 Ry
     internal energy E=F+TS    =   -1103.10092828 Ry

     The total energy is F=E-TS. E is the sum of the following terms:
     one-electron contribution =    -305.46200815 Ry
     hartree contribution      =     176.17596366 Ry
     xc contribution           =     -68.60303063 Ry
     ewald contribution        =    -232.51868632 Ry
     one-center paw contrib.   =    -672.69316685 Ry

     convergence has been achieved in  16 iterations

     Forces acting on atoms (cartesian axes, Ry/au):

     atom    1 type  1   force =     0.00000000    0.00000000    0.00000000
     atom    2 type  2   force =     0.00000000    0.00000000    0.00000000
     atom    3 type  3   force =     0.00000000    0.00000000    0.00000000
     atom    4 type  3   force =     0.00000000    0.00000000    0.00000000
     atom    5 type  3   force =     0.00000000    0.00000000    0.00000000

     Total force =     0.000000     Total SCF correction =     0.000000


     Computing stress (Cartesian axis) and pressure

          total   stress  (Ry/bohr**3)                   (kbar)     P=       28.38
   0.00019292   0.00000000   0.00000000           28.38        0.00        0.00
   0.00000000   0.00019292   0.00000000            0.00       28.38        0.00
   0.00000000   0.00000000   0.00019292            0.00        0.00       28.38


     BFGS Geometry Optimization
     Energy error            =      0.0E+00 Ry
     Gradient error          =      0.0E+00 Ry/Bohr

     bfgs converged in   1 scf cycles and   0 bfgs steps
     (criteria: energy <  1.0E-07 Ry, force <  1.0E-03 Ry/Bohr)

     End of BFGS Geometry Optimization

     Final energy             =   -1103.1057185182 Ry
Begin final coordinates

ATOMIC_POSITIONS (crystal)
K                0.0000000000        0.0000000000        0.0000000000
Co               0.5000000000        0.5000000000        0.5000000000
Br               0.5000000000        0.5000000000        0.0000000000
Br               0.5000000000        0.0000000000        0.5000000000
Br               0.0000000000        0.5000000000        0.5000000000
End final coordinates



  ++++++++++++++++++++++++++++++++++++++++++++++++++++++++++++++++++++++++++++
     Doing work    2 /     9
  ++++++++++++++++++++++++++++++++++++++++++++++++++++++++++++++++++++++++++++


     Current dimensions of program PWSCF are:
     Max number of different atomic species (ntypx) = 10
     Max number of k-points (npk) = 120000
     Max angular momentum in pseudopotentials (lmaxx) =  4

     WARNING: check_stop already initialized

     Parallelization info
     --------------------
     sticks:   dense  smooth     PW     G-vecs:    dense   smooth      PW
     Min        2810    1389    391               158379    55901    8331
     Max        2811    1412    402               158398    55974    8332
     Sum        5621    2801    793               316777   111875   16663

     Using Pencil Decomposition



     bravais-lattice index     =            1
     lattice parameter (alat)  =       9.3922  a.u.
     unit-cell volume          =     828.5059 (a.u.)^3
     number of atoms/cell      =            5
     number of atomic types    =            3
     number of electrons       =        47.00
     number of Kohn-Sham states=           29
     kinetic-energy cutoff     =     100.0000  Ry
     charge density cutoff     =     800.0000  Ry
     scf convergence threshold =      1.0E-10
     mixing beta               =       0.3000
     number of iterations used =            8  plain     mixing
     energy convergence thresh.=      1.0E-07
     force convergence thresh. =      1.0E-03
     Exchange-correlation= PBE
                           (   1   4   3   4   0   0   0)
     nstep                     =           20


     celldm(1)=   9.392154  celldm(2)=   0.000000  celldm(3)=   0.000000
     celldm(4)=   0.000000  celldm(5)=   0.000000  celldm(6)=   0.000000

     crystal axes: (cart. coord. in units of alat)
               a(1) = (   1.000000   0.000000   0.000000 )  
               a(2) = (   0.000000   1.000000   0.000000 )  
               a(3) = (   0.000000   0.000000   1.000000 )  

     reciprocal axes: (cart. coord. in units 2 pi/alat)
               b(1) = (  1.000000  0.000000  0.000000 )  
               b(2) = (  0.000000  1.000000  0.000000 )  
               b(3) = (  0.000000  0.000000  1.000000 )  


     PseudoPot. # 1 for K  read from file:
     /home/administrator/Downloads/BURAI/BURAI1.3/pseudopot/K.pbe-spn-kjpaw_psl.1.0.0.UPF
     MD5 check sum: 14ff5a24ff9f8afecca2cb30191d3c3d
     Pseudo is Projector augmented-wave + core cor, Zval =  9.0
     Generated using "atomic" code by A. Dal Corso  v.5.1.2
     Shape of augmentation charge: PSQ
     Using radial grid of 1165 points,  6 beta functions with: 
                l(1) =   0
                l(2) =   0
                l(3) =   1
                l(4) =   1
                l(5) =   2
                l(6) =   2
     Q(r) pseudized with 0 coefficients 


     PseudoPot. # 2 for Co read from file:
     /home/administrator/Downloads/BURAI/BURAI1.3/pseudopot/Co.pbe-spn-kjpaw_psl.1.0.0.UPF
     MD5 check sum: debeb0e0a2756593e9907dd3738e3b12
     Pseudo is Projector augmented-wave + core cor, Zval = 17.0
     Generated using "atomic" code by A. Dal Corso  v.5.1.2
     Shape of augmentation charge: PSQ
     Using radial grid of 1193 points,  6 beta functions with: 
                l(1) =   0
                l(2) =   0
                l(3) =   1
                l(4) =   1
                l(5) =   2
                l(6) =   2
     Q(r) pseudized with 0 coefficients 


     PseudoPot. # 3 for Br read from file:
     /home/administrator/Downloads/BURAI/BURAI1.3/pseudopot/Br.pbe-n-kjpaw_psl.1.0.0.UPF
     MD5 check sum: 4e719ecb11afb5eb9a83625d9f5c08f4
     Pseudo is Projector augmented-wave + core cor, Zval =  7.0
     Generated using "atomic" code by A. Dal Corso  v.5.1.2
     Shape of augmentation charge: PSQ
     Using radial grid of 1213 points,  4 beta functions with: 
                l(1) =   0
                l(2) =   0
                l(3) =   1
                l(4) =   1
     Q(r) pseudized with 0 coefficients 


     atomic species   valence    mass     pseudopotential
     K                 9.00    39.09830     K ( 1.00)
     Co               17.00    58.93320     Co( 1.00)
     Br                7.00    79.90400     Br( 1.00)

     48 Sym. Ops., with inversion, found



   Cartesian axes

     site n.     atom                  positions (alat units)
         1        K      tau(   1) = (   0.0000000   0.0000000   0.0000000  )
         2        Co     tau(   2) = (   0.5000000   0.5000000   0.5000000  )
         3        Br     tau(   3) = (   0.5000000   0.5000000   0.0000000  )
         4        Br     tau(   4) = (   0.5000000   0.0000000   0.5000000  )
         5        Br     tau(   5) = (   0.0000000   0.5000000   0.5000000  )

     number of k points=    56  Gaussian smearing, width (Ry)=  0.0100
                       cart. coord. in units 2pi/alat
        k(    1) = (   0.0000000   0.0000000   0.0000000), wk =   0.0020000
        k(    2) = (   0.0000000   0.0000000   0.1000000), wk =   0.0120000
        k(    3) = (   0.0000000   0.0000000   0.2000000), wk =   0.0120000
        k(    4) = (   0.0000000   0.0000000   0.3000000), wk =   0.0120000
        k(    5) = (   0.0000000   0.0000000   0.4000000), wk =   0.0120000
        k(    6) = (   0.0000000   0.0000000  -0.5000000), wk =   0.0060000
        k(    7) = (   0.0000000   0.1000000   0.1000000), wk =   0.0240000
        k(    8) = (   0.0000000   0.1000000   0.2000000), wk =   0.0480000
        k(    9) = (   0.0000000   0.1000000   0.3000000), wk =   0.0480000
        k(   10) = (   0.0000000   0.1000000   0.4000000), wk =   0.0480000
        k(   11) = (   0.0000000   0.1000000  -0.5000000), wk =   0.0240000
        k(   12) = (   0.0000000   0.2000000   0.2000000), wk =   0.0240000
        k(   13) = (   0.0000000   0.2000000   0.3000000), wk =   0.0480000
        k(   14) = (   0.0000000   0.2000000   0.4000000), wk =   0.0480000
        k(   15) = (   0.0000000   0.2000000  -0.5000000), wk =   0.0240000
        k(   16) = (   0.0000000   0.3000000   0.3000000), wk =   0.0240000
        k(   17) = (   0.0000000   0.3000000   0.4000000), wk =   0.0480000
        k(   18) = (   0.0000000   0.3000000  -0.5000000), wk =   0.0240000
        k(   19) = (   0.0000000   0.4000000   0.4000000), wk =   0.0240000
        k(   20) = (   0.0000000   0.4000000  -0.5000000), wk =   0.0240000
        k(   21) = (   0.0000000  -0.5000000  -0.5000000), wk =   0.0060000
        k(   22) = (   0.1000000   0.1000000   0.1000000), wk =   0.0160000
        k(   23) = (   0.1000000   0.1000000   0.2000000), wk =   0.0480000
        k(   24) = (   0.1000000   0.1000000   0.3000000), wk =   0.0480000
        k(   25) = (   0.1000000   0.1000000   0.4000000), wk =   0.0480000
        k(   26) = (   0.1000000   0.1000000  -0.5000000), wk =   0.0240000
        k(   27) = (   0.1000000   0.2000000   0.2000000), wk =   0.0480000
        k(   28) = (   0.1000000   0.2000000   0.3000000), wk =   0.0960000
        k(   29) = (   0.1000000   0.2000000   0.4000000), wk =   0.0960000
        k(   30) = (   0.1000000   0.2000000  -0.5000000), wk =   0.0480000
        k(   31) = (   0.1000000   0.3000000   0.3000000), wk =   0.0480000
        k(   32) = (   0.1000000   0.3000000   0.4000000), wk =   0.0960000
        k(   33) = (   0.1000000   0.3000000  -0.5000000), wk =   0.0480000
        k(   34) = (   0.1000000   0.4000000   0.4000000), wk =   0.0480000
        k(   35) = (   0.1000000   0.4000000  -0.5000000), wk =   0.0480000
        k(   36) = (   0.1000000  -0.5000000  -0.5000000), wk =   0.0120000
        k(   37) = (   0.2000000   0.2000000   0.2000000), wk =   0.0160000
        k(   38) = (   0.2000000   0.2000000   0.3000000), wk =   0.0480000
        k(   39) = (   0.2000000   0.2000000   0.4000000), wk =   0.0480000
        k(   40) = (   0.2000000   0.2000000  -0.5000000), wk =   0.0240000
        k(   41) = (   0.2000000   0.3000000   0.3000000), wk =   0.0480000
        k(   42) = (   0.2000000   0.3000000   0.4000000), wk =   0.0960000
        k(   43) = (   0.2000000   0.3000000  -0.5000000), wk =   0.0480000
        k(   44) = (   0.2000000   0.4000000   0.4000000), wk =   0.0480000
        k(   45) = (   0.2000000   0.4000000  -0.5000000), wk =   0.0480000
        k(   46) = (   0.2000000  -0.5000000  -0.5000000), wk =   0.0120000
        k(   47) = (   0.3000000   0.3000000   0.3000000), wk =   0.0160000
        k(   48) = (   0.3000000   0.3000000   0.4000000), wk =   0.0480000
        k(   49) = (   0.3000000   0.3000000  -0.5000000), wk =   0.0240000
        k(   50) = (   0.3000000   0.4000000   0.4000000), wk =   0.0480000
        k(   51) = (   0.3000000   0.4000000  -0.5000000), wk =   0.0480000
        k(   52) = (   0.3000000  -0.5000000  -0.5000000), wk =   0.0120000
        k(   53) = (   0.4000000   0.4000000   0.4000000), wk =   0.0160000
        k(   54) = (   0.4000000   0.4000000  -0.5000000), wk =   0.0240000
        k(   55) = (   0.4000000  -0.5000000  -0.5000000), wk =   0.0120000
        k(   56) = (  -0.5000000  -0.5000000  -0.5000000), wk =   0.0020000

     Dense  grid:   316777 G-vectors     FFT dimensions: (  90,  90,  90)

     Smooth grid:   111875 G-vectors     FFT dimensions: (  60,  60,  60)

     Estimated max dynamical RAM per process >     281.81 MB

     Estimated total dynamical RAM >       1.98 GB

     Initial potential from superposition of free atoms

     starting charge      46.9808, renormalised to      47.0000
     Starting wfcs are   30 randomized atomic wfcs
     Checking if some PAW data can be deallocated... 

     total cpu time spent up to now is      327.1 secs

     Self-consistent Calculation

     iteration #  1     ecut=   100.00 Ry     beta= 0.30
     Davidson diagonalization with overlap
     ethr =  1.00E-02,  avg # of iterations =  6.0

     total cpu time spent up to now is      347.0 secs

     total energy              =   -1102.74654080 Ry
     estimated scf accuracy    <       0.86153035 Ry

     iteration #  2     ecut=   100.00 Ry     beta= 0.30
     Davidson diagonalization with overlap
     ethr =  1.83E-03,  avg # of iterations =  4.0

     total cpu time spent up to now is      365.9 secs

     total energy              =   -1102.96660352 Ry
     estimated scf accuracy    <       1.88030894 Ry

     iteration #  3     ecut=   100.00 Ry     beta= 0.30
     Davidson diagonalization with overlap
     ethr =  1.83E-03,  avg # of iterations =  3.3

     total cpu time spent up to now is      383.4 secs

     total energy              =   -1103.08264946 Ry
     estimated scf accuracy    <       0.11372569 Ry

     iteration #  4     ecut=   100.00 Ry     beta= 0.30
     Davidson diagonalization with overlap
     ethr =  2.42E-04,  avg # of iterations =  4.8

     total cpu time spent up to now is      402.2 secs

     total energy              =   -1103.10228063 Ry
     estimated scf accuracy    <       0.04367611 Ry

     iteration #  5     ecut=   100.00 Ry     beta= 0.30
     Davidson diagonalization with overlap
     ethr =  9.29E-05,  avg # of iterations =  3.1

     total cpu time spent up to now is      419.6 secs

     total energy              =   -1103.10807991 Ry
     estimated scf accuracy    <       0.00106131 Ry

     iteration #  6     ecut=   100.00 Ry     beta= 0.30
     Davidson diagonalization with overlap
     ethr =  2.26E-06,  avg # of iterations =  9.3

     total cpu time spent up to now is      445.1 secs

     total energy              =   -1103.10608103 Ry
     estimated scf accuracy    <       0.00751729 Ry

     iteration #  7     ecut=   100.00 Ry     beta= 0.30
     Davidson diagonalization with overlap
     ethr =  2.26E-06,  avg # of iterations =  4.3

     total cpu time spent up to now is      466.2 secs

     total energy              =   -1103.10756097 Ry
     estimated scf accuracy    <       0.00479475 Ry

     iteration #  8     ecut=   100.00 Ry     beta= 0.30
     Davidson diagonalization with overlap
     ethr =  2.26E-06,  avg # of iterations =  3.1

     total cpu time spent up to now is      483.6 secs

     total energy              =   -1103.10798636 Ry
     estimated scf accuracy    <       0.00003516 Ry

     iteration #  9     ecut=   100.00 Ry     beta= 0.30
     Davidson diagonalization with overlap
     ethr =  7.48E-08,  avg # of iterations =  3.5

     total cpu time spent up to now is      501.2 secs

     total energy              =   -1103.10798844 Ry
     estimated scf accuracy    <       0.00001019 Ry

     iteration # 10     ecut=   100.00 Ry     beta= 0.30
     Davidson diagonalization with overlap
     ethr =  2.17E-08,  avg # of iterations =  3.3

     total cpu time spent up to now is      518.6 secs

     total energy              =   -1103.10799028 Ry
     estimated scf accuracy    <       0.00000521 Ry

     iteration # 11     ecut=   100.00 Ry     beta= 0.30
     Davidson diagonalization with overlap
     ethr =  1.11E-08,  avg # of iterations =  2.1

     total cpu time spent up to now is      535.0 secs

     total energy              =   -1103.10799097 Ry
     estimated scf accuracy    <       0.00000006 Ry

     iteration # 12     ecut=   100.00 Ry     beta= 0.30
     Davidson diagonalization with overlap
     ethr =  1.32E-10,  avg # of iterations =  4.3

     total cpu time spent up to now is      556.5 secs

     total energy              =   -1103.10799094 Ry
     estimated scf accuracy    <       0.00000055 Ry

     iteration # 13     ecut=   100.00 Ry     beta= 0.30
     Davidson diagonalization with overlap
     ethr =  1.32E-10,  avg # of iterations =  3.9

     total cpu time spent up to now is      576.4 secs

     total energy              =   -1103.10799101 Ry
     estimated scf accuracy    <          2.5E-09 Ry

     iteration # 14     ecut=   100.00 Ry     beta= 0.30
     Davidson diagonalization with overlap
     ethr =  5.42E-12,  avg # of iterations =  4.0

     total cpu time spent up to now is      597.0 secs

     total energy              =   -1103.10799101 Ry
     estimated scf accuracy    <          4.0E-09 Ry

     iteration # 15     ecut=   100.00 Ry     beta= 0.30
     Davidson diagonalization with overlap
     ethr =  5.42E-12,  avg # of iterations =  1.6

     total cpu time spent up to now is      612.8 secs

     total energy              =   -1103.10799101 Ry
     estimated scf accuracy    <          2.3E-09 Ry

     iteration # 16     ecut=   100.00 Ry     beta= 0.30
     Davidson diagonalization with overlap
     ethr =  4.85E-12,  avg # of iterations =  2.1

     total cpu time spent up to now is      629.6 secs

     End of self-consistent calculation

          k = 0.0000 0.0000 0.0000 ( 13949 PWs)   bands (ev):

   -88.3421 -51.6686 -51.6686 -51.6686 -23.5931  -9.6603  -8.5097  -8.5097
    -7.0927  -7.0927  -7.0927   1.2380   1.2380   1.2380   3.9013   3.9013
     3.9013   4.4689   4.4689   4.4689   4.9684   4.9684   4.9684   5.2888
     5.2888   8.2933   9.6922  10.9103  10.9103

          k = 0.0000 0.0000 0.1000 ( 13966 PWs)   bands (ev):

   -88.3421 -51.6686 -51.6686 -51.6686 -23.5930  -9.6398  -8.5362  -8.5084
    -7.0921  -7.0921  -7.0844   1.2175   1.2617   1.2617   3.8084   3.8084
     3.8605   4.1801   4.3796   4.3796   4.9696   5.1160   5.1160   5.2893
     5.4742   8.4896   9.8748  10.9959  11.0610

          k = 0.0000 0.0000 0.2000 ( 13990 PWs)   bands (ev):

   -88.3421 -51.6686 -51.6686 -51.6686 -23.5927  -9.5818  -8.6087  -8.5051
    -7.0904  -7.0904  -7.0640   1.1732   1.3289   1.3289   3.5625   3.5625
     3.6722   3.7578   4.2860   4.2860   4.9728   5.2902   5.3592   5.3592
     5.7147   9.0445  10.3666  11.2483  11.4781

          k = 0.0000 0.0000 0.3000 ( 13966 PWs)   bands (ev):

   -88.3421 -51.6686 -51.6686 -51.6686 -23.5925  -9.4975  -8.7087  -8.5009
    -7.0884  -7.0884  -7.0414   1.1393   1.4261   1.4261   3.1955   3.2743
     3.2743   3.6385   4.2363   4.2363   4.9768   5.2913   5.5634   5.5634
     5.8665   9.8682  11.0070  11.6408  12.0590

          k = 0.0000 0.0000 0.4000 ( 13946 PWs)   bands (ev):

   -88.3421 -51.6686 -51.6686 -51.6686 -23.5923  -9.4117  -8.8057  -8.4975
    -7.0867  -7.0867  -7.0250   1.1323   1.5221   1.5221   2.8551   3.0450
     3.0450   3.5472   4.2100   4.2100   4.9801   5.2920   5.6931   5.6931
     5.9438  10.8215  11.5668  12.0025  12.6182

          k = 0.0000 0.0000-0.5000 ( 14030 PWs)   bands (ev):

   -88.3421 -51.6687 -51.6686 -51.6686 -23.5922  -9.3711  -8.8503  -8.4962
    -7.0861  -7.0861  -7.0192   1.1358   1.5650   1.5650   2.7293   2.9550
     2.9550   3.5135   4.2014   4.2014   4.9813   5.2923   5.7372   5.7372
     5.9672  11.4870  11.8047  11.9606  12.8668

          k = 0.0000 0.1000 0.1000 ( 13969 PWs)   bands (ev):

   -88.3421 -51.6686 -51.6686 -51.6686 -23.5929  -9.6193  -8.5479  -8.5210
    -7.0915  -7.0868  -7.0816   1.1381   1.2858   1.3418   3.5972   3.7427
     3.9218   4.0509   4.2599   4.2661   5.1027   5.1280   5.1635   5.3780
     5.6021   8.6591  10.0454  11.1123  11.1607

          k = 0.0000 0.1000 0.2000 ( 13960 PWs)   bands (ev):

   -88.3421 -51.6686 -51.6686 -51.6686 -23.5927  -9.5610  -8.6133  -8.5225
    -7.0898  -7.0846  -7.0641   1.0499   1.3544   1.4450   3.2333   3.5370
     3.6984   3.9270   4.1343   4.1429   5.1149   5.3127   5.3586   5.4242
     5.8671   9.1620  10.5083  11.3606  11.5308

          k = 0.0000 0.1000 0.3000 ( 13963 PWs)   bands (ev):

   -88.3421 -51.6686 -51.6686 -51.6686 -23.5924  -9.4761  -8.7110  -8.5184
    -7.0878  -7.0837  -7.0432   0.9903   1.4539   1.5536   2.8416   3.2647
     3.3809   3.8556   4.0696   4.0745   5.1160   5.3751   5.5529   5.5622
     6.0436   9.9478  11.1266  11.7278  12.0776

          k = 0.0000 0.1000 0.4000 ( 13994 PWs)   bands (ev):

   -88.3421 -51.6687 -51.6686 -51.6686 -23.5922  -9.3890  -8.8074  -8.5146
    -7.0861  -7.0830  -7.0280   0.9678   1.5526   1.6479   2.5433   3.0390
     3.1569   3.7764   4.0392   4.0455   5.1169   5.3844   5.6801   5.6916
     6.1247  10.8857  11.6952  12.0678  12.6295

          k = 0.0000 0.1000-0.5000 ( 13994 PWs)   bands (ev):

   -88.3421 -51.6687 -51.6686 -51.6686 -23.5921  -9.3475  -8.8523  -8.5131
    -7.0855  -7.0827  -7.0226   0.9656   1.5970   1.6879   2.4307   2.9493
     3.0734   3.7440   4.0298   4.0374   5.1172   5.3862   5.7281   5.7356
     6.1458  11.5604  11.9034  12.0605  12.7875

          k = 0.0000 0.2000 0.2000 ( 13973 PWs)   bands (ev):

   -88.3421 -51.6686 -51.6686 -51.6686 -23.5925  -9.5018  -8.6437  -8.5537
    -7.0882  -7.0736  -7.0614   0.8886   1.4272   1.5965   2.8050   3.4359
     3.6310   3.8096   3.8970   4.1706   5.3460   5.3661   5.3823   5.4754
     6.2057   9.5391  10.8989  11.6764  11.7178

          k = 0.0000 0.2000 0.3000 ( 13972 PWs)   bands (ev):

   -88.3421 -51.6686 -51.6686 -51.6686 -23.5922  -9.4150  -8.7215  -8.5643
    -7.0862  -7.0719  -7.0478   0.7647   1.5336   1.7283   2.4175   3.2323
     3.4048   3.7540   3.7596   4.2109   5.3537   5.4523   5.5492   5.5590
     6.4757  10.2006  11.4484  12.0010  12.1859

          k = 0.0000 0.2000 0.4000 ( 14018 PWs)   bands (ev):

   -88.3421 -51.6687 -51.6687 -51.6686 -23.5920  -9.3241  -8.8123  -8.5646
    -7.0846  -7.0732  -7.0356   0.6948   1.6411   1.8249   2.1455   3.0231
     3.2159   3.7061   3.7457   4.1992   5.3524   5.4688   5.6605   5.6877
     6.6084  11.0683  12.0301  12.2915  12.6840

          k = 0.0000 0.2000-0.5000 ( 13988 PWs)   bands (ev):

   -88.3421 -51.6687 -51.6686 -51.6686 -23.5919  -9.2793  -8.8576  -8.5641
    -7.0840  -7.0738  -7.0311   0.6738   1.6903   1.8624   2.0465   2.9343
     3.1458   3.6918   3.7440   4.1884   5.3518   5.4720   5.7086   5.7315
     6.6436  11.7402  12.1684  12.3767  12.9171

          k = 0.0000 0.3000 0.3000 ( 13987 PWs)   bands (ev):

   -88.3421 -51.6687 -51.6686 -51.6686 -23.5919  -9.3243  -8.7549  -8.6153
    -7.0843  -7.0609  -7.0507   0.5728   1.6522   1.8695   2.0594   3.1520
     3.3807   3.4886   3.5319   4.4510   5.4873   5.5515   5.5588   5.5867
     6.9017  10.6710  11.8934  12.4005  12.4826

          k = 0.0000 0.3000 0.4000 ( 13988 PWs)   bands (ev):

   -88.3421 -51.6687 -51.6686 -51.6686 -23.5917  -9.2260  -8.8208  -8.6422
    -7.0828  -7.0613  -7.0442   0.4484   1.7759   1.8217   1.9641   3.0007
     3.2588   3.3623   3.4879   4.5717   5.5006   5.5522   5.6597   5.6832
     7.1622  11.3709  12.3987  12.7516  12.8200

          k = 0.0000 0.3000-0.5000 ( 13982 PWs)   bands (ev):

   -88.3421 -51.6687 -51.6686 -51.6686 -23.5916  -9.1741  -8.8640  -8.6487
    -7.0822  -7.0626  -7.0406   0.4058   1.7385   1.8347   1.9984   2.9159
     3.2005   3.3347   3.4871   4.6041   5.5039   5.5512   5.6978   5.7267
     7.2423  12.0036  12.4307  12.8427  13.0006

          k = 0.0000 0.4000 0.4000 ( 13983 PWs)   bands (ev):

   -88.3421 -51.6687 -51.6686 -51.6686 -23.5915  -9.1134  -8.8399  -8.7263
    -7.0813  -7.0528  -7.0497   0.2814   1.6141   1.9238   2.0538   2.9618
     3.0999   3.2762   3.3298   4.8060   5.5125   5.6789   5.6802   5.6887
     7.5718  11.8337  12.6746  13.0010  13.2326

          k = 0.0000 0.4000-0.5000 ( 13998 PWs)   bands (ev):

   -88.3421 -51.6687 -51.6686 -51.6686 -23.5914  -9.0446  -8.8693  -8.7622
    -7.0807  -7.0536  -7.0476   0.2225   1.5428   1.9991   2.0858   2.9011
     3.0319   3.2406   3.3162   4.8802   5.5157   5.6782   5.7105   5.7229
     7.7182  12.3817  12.4862  13.0006  13.1514

          k = 0.0000-0.5000-0.5000 ( 13948 PWs)   bands (ev):

   -88.3421 -51.6686 -51.6686 -51.6686 -23.5914  -8.9295  -8.8713  -8.8713
    -7.0801  -7.0501  -7.0501   0.1577   1.4758   2.0880   2.1168   2.8954
     2.8954   3.2557   3.2557   4.9718   5.5189   5.7215   5.7215   5.7246
     7.9002  12.5352  12.7670  12.7670  12.9692

          k = 0.1000 0.1000 0.1000 ( 13940 PWs)   bands (ev):

   -88.3421 -51.6686 -51.6686 -51.6686 -23.5928  -9.5987  -8.5461  -8.5461
    -7.0870  -7.0870  -7.0782   1.0598   1.3642   1.3642   3.5579   3.5579
     3.7798   3.9905   4.2426   4.2426   5.1578   5.1713   5.1713   5.6044
     5.6044   8.8089  10.2019  11.2351  11.2351

          k = 0.1000 0.1000 0.2000 ( 13957 PWs)   bands (ev):

   -88.3421 -51.6686 -51.6686 -51.6686 -23.5926  -9.5402  -8.6153  -8.5412
    -7.0876  -7.0825  -7.0635   0.9504   1.4284   1.4849   3.2108   3.2582
     3.6156   4.0038   4.0425   4.1968   5.1679   5.3267   5.3410   5.6142
     5.9260   9.2696  10.6301  11.4568  11.5832

          k = 0.1000 0.1000 0.3000 ( 13979 PWs)   bands (ev):

   -88.3421 -51.6686 -51.6686 -51.6686 -23.5923  -9.4550  -8.7122  -8.5353
    -7.0883  -7.0795  -7.0448   0.8712   1.5230   1.6038   2.7744   2.9660
     3.5481   3.8340   3.9461   4.1571   5.1707   5.4671   5.5326   5.6447
     6.1375  10.0210  11.2157  11.8016  12.0961

          k = 0.1000 0.1000 0.4000 ( 14000 PWs)   bands (ev):

   -88.3421 -51.6687 -51.6686 -51.6686 -23.5921  -9.3669  -8.8083  -8.5304
    -7.0888  -7.0773  -7.0311   0.8342   1.6203   1.6988   2.4623   2.7423
     3.4484   3.7273   3.8763   4.1367   5.1727   5.5279   5.6713   5.7026
     6.2338  10.9432  11.7845  12.1076  12.6458

          k = 0.1000 0.1000-0.5000 ( 13988 PWs)   bands (ev):

   -88.3421 -51.6687 -51.6686 -51.6686 -23.5920  -9.3245  -8.8536  -8.5285
    -7.0891  -7.0765  -7.0262   0.8261   1.6657   1.7369   2.3482   2.6537
     3.3954   3.7023   3.8472   4.1304   5.1735   5.5401   5.7223   5.7321
     6.2585  11.6267  11.9620  12.1260  12.8365

          k = 0.1000 0.2000 0.2000 ( 13956 PWs)   bands (ev):

   -88.3421 -51.6686 -51.6686 -51.6686 -23.5924  -9.4813  -8.6406  -8.5743
    -7.0865  -7.0758  -7.0588   0.7893   1.5117   1.6132   2.8076   3.2145
     3.2801   3.9839   4.0664   4.1760   5.3109   5.3628   5.4015   5.7395
     6.2013   9.6215  10.9701  11.7320  11.7663

          k = 0.1000 0.2000 0.3000 ( 13980 PWs)   bands (ev):

   -88.3421 -51.6687 -51.6686 -51.6686 -23.5921  -9.3947  -8.7196  -8.5799
    -7.0876  -7.0716  -7.0482   0.6570   1.6094   1.7428   2.4180   2.9104
     3.2635   3.8091   4.0195   4.2249   5.3335   5.5171   5.5305   5.7585
     6.4836  10.2566  11.4571  12.0375  12.1987

          k = 0.1000 0.2000 0.4000 ( 14004 PWs)   bands (ev):

   -88.3421 -51.6687 -51.6686 -51.6686 -23.5919  -9.3034  -8.8111  -8.5770
    -7.0893  -7.0693  -7.0388   0.5783   1.7104   1.8369   2.1448   2.6670
     3.2917   3.6280   4.0084   4.2174   5.3367   5.6404   5.6575   5.7515
     6.6287  11.1089  11.9909  12.2678  12.7050

          k = 0.1000 0.2000-0.5000 ( 13992 PWs)   bands (ev):

   -88.3421 -51.6687 -51.6686 -51.6686 -23.5918  -9.2580  -8.8569  -8.5754
    -7.0901  -7.0685  -7.0354   0.5535   1.7592   1.8732   2.0454   2.5704
     3.3165   3.5450   4.0051   4.2080   5.3376   5.7062   5.7067   5.7281
     6.6676  11.7996  12.0888  12.3312  12.9637

          k = 0.1000 0.3000 0.3000 ( 13993 PWs)   bands (ev):

   -88.3421 -51.6687 -51.6686 -51.6686 -23.5919  -9.3051  -8.7505  -8.6278
    -7.0870  -7.0651  -7.0494   0.4637   1.7123   1.8742   2.0705   2.8985
     2.9588   3.7956   3.8419   4.4579   5.4805   5.5526   5.5802   5.7904
     6.8970  10.7061  11.7920  12.4082  12.4626

          k = 0.1000 0.3000 0.4000 ( 13991 PWs)   bands (ev):

   -88.3421 -51.6687 -51.6686 -51.6686 -23.5916  -9.2077  -8.8172  -8.6497
    -7.0876  -7.0624  -7.0472   0.3353   1.8072   1.8510   1.9651   2.6724
     2.9577   3.6553   3.8227   4.5772   5.5080   5.6579   5.6602   5.7842
     7.1607  11.3872  12.1535  12.6184  12.8289

          k = 0.1000 0.3000-0.5000 ( 13982 PWs)   bands (ev):

   -88.3421 -51.6687 -51.6686 -51.6686 -23.5916  -9.1558  -8.8611  -8.6541
    -7.0882  -7.0618  -7.0458   0.2908   1.7516   1.8781   2.0005   2.5690
     2.9707   3.5911   3.8231   4.6095   5.5107   5.6980   5.7245   5.7598
     7.2425  12.0548  12.1419  12.6384  12.9198

          k = 0.1000 0.4000 0.4000 ( 13991 PWs)   bands (ev):

   -88.3421 -51.6687 -51.6686 -51.6686 -23.5914  -9.0979  -8.8347  -8.7284
    -7.0858  -7.0585  -7.0524   0.1677   1.6303   1.9501   2.0515   2.6693
     2.7140   3.6675   3.6770   4.8094   5.6223   5.6771   5.6907   5.7811
     7.5702  11.8021  12.2477  12.8473  13.1979

          k = 0.1000 0.4000-0.5000 ( 13996 PWs)   bands (ev):

   -88.3421 -51.6687 -51.6687 -51.6686 -23.5914  -9.0304  -8.8645  -8.7610
    -7.0852  -7.0577  -7.0536   0.1082   1.5611   2.0146   2.0862   2.5754
     2.7010   3.6145   3.6779   4.8835   5.6426   5.7116   5.7223   5.7604
     7.7180  12.0939  12.3979  12.7605  12.8951

          k = 0.1000-0.5000-0.5000 ( 13992 PWs)   bands (ev):

   -88.3421 -51.6687 -51.6687 -51.6686 -23.5913  -8.9187  -8.8659  -8.8659
    -7.0837  -7.0564  -7.0564   0.0433   1.4957   2.0931   2.1181   2.5782
     2.5782   3.6226   3.6226   4.9751   5.7194   5.7194   5.7278   5.7279
     7.9016  12.0669  12.6547  12.6547  12.9489

          k = 0.2000 0.2000 0.2000 ( 13946 PWs)   bands (ev):

   -88.3421 -51.6686 -51.6686 -51.6686 -23.5922  -9.4229  -8.6325  -8.6325
    -7.0815  -7.0815  -7.0531   0.6042   1.6620   1.6620   2.7332   2.8852
     2.8852   4.1189   4.1189   4.2375   5.3592   5.4278   5.4278   6.1866
     6.1866   9.9000  11.1794  11.9239  11.9239

          k = 0.2000 0.2000 0.3000 ( 14004 PWs)   bands (ev):

   -88.3421 -51.6687 -51.6686 -51.6686 -23.5919  -9.3367  -8.7177  -8.6223
    -7.0887  -7.0743  -7.0481   0.4377   1.7388   1.7927   2.3559   2.5873
     2.8775   4.0592   4.1313   4.3121   5.3964   5.5317   5.5456   6.1592
     6.5615  10.4399  11.4974  12.1765  12.2788

          k = 0.2000 0.2000 0.4000 ( 14038 PWs)   bands (ev):

   -88.3421 -51.6687 -51.6687 -51.6686 -23.5917  -9.2444  -8.8085  -8.6140
    -7.0946  -7.0672  -7.0463   0.3294   1.8317   1.8782   2.0858   2.3573
     2.9050   3.9785   4.1311   4.3258   5.4064   5.6502   5.6684   6.1230
     6.7617  11.2187  11.8651  12.3114  12.7674

          k = 0.2000 0.2000-0.5000 ( 14010 PWs)   bands (ev):

   -88.3421 -51.6687 -51.6686 -51.6686 -23.5916  -9.1968  -8.8554  -8.6108
    -7.0969  -7.0639  -7.0464   0.2925   1.8880   1.9086   1.9903   2.2549
     2.9184   3.9427   4.1309   4.3231   5.4092   5.6991   5.7236   6.1025
     6.8173  11.8909  11.9522  12.2781  12.9867

          k = 0.2000 0.3000 0.3000 ( 14006 PWs)   bands (ev):

   -88.3421 -51.6687 -51.6686 -51.6686 -23.5917  -9.2505  -8.7391  -8.6651
    -7.0907  -7.0763  -7.0492   0.2252   1.8223   1.8874   2.0898   2.5305
     2.5681   4.1325   4.1351   4.4875   5.4995   5.5663   5.5932   6.3000
     6.8813  10.8086  11.5866  12.4460  12.4587

          k = 0.2000 0.3000 0.4000 ( 13995 PWs)   bands (ev):

   -88.3421 -51.6687 -51.6686 -51.6686 -23.5915  -9.1557  -8.8078  -8.6730
    -7.0962  -7.0709  -7.0537   0.0786   1.8450   1.9288   1.9645   2.3073
     2.5751   4.1012   4.1501   4.5984   5.5329   5.6555   5.6762   6.2915
     7.1620  11.3827  11.7364  12.4629  12.7893

          k = 0.2000 0.3000-0.5000 ( 14008 PWs)   bands (ev):

   -88.3421 -51.6687 -51.6686 -51.6686 -23.5914  -9.1036  -8.8535  -8.6725
    -7.0989  -7.0644  -7.0593   0.0267   1.7825   1.9550   2.0120   2.1912
     2.5877   4.0838   4.1539   4.6298   5.5377   5.6974   5.7228   6.2777
     7.2530  11.6546  12.0810  12.4118  12.6662

          k = 0.2000 0.4000 0.4000 ( 13976 PWs)   bands (ev):

   -88.3421 -51.6686 -51.6686 -51.6686 -23.5913  -9.0544  -8.8211  -8.7368
    -7.0959  -7.0736  -7.0612  -0.0985   1.6733   1.9920   2.0342   2.3261
     2.3335   4.1288   4.1333   4.8191   5.6458   5.6766   5.7015   6.2983
     7.5642  11.4853  11.8413  12.6139  12.6832

          k = 0.2000 0.4000-0.5000 ( 13996 PWs)   bands (ev):

   -88.3421 -51.6686 -51.6686 -51.6686 -23.5912  -8.9910  -8.8520  -8.7600
    -7.0961  -7.0692  -7.0692  -0.1618   1.6094   2.0316   2.0890   2.2006
     2.3421   4.1191   4.1385   4.8925   5.6628   5.7111   5.7270   6.2868
     7.7167  11.4709  12.1857  12.3785  12.6718

          k = 0.2000-0.5000-0.5000 ( 14016 PWs)   bands (ev):

   -88.3421 -51.6687 -51.6687 -51.6686 -23.5911  -8.8900  -8.8515  -8.8515
    -7.0932  -7.0729  -7.0729  -0.2293   1.5483   2.1047   2.1213   2.2072
     2.2072   4.1281   4.1281   4.9837   5.7170   5.7170   5.7367   6.2749
     7.9053  11.4030  12.2673  12.2673  12.6924

          k = 0.3000 0.3000 0.3000 ( 14000 PWs)   bands (ev):

   -88.3421 -51.6687 -51.6686 -51.6686 -23.5914  -9.1693  -8.7247  -8.7247
    -7.0905  -7.0905  -7.0538  -0.0183   1.9064   1.9064   2.0210   2.3033
     2.3033   4.3295   4.3295   4.5745   5.5521   5.6141   5.6141   6.8533
     6.8533  11.0079  11.4171  12.5386  12.5389

          k = 0.3000 0.3000 0.4000 ( 14009 PWs)   bands (ev):

   -88.3421 -51.6687 -51.6686 -51.6686 -23.5912  -9.0786  -8.7979  -8.7129
    -7.1021  -7.0847  -7.0630  -0.1909   1.8486   1.9291   1.9609   2.1283
     2.2952   4.3870   4.4308   4.6739   5.5921   5.6658   5.6884   6.8207
     7.2353  11.2396  11.4766  12.4367  12.6521

          k = 0.3000 0.3000-0.5000 ( 14000 PWs)   bands (ev):

   -88.3421 -51.6686 -51.6686 -51.6686 -23.5911  -9.0259  -8.8440  -8.7083
    -7.1066  -7.0758  -7.0732  -0.2528   1.7826   1.9456   1.9748   2.0604
     2.3057   4.3992   4.4598   4.7076   5.5999   5.7013   5.7271   6.8050
     7.3618  11.2334  11.8497  12.2420  12.6406

          k = 0.3000 0.4000 0.4000 ( 14006 PWs)   bands (ev):

   -88.3421 -51.6687 -51.6686 -51.6686 -23.5910  -8.9913  -8.8038  -8.7558
    -7.1052  -7.0927  -7.0753  -0.3847   1.7259   1.9340   1.9409   2.1291
     2.1573   4.5153   4.5368   4.8353   5.6654   5.6905   5.7139   6.9675
     7.5517  11.0351  11.5159  12.2350  12.4231

          k = 0.3000 0.4000-0.5000 ( 13984 PWs)   bands (ev):

   -88.3421 -51.6686 -51.6686 -51.6686 -23.5910  -8.9349  -8.8362  -8.7652
    -7.1078  -7.0888  -7.0856  -0.4545   1.6693   1.9163   1.9479   2.1044
     2.1582   4.5402   4.5684   4.9054   5.6825   5.7166   5.7373   6.9717
     7.7165  10.9564  11.7403  11.9096  12.3424

          k = 0.3000-0.5000-0.5000 ( 14016 PWs)   bands (ev):

   -88.3421 -51.6687 -51.6687 -51.6686 -23.5909  -8.8538  -8.8333  -8.8333
    -7.1048  -7.0937  -7.0937  -0.5271   1.6146   1.9244   1.9244   2.1171
     2.1252   4.5837   4.5837   4.9945   5.7236   5.7236   5.7485   6.9830
     7.9099  10.8601  11.7849  11.7849  12.0877

          k = 0.4000 0.4000 0.4000 ( 14010 PWs)   bands (ev):

   -88.3421 -51.6687 -51.6687 -51.6686 -23.5908  -8.9216  -8.7896  -8.7896
    -7.1085  -7.1085  -7.0908  -0.5928   1.7440   1.8067   1.8067   2.1250
     2.1250   4.7703   4.7703   4.8801   5.7036   5.7254   5.7254   7.5357
     7.5357  10.7303  11.3444  11.9279  11.9279

          k = 0.4000 0.4000-0.5000 ( 14022 PWs)   bands (ev):

   -88.3421 -51.6687 -51.6687 -51.6686 -23.5908  -8.8742  -8.8232  -8.7841
    -7.1146  -7.1048  -7.1017  -0.6679   1.7044   1.7547   1.8045   2.1208
     2.1308   4.8078   4.8556   4.9357   5.7215   5.7363   5.7485   7.5276
     7.7634  10.6244  11.4472  11.5483  11.8175

          k = 0.4000-0.5000-0.5000 ( 14000 PWs)   bands (ev):

   -88.3421 -51.6687 -51.6686 -51.6686 -23.5907  -8.8239  -8.8182  -8.8182
    -7.1141  -7.1110  -7.1110  -0.7451   1.6693   1.7495   1.7495   2.1263
     2.1284   4.8977   4.8977   5.0032   5.7462   5.7462   5.7589   7.6306
     7.9137  10.5097  11.4125  11.4125  11.5205

          k =-0.5000-0.5000-0.5000 ( 13992 PWs)   bands (ev):

   -88.3421 -51.6686 -51.6686 -51.6686 -23.5906  -8.8123  -8.8123  -8.8123
    -7.1177  -7.1177  -7.1177  -0.8241   1.6904   1.6904   1.6904   2.1297
     2.1297   5.0066   5.0066   5.0066   5.7630   5.7630   5.7630   7.9152
     7.9152  10.3886  11.2722  11.2722  11.2722

     the Fermi energy is     5.8286 ev

!    total energy              =   -1103.10799101 Ry
     total all-electron energy =    -19630.252218 Ry
     estimated scf accuracy    <          7.1E-12 Ry
     smearing contrib. (-TS)   =      -0.00489519 Ry
     internal energy E=F+TS    =   -1103.10309582 Ry

     The total energy is F=E-TS. E is the sum of the following terms:
     one-electron contribution =    -307.38952908 Ry
     hartree contribution      =     176.83049590 Ry
     xc contribution           =     -68.57254536 Ry
     ewald contribution        =    -231.28085157 Ry
     one-center paw contrib.   =    -672.69066571 Ry

     convergence has been achieved in  16 iterations

     Forces acting on atoms (cartesian axes, Ry/au):

     atom    1 type  1   force =     0.00000000    0.00000000    0.00000000
     atom    2 type  2   force =     0.00000000    0.00000000    0.00000000
     atom    3 type  3   force =     0.00000000    0.00000000    0.00000000
     atom    4 type  3   force =     0.00000000    0.00000000    0.00000000
     atom    5 type  3   force =     0.00000000    0.00000000    0.00000000

     Total force =     0.000000     Total SCF correction =     0.000000


     Computing stress (Cartesian axis) and pressure

          total   stress  (Ry/bohr**3)                   (kbar)     P=       20.66
   0.00014043   0.00000000   0.00000000           20.66        0.00        0.00
   0.00000000   0.00014043   0.00000000            0.00       20.66        0.00
   0.00000000   0.00000000   0.00014043            0.00        0.00       20.66


     BFGS Geometry Optimization
     Energy error            =      0.0E+00 Ry
     Gradient error          =      0.0E+00 Ry/Bohr

     bfgs converged in   1 scf cycles and   0 bfgs steps
     (criteria: energy <  1.0E-07 Ry, force <  1.0E-03 Ry/Bohr)

     End of BFGS Geometry Optimization

     Final energy             =   -1103.1079910133 Ry
Begin final coordinates

ATOMIC_POSITIONS (crystal)
K                0.0000000000        0.0000000000        0.0000000000
Co               0.5000000000        0.5000000000        0.5000000000
Br               0.5000000000        0.5000000000        0.0000000000
Br               0.5000000000        0.0000000000        0.5000000000
Br               0.0000000000        0.5000000000        0.5000000000
End final coordinates



  ++++++++++++++++++++++++++++++++++++++++++++++++++++++++++++++++++++++++++++
     Doing work    3 /     9
  ++++++++++++++++++++++++++++++++++++++++++++++++++++++++++++++++++++++++++++


     Current dimensions of program PWSCF are:
     Max number of different atomic species (ntypx) = 10
     Max number of k-points (npk) = 120000
     Max angular momentum in pseudopotentials (lmaxx) =  4

     WARNING: check_stop already initialized

     Parallelization info
     --------------------
     sticks:   dense  smooth     PW     G-vecs:    dense   smooth      PW
     Min        2834    1418    391               160842    56803    8387
     Max        2847    1419    402               160939    56902    8444
     Sum        5681    2837    793               321781   113705   16831

     Using Pencil Decomposition



     bravais-lattice index     =            1
     lattice parameter (alat)  =       9.4422  a.u.
     unit-cell volume          =     841.8083 (a.u.)^3
     number of atoms/cell      =            5
     number of atomic types    =            3
     number of electrons       =        47.00
     number of Kohn-Sham states=           29
     kinetic-energy cutoff     =     100.0000  Ry
     charge density cutoff     =     800.0000  Ry
     scf convergence threshold =      1.0E-10
     mixing beta               =       0.3000
     number of iterations used =            8  plain     mixing
     energy convergence thresh.=      1.0E-07
     force convergence thresh. =      1.0E-03
     Exchange-correlation= PBE
                           (   1   4   3   4   0   0   0)
     nstep                     =           20


     celldm(1)=   9.442154  celldm(2)=   0.000000  celldm(3)=   0.000000
     celldm(4)=   0.000000  celldm(5)=   0.000000  celldm(6)=   0.000000

     crystal axes: (cart. coord. in units of alat)
               a(1) = (   1.000000   0.000000   0.000000 )  
               a(2) = (   0.000000   1.000000   0.000000 )  
               a(3) = (   0.000000   0.000000   1.000000 )  

     reciprocal axes: (cart. coord. in units 2 pi/alat)
               b(1) = (  1.000000  0.000000  0.000000 )  
               b(2) = (  0.000000  1.000000  0.000000 )  
               b(3) = (  0.000000  0.000000  1.000000 )  


     PseudoPot. # 1 for K  read from file:
     /home/administrator/Downloads/BURAI/BURAI1.3/pseudopot/K.pbe-spn-kjpaw_psl.1.0.0.UPF
     MD5 check sum: 14ff5a24ff9f8afecca2cb30191d3c3d
     Pseudo is Projector augmented-wave + core cor, Zval =  9.0
     Generated using "atomic" code by A. Dal Corso  v.5.1.2
     Shape of augmentation charge: PSQ
     Using radial grid of 1165 points,  6 beta functions with: 
                l(1) =   0
                l(2) =   0
                l(3) =   1
                l(4) =   1
                l(5) =   2
                l(6) =   2
     Q(r) pseudized with 0 coefficients 


     PseudoPot. # 2 for Co read from file:
     /home/administrator/Downloads/BURAI/BURAI1.3/pseudopot/Co.pbe-spn-kjpaw_psl.1.0.0.UPF
     MD5 check sum: debeb0e0a2756593e9907dd3738e3b12
     Pseudo is Projector augmented-wave + core cor, Zval = 17.0
     Generated using "atomic" code by A. Dal Corso  v.5.1.2
     Shape of augmentation charge: PSQ
     Using radial grid of 1193 points,  6 beta functions with: 
                l(1) =   0
                l(2) =   0
                l(3) =   1
                l(4) =   1
                l(5) =   2
                l(6) =   2
     Q(r) pseudized with 0 coefficients 


     PseudoPot. # 3 for Br read from file:
     /home/administrator/Downloads/BURAI/BURAI1.3/pseudopot/Br.pbe-n-kjpaw_psl.1.0.0.UPF
     MD5 check sum: 4e719ecb11afb5eb9a83625d9f5c08f4
     Pseudo is Projector augmented-wave + core cor, Zval =  7.0
     Generated using "atomic" code by A. Dal Corso  v.5.1.2
     Shape of augmentation charge: PSQ
     Using radial grid of 1213 points,  4 beta functions with: 
                l(1) =   0
                l(2) =   0
                l(3) =   1
                l(4) =   1
     Q(r) pseudized with 0 coefficients 


     atomic species   valence    mass     pseudopotential
     K                 9.00    39.09830     K ( 1.00)
     Co               17.00    58.93320     Co( 1.00)
     Br                7.00    79.90400     Br( 1.00)

     48 Sym. Ops., with inversion, found



   Cartesian axes

     site n.     atom                  positions (alat units)
         1        K      tau(   1) = (   0.0000000   0.0000000   0.0000000  )
         2        Co     tau(   2) = (   0.5000000   0.5000000   0.5000000  )
         3        Br     tau(   3) = (   0.5000000   0.5000000   0.0000000  )
         4        Br     tau(   4) = (   0.5000000   0.0000000   0.5000000  )
         5        Br     tau(   5) = (   0.0000000   0.5000000   0.5000000  )

     number of k points=    56  Gaussian smearing, width (Ry)=  0.0100
                       cart. coord. in units 2pi/alat
        k(    1) = (   0.0000000   0.0000000   0.0000000), wk =   0.0020000
        k(    2) = (   0.0000000   0.0000000   0.1000000), wk =   0.0120000
        k(    3) = (   0.0000000   0.0000000   0.2000000), wk =   0.0120000
        k(    4) = (   0.0000000   0.0000000   0.3000000), wk =   0.0120000
        k(    5) = (   0.0000000   0.0000000   0.4000000), wk =   0.0120000
        k(    6) = (   0.0000000   0.0000000  -0.5000000), wk =   0.0060000
        k(    7) = (   0.0000000   0.1000000   0.1000000), wk =   0.0240000
        k(    8) = (   0.0000000   0.1000000   0.2000000), wk =   0.0480000
        k(    9) = (   0.0000000   0.1000000   0.3000000), wk =   0.0480000
        k(   10) = (   0.0000000   0.1000000   0.4000000), wk =   0.0480000
        k(   11) = (   0.0000000   0.1000000  -0.5000000), wk =   0.0240000
        k(   12) = (   0.0000000   0.2000000   0.2000000), wk =   0.0240000
        k(   13) = (   0.0000000   0.2000000   0.3000000), wk =   0.0480000
        k(   14) = (   0.0000000   0.2000000   0.4000000), wk =   0.0480000
        k(   15) = (   0.0000000   0.2000000  -0.5000000), wk =   0.0240000
        k(   16) = (   0.0000000   0.3000000   0.3000000), wk =   0.0240000
        k(   17) = (   0.0000000   0.3000000   0.4000000), wk =   0.0480000
        k(   18) = (   0.0000000   0.3000000  -0.5000000), wk =   0.0240000
        k(   19) = (   0.0000000   0.4000000   0.4000000), wk =   0.0240000
        k(   20) = (   0.0000000   0.4000000  -0.5000000), wk =   0.0240000
        k(   21) = (   0.0000000  -0.5000000  -0.5000000), wk =   0.0060000
        k(   22) = (   0.1000000   0.1000000   0.1000000), wk =   0.0160000
        k(   23) = (   0.1000000   0.1000000   0.2000000), wk =   0.0480000
        k(   24) = (   0.1000000   0.1000000   0.3000000), wk =   0.0480000
        k(   25) = (   0.1000000   0.1000000   0.4000000), wk =   0.0480000
        k(   26) = (   0.1000000   0.1000000  -0.5000000), wk =   0.0240000
        k(   27) = (   0.1000000   0.2000000   0.2000000), wk =   0.0480000
        k(   28) = (   0.1000000   0.2000000   0.3000000), wk =   0.0960000
        k(   29) = (   0.1000000   0.2000000   0.4000000), wk =   0.0960000
        k(   30) = (   0.1000000   0.2000000  -0.5000000), wk =   0.0480000
        k(   31) = (   0.1000000   0.3000000   0.3000000), wk =   0.0480000
        k(   32) = (   0.1000000   0.3000000   0.4000000), wk =   0.0960000
        k(   33) = (   0.1000000   0.3000000  -0.5000000), wk =   0.0480000
        k(   34) = (   0.1000000   0.4000000   0.4000000), wk =   0.0480000
        k(   35) = (   0.1000000   0.4000000  -0.5000000), wk =   0.0480000
        k(   36) = (   0.1000000  -0.5000000  -0.5000000), wk =   0.0120000
        k(   37) = (   0.2000000   0.2000000   0.2000000), wk =   0.0160000
        k(   38) = (   0.2000000   0.2000000   0.3000000), wk =   0.0480000
        k(   39) = (   0.2000000   0.2000000   0.4000000), wk =   0.0480000
        k(   40) = (   0.2000000   0.2000000  -0.5000000), wk =   0.0240000
        k(   41) = (   0.2000000   0.3000000   0.3000000), wk =   0.0480000
        k(   42) = (   0.2000000   0.3000000   0.4000000), wk =   0.0960000
        k(   43) = (   0.2000000   0.3000000  -0.5000000), wk =   0.0480000
        k(   44) = (   0.2000000   0.4000000   0.4000000), wk =   0.0480000
        k(   45) = (   0.2000000   0.4000000  -0.5000000), wk =   0.0480000
        k(   46) = (   0.2000000  -0.5000000  -0.5000000), wk =   0.0120000
        k(   47) = (   0.3000000   0.3000000   0.3000000), wk =   0.0160000
        k(   48) = (   0.3000000   0.3000000   0.4000000), wk =   0.0480000
        k(   49) = (   0.3000000   0.3000000  -0.5000000), wk =   0.0240000
        k(   50) = (   0.3000000   0.4000000   0.4000000), wk =   0.0480000
        k(   51) = (   0.3000000   0.4000000  -0.5000000), wk =   0.0480000
        k(   52) = (   0.3000000  -0.5000000  -0.5000000), wk =   0.0120000
        k(   53) = (   0.4000000   0.4000000   0.4000000), wk =   0.0160000
        k(   54) = (   0.4000000   0.4000000  -0.5000000), wk =   0.0240000
        k(   55) = (   0.4000000  -0.5000000  -0.5000000), wk =   0.0120000
        k(   56) = (  -0.5000000  -0.5000000  -0.5000000), wk =   0.0020000

     Dense  grid:   321781 G-vectors     FFT dimensions: (  90,  90,  90)

     Smooth grid:   113705 G-vectors     FFT dimensions: (  64,  64,  64)

     Estimated max dynamical RAM per process >     285.70 MB

     Estimated total dynamical RAM >       2.00 GB

     Initial potential from superposition of free atoms

     starting charge      46.9808, renormalised to      47.0000
     Starting wfcs are   30 randomized atomic wfcs
     Checking if some PAW data can be deallocated... 

     total cpu time spent up to now is      656.4 secs

     Self-consistent Calculation

     iteration #  1     ecut=   100.00 Ry     beta= 0.30
     Davidson diagonalization with overlap
     ethr =  1.00E-02,  avg # of iterations =  6.1

     total cpu time spent up to now is      680.2 secs

     total energy              =   -1102.75807000 Ry
     estimated scf accuracy    <       0.83939859 Ry

     iteration #  2     ecut=   100.00 Ry     beta= 0.30
     Davidson diagonalization with overlap
     ethr =  1.79E-03,  avg # of iterations =  4.0

     total cpu time spent up to now is      702.5 secs

     total energy              =   -1102.97403074 Ry
     estimated scf accuracy    <       1.81872703 Ry

     iteration #  3     ecut=   100.00 Ry     beta= 0.30
     Davidson diagonalization with overlap
     ethr =  1.79E-03,  avg # of iterations =  3.3

     total cpu time spent up to now is      723.3 secs

     total energy              =   -1103.08185190 Ry
     estimated scf accuracy    <       0.11406256 Ry

     iteration #  4     ecut=   100.00 Ry     beta= 0.30
     Davidson diagonalization with overlap
     ethr =  2.43E-04,  avg # of iterations =  4.8

     total cpu time spent up to now is      746.1 secs

     total energy              =   -1103.09977287 Ry
     estimated scf accuracy    <       0.06961735 Ry

     iteration #  5     ecut=   100.00 Ry     beta= 0.30
     Davidson diagonalization with overlap
     ethr =  1.48E-04,  avg # of iterations =  2.4

     total cpu time spent up to now is      765.8 secs

     total energy              =   -1103.11012761 Ry
     estimated scf accuracy    <       0.00199630 Ry

     iteration #  6     ecut=   100.00 Ry     beta= 0.30
     Davidson diagonalization with overlap
     c_bands:  1 eigenvalues not converged
     ethr =  4.25E-06,  avg # of iterations =  8.9

     total cpu time spent up to now is      795.8 secs

     total energy              =   -1103.10704943 Ry
     estimated scf accuracy    <       0.01373209 Ry

     iteration #  7     ecut=   100.00 Ry     beta= 0.30
     Davidson diagonalization with overlap
     ethr =  4.25E-06,  avg # of iterations =  4.0

     total cpu time spent up to now is      820.0 secs

     total energy              =   -1103.10943445 Ry
     estimated scf accuracy    <       0.00255326 Ry

     iteration #  8     ecut=   100.00 Ry     beta= 0.30
     Davidson diagonalization with overlap
     ethr =  4.25E-06,  avg # of iterations =  2.0

     total cpu time spent up to now is      839.5 secs

     total energy              =   -1103.10958577 Ry
     estimated scf accuracy    <       0.00011553 Ry

     iteration #  9     ecut=   100.00 Ry     beta= 0.30
     Davidson diagonalization with overlap
     ethr =  2.46E-07,  avg # of iterations =  3.7

     total cpu time spent up to now is      860.9 secs

     total energy              =   -1103.10961368 Ry
     estimated scf accuracy    <       0.00004244 Ry

     iteration # 10     ecut=   100.00 Ry     beta= 0.30
     Davidson diagonalization with overlap
     ethr =  9.03E-08,  avg # of iterations =  1.6

     total cpu time spent up to now is      879.8 secs

     total energy              =   -1103.10961610 Ry
     estimated scf accuracy    <       0.00000296 Ry

     iteration # 11     ecut=   100.00 Ry     beta= 0.30
     Davidson diagonalization with overlap
     ethr =  6.30E-09,  avg # of iterations =  3.2

     total cpu time spent up to now is      900.7 secs

     total energy              =   -1103.10961664 Ry
     estimated scf accuracy    <       0.00000021 Ry

     iteration # 12     ecut=   100.00 Ry     beta= 0.30
     Davidson diagonalization with overlap
     ethr =  4.37E-10,  avg # of iterations =  2.7

     total cpu time spent up to now is      922.5 secs

     total energy              =   -1103.10961671 Ry
     estimated scf accuracy    <       0.00000001 Ry

     iteration # 13     ecut=   100.00 Ry     beta= 0.30
     Davidson diagonalization with overlap
     ethr =  2.94E-11,  avg # of iterations =  3.8

     total cpu time spent up to now is      945.1 secs

     total energy              =   -1103.10961671 Ry
     estimated scf accuracy    <       0.00000008 Ry

     iteration # 14     ecut=   100.00 Ry     beta= 0.30
     Davidson diagonalization with overlap
     ethr =  2.94E-11,  avg # of iterations =  4.0

     total cpu time spent up to now is      968.6 secs

     total energy              =   -1103.10961672 Ry
     estimated scf accuracy    <          1.4E-09 Ry

     iteration # 15     ecut=   100.00 Ry     beta= 0.30
     Davidson diagonalization with overlap
     ethr =  3.02E-12,  avg # of iterations =  2.0

     total cpu time spent up to now is      988.3 secs

     total energy              =   -1103.10961672 Ry
     estimated scf accuracy    <          4.3E-10 Ry

     iteration # 16     ecut=   100.00 Ry     beta= 0.30
     Davidson diagonalization with overlap
     ethr =  9.14E-13,  avg # of iterations =  3.3

     total cpu time spent up to now is     1009.7 secs

     total energy              =   -1103.10961672 Ry
     estimated scf accuracy    <          1.3E-10 Ry

     iteration # 17     ecut=   100.00 Ry     beta= 0.30
     Davidson diagonalization with overlap
     ethr =  2.77E-13,  avg # of iterations =  2.5

     total cpu time spent up to now is     1030.5 secs

     total energy              =   -1103.10961672 Ry
     estimated scf accuracy    <          4.6E-10 Ry

     iteration # 18     ecut=   100.00 Ry     beta= 0.30
     Davidson diagonalization with overlap
     ethr =  2.77E-13,  avg # of iterations =  2.0

     total cpu time spent up to now is     1050.1 secs

     End of self-consistent calculation

          k = 0.0000 0.0000 0.0000 ( 14147 PWs)   bands (ev):

   -88.5274 -51.8527 -51.8527 -51.8527 -23.7869  -9.7719  -8.6639  -8.6639
    -7.2832  -7.2832  -7.2832   1.1245   1.1245   1.1245   3.7395   3.7395
     3.7395   4.2854   4.2854   4.2854   4.8050   4.8050   4.8050   5.1060
     5.1060   8.0685   9.4613  10.7539  10.7539

          k = 0.0000 0.0000 0.1000 ( 14170 PWs)   bands (ev):

   -88.5274 -51.8527 -51.8527 -51.8527 -23.7868  -9.7521  -8.6892  -8.6627
    -7.2827  -7.2827  -7.2754   1.1037   1.1479   1.1479   3.6505   3.6505
     3.7004   4.0039   4.2009   4.2009   4.8061   4.9444   4.9444   5.1064
     5.2854   8.2668   9.6376  10.8373  10.9012

          k = 0.0000 0.0000 0.2000 ( 14174 PWs)   bands (ev):

   -88.5274 -51.8527 -51.8527 -51.8527 -23.7866  -9.6958  -8.7588  -8.6595
    -7.2811  -7.2811  -7.2563   1.0584   1.2142   1.2142   3.4128   3.4128
     3.5073   3.6020   4.1102   4.1102   4.8091   5.1073   5.1785   5.1785
     5.5190   8.8249  10.1161  11.0804  11.3091

          k = 0.0000 0.0000 0.3000 ( 14198 PWs)   bands (ev):

   -88.5274 -51.8527 -51.8527 -51.8527 -23.7864  -9.6141  -8.8549  -8.6556
    -7.2793  -7.2793  -7.2350   1.0220   1.3099   1.3099   3.0421   3.1321
     3.1321   3.4873   4.0622   4.0622   4.8129   5.1082   5.3764   5.3764
     5.6664   9.6486  10.7528  11.4465  11.8774

          k = 0.0000 0.0000 0.4000 ( 14210 PWs)   bands (ev):

   -88.5274 -51.8528 -51.8527 -51.8527 -23.7862  -9.5308  -8.9485  -8.6524
    -7.2777  -7.2777  -7.2196   1.0116   1.4043   1.4043   2.7111   2.9081
     2.9081   3.3994   4.0369   4.0369   4.8160   5.1089   5.5023   5.5023
     5.7413  10.5987  11.3323  11.7601  12.4251

          k = 0.0000 0.0000-0.5000 ( 14190 PWs)   bands (ev):

   -88.5274 -51.8527 -51.8527 -51.8527 -23.7861  -9.4914  -8.9915  -8.6512
    -7.2772  -7.2772  -7.2141   1.0133   1.4465   1.4465   2.5892   2.8202
     2.8202   3.3669   4.0286   4.0286   4.8171   5.1091   5.5452   5.5452
     5.7640  11.2739  11.5933  11.6747  12.5736

          k = 0.0000 0.1000 0.1000 ( 14183 PWs)   bands (ev):

   -88.5274 -51.8527 -51.8527 -51.8527 -23.7867  -9.7321  -8.7005  -8.6747
    -7.2821  -7.2778  -7.2728   1.0257   1.1716   1.2261   3.4451   3.5875
     3.7598   3.8786   4.0839   4.0932   4.9330   4.9550   4.9910   5.1924
     5.4098   8.4376   9.8031  10.9512  10.9989

          k = 0.0000 0.1000 0.2000 ( 14189 PWs)   bands (ev):

   -88.5274 -51.8527 -51.8527 -51.8527 -23.7865  -9.6756  -8.7633  -8.6762
    -7.2806  -7.2757  -7.2564   0.9375   1.2392   1.3274   3.0880   3.3883
     3.5373   3.7648   3.9656   3.9712   4.9438   5.1333   5.1780   5.2386
     5.6680   8.9424  10.2546  11.1917  11.3616

          k = 0.0000 0.1000 0.3000 ( 14191 PWs)   bands (ev):

   -88.5274 -51.8527 -51.8527 -51.8527 -23.7863  -9.5934  -8.8571  -8.6724
    -7.2787  -7.2748  -7.2368   0.8760   1.3371   1.4340   2.7035   3.1230
     3.2296   3.6977   3.9029   3.9048   4.9450   5.1900   5.3665   5.3752
     5.8399   9.7275  10.8680  11.5372  11.8974

          k = 0.0000 0.1000 0.4000 ( 14222 PWs)   bands (ev):

   -88.5274 -51.8528 -51.8527 -51.8527 -23.7861  -9.5090  -8.9501  -8.6688
    -7.2772  -7.2742  -7.2224   0.8506   1.4342   1.5266   2.4122   2.9026
     3.0122   3.6219   3.8736   3.8768   4.9458   5.1985   5.4901   5.5009
     5.9188  10.6615  11.4533  11.8324  12.4377

          k = 0.0000 0.1000-0.5000 ( 14212 PWs)   bands (ev):

   -88.5274 -51.8528 -51.8527 -51.8527 -23.7860  -9.4687  -8.9935  -8.6674
    -7.2766  -7.2740  -7.2173   0.8467   1.4777   1.5659   2.3027   2.8149
     2.9311   3.5908   3.8646   3.8690   4.9462   5.2002   5.5367   5.5437
     5.9394  11.3406  11.6894  11.7798  12.6149

          k = 0.0000 0.2000 0.2000 ( 14203 PWs)   bands (ev):

   -88.5274 -51.8527 -51.8527 -51.8527 -23.7863  -9.6184  -8.7924  -8.7063
    -7.2791  -7.2655  -7.2538   0.7774   1.3108   1.4759   2.6687   3.2907
     3.4724   3.6473   3.7360   4.0011   5.1670   5.1845   5.2015   5.2885
     5.9992   9.3195  10.6377  11.5019  11.5468

          k = 0.0000 0.2000 0.3000 ( 14194 PWs)   bands (ev):

   -88.5274 -51.8527 -51.8527 -51.8527 -23.7861  -9.5344  -8.8672  -8.7165
    -7.2773  -7.2639  -7.2411   0.6529   1.4154   1.6052   2.2899   3.0921
     3.2527   3.5926   3.6027   4.0421   5.1737   5.2651   5.3640   5.3724
     6.2631   9.9794  11.1811  11.8164  12.0045

          k = 0.0000 0.2000 0.4000 ( 14239 PWs)   bands (ev):

   -88.5274 -51.8528 -51.8528 -51.8527 -23.7859  -9.4465  -8.9547  -8.7169
    -7.2758  -7.2650  -7.2295   0.5810   1.5208   1.7001   2.0251   2.8876
     3.0688   3.5512   3.5845   4.0322   5.1725   5.2801   5.4723   5.4974
     6.3930  10.8427  11.7646  12.0782  12.4943

          k = 0.0000 0.2000-0.5000 ( 14206 PWs)   bands (ev):

   -88.5274 -51.8528 -51.8527 -51.8527 -23.7858  -9.4030  -8.9985  -8.7164
    -7.2753  -7.2656  -7.2253   0.5589   1.5690   1.7369   1.9290   2.8008
     3.0005   3.5375   3.5829   4.0223   5.1720   5.2832   5.5186   5.5400
     6.4275  11.5093  11.9481  12.1047  12.7245

          k = 0.0000 0.3000 0.3000 ( 14213 PWs)   bands (ev):

   -88.5274 -51.8528 -51.8527 -51.8527 -23.7859  -9.4469  -8.8993  -8.7656
    -7.2755  -7.2535  -7.2437   0.4616   1.5316   1.7438   1.9408   3.0145
     3.2294   3.3388   3.3755   4.2754   5.2983   5.3658   5.3718   5.4021
     6.6797  10.4500  11.6214  12.2185  12.2892

          k = 0.0000 0.3000 0.4000 ( 14194 PWs)   bands (ev):

   -88.5274 -51.8528 -51.8527 -51.8527 -23.7857  -9.3520  -8.9629  -8.7914
    -7.2741  -7.2539  -7.2377   0.3370   1.6525   1.7095   1.8367   2.8665
     3.1100   3.2167   3.3327   4.3933   5.3108   5.3662   5.4729   5.4932
     6.9343  11.1487  12.1239  12.5460  12.6284

          k = 0.0000 0.3000-0.5000 ( 14204 PWs)   bands (ev):

   -88.5274 -51.8528 -51.8527 -51.8527 -23.7856  -9.3019  -9.0046  -8.7976
    -7.2736  -7.2551  -7.2343   0.2941   1.6287   1.7099   1.8704   2.7835
     3.0529   3.1903   3.3320   4.4253   5.3139   5.3652   5.5095   5.5355
     7.0127  11.7724  12.2134  12.5750  12.7912

          k = 0.0000 0.4000 0.4000 ( 14222 PWs)   bands (ev):

   -88.5274 -51.8528 -51.8528 -51.8527 -23.7855  -9.2437  -8.9812  -8.8721
    -7.2727  -7.2459  -7.2429   0.1713   1.5073   1.7965   1.9249   2.8290
     2.9614   3.1265   3.1781   4.6204   5.3223   5.4893   5.4903   5.5016
     7.3332  11.6180  12.4190  12.7964  13.0302

          k = 0.0000 0.4000-0.5000 ( 14210 PWs)   bands (ev):

   -88.5274 -51.8528 -51.8528 -51.8527 -23.7854  -9.1774  -9.0096  -8.9065
    -7.2722  -7.2466  -7.2410   0.1129   1.4377   1.8695   1.9563   2.7696
     2.8962   3.0913   3.1649   4.6925   5.3254   5.4886   5.5228   5.5319
     7.4756  12.1604  12.2798  12.7674  12.9117

          k = 0.0000-0.5000-0.5000 ( 14220 PWs)   bands (ev):

   -88.5274 -51.8528 -51.8528 -51.8527 -23.7854  -9.0666  -9.0115  -9.0115
    -7.2717  -7.2434  -7.2434   0.0488   1.3724   1.9549   1.9868   2.7643
     2.7643   3.1057   3.1057   4.7812   5.3284   5.5306   5.5306   5.5365
     7.6518  12.3264  12.5500  12.5500  12.7655

          k = 0.1000 0.1000 0.1000 ( 14204 PWs)   bands (ev):

   -88.5274 -51.8527 -51.8527 -51.8527 -23.7867  -9.7122  -8.6988  -8.6988
    -7.2779  -7.2779  -7.2696   0.9485   1.2483   1.2483   3.4078   3.4078
     3.6146   3.8266   4.0679   4.0679   4.9851   4.9989   4.9989   5.4122
     5.4122   8.5882   9.9557  11.0718  11.0718

          k = 0.1000 0.1000 0.2000 ( 14181 PWs)   bands (ev):

   -88.5274 -51.8527 -51.8527 -51.8527 -23.7865  -9.6556  -8.7652  -8.6942
    -7.2785  -7.2737  -7.2558   0.8395   1.3115   1.3665   3.0635   3.1159
     3.4595   3.8404   3.8742   4.0245   4.9952   5.1481   5.1623   5.4221
     5.7256   9.0499  10.3749  11.2872  11.4138

          k = 0.1000 0.1000 0.3000 ( 14226 PWs)   bands (ev):

   -88.5274 -51.8528 -51.8527 -51.8527 -23.7862  -9.5730  -8.8583  -8.6886
    -7.2791  -7.2709  -7.2383   0.7588   1.4047   1.4832   2.6363   2.8306
     3.3952   3.6719   3.7861   3.9863   4.9980   5.2821   5.3475   5.4533
     5.9318   9.7998  10.9553  11.6142  11.9172

          k = 0.1000 0.1000 0.4000 ( 14236 PWs)   bands (ev):

   -88.5274 -51.8528 -51.8527 -51.8527 -23.7860  -9.4877  -8.9509  -8.6840
    -7.2797  -7.2690  -7.2253   0.7191   1.5002   1.5765   2.3327   2.6119
     3.2978   3.5688   3.7195   3.9668   4.9999   5.3388   5.4818   5.5115
     6.0258  10.7179  11.5354  11.8832  12.4559

          k = 0.1000 0.1000-0.5000 ( 14202 PWs)   bands (ev):

   -88.5274 -51.8528 -51.8527 -51.8527 -23.7860  -9.4465  -8.9947  -8.6823
    -7.2799  -7.2682  -7.2207   0.7096   1.5448   1.6139   2.2220   2.5253
     3.2459   3.5448   3.6916   3.9607   5.0007   5.3501   5.5313   5.5405
     6.0500  11.4019  11.7477  11.8513  12.7306

          k = 0.1000 0.2000 0.2000 ( 14192 PWs)   bands (ev):

   -88.5274 -51.8527 -51.8527 -51.8527 -23.7863  -9.5986  -8.7895  -8.7260
    -7.2775  -7.2675  -7.2514   0.6796   1.3934   1.4923   2.6707   3.0730
     3.1317   3.8181   3.8990   4.0069   5.1326   5.1838   5.2219   5.5440
     5.9949   9.4014  10.7112  11.5583  11.5950

          k = 0.1000 0.2000 0.3000 ( 14211 PWs)   bands (ev):

   -88.5274 -51.8528 -51.8527 -51.8527 -23.7860  -9.5149  -8.8654  -8.7315
    -7.2785  -7.2636  -7.2414   0.5468   1.4895   1.6195   2.2900   2.7745
     3.1177   3.6486   3.8536   4.0559   5.1548   5.3324   5.3467   5.5628
     6.2708  10.0345  11.1950  11.8546  12.0194

          k = 0.1000 0.2000 0.4000 ( 14222 PWs)   bands (ev):

   -88.5274 -51.8528 -51.8527 -51.8527 -23.7858  -9.4266  -8.9536  -8.7288
    -7.2801  -7.2615  -7.2326   0.4664   1.5885   1.7120   2.0241   2.5369
     3.1450   3.4727   3.8430   4.0501   5.1580   5.4510   5.4690   5.5570
     6.4129  10.8824  11.7267  12.0678  12.5170

          k = 0.1000 0.2000-0.5000 ( 14218 PWs)   bands (ev):

   -88.5274 -51.8528 -51.8527 -51.8527 -23.7858  -9.3826  -8.9979  -8.7274
    -7.2809  -7.2607  -7.2293   0.4406   1.6363   1.7477   1.9277   2.4428
     3.1687   3.3923   3.8398   4.0415   5.1589   5.5124   5.5164   5.5369
     6.4511  11.5645  11.8746  12.0709  12.7688

          k = 0.1000 0.3000 0.3000 ( 14221 PWs)   bands (ev):

   -88.5274 -51.8528 -51.8527 -51.8527 -23.7858  -9.4285  -8.8952  -8.7777
    -7.2779  -7.2575  -7.2426   0.3543   1.5905   1.7486   1.9513   2.7637
     2.8189   3.6353   3.6819   4.2821   5.2963   5.3672   5.3959   5.5940
     6.6750  10.4839  11.5334  12.2269  12.2721

          k = 0.1000 0.3000 0.4000 ( 14213 PWs)   bands (ev):

   -88.5274 -51.8528 -51.8527 -51.8527 -23.7856  -9.3344  -8.9595  -8.7987
    -7.2785  -7.2550  -7.2405   0.2258   1.6874   1.7338   1.8379   2.5417
     2.8188   3.4997   3.6627   4.3987   5.3233   5.4695   5.4724   5.5884
     6.9328  11.1643  11.9018  12.4149  12.6369

          k = 0.1000 0.3000-0.5000 ( 14194 PWs)   bands (ev):

   -88.5274 -51.8528 -51.8527 -51.8527 -23.7855  -9.2843  -9.0019  -8.8029
    -7.2791  -7.2543  -7.2392   0.1811   1.6412   1.7525   1.8726   2.4411
     2.8313   3.4374   3.6631   4.4306   5.3259   5.5095   5.5336   5.5643
     7.0129  11.8169  11.9326  12.3931  12.7098

          k = 0.1000 0.4000 0.4000 ( 14213 PWs)   bands (ev):

   -88.5274 -51.8528 -51.8527 -51.8527 -23.7854  -9.2288  -8.9763  -8.8743
    -7.2769  -7.2512  -7.2455   0.0597   1.5227   1.8227   1.9228   2.5392
     2.5805   3.5112   3.5212   4.6237   5.4333   5.4877   5.5034   5.5857
     7.3316  11.5886  12.0136  12.6322  12.9630

          k = 0.1000 0.4000-0.5000 ( 14218 PWs)   bands (ev):

   -88.5274 -51.8528 -51.8527 -51.8527 -23.7854  -9.1639  -9.0051  -8.9055
    -7.2763  -7.2504  -7.2465   0.0007   1.4553   1.8852   1.9567   2.4473
     2.5687   3.4600   3.5217   4.6957   5.4533   5.5231   5.5321   5.5655
     7.4753  11.8895  12.1685  12.5354  12.6714

          k = 0.1000-0.5000-0.5000 ( 14244 PWs)   bands (ev):

   -88.5274 -51.8528 -51.8528 -51.8527 -23.7853  -9.0564  -9.0064  -9.0064
    -7.2750  -7.2492  -7.2492  -0.0634   1.3915   1.9606   1.9880   2.4501
     2.4501   3.4678   3.4678   4.7843   5.5288   5.5288   5.5330   5.5396
     7.6532  11.8635  12.4306  12.4306  12.7502

          k = 0.2000 0.2000 0.2000 ( 14222 PWs)   bands (ev):

   -88.5274 -51.8527 -51.8527 -51.8527 -23.7861  -9.5423  -8.7819  -8.7819
    -7.2728  -7.2728  -7.2461   0.4962   1.5405   1.5405   2.5936   2.7507
     2.7507   3.9497   3.9497   4.0673   5.1808   5.2475   5.2475   5.9805
     5.9805   9.6786  10.9256  11.7500  11.7500

          k = 0.2000 0.2000 0.3000 ( 14224 PWs)   bands (ev):

   -88.5274 -51.8528 -51.8527 -51.8527 -23.7859  -9.4590  -8.8637  -8.7723
    -7.2795  -7.2661  -7.2414   0.3300   1.6163   1.6689   2.2280   2.4588
     2.7409   3.8922   3.9627   4.1408   5.2168   5.3480   5.3614   5.9539
     6.3470  10.2161  11.2491  11.9947  12.1003

          k = 0.2000 0.2000 0.4000 ( 14199 PWs)   bands (ev):

   -88.5274 -51.8528 -51.8527 -51.8527 -23.7857  -9.3698  -8.9512  -8.7645
    -7.2850  -7.2594  -7.2396   0.2209   1.7074   1.7531   1.9661   2.2336
     2.7668   3.8144   3.9628   4.1556   5.2264   5.4624   5.4799   5.9189
     6.5431  10.9918  11.6182  12.1162  12.5802

          k = 0.2000 0.2000-0.5000 ( 14222 PWs)   bands (ev):

   -88.5274 -51.8528 -51.8527 -51.8527 -23.7856  -9.3238  -8.9964  -8.7615
    -7.2871  -7.2564  -7.2396   0.1835   1.7620   1.7830   1.8736   2.1339
     2.7795   3.7798   3.9627   4.1535   5.2291   5.5096   5.5331   5.8990
     6.5978  11.6854  11.6994  12.0507  12.7707

          k = 0.2000 0.3000 0.3000 ( 14234 PWs)   bands (ev):

   -88.5274 -51.8528 -51.8527 -51.8527 -23.7856  -9.3760  -8.8844  -8.8135
    -7.2814  -7.2679  -7.2424   0.1191   1.6989   1.7622   1.9692   2.4007
     2.4389   3.9641   3.9673   4.3109   5.3166   5.3814   5.4084   6.0915
     6.6595  10.5841  11.3533  12.2624  12.2708

          k = 0.2000 0.3000 0.4000 ( 14227 PWs)   bands (ev):

   -88.5274 -51.8528 -51.8527 -51.8527 -23.7854  -9.2846  -8.9507  -8.8213
    -7.2865  -7.2628  -7.2466  -0.0267   1.7296   1.8049   1.8382   2.1829
     2.4440   3.9348   3.9820   4.4192   5.3488   5.4679   5.4882   6.0835
     6.9339  11.1644  11.5027  12.2623  12.5793

          k = 0.2000 0.3000-0.5000 ( 14238 PWs)   bands (ev):

   -88.5274 -51.8528 -51.8528 -51.8527 -23.7854  -9.2344  -8.9947  -8.8208
    -7.2890  -7.2568  -7.2518  -0.0783   1.6708   1.8288   1.8837   2.0706
     2.4558   3.9181   3.9858   4.4502   5.3536   5.5086   5.5328   6.0703
     7.0232  11.4553  11.8190  12.2111  12.4368

          k = 0.2000 0.4000 0.4000 ( 14215 PWs)   bands (ev):

   -88.5274 -51.8527 -51.8527 -51.8527 -23.7853  -9.1873  -8.9634  -8.8825
    -7.2862  -7.2653  -7.2537  -0.2015   1.5640   1.8654   1.9072   2.1995
     2.2079   3.9621   3.9661   4.6329   5.4581   5.4878   5.5137   6.0906
     7.3256  11.2889  11.6003  12.4145  12.4554

          k = 0.2000 0.4000-0.5000 ( 14226 PWs)   bands (ev):

   -88.5274 -51.8528 -51.8527 -51.8527 -23.7852  -9.1263  -8.9933  -8.9048
    -7.2864  -7.2613  -7.2611  -0.2641   1.5016   1.9043   1.9591   2.0793
     2.2153   3.9527   3.9714   4.7043   5.4745   5.5216   5.5379   6.0797
     7.4739  11.2755  11.9445  12.1508  12.4741

          k = 0.2000-0.5000-0.5000 ( 14236 PWs)   bands (ev):

   -88.5274 -51.8528 -51.8528 -51.8527 -23.7851  -9.0292  -8.9928  -8.9928
    -7.2837  -7.2646  -7.2646  -0.3306   1.4419   1.9732   1.9911   2.0856
     2.0856   3.9615   3.9615   4.7926   5.5268   5.5268   5.5480   6.0683
     7.6566  11.2090  12.0414  12.0414  12.4830

          k = 0.3000 0.3000 0.3000 ( 14219 PWs)   bands (ev):

   -88.5274 -51.8527 -51.8527 -51.8527 -23.7854  -9.2979  -8.8709  -8.8709
    -7.2811  -7.2811  -7.2467  -0.1212   1.7825   1.7825   1.9020   2.1777
     2.1777   4.1565   4.1565   4.3952   5.3682   5.4285   5.4285   6.6321
     6.6321  10.7846  11.2012  12.3460  12.3462

          k = 0.3000 0.3000 0.4000 ( 14242 PWs)   bands (ev):

   -88.5274 -51.8528 -51.8528 -51.8528 -23.7852  -9.2107  -8.9413  -8.8598
    -7.2919  -7.2756  -7.2554  -0.2918   1.7343   1.8085   1.8371   2.0023
     2.1680   4.2127   4.2553   4.4923   5.4069   5.4784   5.5003   6.6006
     7.0055  11.0457  11.2386  12.2295  12.4402

          k = 0.3000 0.3000-0.5000 ( 14238 PWs)   bands (ev):

   -88.5274 -51.8528 -51.8528 -51.8528 -23.7852  -9.1599  -8.9857  -8.8555
    -7.2961  -7.2672  -7.2651  -0.3529   1.6703   1.8296   1.8508   1.9307
     2.1778   4.2246   4.2837   4.5256   5.4144   5.5126   5.5375   6.5854
     7.1294  11.0416  11.6084  12.0159  12.4341

          k = 0.3000 0.4000 0.4000 ( 14234 PWs)   bands (ev):

   -88.5274 -51.8528 -51.8528 -51.8528 -23.7851  -9.1270  -8.9472  -8.9012
    -7.2948  -7.2831  -7.2669  -0.4823   1.6144   1.8154   1.8216   2.0002
     2.0289   4.3379   4.3587   4.6486   5.4779   5.5022   5.5255   6.7445
     7.3134  10.8468  11.2879  12.0140  12.2103

          k = 0.3000 0.4000-0.5000 ( 14236 PWs)   bands (ev):

   -88.5274 -51.8528 -51.8528 -51.8528 -23.7850  -9.0728  -8.9784  -8.9103
    -7.2972  -7.2794  -7.2765  -0.5508   1.5590   1.8002   1.8288   1.9740
     2.0291   4.3621   4.3897   4.7166   5.4944   5.5273   5.5481   6.7489
     7.4737  10.7694  11.5146  11.6896  12.1253

          k = 0.3000-0.5000-0.5000 ( 14232 PWs)   bands (ev):

   -88.5274 -51.8528 -51.8528 -51.8528 -23.7849  -8.9951  -8.9756  -8.9756
    -7.2944  -7.2840  -7.2840  -0.6222   1.5054   1.8079   1.8079   1.9862
     1.9949   4.4046   4.4046   4.8028   5.5339   5.5339   5.5592   6.7603
     7.6610  10.6748  11.5674  11.5674  11.8682

          k = 0.4000 0.4000 0.4000 ( 14238 PWs)   bands (ev):

   -88.5274 -51.8528 -51.8528 -51.8528 -23.7849  -9.0603  -8.9338  -8.9338
    -7.2978  -7.2978  -7.2813  -0.6862   1.6314   1.6922   1.6922   1.9948
     1.9948   4.5853   4.5853   4.6918   5.5153   5.5365   5.5365   7.2980
     7.2980  10.5471  11.1282  11.7116  11.7116

          k = 0.4000 0.4000-0.5000 ( 14234 PWs)   bands (ev):

   -88.5274 -51.8528 -51.8528 -51.8527 -23.7848  -9.0149  -8.9662  -8.9286
    -7.3035  -7.2944  -7.2915  -0.7599   1.5925   1.6414   1.6899   1.9903
     2.0004   4.6217   4.6681   4.7459   5.5326   5.5470   5.5588   7.2903
     7.5192  10.4430  11.2329  11.3361  11.6030

          k = 0.4000-0.5000-0.5000 ( 14240 PWs)   bands (ev):

   -88.5274 -51.8528 -51.8528 -51.8527 -23.7848  -8.9668  -8.9614  -8.9614
    -7.3030  -7.3001  -7.3001  -0.8354   1.5577   1.6361   1.6361   1.9957
     1.9980   4.7090   4.7090   4.8112   5.5565   5.5565   5.5690   7.3906
     7.6645  10.3303  11.2035  11.2035  11.3087

          k =-0.5000-0.5000-0.5000 ( 14328 PWs)   bands (ev):

   -88.5274 -51.8528 -51.8528 -51.8528 -23.7847  -8.9559  -8.9559  -8.9559
    -7.3063  -7.3063  -7.3063  -0.9127   1.5780   1.5780   1.5780   1.9992
     1.9992   4.8144   4.8144   4.8144   5.5729   5.5729   5.5729   7.6659
     7.6659  10.2113  11.0668  11.0668  11.0668

     the Fermi energy is     5.6371 ev

!    total energy              =   -1103.10961672 Ry
     total all-electron energy =    -19630.253844 Ry
     estimated scf accuracy    <          2.1E-11 Ry
     smearing contrib. (-TS)   =      -0.00499611 Ry
     internal energy E=F+TS    =   -1103.10462061 Ry

     The total energy is F=E-TS. E is the sum of the following terms:
     one-electron contribution =    -309.29995498 Ry
     hartree contribution      =     177.48278950 Ry
     xc contribution           =     -68.54306332 Ry
     ewald contribution        =    -230.05612650 Ry
     one-center paw contrib.   =    -672.68826531 Ry

     convergence has been achieved in  18 iterations

     Forces acting on atoms (cartesian axes, Ry/au):

     atom    1 type  1   force =     0.00000000    0.00000000    0.00000000
     atom    2 type  2   force =     0.00000000    0.00000000    0.00000000
     atom    3 type  3   force =     0.00000000    0.00000000    0.00000000
     atom    4 type  3   force =     0.00000000    0.00000000    0.00000000
     atom    5 type  3   force =     0.00000000    0.00000000    0.00000000

     Total force =     0.000000     Total SCF correction =     0.000000


     Computing stress (Cartesian axis) and pressure

          total   stress  (Ry/bohr**3)                   (kbar)     P=       13.55
   0.00009209   0.00000000   0.00000000           13.55        0.00        0.00
   0.00000000   0.00009209   0.00000000            0.00       13.55        0.00
   0.00000000   0.00000000   0.00009209            0.00        0.00       13.55


     BFGS Geometry Optimization
     Energy error            =      0.0E+00 Ry
     Gradient error          =      0.0E+00 Ry/Bohr

     bfgs converged in   1 scf cycles and   0 bfgs steps
     (criteria: energy <  1.0E-07 Ry, force <  1.0E-03 Ry/Bohr)

     End of BFGS Geometry Optimization

     Final energy             =   -1103.1096167222 Ry
Begin final coordinates

ATOMIC_POSITIONS (crystal)
K                0.0000000000        0.0000000000        0.0000000000
Co               0.5000000000        0.5000000000        0.5000000000
Br               0.5000000000        0.5000000000        0.0000000000
Br               0.5000000000        0.0000000000        0.5000000000
Br               0.0000000000        0.5000000000        0.5000000000
End final coordinates



  ++++++++++++++++++++++++++++++++++++++++++++++++++++++++++++++++++++++++++++
     Doing work    4 /     9
  ++++++++++++++++++++++++++++++++++++++++++++++++++++++++++++++++++++++++++++


     Current dimensions of program PWSCF are:
     Max number of different atomic species (ntypx) = 10
     Max number of k-points (npk) = 120000
     Max angular momentum in pseudopotentials (lmaxx) =  4

     WARNING: check_stop already initialized

     Parallelization info
     --------------------
     sticks:   dense  smooth     PW     G-vecs:    dense   smooth      PW
     Min        2870    1434    391               163230    57670    8491
     Max        2875    1435    402               163231    57691    8580
     Sum        5745    2869    793               326461   115361   17071

     Using Pencil Decomposition



     bravais-lattice index     =            1
     lattice parameter (alat)  =       9.4922  a.u.
     unit-cell volume          =     855.2524 (a.u.)^3
     number of atoms/cell      =            5
     number of atomic types    =            3
     number of electrons       =        47.00
     number of Kohn-Sham states=           29
     kinetic-energy cutoff     =     100.0000  Ry
     charge density cutoff     =     800.0000  Ry
     scf convergence threshold =      1.0E-10
     mixing beta               =       0.3000
     number of iterations used =            8  plain     mixing
     energy convergence thresh.=      1.0E-07
     force convergence thresh. =      1.0E-03
     Exchange-correlation= PBE
                           (   1   4   3   4   0   0   0)
     nstep                     =           20


     celldm(1)=   9.492154  celldm(2)=   0.000000  celldm(3)=   0.000000
     celldm(4)=   0.000000  celldm(5)=   0.000000  celldm(6)=   0.000000

     crystal axes: (cart. coord. in units of alat)
               a(1) = (   1.000000   0.000000   0.000000 )  
               a(2) = (   0.000000   1.000000   0.000000 )  
               a(3) = (   0.000000   0.000000   1.000000 )  

     reciprocal axes: (cart. coord. in units 2 pi/alat)
               b(1) = (  1.000000  0.000000  0.000000 )  
               b(2) = (  0.000000  1.000000  0.000000 )  
               b(3) = (  0.000000  0.000000  1.000000 )  


     PseudoPot. # 1 for K  read from file:
     /home/administrator/Downloads/BURAI/BURAI1.3/pseudopot/K.pbe-spn-kjpaw_psl.1.0.0.UPF
     MD5 check sum: 14ff5a24ff9f8afecca2cb30191d3c3d
     Pseudo is Projector augmented-wave + core cor, Zval =  9.0
     Generated using "atomic" code by A. Dal Corso  v.5.1.2
     Shape of augmentation charge: PSQ
     Using radial grid of 1165 points,  6 beta functions with: 
                l(1) =   0
                l(2) =   0
                l(3) =   1
                l(4) =   1
                l(5) =   2
                l(6) =   2
     Q(r) pseudized with 0 coefficients 


     PseudoPot. # 2 for Co read from file:
     /home/administrator/Downloads/BURAI/BURAI1.3/pseudopot/Co.pbe-spn-kjpaw_psl.1.0.0.UPF
     MD5 check sum: debeb0e0a2756593e9907dd3738e3b12
     Pseudo is Projector augmented-wave + core cor, Zval = 17.0
     Generated using "atomic" code by A. Dal Corso  v.5.1.2
     Shape of augmentation charge: PSQ
     Using radial grid of 1193 points,  6 beta functions with: 
                l(1) =   0
                l(2) =   0
                l(3) =   1
                l(4) =   1
                l(5) =   2
                l(6) =   2
     Q(r) pseudized with 0 coefficients 


     PseudoPot. # 3 for Br read from file:
     /home/administrator/Downloads/BURAI/BURAI1.3/pseudopot/Br.pbe-n-kjpaw_psl.1.0.0.UPF
     MD5 check sum: 4e719ecb11afb5eb9a83625d9f5c08f4
     Pseudo is Projector augmented-wave + core cor, Zval =  7.0
     Generated using "atomic" code by A. Dal Corso  v.5.1.2
     Shape of augmentation charge: PSQ
     Using radial grid of 1213 points,  4 beta functions with: 
                l(1) =   0
                l(2) =   0
                l(3) =   1
                l(4) =   1
     Q(r) pseudized with 0 coefficients 


     atomic species   valence    mass     pseudopotential
     K                 9.00    39.09830     K ( 1.00)
     Co               17.00    58.93320     Co( 1.00)
     Br                7.00    79.90400     Br( 1.00)

     48 Sym. Ops., with inversion, found



   Cartesian axes

     site n.     atom                  positions (alat units)
         1        K      tau(   1) = (   0.0000000   0.0000000   0.0000000  )
         2        Co     tau(   2) = (   0.5000000   0.5000000   0.5000000  )
         3        Br     tau(   3) = (   0.5000000   0.5000000   0.0000000  )
         4        Br     tau(   4) = (   0.5000000   0.0000000   0.5000000  )
         5        Br     tau(   5) = (   0.0000000   0.5000000   0.5000000  )

     number of k points=    56  Gaussian smearing, width (Ry)=  0.0100
                       cart. coord. in units 2pi/alat
        k(    1) = (   0.0000000   0.0000000   0.0000000), wk =   0.0020000
        k(    2) = (   0.0000000   0.0000000   0.1000000), wk =   0.0120000
        k(    3) = (   0.0000000   0.0000000   0.2000000), wk =   0.0120000
        k(    4) = (   0.0000000   0.0000000   0.3000000), wk =   0.0120000
        k(    5) = (   0.0000000   0.0000000   0.4000000), wk =   0.0120000
        k(    6) = (   0.0000000   0.0000000  -0.5000000), wk =   0.0060000
        k(    7) = (   0.0000000   0.1000000   0.1000000), wk =   0.0240000
        k(    8) = (   0.0000000   0.1000000   0.2000000), wk =   0.0480000
        k(    9) = (   0.0000000   0.1000000   0.3000000), wk =   0.0480000
        k(   10) = (   0.0000000   0.1000000   0.4000000), wk =   0.0480000
        k(   11) = (   0.0000000   0.1000000  -0.5000000), wk =   0.0240000
        k(   12) = (   0.0000000   0.2000000   0.2000000), wk =   0.0240000
        k(   13) = (   0.0000000   0.2000000   0.3000000), wk =   0.0480000
        k(   14) = (   0.0000000   0.2000000   0.4000000), wk =   0.0480000
        k(   15) = (   0.0000000   0.2000000  -0.5000000), wk =   0.0240000
        k(   16) = (   0.0000000   0.3000000   0.3000000), wk =   0.0240000
        k(   17) = (   0.0000000   0.3000000   0.4000000), wk =   0.0480000
        k(   18) = (   0.0000000   0.3000000  -0.5000000), wk =   0.0240000
        k(   19) = (   0.0000000   0.4000000   0.4000000), wk =   0.0240000
        k(   20) = (   0.0000000   0.4000000  -0.5000000), wk =   0.0240000
        k(   21) = (   0.0000000  -0.5000000  -0.5000000), wk =   0.0060000
        k(   22) = (   0.1000000   0.1000000   0.1000000), wk =   0.0160000
        k(   23) = (   0.1000000   0.1000000   0.2000000), wk =   0.0480000
        k(   24) = (   0.1000000   0.1000000   0.3000000), wk =   0.0480000
        k(   25) = (   0.1000000   0.1000000   0.4000000), wk =   0.0480000
        k(   26) = (   0.1000000   0.1000000  -0.5000000), wk =   0.0240000
        k(   27) = (   0.1000000   0.2000000   0.2000000), wk =   0.0480000
        k(   28) = (   0.1000000   0.2000000   0.3000000), wk =   0.0960000
        k(   29) = (   0.1000000   0.2000000   0.4000000), wk =   0.0960000
        k(   30) = (   0.1000000   0.2000000  -0.5000000), wk =   0.0480000
        k(   31) = (   0.1000000   0.3000000   0.3000000), wk =   0.0480000
        k(   32) = (   0.1000000   0.3000000   0.4000000), wk =   0.0960000
        k(   33) = (   0.1000000   0.3000000  -0.5000000), wk =   0.0480000
        k(   34) = (   0.1000000   0.4000000   0.4000000), wk =   0.0480000
        k(   35) = (   0.1000000   0.4000000  -0.5000000), wk =   0.0480000
        k(   36) = (   0.1000000  -0.5000000  -0.5000000), wk =   0.0120000
        k(   37) = (   0.2000000   0.2000000   0.2000000), wk =   0.0160000
        k(   38) = (   0.2000000   0.2000000   0.3000000), wk =   0.0480000
        k(   39) = (   0.2000000   0.2000000   0.4000000), wk =   0.0480000
        k(   40) = (   0.2000000   0.2000000  -0.5000000), wk =   0.0240000
        k(   41) = (   0.2000000   0.3000000   0.3000000), wk =   0.0480000
        k(   42) = (   0.2000000   0.3000000   0.4000000), wk =   0.0960000
        k(   43) = (   0.2000000   0.3000000  -0.5000000), wk =   0.0480000
        k(   44) = (   0.2000000   0.4000000   0.4000000), wk =   0.0480000
        k(   45) = (   0.2000000   0.4000000  -0.5000000), wk =   0.0480000
        k(   46) = (   0.2000000  -0.5000000  -0.5000000), wk =   0.0120000
        k(   47) = (   0.3000000   0.3000000   0.3000000), wk =   0.0160000
        k(   48) = (   0.3000000   0.3000000   0.4000000), wk =   0.0480000
        k(   49) = (   0.3000000   0.3000000  -0.5000000), wk =   0.0240000
        k(   50) = (   0.3000000   0.4000000   0.4000000), wk =   0.0480000
        k(   51) = (   0.3000000   0.4000000  -0.5000000), wk =   0.0480000
        k(   52) = (   0.3000000  -0.5000000  -0.5000000), wk =   0.0120000
        k(   53) = (   0.4000000   0.4000000   0.4000000), wk =   0.0160000
        k(   54) = (   0.4000000   0.4000000  -0.5000000), wk =   0.0240000
        k(   55) = (   0.4000000  -0.5000000  -0.5000000), wk =   0.0120000
        k(   56) = (  -0.5000000  -0.5000000  -0.5000000), wk =   0.0020000

     Dense  grid:   326461 G-vectors     FFT dimensions: (  90,  90,  90)

     Smooth grid:   115361 G-vectors     FFT dimensions: (  64,  64,  64)

     Estimated max dynamical RAM per process >     289.53 MB

     Estimated total dynamical RAM >       2.03 GB

     Initial potential from superposition of free atoms

     starting charge      46.9808, renormalised to      47.0000
     Starting wfcs are   30 randomized atomic wfcs
     Checking if some PAW data can be deallocated... 

     total cpu time spent up to now is     1076.7 secs

     Self-consistent Calculation

     iteration #  1     ecut=   100.00 Ry     beta= 0.30
     Davidson diagonalization with overlap
     ethr =  1.00E-02,  avg # of iterations =  5.8

     total cpu time spent up to now is     1100.2 secs

     total energy              =   -1102.74957739 Ry
     estimated scf accuracy    <       0.85811707 Ry

     iteration #  2     ecut=   100.00 Ry     beta= 0.30
     Davidson diagonalization with overlap
     ethr =  1.83E-03,  avg # of iterations =  4.0

     total cpu time spent up to now is     1122.6 secs

     total energy              =   -1102.97045952 Ry
     estimated scf accuracy    <       1.88917581 Ry

     iteration #  3     ecut=   100.00 Ry     beta= 0.30
     Davidson diagonalization with overlap
     ethr =  1.83E-03,  avg # of iterations =  3.4

     total cpu time spent up to now is     1143.5 secs

     total energy              =   -1103.08552020 Ry
     estimated scf accuracy    <       0.11749920 Ry

     iteration #  4     ecut=   100.00 Ry     beta= 0.30
     Davidson diagonalization with overlap
     ethr =  2.50E-04,  avg # of iterations =  4.3

     total cpu time spent up to now is     1165.4 secs

     total energy              =   -1103.10637852 Ry
     estimated scf accuracy    <       0.03885585 Ry

     iteration #  5     ecut=   100.00 Ry     beta= 0.30
     Davidson diagonalization with overlap
     ethr =  8.27E-05,  avg # of iterations =  3.4

     total cpu time spent up to now is     1186.2 secs

     total energy              =   -1103.11038637 Ry
     estimated scf accuracy    <       0.00085457 Ry

     iteration #  6     ecut=   100.00 Ry     beta= 0.30
     Davidson diagonalization with overlap
     ethr =  1.82E-06,  avg # of iterations =  9.6

     total cpu time spent up to now is     1217.7 secs

     total energy              =   -1103.10922694 Ry
     estimated scf accuracy    <       0.00571673 Ry

     iteration #  7     ecut=   100.00 Ry     beta= 0.30
     Davidson diagonalization with overlap
     ethr =  1.82E-06,  avg # of iterations =  4.4

     total cpu time spent up to now is     1243.0 secs

     total energy              =   -1103.11035289 Ry
     estimated scf accuracy    <       0.00332027 Ry

     iteration #  8     ecut=   100.00 Ry     beta= 0.30
     Davidson diagonalization with overlap
     ethr =  1.82E-06,  avg # of iterations =  2.9

     total cpu time spent up to now is     1263.5 secs

     total energy              =   -1103.11061943 Ry
     estimated scf accuracy    <       0.00004755 Ry

     iteration #  9     ecut=   100.00 Ry     beta= 0.30
     Davidson diagonalization with overlap
     ethr =  1.01E-07,  avg # of iterations =  3.7

     total cpu time spent up to now is     1284.8 secs

     total energy              =   -1103.11063138 Ry
     estimated scf accuracy    <       0.00000527 Ry

     iteration # 10     ecut=   100.00 Ry     beta= 0.30
     Davidson diagonalization with overlap
     ethr =  1.12E-08,  avg # of iterations =  3.1

     total cpu time spent up to now is     1305.2 secs

     total energy              =   -1103.11063071 Ry
     estimated scf accuracy    <       0.00000599 Ry

     iteration # 11     ecut=   100.00 Ry     beta= 0.30
     Davidson diagonalization with overlap
     ethr =  1.12E-08,  avg # of iterations =  2.0

     total cpu time spent up to now is     1324.8 secs

     total energy              =   -1103.11063103 Ry
     estimated scf accuracy    <       0.00000035 Ry

     iteration # 12     ecut=   100.00 Ry     beta= 0.30
     Davidson diagonalization with overlap
     ethr =  7.47E-10,  avg # of iterations =  3.9

     total cpu time spent up to now is     1348.5 secs

     total energy              =   -1103.11063117 Ry
     estimated scf accuracy    <       0.00000077 Ry

     iteration # 13     ecut=   100.00 Ry     beta= 0.30
     Davidson diagonalization with overlap
     ethr =  7.47E-10,  avg # of iterations =  2.0

     total cpu time spent up to now is     1368.2 secs

     total energy              =   -1103.11063118 Ry
     estimated scf accuracy    <       0.00000012 Ry

     iteration # 14     ecut=   100.00 Ry     beta= 0.30
     Davidson diagonalization with overlap
     ethr =  2.55E-10,  avg # of iterations =  3.3

     total cpu time spent up to now is     1390.3 secs

     total energy              =   -1103.11063121 Ry
     estimated scf accuracy    <          9.1E-09 Ry

     iteration # 15     ecut=   100.00 Ry     beta= 0.30
     Davidson diagonalization with overlap
     ethr =  1.94E-11,  avg # of iterations =  1.9

     total cpu time spent up to now is     1409.7 secs

     total energy              =   -1103.11063121 Ry
     estimated scf accuracy    <          5.2E-09 Ry

     iteration # 16     ecut=   100.00 Ry     beta= 0.30
     Davidson diagonalization with overlap
     ethr =  1.11E-11,  avg # of iterations =  3.3

     total cpu time spent up to now is     1431.7 secs

     total energy              =   -1103.11063121 Ry
     estimated scf accuracy    <          1.9E-09 Ry

     iteration # 17     ecut=   100.00 Ry     beta= 0.30
     Davidson diagonalization with overlap
     ethr =  4.01E-12,  avg # of iterations =  1.0

     total cpu time spent up to now is     1450.0 secs

     total energy              =   -1103.11063121 Ry
     estimated scf accuracy    <          1.1E-09 Ry

     iteration # 18     ecut=   100.00 Ry     beta= 0.30
     Davidson diagonalization with overlap
     ethr =  2.25E-12,  avg # of iterations =  2.0

     total cpu time spent up to now is     1469.5 secs

     total energy              =   -1103.11063121 Ry
     estimated scf accuracy    <          1.6E-10 Ry

     iteration # 19     ecut=   100.00 Ry     beta= 0.30
     Davidson diagonalization with overlap
     ethr =  3.45E-13,  avg # of iterations =  2.4

     total cpu time spent up to now is     1490.8 secs

     End of self-consistent calculation

          k = 0.0000 0.0000 0.0000 ( 14411 PWs)   bands (ev):

   -88.7094 -52.0336 -52.0336 -52.0336 -23.9774  -9.8817  -8.8148  -8.8148
    -7.4706  -7.4706  -7.4706   1.0137   1.0137   1.0137   3.5812   3.5812
     3.5812   4.1061   4.1061   4.1061   4.6439   4.6439   4.6439   4.9266
     4.9266   7.8454   9.2396  10.6006  10.6006

          k = 0.0000 0.0000 0.1000 ( 14439 PWs)   bands (ev):

   -88.7094 -52.0336 -52.0336 -52.0336 -23.9774  -9.8624  -8.8391  -8.8136
    -7.4701  -7.4701  -7.4633   0.9927   1.0368   1.0368   3.4960   3.4960
     3.5438   3.8318   4.0262   4.0262   4.6450   4.7759   4.7759   4.9269
     5.1002   8.0454   9.4099  10.6817  10.7446

          k = 0.0000 0.0000 0.2000 ( 14410 PWs)   bands (ev):

   -88.7094 -52.0336 -52.0336 -52.0336 -23.9772  -9.8079  -8.9058  -8.8107
    -7.4687  -7.4687  -7.4454   0.9463   1.1021   1.1021   3.2660   3.2660
     3.3462   3.4493   3.9384   3.9384   4.6479   4.9276   5.0012   5.0012
     5.3272   8.6065   9.8747  10.9163  11.1435

          k = 0.0000 0.0000 0.3000 ( 14426 PWs)   bands (ev):

   -88.7094 -52.0336 -52.0336 -52.0336 -23.9770  -9.7287  -8.9982  -8.8070
    -7.4670  -7.4670  -7.4254   0.9075   1.1963   1.1963   2.8923   2.9927
     2.9927   3.3391   3.8919   3.8919   4.6514   4.9285   5.1928   5.1928
     5.4702   9.4303  10.5036  11.2603  11.6996

          k = 0.0000 0.0000 0.4000 ( 14462 PWs)   bands (ev):

   -88.7094 -52.0337 -52.0336 -52.0336 -23.9768  -9.6480  -9.0884  -8.8040
    -7.4656  -7.4656  -7.4108   0.8937   1.2891   1.2891   2.5706   2.7740
     2.7740   3.2545   3.8676   3.8676   4.6543   4.9291   5.3151   5.3151
     5.5429  10.3768  11.0946  11.5336  12.2353

          k = 0.0000 0.0000-0.5000 ( 14454 PWs)   bands (ev):

   -88.7094 -52.0337 -52.0336 -52.0336 -23.9767  -9.6097  -9.1300  -8.8029
    -7.4651  -7.4651  -7.4056   0.8937   1.3305   1.3305   2.4526   2.6881
     2.6881   3.2232   3.8597   3.8597   4.6554   4.9293   5.3568   5.3568
     5.5649  11.0581  11.3848  11.4012  12.4666

          k = 0.0000 0.1000 0.1000 ( 14439 PWs)   bands (ev):

   -88.7094 -52.0336 -52.0336 -52.0336 -23.9773  -9.8431  -8.8499  -8.8252
    -7.4696  -7.4655  -7.4609   0.9159   1.0602   1.1133   3.2960   3.4354
     3.6012   3.7102   3.9119   3.9238   4.7661   4.7852   4.8214   5.0102
     5.2213   8.2175   9.5703  10.7931  10.8403

          k = 0.0000 0.1000 0.2000 ( 14434 PWs)   bands (ev):

   -88.7094 -52.0336 -52.0336 -52.0336 -23.9771  -9.7884  -8.9101  -8.8267
    -7.4682  -7.4636  -7.4455   0.8277   1.1268   1.2125   2.9456   3.2426
     3.3800   3.6061   3.8004   3.8033   4.7757   4.9569   5.0007   5.0566
     5.4729   8.7242  10.0101  11.0265  11.1958

          k = 0.0000 0.1000 0.3000 ( 14433 PWs)   bands (ev):

   -88.7094 -52.0336 -52.0336 -52.0336 -23.9769  -9.7088  -9.0003  -8.8231
    -7.4665  -7.4628  -7.4270   0.7644   1.2231   1.3172   2.5683   2.9841
     3.0819   3.5430   3.7389   3.7397   4.7768   5.0083   5.1835   5.1918
     5.6402   9.5085  10.6153  11.3535  11.7207

          k = 0.0000 0.1000 0.4000 ( 14439 PWs)   bands (ev):

   -88.7094 -52.0337 -52.0336 -52.0336 -23.9767  -9.6270  -9.0899  -8.8198
    -7.4651  -7.4623  -7.4134   0.7360   1.3184   1.4081   2.2840   2.7688
     2.8708   3.4706   3.7115   3.7119   4.7777   5.0161   5.3036   5.3139
     5.7171  10.4383  11.2086  11.6126  12.2499

          k = 0.0000 0.1000-0.5000 ( 14428 PWs)   bands (ev):

   -88.7094 -52.0336 -52.0336 -52.0336 -23.9766  -9.5878  -9.1318  -8.8185
    -7.4646  -7.4621  -7.4086   0.7305   1.3611   1.4466   2.1775   2.6831
     2.7920   3.4407   3.7028   3.7044   4.7780   5.0177   5.3489   5.3554
     5.7371  11.1175  11.4785  11.5123  12.4953

          k = 0.0000 0.2000 0.2000 ( 14443 PWs)   bands (ev):

   -88.7094 -52.0336 -52.0336 -52.0336 -23.9769  -9.7330  -8.9381  -8.8556
    -7.4668  -7.4540  -7.4430   0.6688   1.1972   1.3580   2.5352   3.1482
     3.3174   3.4886   3.5781   3.8355   4.9911   5.0064   5.0236   5.1054
     5.7968   9.1015  10.3857  11.3308  11.3791

          k = 0.0000 0.2000 0.3000 ( 14431 PWs)   bands (ev):

   -88.7094 -52.0336 -52.0336 -52.0336 -23.9767  -9.6518  -9.0100  -8.8656
    -7.4652  -7.4525  -7.4310   0.5436   1.2999   1.4848   2.1651   2.9546
     3.1041   3.4347   3.4489   3.8770   4.9970   5.0813   5.1823   5.1891
     6.0547   9.7597  10.9216  11.6358  11.8270

          k = 0.0000 0.2000 0.4000 ( 14435 PWs)   bands (ev):

   -88.7094 -52.0337 -52.0336 -52.0336 -23.9765  -9.5667  -9.0943  -8.8660
    -7.4638  -7.4536  -7.4201   0.4699   1.4032   1.5779   1.9073   2.7547
     2.9250   3.3994   3.4269   3.8688   4.9958   5.0951   5.2874   5.3106
     6.1819  10.6182  11.5021  11.8741  12.3086

          k = 0.0000 0.2000-0.5000 ( 14434 PWs)   bands (ev):

   -88.7094 -52.0336 -52.0336 -52.0336 -23.9765  -9.5247  -9.1366  -8.8655
    -7.4633  -7.4542  -7.4161   0.4468   1.4503   1.6141   1.8140   2.6699
     2.8585   3.3863   3.4254   3.8597   4.9954   5.0979   5.3322   5.3520
     6.2158  11.2761  11.7310  11.8447  12.5349

          k = 0.0000 0.3000 0.3000 ( 14435 PWs)   bands (ev):

   -88.7094 -52.0336 -52.0336 -52.0336 -23.9765  -9.5674  -9.0408  -8.9127
    -7.4636  -7.4428  -7.4335   0.3532   1.4138   1.6207   1.8247   2.8797
     3.0815   3.1920   3.2226   4.1036   5.1128   5.1834   5.1884   5.2206
     6.4621  10.2306  11.3578  12.0399  12.0994

          k = 0.0000 0.3000 0.4000 ( 14437 PWs)   bands (ev):

   -88.7094 -52.0336 -52.0336 -52.0336 -23.9763  -9.4758  -9.1021  -8.9375
    -7.4623  -7.4431  -7.4278   0.2283   1.5320   1.5997   1.7120   2.7348
     2.9646   3.0739   3.1811   4.2189   5.1246   5.1835   5.2893   5.3067
     6.7109  10.9277  11.8567  12.3432  12.4413

          k = 0.0000 0.3000-0.5000 ( 14462 PWs)   bands (ev):

   -88.7094 -52.0337 -52.0337 -52.0336 -23.9763  -9.4274  -9.1424  -8.9434
    -7.4618  -7.4443  -7.4247   0.1851   1.5211   1.5878   1.7451   2.6537
     2.9087   3.0487   3.1805   4.2504   5.1276   5.1825   5.3245   5.3478
     6.7877  11.5406  11.9981  12.3170  12.5836

          k = 0.0000 0.4000 0.4000 ( 14420 PWs)   bands (ev):

   -88.7094 -52.0336 -52.0336 -52.0336 -23.9762  -9.3715  -9.1197  -9.0150
    -7.4610  -7.4357  -7.4327   0.0640   1.4026   1.6721   1.7985   2.6988
     2.8256   2.9803   3.0300   4.4390   5.1357   5.3032   5.3039   5.3178
     7.0995  11.4034  12.1662  12.5971  12.8319

          k = 0.0000 0.4000-0.5000 ( 14446 PWs)   bands (ev):

   -88.7094 -52.0337 -52.0336 -52.0336 -23.9761  -9.3077  -9.1471  -9.0479
    -7.4605  -7.4364  -7.4310   0.0060   1.3349   1.7427   1.8294   2.6406
     2.7630   2.9455   3.0172   4.5090   5.1387   5.3024   5.3382   5.3445
     7.2379  11.9396  12.0754  12.5354  12.6767

          k = 0.0000-0.5000-0.5000 ( 14396 PWs)   bands (ev):

   -88.7094 -52.0336 -52.0336 -52.0336 -23.9760  -9.2011  -9.1489  -9.1489
    -7.4600  -7.4333  -7.4333  -0.0573   1.2711   1.8249   1.8593   2.6356
     2.6356   2.9593   2.9593   4.5949   5.1416   5.3433   5.3433   5.3517
     7.4087  12.1196  12.3356  12.3356  12.5643

          k = 0.1000 0.1000 0.1000 ( 14417 PWs)   bands (ev):

   -88.7094 -52.0336 -52.0336 -52.0336 -23.9772  -9.8238  -8.8482  -8.8482
    -7.4657  -7.4657  -7.4579   0.8398   1.1351   1.1351   3.2608   3.2608
     3.4531   3.6662   3.8970   3.8970   4.8153   4.8294   4.8294   5.2236
     5.2236   8.3689   9.7189  10.9117  10.9117

          k = 0.1000 0.1000 0.2000 ( 14434 PWs)   bands (ev):

   -88.7094 -52.0336 -52.0336 -52.0336 -23.9770  -9.7690  -8.9120  -8.8440
    -7.4662  -7.4618  -7.4449   0.7312   1.1974   1.2509   2.9193   2.9765
     3.3068   3.6805   3.7095   3.8560   4.8255   4.9727   4.9867   5.2337
     5.5292   8.8317  10.1289  11.1211  11.2477

          k = 0.1000 0.1000 0.3000 ( 14448 PWs)   bands (ev):

   -88.7094 -52.0337 -52.0336 -52.0336 -23.9768  -9.6891  -9.0014  -8.8387
    -7.4669  -7.4592  -7.4284   0.6490   1.2891   1.3653   2.5013   2.6979
     3.2456   3.5132   3.6294   3.8193   4.8282   5.1004   5.1658   5.2656
     5.7303   9.5801  10.7017  11.4326  11.7419

          k = 0.1000 0.1000 0.4000 ( 14440 PWs)   bands (ev):

   -88.7094 -52.0337 -52.0336 -52.0336 -23.9766  -9.6064  -9.0907  -8.8344
    -7.4674  -7.4574  -7.4162   0.6067   1.3829   1.4569   2.2058   2.4842
     3.1506   3.4136   3.5658   3.8005   4.8301   5.1533   5.2958   5.3239
     5.8220  10.4935  11.2851  11.6720  12.2696

          k = 0.1000 0.1000-0.5000 ( 14410 PWs)   bands (ev):

   -88.7094 -52.0336 -52.0336 -52.0336 -23.9766  -9.5665  -9.1330  -8.8328
    -7.4676  -7.4567  -7.4118   0.5957   1.4265   1.4937   2.0985   2.3995
     3.0997   3.3905   3.5391   3.7948   4.8308   5.1638   5.3437   5.3526
     5.8456  11.1732  11.5363  11.5901  12.4868

          k = 0.1000 0.2000 0.2000 ( 14436 PWs)   bands (ev):

   -88.7094 -52.0336 -52.0336 -52.0336 -23.9769  -9.7139  -8.9353  -8.8745
    -7.4653  -7.4559  -7.4408   0.5725   1.2778   1.3742   2.5365   2.9343
     2.9865   3.6559   3.7352   3.8414   4.9575   5.0079   5.0454   5.3523
     5.7926   9.1829  10.4611  11.3879  11.4269

          k = 0.1000 0.2000 0.3000 ( 14450 PWs)   bands (ev):

   -88.7094 -52.0336 -52.0336 -52.0336 -23.9767  -9.6330  -9.0084  -8.8799
    -7.4663  -7.4523  -7.4314   0.4391   1.3722   1.4990   2.1648   2.6413
     2.9749   3.4915   3.6913   3.8906   4.9792   5.1510   5.1661   5.3710
     6.0623   9.8138  10.9408  11.6754  11.8436

          k = 0.1000 0.2000 0.4000 ( 14437 PWs)   bands (ev):

   -88.7094 -52.0337 -52.0336 -52.0336 -23.9765  -9.5476  -9.0933  -8.8775
    -7.4678  -7.4504  -7.4230   0.3571   1.4693   1.5899   1.9060   2.4095
     3.0013   3.3208   3.6811   3.8863   4.9824   5.2649   5.2840   5.3664
     6.2014  10.6569  11.4687  11.8723  12.3326

          k = 0.1000 0.2000-0.5000 ( 14406 PWs)   bands (ev):

   -88.7094 -52.0336 -52.0336 -52.0336 -23.9764  -9.5050  -9.1360  -8.8761
    -7.4685  -7.4496  -7.4199   0.3304   1.5160   1.6248   1.8125   2.3177
     3.0239   3.2430   3.6781   3.8784   4.9833   5.3218   5.3299   5.3492
     6.2390  11.3260  11.6631  11.8230  12.5799

          k = 0.1000 0.3000 0.3000 ( 14456 PWs)   bands (ev):

   -88.7094 -52.0337 -52.0336 -52.0336 -23.9764  -9.5497  -9.0370  -8.9243
    -7.4658  -7.4465  -7.4325   0.2476   1.4715   1.6257   1.8346   2.6316
     2.6820   3.4787   3.5253   4.1101   5.1154   5.1852   5.2148   5.4014
     6.4574  10.2630  11.2821  12.0489  12.0850

          k = 0.1000 0.3000 0.4000 ( 14428 PWs)   bands (ev):

   -88.7094 -52.0336 -52.0336 -52.0336 -23.9763  -9.4589  -9.0989  -8.9445
    -7.4663  -7.4442  -7.4305   0.1190   1.5690   1.6203   1.7134   2.4137
     2.6828   3.3476   3.5062   4.2241   5.1418   5.2839   5.2885   5.3964
     6.7094  10.9423  11.6555  12.2155  12.4482

          k = 0.1000 0.3000-0.5000 ( 14430 PWs)   bands (ev):

   -88.7094 -52.0337 -52.0336 -52.0336 -23.9762  -9.4105  -9.1398  -8.9487
    -7.4668  -7.4437  -7.4292   0.0741   1.5332   1.6297   1.7473   2.3157
     2.6949   3.2871   3.5065   4.2555   5.1445   5.3243   5.3463   5.3726
     6.7879  11.5775  11.7259  12.1575  12.5000

          k = 0.1000 0.4000 0.4000 ( 14423 PWs)   bands (ev):

   -88.7094 -52.0336 -52.0336 -52.0336 -23.9761  -9.3574  -9.1151  -9.0172
    -7.4648  -7.4406  -7.4352  -0.0456   1.4174   1.6981   1.7967   2.4116
     2.4500   3.3585   3.3689   4.4421   5.2478   5.3018   5.3194   5.3941
     7.0979  11.3761  11.7827  12.4224  12.7291

          k = 0.1000 0.4000-0.5000 ( 14452 PWs)   bands (ev):

   -88.7094 -52.0337 -52.0337 -52.0336 -23.9760  -9.2948  -9.1429  -9.0471
    -7.4643  -7.4399  -7.4362  -0.1040   1.3517   1.7586   1.8298   2.3218
     2.4392   3.3090   3.3690   4.5120   5.2673   5.3377   5.3456   5.3744
     7.2376  11.6880  11.9390  12.3129  12.4540

          k = 0.1000-0.5000-0.5000 ( 14440 PWs)   bands (ev):

   -88.7094 -52.0337 -52.0337 -52.0336 -23.9760  -9.1914  -9.1441  -9.1441
    -7.4631  -7.4387  -7.4387  -0.1673   1.2894   1.8310   1.8605   2.3246
     2.3246   3.3164   3.3164   4.5979   5.3416   5.3416   5.3419   5.3547
     7.4099  11.6631  12.2097  12.2097  12.5547

          k = 0.2000 0.2000 0.2000 ( 14444 PWs)   bands (ev):

   -88.7094 -52.0336 -52.0336 -52.0336 -23.9767  -9.6595  -8.9281  -8.9281
    -7.4609  -7.4609  -7.4358   0.3907   1.4218   1.4218   2.4572   2.6188
     2.6188   3.7843   3.7843   3.9008   5.0054   5.0702   5.0702   5.7785
     5.7785   9.4589  10.6798  11.5792  11.5792

          k = 0.2000 0.2000 0.3000 ( 14445 PWs)   bands (ev):

   -88.7094 -52.0336 -52.0336 -52.0336 -23.9765  -9.5792  -9.0068  -8.9192
    -7.4672  -7.4546  -7.4314   0.2248   1.4964   1.5478   2.1030   2.3329
     2.6071   3.7290   3.7977   3.9732   5.0403   5.1675   5.1805   5.7526
     6.1368   9.9938  11.0079  11.8162  11.9250

          k = 0.2000 0.2000 0.4000 ( 14425 PWs)   bands (ev):

   -88.7094 -52.0336 -52.0336 -52.0336 -23.9763  -9.4930  -9.0911  -8.9118
    -7.4723  -7.4484  -7.4296   0.1151   1.5857   1.6307   1.8489   2.1125
     2.6315   3.6539   3.7982   3.9890   5.0495   5.2780   5.2948   5.7187
     6.3289  10.7654  11.3782  11.9242  12.3966

          k = 0.2000 0.2000-0.5000 ( 14414 PWs)   bands (ev):

   -88.7094 -52.0336 -52.0336 -52.0336 -23.9763  -9.4486  -9.1347  -8.9090
    -7.4743  -7.4456  -7.4296   0.0773   1.6387   1.6601   1.7593   2.0155
     2.6435   3.6206   3.7982   3.9875   5.0521   5.3236   5.3461   5.6995
     6.3827  11.4437  11.4826  11.8344  12.5552

          k = 0.2000 0.3000 0.3000 ( 14444 PWs)   bands (ev):

   -88.7094 -52.0336 -52.0336 -52.0336 -23.9763  -9.4992  -9.0269  -8.9589
    -7.4689  -7.4563  -7.4324   0.0157   1.5781   1.6397   1.8513   2.2736
     2.3124   3.7995   3.8031   4.1382   5.1369   5.1998   5.2268   5.8872
     6.4421  10.3609  11.1261  12.0818  12.0859

          k = 0.2000 0.3000 0.4000 ( 14436 PWs)   bands (ev):

   -88.7094 -52.0336 -52.0336 -52.0336 -23.9761  -9.4111  -9.0906  -8.9665
    -7.4737  -7.4515  -7.4363  -0.1293   1.6161   1.6842   1.7146   2.0612
     2.3156   3.7719   3.8176   4.2440   5.1681   5.2837   5.3036   5.8797
     6.7105  10.9455  11.2764  12.0654  12.3722

          k = 0.2000 0.3000-0.5000 ( 14462 PWs)   bands (ev):

   -88.7094 -52.0337 -52.0337 -52.0336 -23.9761  -9.3627  -9.1330  -8.9661
    -7.4760  -7.4460  -7.4410  -0.1807   1.5615   1.7052   1.7581   1.9525
     2.3268   3.7560   3.8214   4.2745   5.1726   5.3231   5.3462   5.8670
     6.7979  11.2591  11.5608  12.0142  12.2108

          k = 0.2000 0.4000 0.4000 ( 14468 PWs)   bands (ev):

   -88.7094 -52.0337 -52.0337 -52.0336 -23.9760  -9.3176  -9.1030  -9.0253
    -7.4734  -7.4538  -7.4430  -0.3019   1.4570   1.7414   1.7827   2.0758
     2.0850   3.7990   3.8026   4.4510   5.2737   5.3024   5.3293   5.8871
     7.0918  11.0958  11.3630  12.2190  12.2312

          k = 0.2000 0.4000-0.5000 ( 14466 PWs)   bands (ev):

   -88.7094 -52.0337 -52.0337 -52.0336 -23.9759  -9.2590  -9.1318  -9.0468
    -7.4736  -7.4501  -7.4498  -0.3637   1.3962   1.7795   1.8319   1.9606
     2.0912   3.7899   3.8079   4.5203   5.2895   5.3355   5.3523   5.8766
     7.2362  11.0836  11.7071  11.9274  12.2801

          k = 0.2000-0.5000-0.5000 ( 14468 PWs)   bands (ev):

   -88.7094 -52.0337 -52.0337 -52.0336 -23.9758  -9.1658  -9.1313  -9.1313
    -7.4711  -7.4531  -7.4531  -0.4292   1.3377   1.8444   1.8634   1.9666
     1.9666   3.7985   3.7985   4.6058   5.3401   5.3401   5.3627   5.8658
     7.4132  11.0185  11.8198  11.8198  12.2753

          k = 0.3000 0.3000 0.3000 ( 14433 PWs)   bands (ev):

   -88.7094 -52.0336 -52.0336 -52.0336 -23.9761  -9.4241  -9.0141  -9.0141
    -7.4686  -7.4686  -7.4364  -0.2215   1.6611   1.6611   1.7856   2.0547
     2.0547   3.9872   3.9872   4.2199   5.1876   5.2461   5.2461   6.4154
     6.4154  10.5621  10.9916  12.1563  12.1564

          k = 0.3000 0.3000 0.4000 ( 14470 PWs)   bands (ev):

   -88.7094 -52.0337 -52.0337 -52.0337 -23.9759  -9.3403  -9.0819  -9.0036
    -7.4787  -7.4634  -7.4445  -0.3900   1.6224   1.6901   1.7158   1.8793
     2.0436   4.0423   4.0837   4.3147   5.2250   5.2943   5.3156   6.3849
     6.7804  10.8542  11.0054  12.0249  12.2323

          k = 0.3000 0.3000-0.5000 ( 14454 PWs)   bands (ev):

   -88.7094 -52.0336 -52.0336 -52.0336 -23.9759  -9.2914  -9.1246  -8.9996
    -7.4826  -7.4554  -7.4536  -0.4503   1.5604   1.7162   1.7293   1.8038
     2.0526   4.0539   4.1116   4.3475   5.2322   5.3272   5.3513   6.3703
     6.9016  10.8532  11.3707  11.7941  12.2317

          k = 0.3000 0.4000 0.4000 ( 14475 PWs)   bands (ev):

   -88.7094 -52.0337 -52.0337 -52.0336 -23.9758  -9.2600  -9.0877  -9.0436
    -7.4813  -7.4704  -7.4552  -0.5773   1.5053   1.6992   1.7046   1.8742
     1.9033   4.1644   4.1845   4.4660   5.2937   5.3172   5.3405   6.5259
     7.0800  10.6619  11.0640  11.7971  12.0008

          k = 0.3000 0.4000-0.5000 ( 14458 PWs)   bands (ev):

   -88.7094 -52.0337 -52.0337 -52.0336 -23.9757  -9.2080  -9.1177  -9.0523
    -7.4836  -7.4669  -7.4642  -0.6447   1.4512   1.6866   1.7120   1.8462
     1.9027   4.1879   4.2149   4.5321   5.3096   5.3415   5.3622   6.5305
     7.2359  10.5858  11.2929  11.4739  11.9119

          k = 0.3000-0.5000-0.5000 ( 14492 PWs)   bands (ev):

   -88.7094 -52.0337 -52.0337 -52.0337 -23.9756  -9.1335  -9.1151  -9.1151
    -7.4810  -7.4712  -7.4712  -0.7147   1.3986   1.6940   1.6940   1.8580
     1.8671   4.2294   4.2294   4.6156   5.3477   5.3477   5.3733   6.5421
     7.4173  10.4929  11.3544  11.3544  11.6519

          k = 0.4000 0.4000 0.4000 ( 14475 PWs)   bands (ev):

   -88.7094 -52.0337 -52.0337 -52.0337 -23.9756  -9.1963  -9.0751  -9.0751
    -7.4841  -7.4841  -7.4687  -0.7772   1.5213   1.5802   1.5802   1.8671
     1.8671   4.4046   4.4046   4.5078   5.3304   5.3509   5.3509   7.0652
     7.0652  10.3673  10.9162  11.4995  11.4995

          k = 0.4000 0.4000-0.5000 ( 14482 PWs)   bands (ev):

   -88.7094 -52.0337 -52.0337 -52.0337 -23.9756  -9.1528  -9.1062  -9.0702
    -7.4894  -7.4808  -7.4782  -0.8494   1.4830   1.5307   1.5778   1.8625
     1.8727   4.4398   4.4849   4.5603   5.3471   5.3611   5.3726   7.0579
     7.2801  10.2650  11.0228  11.1283  11.3927

          k = 0.4000-0.5000-0.5000 ( 14472 PWs)   bands (ev):

   -88.7094 -52.0337 -52.0336 -52.0336 -23.9755  -9.1069  -9.1017  -9.1017
    -7.4890  -7.4862  -7.4862  -0.9234   1.4487   1.5252   1.5252   1.8678
     1.8701   4.5246   4.5246   4.6235   5.3702   5.3702   5.3825   7.1555
     7.4206  10.1543  10.9989  10.9989  11.1010

          k =-0.5000-0.5000-0.5000 ( 14400 PWs)   bands (ev):

   -88.7094 -52.0336 -52.0336 -52.0336 -23.9754  -9.0966  -9.0966  -9.0966
    -7.4920  -7.4920  -7.4920  -0.9989   1.4681   1.4681   1.4681   1.8713
     1.8713   4.6266   4.6266   4.6266   5.3863   5.3863   5.3863   7.4219
     7.4219  10.0374  10.8656  10.8656  10.8656

     the Fermi energy is     5.4492 ev

!    total energy              =   -1103.11063121 Ry
     total all-electron energy =    -19630.254859 Ry
     estimated scf accuracy    <          3.0E-11 Ry
     smearing contrib. (-TS)   =      -0.00509376 Ry
     internal energy E=F+TS    =   -1103.10553745 Ry

     The total energy is F=E-TS. E is the sum of the following terms:
     one-electron contribution =    -311.19334421 Ry
     hartree contribution      =     178.13259605 Ry
     xc contribution           =     -68.51453249 Ry
     ewald contribution        =    -228.84430392 Ry
     one-center paw contrib.   =    -672.68595288 Ry

     convergence has been achieved in  19 iterations

     Forces acting on atoms (cartesian axes, Ry/au):

     atom    1 type  1   force =     0.00000000    0.00000000    0.00000000
     atom    2 type  2   force =     0.00000000    0.00000000    0.00000000
     atom    3 type  3   force =     0.00000000    0.00000000    0.00000000
     atom    4 type  3   force =     0.00000000    0.00000000    0.00000000
     atom    5 type  3   force =     0.00000000    0.00000000    0.00000000

     Total force =     0.000000     Total SCF correction =     0.000000


     Computing stress (Cartesian axis) and pressure

          total   stress  (Ry/bohr**3)                   (kbar)     P=        6.96
   0.00004730   0.00000000   0.00000000            6.96        0.00        0.00
   0.00000000   0.00004730   0.00000000            0.00        6.96        0.00
   0.00000000   0.00000000   0.00004730            0.00        0.00        6.96


     BFGS Geometry Optimization
     Energy error            =      0.0E+00 Ry
     Gradient error          =      0.0E+00 Ry/Bohr

     bfgs converged in   1 scf cycles and   0 bfgs steps
     (criteria: energy <  1.0E-07 Ry, force <  1.0E-03 Ry/Bohr)

     End of BFGS Geometry Optimization

     Final energy             =   -1103.1106312083 Ry
Begin final coordinates

ATOMIC_POSITIONS (crystal)
K                0.0000000000        0.0000000000        0.0000000000
Co               0.5000000000        0.5000000000        0.5000000000
Br               0.5000000000        0.5000000000        0.0000000000
Br               0.5000000000        0.0000000000        0.5000000000
Br               0.0000000000        0.5000000000        0.5000000000
End final coordinates



  ++++++++++++++++++++++++++++++++++++++++++++++++++++++++++++++++++++++++++++
     Doing work    5 /     9
  ++++++++++++++++++++++++++++++++++++++++++++++++++++++++++++++++++++++++++++


     Current dimensions of program PWSCF are:
     Max number of different atomic species (ntypx) = 10
     Max number of k-points (npk) = 120000
     Max angular momentum in pseudopotentials (lmaxx) =  4

     WARNING: check_stop already initialized

     Parallelization info
     --------------------
     sticks:   dense  smooth     PW     G-vecs:    dense   smooth      PW
     Min        2886    1442    401               165930    58662    8597
     Max        2899    1451    404               166147    58715    8672
     Sum        5785    2893    805               332077   117377   17269

     Using Pencil Decomposition



     bravais-lattice index     =            1
     lattice parameter (alat)  =       9.5422  a.u.
     unit-cell volume          =     868.8389 (a.u.)^3
     number of atoms/cell      =            5
     number of atomic types    =            3
     number of electrons       =        47.00
     number of Kohn-Sham states=           29
     kinetic-energy cutoff     =     100.0000  Ry
     charge density cutoff     =     800.0000  Ry
     scf convergence threshold =      1.0E-10
     mixing beta               =       0.3000
     number of iterations used =            8  plain     mixing
     energy convergence thresh.=      1.0E-07
     force convergence thresh. =      1.0E-03
     Exchange-correlation= PBE
                           (   1   4   3   4   0   0   0)
     nstep                     =           20


     celldm(1)=   9.542154  celldm(2)=   0.000000  celldm(3)=   0.000000
     celldm(4)=   0.000000  celldm(5)=   0.000000  celldm(6)=   0.000000

     crystal axes: (cart. coord. in units of alat)
               a(1) = (   1.000000   0.000000   0.000000 )  
               a(2) = (   0.000000   1.000000   0.000000 )  
               a(3) = (   0.000000   0.000000   1.000000 )  

     reciprocal axes: (cart. coord. in units 2 pi/alat)
               b(1) = (  1.000000  0.000000  0.000000 )  
               b(2) = (  0.000000  1.000000  0.000000 )  
               b(3) = (  0.000000  0.000000  1.000000 )  


     PseudoPot. # 1 for K  read from file:
     /home/administrator/Downloads/BURAI/BURAI1.3/pseudopot/K.pbe-spn-kjpaw_psl.1.0.0.UPF
     MD5 check sum: 14ff5a24ff9f8afecca2cb30191d3c3d
     Pseudo is Projector augmented-wave + core cor, Zval =  9.0
     Generated using "atomic" code by A. Dal Corso  v.5.1.2
     Shape of augmentation charge: PSQ
     Using radial grid of 1165 points,  6 beta functions with: 
                l(1) =   0
                l(2) =   0
                l(3) =   1
                l(4) =   1
                l(5) =   2
                l(6) =   2
     Q(r) pseudized with 0 coefficients 


     PseudoPot. # 2 for Co read from file:
     /home/administrator/Downloads/BURAI/BURAI1.3/pseudopot/Co.pbe-spn-kjpaw_psl.1.0.0.UPF
     MD5 check sum: debeb0e0a2756593e9907dd3738e3b12
     Pseudo is Projector augmented-wave + core cor, Zval = 17.0
     Generated using "atomic" code by A. Dal Corso  v.5.1.2
     Shape of augmentation charge: PSQ
     Using radial grid of 1193 points,  6 beta functions with: 
                l(1) =   0
                l(2) =   0
                l(3) =   1
                l(4) =   1
                l(5) =   2
                l(6) =   2
     Q(r) pseudized with 0 coefficients 


     PseudoPot. # 3 for Br read from file:
     /home/administrator/Downloads/BURAI/BURAI1.3/pseudopot/Br.pbe-n-kjpaw_psl.1.0.0.UPF
     MD5 check sum: 4e719ecb11afb5eb9a83625d9f5c08f4
     Pseudo is Projector augmented-wave + core cor, Zval =  7.0
     Generated using "atomic" code by A. Dal Corso  v.5.1.2
     Shape of augmentation charge: PSQ
     Using radial grid of 1213 points,  4 beta functions with: 
                l(1) =   0
                l(2) =   0
                l(3) =   1
                l(4) =   1
     Q(r) pseudized with 0 coefficients 


     atomic species   valence    mass     pseudopotential
     K                 9.00    39.09830     K ( 1.00)
     Co               17.00    58.93320     Co( 1.00)
     Br                7.00    79.90400     Br( 1.00)

     48 Sym. Ops., with inversion, found



   Cartesian axes

     site n.     atom                  positions (alat units)
         1        K      tau(   1) = (   0.0000000   0.0000000   0.0000000  )
         2        Co     tau(   2) = (   0.5000000   0.5000000   0.5000000  )
         3        Br     tau(   3) = (   0.5000000   0.5000000   0.0000000  )
         4        Br     tau(   4) = (   0.5000000   0.0000000   0.5000000  )
         5        Br     tau(   5) = (   0.0000000   0.5000000   0.5000000  )

     number of k points=    56  Gaussian smearing, width (Ry)=  0.0100
                       cart. coord. in units 2pi/alat
        k(    1) = (   0.0000000   0.0000000   0.0000000), wk =   0.0020000
        k(    2) = (   0.0000000   0.0000000   0.1000000), wk =   0.0120000
        k(    3) = (   0.0000000   0.0000000   0.2000000), wk =   0.0120000
        k(    4) = (   0.0000000   0.0000000   0.3000000), wk =   0.0120000
        k(    5) = (   0.0000000   0.0000000   0.4000000), wk =   0.0120000
        k(    6) = (   0.0000000   0.0000000  -0.5000000), wk =   0.0060000
        k(    7) = (   0.0000000   0.1000000   0.1000000), wk =   0.0240000
        k(    8) = (   0.0000000   0.1000000   0.2000000), wk =   0.0480000
        k(    9) = (   0.0000000   0.1000000   0.3000000), wk =   0.0480000
        k(   10) = (   0.0000000   0.1000000   0.4000000), wk =   0.0480000
        k(   11) = (   0.0000000   0.1000000  -0.5000000), wk =   0.0240000
        k(   12) = (   0.0000000   0.2000000   0.2000000), wk =   0.0240000
        k(   13) = (   0.0000000   0.2000000   0.3000000), wk =   0.0480000
        k(   14) = (   0.0000000   0.2000000   0.4000000), wk =   0.0480000
        k(   15) = (   0.0000000   0.2000000  -0.5000000), wk =   0.0240000
        k(   16) = (   0.0000000   0.3000000   0.3000000), wk =   0.0240000
        k(   17) = (   0.0000000   0.3000000   0.4000000), wk =   0.0480000
        k(   18) = (   0.0000000   0.3000000  -0.5000000), wk =   0.0240000
        k(   19) = (   0.0000000   0.4000000   0.4000000), wk =   0.0240000
        k(   20) = (   0.0000000   0.4000000  -0.5000000), wk =   0.0240000
        k(   21) = (   0.0000000  -0.5000000  -0.5000000), wk =   0.0060000
        k(   22) = (   0.1000000   0.1000000   0.1000000), wk =   0.0160000
        k(   23) = (   0.1000000   0.1000000   0.2000000), wk =   0.0480000
        k(   24) = (   0.1000000   0.1000000   0.3000000), wk =   0.0480000
        k(   25) = (   0.1000000   0.1000000   0.4000000), wk =   0.0480000
        k(   26) = (   0.1000000   0.1000000  -0.5000000), wk =   0.0240000
        k(   27) = (   0.1000000   0.2000000   0.2000000), wk =   0.0480000
        k(   28) = (   0.1000000   0.2000000   0.3000000), wk =   0.0960000
        k(   29) = (   0.1000000   0.2000000   0.4000000), wk =   0.0960000
        k(   30) = (   0.1000000   0.2000000  -0.5000000), wk =   0.0480000
        k(   31) = (   0.1000000   0.3000000   0.3000000), wk =   0.0480000
        k(   32) = (   0.1000000   0.3000000   0.4000000), wk =   0.0960000
        k(   33) = (   0.1000000   0.3000000  -0.5000000), wk =   0.0480000
        k(   34) = (   0.1000000   0.4000000   0.4000000), wk =   0.0480000
        k(   35) = (   0.1000000   0.4000000  -0.5000000), wk =   0.0480000
        k(   36) = (   0.1000000  -0.5000000  -0.5000000), wk =   0.0120000
        k(   37) = (   0.2000000   0.2000000   0.2000000), wk =   0.0160000
        k(   38) = (   0.2000000   0.2000000   0.3000000), wk =   0.0480000
        k(   39) = (   0.2000000   0.2000000   0.4000000), wk =   0.0480000
        k(   40) = (   0.2000000   0.2000000  -0.5000000), wk =   0.0240000
        k(   41) = (   0.2000000   0.3000000   0.3000000), wk =   0.0480000
        k(   42) = (   0.2000000   0.3000000   0.4000000), wk =   0.0960000
        k(   43) = (   0.2000000   0.3000000  -0.5000000), wk =   0.0480000
        k(   44) = (   0.2000000   0.4000000   0.4000000), wk =   0.0480000
        k(   45) = (   0.2000000   0.4000000  -0.5000000), wk =   0.0480000
        k(   46) = (   0.2000000  -0.5000000  -0.5000000), wk =   0.0120000
        k(   47) = (   0.3000000   0.3000000   0.3000000), wk =   0.0160000
        k(   48) = (   0.3000000   0.3000000   0.4000000), wk =   0.0480000
        k(   49) = (   0.3000000   0.3000000  -0.5000000), wk =   0.0240000
        k(   50) = (   0.3000000   0.4000000   0.4000000), wk =   0.0480000
        k(   51) = (   0.3000000   0.4000000  -0.5000000), wk =   0.0480000
        k(   52) = (   0.3000000  -0.5000000  -0.5000000), wk =   0.0120000
        k(   53) = (   0.4000000   0.4000000   0.4000000), wk =   0.0160000
        k(   54) = (   0.4000000   0.4000000  -0.5000000), wk =   0.0240000
        k(   55) = (   0.4000000  -0.5000000  -0.5000000), wk =   0.0120000
        k(   56) = (  -0.5000000  -0.5000000  -0.5000000), wk =   0.0020000

     Dense  grid:   332077 G-vectors     FFT dimensions: (  90,  90,  90)

     Smooth grid:   117377 G-vectors     FFT dimensions: (  64,  64,  64)

     Estimated max dynamical RAM per process >     293.76 MB

     Estimated total dynamical RAM >       2.06 GB

     Initial potential from superposition of free atoms

     starting charge      46.9808, renormalised to      47.0000
     Starting wfcs are   30 randomized atomic wfcs
     Checking if some PAW data can be deallocated... 

     total cpu time spent up to now is     1518.3 secs

     Self-consistent Calculation

     iteration #  1     ecut=   100.00 Ry     beta= 0.30
     Davidson diagonalization with overlap
     ethr =  1.00E-02,  avg # of iterations =  5.9

     total cpu time spent up to now is     1542.3 secs

     total energy              =   -1102.75078556 Ry
     estimated scf accuracy    <       0.85565872 Ry

     iteration #  2     ecut=   100.00 Ry     beta= 0.30
     Davidson diagonalization with overlap
     ethr =  1.82E-03,  avg # of iterations =  4.0

     total cpu time spent up to now is     1565.2 secs

     total energy              =   -1102.97056961 Ry
     estimated scf accuracy    <       1.90350872 Ry

     iteration #  3     ecut=   100.00 Ry     beta= 0.30
     Davidson diagonalization with overlap
     ethr =  1.82E-03,  avg # of iterations =  3.4

     total cpu time spent up to now is     1586.7 secs

     total energy              =   -1103.08571537 Ry
     estimated scf accuracy    <       0.11985470 Ry

     iteration #  4     ecut=   100.00 Ry     beta= 0.30
     Davidson diagonalization with overlap
     ethr =  2.55E-04,  avg # of iterations =  3.9

     total cpu time spent up to now is     1608.8 secs

     total energy              =   -1103.10722984 Ry
     estimated scf accuracy    <       0.03787709 Ry

     iteration #  5     ecut=   100.00 Ry     beta= 0.30
     Davidson diagonalization with overlap
     ethr =  8.06E-05,  avg # of iterations =  4.4

     total cpu time spent up to now is     1630.8 secs

     total energy              =   -1103.11069177 Ry
     estimated scf accuracy    <       0.00100844 Ry

     iteration #  6     ecut=   100.00 Ry     beta= 0.30
     Davidson diagonalization with overlap
     ethr =  2.15E-06,  avg # of iterations =  8.7

     total cpu time spent up to now is     1661.9 secs

     total energy              =   -1103.10974563 Ry
     estimated scf accuracy    <       0.00574637 Ry

     iteration #  7     ecut=   100.00 Ry     beta= 0.30
     Davidson diagonalization with overlap
     ethr =  2.15E-06,  avg # of iterations =  4.6

     total cpu time spent up to now is     1687.7 secs

     total energy              =   -1103.11086966 Ry
     estimated scf accuracy    <       0.00265640 Ry

     iteration #  8     ecut=   100.00 Ry     beta= 0.30
     Davidson diagonalization with overlap
     ethr =  2.15E-06,  avg # of iterations =  2.4

     total cpu time spent up to now is     1708.2 secs

     total energy              =   -1103.11104236 Ry
     estimated scf accuracy    <       0.00008432 Ry

     iteration #  9     ecut=   100.00 Ry     beta= 0.30
     Davidson diagonalization with overlap
     ethr =  1.79E-07,  avg # of iterations =  3.9

     total cpu time spent up to now is     1730.5 secs

     total energy              =   -1103.11106652 Ry
     estimated scf accuracy    <       0.00006711 Ry

     iteration # 10     ecut=   100.00 Ry     beta= 0.30
     Davidson diagonalization with overlap
     ethr =  1.43E-07,  avg # of iterations =  1.0

     total cpu time spent up to now is     1749.2 secs

     total energy              =   -1103.11106869 Ry
     estimated scf accuracy    <       0.00000772 Ry

     iteration # 11     ecut=   100.00 Ry     beta= 0.30
     Davidson diagonalization with overlap
     ethr =  1.64E-08,  avg # of iterations =  2.4

     total cpu time spent up to now is     1769.7 secs

     total energy              =   -1103.11106964 Ry
     estimated scf accuracy    <       0.00000026 Ry

     iteration # 12     ecut=   100.00 Ry     beta= 0.30
     Davidson diagonalization with overlap
     ethr =  5.56E-10,  avg # of iterations =  2.4

     total cpu time spent up to now is     1791.2 secs

     total energy              =   -1103.11106967 Ry
     estimated scf accuracy    <       0.00000004 Ry

     iteration # 13     ecut=   100.00 Ry     beta= 0.30
     Davidson diagonalization with overlap
     ethr =  9.22E-11,  avg # of iterations =  4.2

     total cpu time spent up to now is     1818.4 secs

     total energy              =   -1103.11106971 Ry
     estimated scf accuracy    <       0.00000023 Ry

     iteration # 14     ecut=   100.00 Ry     beta= 0.30
     Davidson diagonalization with overlap
     ethr =  9.22E-11,  avg # of iterations =  2.0

     total cpu time spent up to now is     1839.4 secs

     total energy              =   -1103.11106969 Ry
     estimated scf accuracy    <       0.00000011 Ry

     iteration # 15     ecut=   100.00 Ry     beta= 0.30
     Davidson diagonalization with overlap
     ethr =  9.22E-11,  avg # of iterations =  3.5

     total cpu time spent up to now is     1863.5 secs

     total energy              =   -1103.11106971 Ry
     estimated scf accuracy    <          2.7E-09 Ry

     iteration # 16     ecut=   100.00 Ry     beta= 0.30
     Davidson diagonalization with overlap
     ethr =  5.65E-12,  avg # of iterations =  3.1

     total cpu time spent up to now is     1885.7 secs

     total energy              =   -1103.11106971 Ry
     estimated scf accuracy    <          6.9E-10 Ry

     iteration # 17     ecut=   100.00 Ry     beta= 0.30
     Davidson diagonalization with overlap
     ethr =  1.46E-12,  avg # of iterations =  1.0

     total cpu time spent up to now is     1904.5 secs

     total energy              =   -1103.11106971 Ry
     estimated scf accuracy    <          3.3E-10 Ry

     iteration # 18     ecut=   100.00 Ry     beta= 0.30
     Davidson diagonalization with overlap
     ethr =  6.97E-13,  avg # of iterations =  1.0

     total cpu time spent up to now is     1923.2 secs

     total energy              =   -1103.11106971 Ry
     estimated scf accuracy    <          1.7E-10 Ry

     iteration # 19     ecut=   100.00 Ry     beta= 0.30
     Davidson diagonalization with overlap
     ethr =  3.57E-13,  avg # of iterations =  2.1

     total cpu time spent up to now is     1943.3 secs

     End of self-consistent calculation

          k = 0.0000 0.0000 0.0000 ( 14771 PWs)   bands (ev):

   -88.8881 -52.2114 -52.2114 -52.2114 -24.1647  -9.9895  -8.9625  -8.9625
    -7.6550  -7.6550  -7.6550   0.9056   0.9056   0.9056   3.4264   3.4264
     3.4264   3.9311   3.9311   3.9311   4.4853   4.4853   4.4853   4.7503
     4.7503   7.6242   9.0266  10.4503  10.4503

          k = 0.0000 0.0000 0.1000 ( 14679 PWs)   bands (ev):

   -88.8881 -52.2113 -52.2113 -52.2113 -24.1647  -9.9709  -8.9858  -8.9614
    -7.6545  -7.6545  -7.6481   0.8843   0.9283   0.9283   3.3446   3.3446
     3.3905   3.6636   3.8553   3.8553   4.4863   4.6103   4.6103   4.7506
     4.9186   7.8257   9.1910  10.5293  10.5910

          k = 0.0000 0.0000 0.2000 ( 14654 PWs)   bands (ev):

   -88.8881 -52.2113 -52.2113 -52.2113 -24.1645  -9.9181  -9.0498  -8.9586
    -7.6532  -7.6532  -7.6313   0.8368   0.9926   0.9926   3.1222   3.1222
     3.1890   3.2999   3.7704   3.7704   4.4890   4.7513   4.8271   4.8271
     5.1391   8.3893   9.6422  10.7559  10.9811

          k = 0.0000 0.0000 0.3000 ( 14670 PWs)   bands (ev):

   -88.8881 -52.2114 -52.2113 -52.2113 -24.1643  -9.8414  -9.1386  -8.9552
    -7.6516  -7.6516  -7.6124   0.7955   1.0854   1.0854   2.7462   2.8560
     2.8560   3.1939   3.7255   3.7255   4.4923   4.7520   5.0127   5.0127
     5.2779   9.2130  10.2607  11.0806  11.5254

          k = 0.0000 0.0000 0.4000 ( 14630 PWs)   bands (ev):

   -88.8881 -52.2113 -52.2113 -52.2113 -24.1642  -9.7631  -9.2255  -8.9524
    -7.6504  -7.6504  -7.5987   0.7785   1.1766   1.1766   2.4335   2.6425
     2.6425   3.1125   3.7021   3.7021   4.4950   4.7526   5.1315   5.1315
     5.3484  10.1554  10.8565  11.3207  12.0499

          k = 0.0000 0.0000-0.5000 ( 14662 PWs)   bands (ev):

   -88.8881 -52.2114 -52.2113 -52.2113 -24.1641  -9.7260  -9.2657  -8.9513
    -7.6499  -7.6499  -7.5937   0.7768   1.2172   1.2172   2.3192   2.5586
     2.5586   3.0823   3.6946   3.6946   4.4961   4.7528   5.1719   5.1719
     5.3698  10.8358  11.1437  11.1793  12.2791

          k = 0.0000 0.1000 0.1000 ( 14701 PWs)   bands (ev):

   -88.8881 -52.2114 -52.2113 -52.2113 -24.1646  -9.9522  -8.9961  -8.9725
    -7.6540  -7.6502  -7.6458   0.8086   0.9513   1.0030   3.1499   3.2864
     3.4461   3.5457   3.7438   3.7578   4.6019   4.6185   4.6546   4.8314
     5.0364   7.9989   9.3465  10.6382  10.6848

          k = 0.0000 0.1000 0.2000 ( 14665 PWs)   bands (ev):

   -88.8881 -52.2113 -52.2113 -52.2113 -24.1645  -9.8993  -9.0539  -8.9740
    -7.6527  -7.6485  -7.6314   0.7204   1.0169   1.1003   2.8061   3.0997
     3.2263   3.4508   3.6387   3.6392   4.6104   4.7834   4.8266   4.8781
     5.2815   8.5074   9.7746  10.8646  11.0332

          k = 0.0000 0.1000 0.3000 ( 14673 PWs)   bands (ev):

   -88.8881 -52.2114 -52.2113 -52.2113 -24.1643  -9.8222  -9.1406  -8.9706
    -7.6512  -7.6477  -7.6140   0.6553   1.1116   1.2030   2.4359   2.8478
     2.9375   3.3915   3.5767   3.5798   4.6115   4.8299   5.0040   5.0117
     5.4445   9.2906  10.3697  11.1753  11.5477

          k = 0.0000 0.1000 0.4000 ( 14655 PWs)   bands (ev):

   -88.8881 -52.2113 -52.2113 -52.2113 -24.1641  -9.7429  -9.2270  -8.9675
    -7.6499  -7.6472  -7.6012   0.6241   1.2052   1.2922   2.1585   2.6376
     2.7326   3.3223   3.5506   3.5527   4.6123   4.8371   5.1206   5.1303
     5.5193  10.2155  10.9646  11.4050  12.0659

          k = 0.0000 0.1000-0.5000 ( 14646 PWs)   bands (ev):

   -88.8881 -52.2113 -52.2113 -52.2113 -24.1640  -9.7049  -9.2674  -8.9663
    -7.6494  -7.6470  -7.5966   0.6171   1.2471   1.3300   2.0551   2.5539
     2.6559   3.2937   3.5434   3.5444   4.6127   4.8385   5.1645   5.1707
     5.5389  10.8884  11.2603  11.2706  12.3086

          k = 0.0000 0.2000 0.2000 ( 14703 PWs)   bands (ev):

   -88.8881 -52.2114 -52.2113 -52.2113 -24.1643  -9.8457  -9.0807  -9.0018
    -7.6515  -7.6395  -7.6290   0.5627   1.0861   1.2427   2.4044   3.0085
     3.1660   3.3333   3.4235   3.6734   4.8184   4.8315   4.8486   4.9258
     5.5984   8.8849  10.1426  11.1630  11.2148

          k = 0.0000 0.2000 0.3000 ( 14684 PWs)   bands (ev):

   -88.8881 -52.2114 -52.2113 -52.2113 -24.1641  -9.7672  -9.1499  -9.0114
    -7.6500  -7.6381  -7.6177   0.4368   1.1870   1.3671   2.0429   2.8198
     2.9589   3.2804   3.2983   3.7154   4.8234   4.9008   5.0039   5.0093
     5.8505   9.5414  10.6704  11.4590  11.6531

          k = 0.0000 0.2000 0.4000 ( 14684 PWs)   bands (ev):

   -88.8881 -52.2114 -52.2113 -52.2113 -24.1639  -9.6849  -9.2312  -9.0119
    -7.6488  -7.6391  -7.6074   0.3614   1.2882   1.4585   1.7919   2.6244
     2.7845   3.2507   3.2728   3.7088   4.8223   4.9135   5.1059   5.1273
     5.9750  10.3944  11.2454  11.6764  12.1268

          k = 0.0000 0.2000-0.5000 ( 14654 PWs)   bands (ev):

   -88.8881 -52.2113 -52.2113 -52.2113 -24.1639  -9.6442  -9.2719  -9.0115
    -7.6483  -7.6396  -7.6036   0.3373   1.3343   1.4940   1.7014   2.5415
     2.7197   3.2381   3.2714   3.7004   4.8219   4.9162   5.1492   5.1675
     6.0083  11.0397  11.5168  11.5974  12.3494

          k = 0.0000 0.3000 0.3000 ( 14666 PWs)   bands (ev):

   -88.8881 -52.2113 -52.2113 -52.2113 -24.1639  -9.6858  -9.1796  -9.0568
    -7.6485  -7.6290  -7.6201   0.2473   1.2986   1.5004   1.7111   2.7473
     2.9369   3.0481   3.0732   3.9356   4.9308   5.0043   5.0084   5.0424
     6.2488  10.0124  11.1024  11.8648  11.9130

          k = 0.0000 0.3000 0.4000 ( 14662 PWs)   bands (ev):

   -88.8881 -52.2114 -52.2113 -52.2113 -24.1638  -9.5974  -9.2386  -9.0806
    -7.6473  -7.6292  -7.6147   0.1222   1.4140   1.4921   1.5899   2.6056
     2.8225   2.9340   3.0329   4.0483   4.9420   5.0041   5.1090   5.1236
     6.4920  10.7074  11.5973  12.1433  12.2578

          k = 0.0000 0.3000-0.5000 ( 14668 PWs)   bands (ev):

   -88.8881 -52.2113 -52.2113 -52.2113 -24.1637  -9.5506  -9.2775  -9.0863
    -7.6469  -7.6304  -7.6118   0.0789   1.4158   1.4684   1.6224   2.5263
     2.7679   2.9099   3.0323   4.0793   4.9449   5.0033   5.1428   5.1636
     6.5672  11.3077  11.7848  12.0691  12.3776

          k = 0.0000 0.4000 0.4000 ( 14688 PWs)   bands (ev):

   -88.8881 -52.2114 -52.2114 -52.2113 -24.1636  -9.4971  -9.2555  -9.1549
    -7.6462  -7.6222  -7.6194  -0.0406   1.3001   1.5504   1.6748   2.5711
     2.6925   2.8374   2.8852   4.2616   4.9527   5.1205   5.1210   5.1372
     6.8705  11.1897  11.9177  12.4021  12.6371

          k = 0.0000 0.4000-0.5000 ( 14674 PWs)   bands (ev):

   -88.8881 -52.2114 -52.2113 -52.2113 -24.1635  -9.4357  -9.2820  -9.1865
    -7.6457  -7.6229  -7.6178  -0.0981   1.2341   1.6187   1.7050   2.5141
     2.6325   2.8032   2.8729   4.3297   4.9555   5.1197   5.1570   5.1606
     7.0051  11.7188  11.8730  12.3054  12.4470

          k = 0.0000-0.5000-0.5000 ( 14676 PWs)   bands (ev):

   -88.8881 -52.2114 -52.2114 -52.2113 -24.1635  -9.3330  -9.2837  -9.2837
    -7.6453  -7.6200  -7.6200  -0.1606   1.1719   1.6979   1.7344   2.5094
     2.5094   2.8164   2.8164   4.4128   4.9584   5.1594   5.1594   5.1702
     7.1706  11.9148  12.1237  12.1237  12.3647

          k = 0.1000 0.1000 0.1000 ( 14687 PWs)   bands (ev):

   -88.8881 -52.2113 -52.2113 -52.2113 -24.1646  -9.9335  -8.9946  -8.9946
    -7.6504  -7.6504  -7.6430   0.7336   1.0245   1.0245   3.1166   3.1166
     3.2951   3.5093   3.7300   3.7300   4.6485   4.6627   4.6627   5.0387
     5.0387   8.1512   9.4913  10.7547  10.7547

          k = 0.1000 0.1000 0.2000 ( 14662 PWs)   bands (ev):

   -88.8881 -52.2113 -52.2113 -52.2113 -24.1644  -9.8805  -9.0557  -8.9906
    -7.6509  -7.6467  -7.6309   0.6254   1.0859   1.1379   2.7780   2.8398
     3.1575   3.5239   3.5484   3.6912   4.6586   4.8003   4.8143   5.0489
     5.3366   8.6149   9.8917  10.9584  11.0849

          k = 0.1000 0.1000 0.3000 ( 14685 PWs)   bands (ev):

   -88.8881 -52.2114 -52.2113 -52.2113 -24.1642  -9.8032  -9.1417  -8.9856
    -7.6515  -7.6444  -7.6153   0.5417   1.1761   1.2501   2.3692   2.5678
     3.0992   3.3579   3.4759   3.6560   4.6613   4.9219   4.9873   5.0815
     5.5327   9.3616  10.4555  11.2558  11.5700

          k = 0.1000 0.1000 0.4000 ( 14652 PWs)   bands (ev):

   -88.8881 -52.2113 -52.2113 -52.2113 -24.1640  -9.7232  -9.2277  -8.9816
    -7.6520  -7.6427  -7.6037   0.4969   1.2682   1.3400   2.0818   2.3590
     3.0065   3.2616   3.4153   3.6380   4.6631   4.9713   5.1132   5.1399
     5.6223  10.2696  11.0376  11.4706  12.0870

          k = 0.1000 0.1000-0.5000 ( 14650 PWs)   bands (ev):

   -88.8881 -52.2113 -52.2113 -52.2113 -24.1640  -9.6844  -9.2685  -8.9800
    -7.6522  -7.6421  -7.5996   0.4846   1.3109   1.3761   1.9777   2.2763
     2.9567   3.2396   3.3897   3.6325   4.6638   4.9810   5.1596   5.1681
     5.6453  10.9387  11.3277  11.3441  12.3493

          k = 0.1000 0.2000 0.2000 ( 14674 PWs)   bands (ev):

   -88.8881 -52.2113 -52.2113 -52.2113 -24.1642  -9.8273  -9.0782  -9.0199
    -7.6501  -7.6413  -7.6270   0.4678   1.1648   1.2588   2.4052   2.7983
     2.8446   3.4973   3.5749   3.6796   4.7855   4.8351   4.8720   5.1644
     5.5943   8.9658  10.2196  11.2207  11.2621

          k = 0.1000 0.2000 0.3000 ( 14676 PWs)   bands (ev):

   -88.8881 -52.2114 -52.2113 -52.2113 -24.1640  -9.7491  -9.1484  -9.0252
    -7.6510  -7.6379  -7.6181   0.3340   1.2576   1.3811   2.0422   2.5109
     2.8352   3.3378   3.5325   3.7288   4.8067   4.9728   4.9887   5.1830
     5.8579   9.5946  10.6945  11.4996  11.6712

          k = 0.1000 0.2000 0.4000 ( 14675 PWs)   bands (ev):

   -88.8881 -52.2114 -52.2113 -52.2113 -24.1639  -9.6666  -9.2302  -9.0230
    -7.6524  -7.6361  -7.6102   0.2505   1.3528   1.4703   1.7904   2.2847
     2.8606   3.1723   3.5228   3.7260   4.8099   5.0822   5.1025   5.1794
     5.9941  10.4319  11.2180  11.6806  12.1518

          k = 0.1000 0.2000-0.5000 ( 14662 PWs)   bands (ev):

   -88.8881 -52.2113 -52.2113 -52.2113 -24.1638  -9.6253  -9.2714  -9.0217
    -7.6531  -7.6354  -7.6072   0.2229   1.3983   1.5046   1.6998   2.1953
     2.8821   3.0970   3.5199   3.7188   4.8108   5.1349   5.1470   5.1651
     6.0310  11.0839  11.4542  11.5878  12.3944

          k = 0.1000 0.3000 0.3000 ( 14668 PWs)   bands (ev):

   -88.8881 -52.2114 -52.2113 -52.2113 -24.1639  -9.6687  -9.1760  -9.0680
    -7.6505  -7.6324  -7.6192   0.1433   1.3550   1.5054   1.7205   2.5021
     2.5481   3.3254   3.3720   3.9420   4.9379   5.0064   5.0368   5.2126
     6.2442  10.0435  11.0380  11.8743  11.9011

          k = 0.1000 0.3000 0.4000 ( 14659 PWs)   bands (ev):

   -88.8881 -52.2114 -52.2113 -52.2113 -24.1637  -9.5812  -9.2356  -9.0874
    -7.6510  -7.6303  -7.6173   0.0149   1.4523   1.5101   1.5914   2.2883
     2.5497   3.1987   3.3531   4.0533   4.9637   5.1015   5.1080   5.2082
     6.4904  10.7208  11.4152  12.0197  12.2626

          k = 0.1000 0.3000-0.5000 ( 14646 PWs)   bands (ev):

   -88.8881 -52.2113 -52.2113 -52.2113 -24.1636  -9.5345  -9.2751  -9.0914
    -7.6515  -7.6298  -7.6160  -0.0301   1.4274   1.5095   1.6246   2.1930
     2.5612   3.1401   3.3534   4.0842   4.9664   5.1425   5.1625   5.1846
     6.5673  11.3366  11.5218  11.9313  12.2911

          k = 0.1000 0.4000 0.4000 ( 14688 PWs)   bands (ev):

   -88.8881 -52.2114 -52.2114 -52.2113 -24.1636  -9.4836  -9.2512  -9.1571
    -7.6497  -7.6269  -7.6217  -0.1482   1.3143   1.5762   1.6731   2.2867
     2.3222   3.2091   3.2198   4.2646   5.0657   5.1194   5.1386   5.2063
     6.8689  11.1641  11.5557  12.2179  12.4978

          k = 0.1000 0.4000-0.5000 ( 14692 PWs)   bands (ev):

   -88.8881 -52.2114 -52.2114 -52.2113 -24.1635  -9.4234  -9.2780  -9.1858
    -7.6492  -7.6262  -7.6226  -0.2060   1.2503   1.6348   1.7054   2.1989
     2.3123   3.1612   3.2196   4.3326   5.0848   5.1552   5.1629   5.1871
     7.0047  11.4894  11.7096  12.0933  12.2428

          k = 0.1000-0.5000-0.5000 ( 14692 PWs)   bands (ev):

   -88.8881 -52.2114 -52.2114 -52.2113 -24.1634  -9.3238  -9.2791  -9.2791
    -7.6481  -7.6250  -7.6250  -0.2685   1.1894   1.7044   1.7355   2.2017
     2.2017   3.1684   3.1684   4.4157   5.1545   5.1579   5.1579   5.1730
     7.1718  11.4657  11.9919  11.9919  12.3621

          k = 0.2000 0.2000 0.2000 ( 14675 PWs)   bands (ev):

   -88.8881 -52.2113 -52.2113 -52.2113 -24.1641  -9.7748  -9.0714  -9.0714
    -7.6459  -7.6459  -7.6223   0.2877   1.3057   1.3057   2.3240   2.4895
     2.4895   3.6224   3.6224   3.7380   4.8331   4.8961   4.8961   5.5805
     5.5805   9.2408  10.4419  11.4116  11.4116

          k = 0.2000 0.2000 0.3000 ( 14659 PWs)   bands (ev):

   -88.8881 -52.2113 -52.2113 -52.2113 -24.1639  -9.6972  -9.1470  -9.0630
    -7.6518  -7.6400  -7.6182   0.1221   1.3792   1.4293   1.9807   2.2096
     2.4761   3.5693   3.6363   3.8092   4.8668   4.9902   5.0028   5.5553
     5.9307   9.7730  10.7737  11.6406  11.7530

          k = 0.2000 0.2000 0.4000 ( 14629 PWs)   bands (ev):

   -88.8881 -52.2113 -52.2113 -52.2113 -24.1637  -9.6141  -9.2281  -9.0561
    -7.6565  -7.6343  -7.6164   0.0119   1.4667   1.5108   1.7342   1.9940
     2.4990   3.4970   3.6371   3.8259   4.8757   5.0969   5.1130   5.5225
     6.1189  10.5391  11.1455  11.7353  12.2159

          k = 0.2000 0.2000-0.5000 ( 14658 PWs)   bands (ev):

   -88.8881 -52.2114 -52.2113 -52.2113 -24.1637  -9.5711  -9.2702  -9.0534
    -7.6584  -7.6317  -7.6163  -0.0263   1.5180   1.5397   1.6475   1.8995
     2.5104   3.4648   3.6372   3.8250   4.8781   5.1409   5.1625   5.5040
     6.1718  11.1872  11.2826  11.6273  12.3399

          k = 0.2000 0.3000 0.3000 ( 14676 PWs)   bands (ev):

   -88.8881 -52.2114 -52.2113 -52.2113 -24.1637  -9.6202  -9.1664  -9.1012
    -7.6534  -7.6415  -7.6191  -0.0852   1.4599   1.5197   1.7359   2.1493
     2.1884   3.6385   3.6426   3.9692   4.9604   5.0214   5.0484   5.6870
     6.2291  10.1390  10.9050  11.9039  11.9041

          k = 0.2000 0.3000 0.4000 ( 14662 PWs)   bands (ev):

   -88.8881 -52.2114 -52.2113 -52.2113 -24.1636  -9.5354  -9.2278  -9.1086
    -7.6578  -7.6371  -7.6227  -0.2293   1.5044   1.5667   1.5934   1.9421
     2.1900   3.6127   3.6567   4.0726   4.9905   5.1027   5.1223   5.6800
     6.4915  10.7257  11.0578  11.8722  12.1669

          k = 0.2000 0.3000-0.5000 ( 14664 PWs)   bands (ev):

   -88.8881 -52.2114 -52.2113 -52.2113 -24.1635  -9.4887  -9.2687  -9.1083
    -7.6600  -7.6320  -7.6271  -0.2804   1.4546   1.5841   1.6352   1.8370
     2.2004   3.5974   3.6605   4.1026   4.9949   5.1410   5.1631   5.6678
     6.5772  11.0661  11.3065  11.8211  11.9886

          k = 0.2000 0.4000 0.4000 ( 14643 PWs)   bands (ev):

   -88.8881 -52.2113 -52.2113 -52.2113 -24.1634  -9.4456  -9.2398  -9.1652
    -7.6576  -7.6392  -7.6290  -0.3998   1.3522   1.6199   1.6607   1.9548
     1.9647   3.6394   3.6427   4.2732   5.0927   5.1205   5.1481   5.6876
     6.8629  10.9056  11.1292  12.0109  12.0272

          k = 0.2000 0.4000-0.5000 ( 14666 PWs)   bands (ev):

   -88.8881 -52.2114 -52.2114 -52.2113 -24.1634  -9.3892  -9.2675  -9.1858
    -7.6577  -7.6357  -7.6354  -0.4607   1.2929   1.6572   1.7073   1.8444
     1.9699   3.6307   3.6480   4.3404   5.1079   5.1527   5.1700   5.6776
     7.0033  10.8949  11.4732  11.7081  12.0895

          k = 0.2000-0.5000-0.5000 ( 14696 PWs)   bands (ev):

   -88.8881 -52.2114 -52.2114 -52.2113 -24.1633  -9.2996  -9.2670  -9.2670
    -7.6555  -7.6385  -7.6385  -0.5252   1.2358   1.7184   1.7384   1.8501
     1.8501   3.6391   3.6391   4.4232   5.1568   5.1568   5.1806   5.6673
     7.1748  10.8312  11.6024  11.6024  12.0685

          k = 0.3000 0.3000 0.3000 ( 14655 PWs)   bands (ev):

   -88.8881 -52.2113 -52.2113 -52.2113 -24.1635  -9.5480  -9.1544  -9.1544
    -7.6530  -7.6530  -7.6229  -0.3193   1.5423   1.5423   1.6717   1.9344
     1.9344   3.8217   3.8217   4.0485   5.0102   5.0670   5.0670   6.2031
     6.2031  10.3407  10.7879  11.9693  11.9694

          k = 0.3000 0.3000 0.4000 ( 14688 PWs)   bands (ev):

   -88.8881 -52.2114 -52.2114 -52.2113 -24.1634  -9.4675  -9.2196  -9.1445
    -7.6624  -7.6482  -7.6305  -0.4857   1.5128   1.5740   1.5970   1.7591
     1.9219   3.8757   3.9160   4.1411   5.0463   5.1135   5.1342   6.1736
     6.5597  10.6641  10.7781  11.8228  12.0285

          k = 0.3000 0.3000-0.5000 ( 14698 PWs)   bands (ev):

   -88.8881 -52.2114 -52.2114 -52.2113 -24.1633  -9.4204  -9.2607  -9.1407
    -7.6661  -7.6406  -7.6391  -0.5453   1.4528   1.6051   1.6102   1.6795
     1.9303   3.8870   3.9433   4.1734   5.0532   5.1452   5.1685   6.1595
     6.6785  10.6680  11.1364  11.5767  12.0333

          k = 0.3000 0.4000 0.4000 ( 14703 PWs)   bands (ev):

   -88.8881 -52.2114 -52.2114 -52.2114 -24.1632  -9.3905  -9.2253  -9.1830
    -7.6649  -7.6546  -7.6405  -0.6699   1.3986   1.5853   1.5900   1.7510
     1.7805   3.9948   4.0141   4.2876   5.1129   5.1355   5.1587   6.3118
     6.8514  10.4803  10.8439  11.5842  11.7944

          k = 0.3000 0.4000-0.5000 ( 14702 PWs)   bands (ev):

   -88.8881 -52.2114 -52.2114 -52.2114 -24.1632  -9.3406  -9.2543  -9.1915
    -7.6670  -7.6513  -7.6489  -0.7361   1.3457   1.5756   1.5977   1.7211
     1.7792   4.0176   4.0440   4.3518   5.1281   5.1590   5.1796   6.3166
     7.0031  10.4056  11.0751  11.2627  11.7020

          k = 0.3000-0.5000-0.5000 ( 14708 PWs)   bands (ev):

   -88.8881 -52.2114 -52.2114 -52.2114 -24.1631  -9.2691  -9.2518  -9.2518
    -7.6646  -7.6554  -7.6554  -0.8048   1.2941   1.5825   1.5825   1.7325
     1.7419   4.0582   4.0582   4.4326   5.1648   5.1648   5.1906   6.3282
     7.1787  10.3143  11.1457  11.1457  11.4388

          k = 0.4000 0.4000 0.4000 ( 14721 PWs)   bands (ev):

   -88.8881 -52.2114 -52.2114 -52.2114 -24.1631  -9.3296  -9.2134  -9.2134
    -7.6674  -7.6674  -7.6531  -0.8659   1.4136   1.4707   1.4707   1.7421
     1.7421   4.2279   4.2279   4.3280   5.1488   5.1686   5.1686   6.8372
     6.8372  10.1908  10.7081  11.2915  11.2915

          k = 0.4000 0.4000-0.5000 ( 14700 PWs)   bands (ev):

   -88.8881 -52.2114 -52.2114 -52.2114 -24.1630  -9.2879  -9.2434  -9.2088
    -7.6723  -7.6643  -7.6619  -0.9366   1.3760   1.4224   1.4682   1.7371
     1.7475   4.2621   4.3059   4.3790   5.1649   5.1785   5.1896   6.8302
     7.0460  10.0903  10.8167  10.9247  11.1866

          k = 0.4000-0.5000-0.5000 ( 14688 PWs)   bands (ev):

   -88.8881 -52.2114 -52.2114 -52.2114 -24.1630  -9.2440  -9.2392  -9.2392
    -7.6720  -7.6693  -7.6693  -1.0090   1.3422   1.4168   1.4168   1.7424
     1.7448   4.3443   4.3443   4.4402   5.1872   5.1872   5.1994   6.9252
     7.1818   9.9816  10.7985  10.7985  10.8974

          k =-0.5000-0.5000-0.5000 ( 14592 PWs)   bands (ev):

   -88.8881 -52.2113 -52.2113 -52.2113 -24.1629  -9.2343  -9.2343  -9.2343
    -7.6747  -7.6747  -7.6747  -1.0829   1.3608   1.3608   1.3608   1.7459
     1.7459   4.4431   4.4431   4.4431   5.2029   5.2029   5.2029   7.1830
     7.1830   9.8667  10.6685  10.6685  10.6685

     the Fermi energy is     5.2649 ev

!    total energy              =   -1103.11106971 Ry
     total all-electron energy =    -19630.255297 Ry
     estimated scf accuracy    <          4.5E-12 Ry
     smearing contrib. (-TS)   =      -0.00518892 Ry
     internal energy E=F+TS    =   -1103.10588079 Ry

     The total energy is F=E-TS. E is the sum of the following terms:
     one-electron contribution =    -313.06990330 Ry
     hartree contribution      =     178.77984438 Ry
     xc contribution           =     -68.48691724 Ry
     ewald contribution        =    -227.64518102 Ry
     one-center paw contrib.   =    -672.68372362 Ry

     convergence has been achieved in  19 iterations

     Forces acting on atoms (cartesian axes, Ry/au):

     atom    1 type  1   force =     0.00000000    0.00000000    0.00000000
     atom    2 type  2   force =     0.00000000    0.00000000    0.00000000
     atom    3 type  3   force =     0.00000000    0.00000000    0.00000000
     atom    4 type  3   force =     0.00000000    0.00000000    0.00000000
     atom    5 type  3   force =     0.00000000    0.00000000    0.00000000

     Total force =     0.000000     Total SCF correction =     0.000000


     Computing stress (Cartesian axis) and pressure

          total   stress  (Ry/bohr**3)                   (kbar)     P=        0.85
   0.00000577   0.00000000   0.00000000            0.85        0.00        0.00
   0.00000000   0.00000577   0.00000000            0.00        0.85        0.00
   0.00000000   0.00000000   0.00000577            0.00        0.00        0.85


     BFGS Geometry Optimization
     Energy error            =      0.0E+00 Ry
     Gradient error          =      0.0E+00 Ry/Bohr

     bfgs converged in   1 scf cycles and   0 bfgs steps
     (criteria: energy <  1.0E-07 Ry, force <  1.0E-03 Ry/Bohr)

     End of BFGS Geometry Optimization

     Final energy             =   -1103.1110697121 Ry
Begin final coordinates

ATOMIC_POSITIONS (crystal)
K                0.0000000000        0.0000000000        0.0000000000
Co               0.5000000000        0.5000000000        0.5000000000
Br               0.5000000000        0.5000000000        0.0000000000
Br               0.5000000000        0.0000000000        0.5000000000
Br               0.0000000000        0.5000000000        0.5000000000
End final coordinates



  ++++++++++++++++++++++++++++++++++++++++++++++++++++++++++++++++++++++++++++
     Doing work    6 /     9
  ++++++++++++++++++++++++++++++++++++++++++++++++++++++++++++++++++++++++++++


     Current dimensions of program PWSCF are:
     Max number of different atomic species (ntypx) = 10
     Max number of k-points (npk) = 120000
     Max angular momentum in pseudopotentials (lmaxx) =  4

     WARNING: check_stop already initialized

     Parallelization info
     --------------------
     sticks:   dense  smooth     PW     G-vecs:    dense   smooth      PW
     Min        2928    1462    408               168492    59643    8757
     Max        2933    1479    413               168535    59678    8800
     Sum        5861    2941    821               337027   119321   17557

     Using Pencil Decomposition



     bravais-lattice index     =            1
     lattice parameter (alat)  =       9.5922  a.u.
     unit-cell volume          =     882.5685 (a.u.)^3
     number of atoms/cell      =            5
     number of atomic types    =            3
     number of electrons       =        47.00
     number of Kohn-Sham states=           29
     kinetic-energy cutoff     =     100.0000  Ry
     charge density cutoff     =     800.0000  Ry
     scf convergence threshold =      1.0E-10
     mixing beta               =       0.3000
     number of iterations used =            8  plain     mixing
     energy convergence thresh.=      1.0E-07
     force convergence thresh. =      1.0E-03
     Exchange-correlation= PBE
                           (   1   4   3   4   0   0   0)
     nstep                     =           20


     celldm(1)=   9.592154  celldm(2)=   0.000000  celldm(3)=   0.000000
     celldm(4)=   0.000000  celldm(5)=   0.000000  celldm(6)=   0.000000

     crystal axes: (cart. coord. in units of alat)
               a(1) = (   1.000000   0.000000   0.000000 )  
               a(2) = (   0.000000   1.000000   0.000000 )  
               a(3) = (   0.000000   0.000000   1.000000 )  

     reciprocal axes: (cart. coord. in units 2 pi/alat)
               b(1) = (  1.000000  0.000000  0.000000 )  
               b(2) = (  0.000000  1.000000  0.000000 )  
               b(3) = (  0.000000  0.000000  1.000000 )  


     PseudoPot. # 1 for K  read from file:
     /home/administrator/Downloads/BURAI/BURAI1.3/pseudopot/K.pbe-spn-kjpaw_psl.1.0.0.UPF
     MD5 check sum: 14ff5a24ff9f8afecca2cb30191d3c3d
     Pseudo is Projector augmented-wave + core cor, Zval =  9.0
     Generated using "atomic" code by A. Dal Corso  v.5.1.2
     Shape of augmentation charge: PSQ
     Using radial grid of 1165 points,  6 beta functions with: 
                l(1) =   0
                l(2) =   0
                l(3) =   1
                l(4) =   1
                l(5) =   2
                l(6) =   2
     Q(r) pseudized with 0 coefficients 


     PseudoPot. # 2 for Co read from file:
     /home/administrator/Downloads/BURAI/BURAI1.3/pseudopot/Co.pbe-spn-kjpaw_psl.1.0.0.UPF
     MD5 check sum: debeb0e0a2756593e9907dd3738e3b12
     Pseudo is Projector augmented-wave + core cor, Zval = 17.0
     Generated using "atomic" code by A. Dal Corso  v.5.1.2
     Shape of augmentation charge: PSQ
     Using radial grid of 1193 points,  6 beta functions with: 
                l(1) =   0
                l(2) =   0
                l(3) =   1
                l(4) =   1
                l(5) =   2
                l(6) =   2
     Q(r) pseudized with 0 coefficients 


     PseudoPot. # 3 for Br read from file:
     /home/administrator/Downloads/BURAI/BURAI1.3/pseudopot/Br.pbe-n-kjpaw_psl.1.0.0.UPF
     MD5 check sum: 4e719ecb11afb5eb9a83625d9f5c08f4
     Pseudo is Projector augmented-wave + core cor, Zval =  7.0
     Generated using "atomic" code by A. Dal Corso  v.5.1.2
     Shape of augmentation charge: PSQ
     Using radial grid of 1213 points,  4 beta functions with: 
                l(1) =   0
                l(2) =   0
                l(3) =   1
                l(4) =   1
     Q(r) pseudized with 0 coefficients 


     atomic species   valence    mass     pseudopotential
     K                 9.00    39.09830     K ( 1.00)
     Co               17.00    58.93320     Co( 1.00)
     Br                7.00    79.90400     Br( 1.00)

     48 Sym. Ops., with inversion, found



   Cartesian axes

     site n.     atom                  positions (alat units)
         1        K      tau(   1) = (   0.0000000   0.0000000   0.0000000  )
         2        Co     tau(   2) = (   0.5000000   0.5000000   0.5000000  )
         3        Br     tau(   3) = (   0.5000000   0.5000000   0.0000000  )
         4        Br     tau(   4) = (   0.5000000   0.0000000   0.5000000  )
         5        Br     tau(   5) = (   0.0000000   0.5000000   0.5000000  )

     number of k points=    56  Gaussian smearing, width (Ry)=  0.0100
                       cart. coord. in units 2pi/alat
        k(    1) = (   0.0000000   0.0000000   0.0000000), wk =   0.0020000
        k(    2) = (   0.0000000   0.0000000   0.1000000), wk =   0.0120000
        k(    3) = (   0.0000000   0.0000000   0.2000000), wk =   0.0120000
        k(    4) = (   0.0000000   0.0000000   0.3000000), wk =   0.0120000
        k(    5) = (   0.0000000   0.0000000   0.4000000), wk =   0.0120000
        k(    6) = (   0.0000000   0.0000000  -0.5000000), wk =   0.0060000
        k(    7) = (   0.0000000   0.1000000   0.1000000), wk =   0.0240000
        k(    8) = (   0.0000000   0.1000000   0.2000000), wk =   0.0480000
        k(    9) = (   0.0000000   0.1000000   0.3000000), wk =   0.0480000
        k(   10) = (   0.0000000   0.1000000   0.4000000), wk =   0.0480000
        k(   11) = (   0.0000000   0.1000000  -0.5000000), wk =   0.0240000
        k(   12) = (   0.0000000   0.2000000   0.2000000), wk =   0.0240000
        k(   13) = (   0.0000000   0.2000000   0.3000000), wk =   0.0480000
        k(   14) = (   0.0000000   0.2000000   0.4000000), wk =   0.0480000
        k(   15) = (   0.0000000   0.2000000  -0.5000000), wk =   0.0240000
        k(   16) = (   0.0000000   0.3000000   0.3000000), wk =   0.0240000
        k(   17) = (   0.0000000   0.3000000   0.4000000), wk =   0.0480000
        k(   18) = (   0.0000000   0.3000000  -0.5000000), wk =   0.0240000
        k(   19) = (   0.0000000   0.4000000   0.4000000), wk =   0.0240000
        k(   20) = (   0.0000000   0.4000000  -0.5000000), wk =   0.0240000
        k(   21) = (   0.0000000  -0.5000000  -0.5000000), wk =   0.0060000
        k(   22) = (   0.1000000   0.1000000   0.1000000), wk =   0.0160000
        k(   23) = (   0.1000000   0.1000000   0.2000000), wk =   0.0480000
        k(   24) = (   0.1000000   0.1000000   0.3000000), wk =   0.0480000
        k(   25) = (   0.1000000   0.1000000   0.4000000), wk =   0.0480000
        k(   26) = (   0.1000000   0.1000000  -0.5000000), wk =   0.0240000
        k(   27) = (   0.1000000   0.2000000   0.2000000), wk =   0.0480000
        k(   28) = (   0.1000000   0.2000000   0.3000000), wk =   0.0960000
        k(   29) = (   0.1000000   0.2000000   0.4000000), wk =   0.0960000
        k(   30) = (   0.1000000   0.2000000  -0.5000000), wk =   0.0480000
        k(   31) = (   0.1000000   0.3000000   0.3000000), wk =   0.0480000
        k(   32) = (   0.1000000   0.3000000   0.4000000), wk =   0.0960000
        k(   33) = (   0.1000000   0.3000000  -0.5000000), wk =   0.0480000
        k(   34) = (   0.1000000   0.4000000   0.4000000), wk =   0.0480000
        k(   35) = (   0.1000000   0.4000000  -0.5000000), wk =   0.0480000
        k(   36) = (   0.1000000  -0.5000000  -0.5000000), wk =   0.0120000
        k(   37) = (   0.2000000   0.2000000   0.2000000), wk =   0.0160000
        k(   38) = (   0.2000000   0.2000000   0.3000000), wk =   0.0480000
        k(   39) = (   0.2000000   0.2000000   0.4000000), wk =   0.0480000
        k(   40) = (   0.2000000   0.2000000  -0.5000000), wk =   0.0240000
        k(   41) = (   0.2000000   0.3000000   0.3000000), wk =   0.0480000
        k(   42) = (   0.2000000   0.3000000   0.4000000), wk =   0.0960000
        k(   43) = (   0.2000000   0.3000000  -0.5000000), wk =   0.0480000
        k(   44) = (   0.2000000   0.4000000   0.4000000), wk =   0.0480000
        k(   45) = (   0.2000000   0.4000000  -0.5000000), wk =   0.0480000
        k(   46) = (   0.2000000  -0.5000000  -0.5000000), wk =   0.0120000
        k(   47) = (   0.3000000   0.3000000   0.3000000), wk =   0.0160000
        k(   48) = (   0.3000000   0.3000000   0.4000000), wk =   0.0480000
        k(   49) = (   0.3000000   0.3000000  -0.5000000), wk =   0.0240000
        k(   50) = (   0.3000000   0.4000000   0.4000000), wk =   0.0480000
        k(   51) = (   0.3000000   0.4000000  -0.5000000), wk =   0.0480000
        k(   52) = (   0.3000000  -0.5000000  -0.5000000), wk =   0.0120000
        k(   53) = (   0.4000000   0.4000000   0.4000000), wk =   0.0160000
        k(   54) = (   0.4000000   0.4000000  -0.5000000), wk =   0.0240000
        k(   55) = (   0.4000000  -0.5000000  -0.5000000), wk =   0.0120000
        k(   56) = (  -0.5000000  -0.5000000  -0.5000000), wk =   0.0020000

     Dense  grid:   337027 G-vectors     FFT dimensions: (  90,  90,  90)

     Smooth grid:   119321 G-vectors     FFT dimensions: (  64,  64,  64)

     Estimated max dynamical RAM per process >     297.87 MB

     Estimated total dynamical RAM >       2.09 GB

     Initial potential from superposition of free atoms

     starting charge      46.9808, renormalised to      47.0000
     Starting wfcs are   30 randomized atomic wfcs
     Checking if some PAW data can be deallocated... 

     total cpu time spent up to now is     1970.9 secs

     Self-consistent Calculation

     iteration #  1     ecut=   100.00 Ry     beta= 0.30
     Davidson diagonalization with overlap
     ethr =  1.00E-02,  avg # of iterations =  5.9

     total cpu time spent up to now is     1995.2 secs

     total energy              =   -1102.75559583 Ry
     estimated scf accuracy    <       0.84439196 Ry

     iteration #  2     ecut=   100.00 Ry     beta= 0.30
     Davidson diagonalization with overlap
     ethr =  1.80E-03,  avg # of iterations =  4.0

     total cpu time spent up to now is     2018.3 secs

     total energy              =   -1102.97327743 Ry
     estimated scf accuracy    <       1.87884941 Ry

     iteration #  3     ecut=   100.00 Ry     beta= 0.30
     Davidson diagonalization with overlap
     ethr =  1.80E-03,  avg # of iterations =  3.3

     total cpu time spent up to now is     2039.8 secs

     total energy              =   -1103.08263217 Ry
     estimated scf accuracy    <       0.12333863 Ry

     iteration #  4     ecut=   100.00 Ry     beta= 0.30
     Davidson diagonalization with overlap
     ethr =  2.62E-04,  avg # of iterations =  4.1

     total cpu time spent up to now is     2062.7 secs

     total energy              =   -1103.10397508 Ry
     estimated scf accuracy    <       0.05915880 Ry

     iteration #  5     ecut=   100.00 Ry     beta= 0.30
     Davidson diagonalization with overlap
     ethr =  1.26E-04,  avg # of iterations =  3.1

     total cpu time spent up to now is     2083.8 secs

     total energy              =   -1103.11094388 Ry
     estimated scf accuracy    <       0.00093785 Ry

     iteration #  6     ecut=   100.00 Ry     beta= 0.30
     Davidson diagonalization with overlap
     ethr =  2.00E-06,  avg # of iterations =  9.2

     total cpu time spent up to now is     2116.7 secs

     total energy              =   -1103.10855235 Ry
     estimated scf accuracy    <       0.01023516 Ry

     iteration #  7     ecut=   100.00 Ry     beta= 0.30
     Davidson diagonalization with overlap
     ethr =  2.00E-06,  avg # of iterations =  5.0

     total cpu time spent up to now is     2144.0 secs

     total energy              =   -1103.11054430 Ry
     estimated scf accuracy    <       0.00531712 Ry

     iteration #  8     ecut=   100.00 Ry     beta= 0.30
     Davidson diagonalization with overlap
     ethr =  2.00E-06,  avg # of iterations =  3.1

     total cpu time spent up to now is     2165.4 secs

     total energy              =   -1103.11095358 Ry
     estimated scf accuracy    <       0.00007868 Ry

     iteration #  9     ecut=   100.00 Ry     beta= 0.30
     Davidson diagonalization with overlap
     ethr =  1.67E-07,  avg # of iterations =  3.2

     total cpu time spent up to now is     2186.8 secs

     total energy              =   -1103.11096625 Ry
     estimated scf accuracy    <       0.00000292 Ry

     iteration # 10     ecut=   100.00 Ry     beta= 0.30
     Davidson diagonalization with overlap
     ethr =  6.20E-09,  avg # of iterations =  3.9

     total cpu time spent up to now is     2210.7 secs

     total energy              =   -1103.11096511 Ry
     estimated scf accuracy    <       0.00000932 Ry

     iteration # 11     ecut=   100.00 Ry     beta= 0.30
     Davidson diagonalization with overlap
     ethr =  6.20E-09,  avg # of iterations =  3.6

     total cpu time spent up to now is     2233.8 secs

     total energy              =   -1103.11096674 Ry
     estimated scf accuracy    <       0.00000085 Ry

     iteration # 12     ecut=   100.00 Ry     beta= 0.30
     Davidson diagonalization with overlap
     ethr =  1.80E-09,  avg # of iterations =  1.0

     total cpu time spent up to now is     2252.7 secs

     total energy              =   -1103.11096657 Ry
     estimated scf accuracy    <       0.00000086 Ry

     iteration # 13     ecut=   100.00 Ry     beta= 0.30
     Davidson diagonalization with overlap
     ethr =  1.80E-09,  avg # of iterations =  2.0

     total cpu time spent up to now is     2273.0 secs

     total energy              =   -1103.11096666 Ry
     estimated scf accuracy    <       0.00000001 Ry

     iteration # 14     ecut=   100.00 Ry     beta= 0.30
     Davidson diagonalization with overlap
     ethr =  2.65E-11,  avg # of iterations =  3.9

     total cpu time spent up to now is     2297.3 secs

     total energy              =   -1103.11096667 Ry
     estimated scf accuracy    <          3.7E-09 Ry

     iteration # 15     ecut=   100.00 Ry     beta= 0.30
     Davidson diagonalization with overlap
     ethr =  7.86E-12,  avg # of iterations =  1.1

     total cpu time spent up to now is     2316.3 secs

     total energy              =   -1103.11096667 Ry
     estimated scf accuracy    <          7.0E-10 Ry

     iteration # 16     ecut=   100.00 Ry     beta= 0.30
     Davidson diagonalization with overlap
     ethr =  1.50E-12,  avg # of iterations =  2.0

     total cpu time spent up to now is     2336.9 secs

     End of self-consistent calculation

          k = 0.0000 0.0000 0.0000 ( 14939 PWs)   bands (ev):

   -89.0636 -52.3860 -52.3860 -52.3860 -24.3489 -10.0956  -9.1070  -9.1070
    -7.8363  -7.8363  -7.8363   0.8000   0.8000   0.8000   3.2749   3.2749
     3.2749   3.7602   3.7602   3.7602   4.3290   4.3290   4.3290   4.5772
     4.5772   7.4052   8.8217  10.3028  10.3028

          k = 0.0000 0.0000 0.1000 ( 14947 PWs)   bands (ev):

   -89.0636 -52.3860 -52.3860 -52.3860 -24.3489 -10.0775  -9.1293  -9.1060
    -7.8359  -7.8359  -7.8299   0.7785   0.8223   0.8223   3.1965   3.1965
     3.2405   3.4994   3.6882   3.6882   4.3300   4.4475   4.4475   4.5775
     4.7403   7.6080   8.9806  10.3797  10.4404

          k = 0.0000 0.0000 0.2000 ( 14943 PWs)   bands (ev):

   -89.0636 -52.3860 -52.3860 -52.3860 -24.3487 -10.0264  -9.1907  -9.1034
    -7.8347  -7.8347  -7.8141   0.7298   0.8857   0.8857   2.9812   2.9812
     3.0354   3.1536   3.6062   3.6062   4.3325   4.5781   4.6561   4.6561
     4.9546   8.1735   9.4184  10.5988  10.8220

          k = 0.0000 0.0000 0.3000 ( 14890 PWs)   bands (ev):

   -89.0636 -52.3859 -52.3859 -52.3859 -24.3485  -9.9522  -9.2761  -9.1002
    -7.8333  -7.8333  -7.7963   0.6861   0.9769   0.9769   2.6036   2.7219
     2.7219   3.0517   3.5628   3.5628   4.3356   4.5788   4.8359   4.8359
     5.0894   8.9966  10.0249  10.9063  11.3547

          k = 0.0000 0.0000 0.4000 ( 14858 PWs)   bands (ev):

   -89.0636 -52.3859 -52.3859 -52.3859 -24.3484  -9.8764  -9.3599  -9.0976
    -7.8321  -7.8321  -7.7833   0.6659   1.0665   1.0665   2.2998   2.5135
     2.5135   2.9733   3.5404   3.5404   4.3381   4.5793   4.9512   4.9512
     5.1578   9.9338  10.6209  11.1186  11.8671

          k = 0.0000 0.0000-0.5000 ( 14862 PWs)   bands (ev):

   -89.0636 -52.3859 -52.3859 -52.3859 -24.3483  -9.8403  -9.3987  -9.0966
    -7.8317  -7.8317  -7.7786   0.6626   1.1063   1.1063   2.1891   2.4317
     2.4317   2.9442   3.5332   3.5332   4.3391   4.5794   4.9905   4.9905
     5.1785  10.6035  10.9056  10.9766  12.0935

          k = 0.0000 0.1000 0.1000 ( 14935 PWs)   bands (ev):

   -89.0636 -52.3860 -52.3860 -52.3860 -24.3488 -10.0595  -9.1393  -9.1167
    -7.8354  -7.8319  -7.8277   0.7039   0.8450   0.8954   3.0068   3.1404
     3.2943   3.3851   3.5794   3.5954   4.4403   4.4547   4.4906   4.6560
     4.8550   7.7821   9.1313  10.4862  10.5324

          k = 0.0000 0.1000 0.2000 ( 14926 PWs)   bands (ev):

   -89.0636 -52.3860 -52.3860 -52.3860 -24.3487 -10.0082  -9.1947  -9.1182
    -7.8343  -7.8303  -7.8142   0.6156   0.9096   0.9906   2.6693   2.9596
     3.0761   3.2989   3.4787   3.4802   4.4478   4.6129   4.6557   4.7030
     5.0939   8.2919   9.5478  10.7060  10.8738

          k = 0.0000 0.1000 0.3000 ( 14895 PWs)   bands (ev):

   -89.0636 -52.3860 -52.3860 -52.3859 -24.3485  -9.9336  -9.2781  -9.1150
    -7.8329  -7.8296  -7.7978   0.5486   1.0027   1.0913   2.3063   2.7142
     2.7964   3.2431   3.4181   3.4233   4.4489   4.6547   4.8277   4.8350
     5.2527   9.0738  10.1316  11.0020  11.3780

          k = 0.0000 0.1000 0.4000 ( 14890 PWs)   bands (ev):

   -89.0636 -52.3860 -52.3859 -52.3859 -24.3483  -9.8569  -9.3613  -9.1121
    -7.8317  -7.8292  -7.7857   0.5147   1.0946   1.1788   2.0357   2.5090
     2.5975   3.1771   3.3929   3.3972   4.4498   4.6613   4.9410   4.9501
     5.3255   9.9929  10.7243  11.2067  11.8854

          k = 0.0000 0.1000-0.5000 ( 14886 PWs)   bands (ev):

   -89.0636 -52.3860 -52.3859 -52.3859 -24.3483  -9.8201  -9.4003  -9.1110
    -7.8313  -7.8290  -7.7813   0.5063   1.1356   1.2159   1.9352   2.4272
     2.5229   3.1496   3.3860   3.3893   4.4501   4.6627   4.9836   4.9894
     5.3445  10.6515  11.0254  11.0656  12.1236

          k = 0.0000 0.2000 0.2000 ( 14899 PWs)   bands (ev):

   -89.0636 -52.3860 -52.3860 -52.3859 -24.3485  -9.9565  -9.2205  -9.1449
    -7.8332  -7.8219  -7.8120   0.4590   0.9776   1.1301   2.2763   2.8715
     3.0181   3.1814   3.2719   3.5150   4.6486   4.6599   4.6764   4.7498
     5.4039   8.6696   9.9083  10.9984  11.0536

          k = 0.0000 0.2000 0.3000 ( 14904 PWs)   bands (ev):

   -89.0636 -52.3860 -52.3860 -52.3859 -24.3483  -9.8807  -9.2870  -9.1542
    -7.8318  -7.8206  -7.8013   0.3326   1.0766   1.2520   1.9232   2.6875
     2.8169   3.1295   3.1506   3.5573   4.6529   4.7236   4.8288   4.8328
     5.6503   9.3243  10.4275  11.2856  11.4828

          k = 0.0000 0.2000 0.4000 ( 14915 PWs)   bands (ev):

   -89.0636 -52.3860 -52.3860 -52.3860 -24.3482  -9.8011  -9.3653  -9.1547
    -7.8307  -7.8215  -7.7916   0.2555   1.1758   1.3415   1.6790   2.4966
     2.6472   3.1049   3.1221   3.5521   4.6519   4.7353   4.9277   4.9473
     5.7722  10.1710  10.9959  11.4837  11.9486

          k = 0.0000 0.2000-0.5000 ( 14898 PWs)   bands (ev):

   -89.0636 -52.3860 -52.3860 -52.3859 -24.3481  -9.7616  -9.4046  -9.1543
    -7.8302  -7.8220  -7.7880   0.2305   1.2209   1.3763   1.5911   2.4157
     2.5841   3.0928   3.1208   3.5445   4.6516   4.7379   4.9695   4.9864
     5.8048  10.7999  11.3056  11.3630  12.1666

          k = 0.0000 0.3000 0.3000 ( 14916 PWs)   bands (ev):

   -89.0636 -52.3860 -52.3860 -52.3860 -24.3482  -9.8021  -9.3155  -9.1978
    -7.8304  -7.8120  -7.8035   0.1439   1.1859   1.3826   1.5999   2.6175
     2.7956   2.9071   2.9271   3.7713   4.7521   4.8285   4.8316   4.8673
     6.0397   9.7954  10.8552  11.6929  11.7300

          k = 0.0000 0.3000 0.4000 ( 14921 PWs)   bands (ev):

   -89.0636 -52.3860 -52.3860 -52.3860 -24.3480  -9.7168  -9.3724  -9.2206
    -7.8293  -7.8122  -7.7985   0.0188   1.2987   1.3868   1.4704   2.4789
     2.6836   2.7969   2.8880   3.8814   4.7628   4.8280   4.9318   4.9439
     6.2774  10.4878  11.3459  11.9463  12.0779

          k = 0.0000 0.3000-0.5000 ( 14916 PWs)   bands (ev):

   -89.0636 -52.3860 -52.3860 -52.3860 -24.3480  -9.6717  -9.4099  -9.2261
    -7.8289  -7.8133  -7.7957  -0.0247   1.3127   1.3517   1.5022   2.4014
     2.6303   2.7739   2.8875   3.9119   4.7656   4.8272   4.9644   4.9828
     6.3510  11.0735  11.5735  11.8312  12.1730

          k = 0.0000 0.4000 0.4000 ( 14898 PWs)   bands (ev):

   -89.0636 -52.3860 -52.3860 -52.3859 -24.3479  -9.6204  -9.3887  -9.2920
    -7.8283  -7.8056  -7.8029  -0.1426   1.1997   1.4314   1.5535   2.4457
     2.5620   2.6978   2.7438   4.0882   4.7731   4.9411   4.9414   4.9597
     6.6461  10.9764  11.6742  12.2104  12.4472

          k = 0.0000 0.4000-0.5000 ( 14918 PWs)   bands (ev):

   -89.0636 -52.3860 -52.3860 -52.3860 -24.3478  -9.5612  -9.4142  -9.3223
    -7.8279  -7.8062  -7.8014  -0.1995   1.1354   1.4975   1.5832   2.3899
     2.5045   2.6641   2.7319   4.1543   4.7759   4.9403   4.9789   4.9800
     6.7771  11.4978  11.6724  12.0782  12.2228

          k = 0.0000-0.5000-0.5000 ( 14932 PWs)   bands (ev):

   -89.0636 -52.3860 -52.3860 -52.3860 -24.3478  -9.4624  -9.4158  -9.4158
    -7.8275  -7.8035  -7.8035  -0.2614   1.0747   1.5737   1.6119   2.3855
     2.3855   2.6767   2.6767   4.2349   4.7786   4.9789   4.9789   4.9918
     6.9375  11.7118  11.9141  11.9141  12.1662

          k = 0.1000 0.1000 0.1000 ( 14939 PWs)   bands (ev):

   -89.0636 -52.3860 -52.3860 -52.3860 -24.3488 -10.0414  -9.1378  -9.1378
    -7.8321  -7.8321  -7.8251   0.6299   0.9165   0.9165   2.9754   2.9754
     3.1407   3.3558   3.5667   3.5667   4.4846   4.4988   4.4988   4.8574
     4.8574   7.9351   9.2722  10.6007  10.6007

          k = 0.1000 0.1000 0.2000 ( 14941 PWs)   bands (ev):

   -89.0636 -52.3860 -52.3860 -52.3860 -24.3486  -9.9901  -9.1965  -9.1341
    -7.8326  -7.8287  -7.8137   0.5220   0.9770   1.0275   2.6395   2.7057
     3.0116   3.3708   3.3908   3.5301   4.4946   4.6308   4.6448   4.8677
     5.1478   8.3995   9.6632  10.7988  10.9251

          k = 0.1000 0.1000 0.3000 ( 14902 PWs)   bands (ev):

   -89.0636 -52.3860 -52.3860 -52.3859 -24.3484  -9.9153  -9.2791  -9.1294
    -7.8332  -7.8265  -7.7990   0.4369   1.0657   1.1375   2.2399   2.4403
     2.9561   3.2060   3.3256   3.4962   4.4971   4.7466   4.8120   4.9010
     5.3391   9.1443  10.2171  11.0832  11.4014

          k = 0.1000 0.1000 0.4000 ( 14902 PWs)   bands (ev):

   -89.0636 -52.3860 -52.3860 -52.3859 -24.3483  -9.8379  -9.3620  -9.1256
    -7.8337  -7.8249  -7.7881   0.3897   1.1560   1.2256   1.9604   2.2363
     2.8657   3.1129   3.2677   3.4790   4.4989   4.7926   4.9340   4.9593
     5.4265  10.0458  10.7953  11.2766  11.9079

          k = 0.1000 0.1000-0.5000 ( 14886 PWs)   bands (ev):

   -89.0636 -52.3860 -52.3859 -52.3859 -24.3482  -9.8004  -9.4014  -9.1242
    -7.8338  -7.8244  -7.7841   0.3761   1.1978   1.2610   1.8596   2.1555
     2.8169   3.0917   3.2433   3.4737   4.4995   4.8016   4.9790   4.9870
     5.4490  10.6979  11.1137  11.1219  12.1645

          k = 0.1000 0.2000 0.2000 ( 14901 PWs)   bands (ev):

   -89.0636 -52.3860 -52.3860 -52.3859 -24.3485  -9.9387  -9.2181  -9.1623
    -7.8318  -7.8235  -7.8100   0.3655   1.0544   1.1459   2.2765   2.6649
     2.7058   3.3421   3.4180   3.5213   4.6165   4.6652   4.7015   4.9800
     5.3998   8.7503   9.9866  11.0567  11.1004

          k = 0.1000 0.2000 0.3000 ( 14914 PWs)   bands (ev):

   -89.0636 -52.3860 -52.3860 -52.3860 -24.3483  -9.8632  -9.2856  -9.1675
    -7.8326  -7.8204  -7.8017   0.2313   1.1455   1.2658   1.9222   2.3831
     2.6984   3.1875   3.3771   3.5705   4.6372   4.7978   4.8144   4.9985
     5.6575   9.3766  10.4561  11.3271  11.5022

          k = 0.1000 0.2000 0.4000 ( 14903 PWs)   bands (ev):

   -89.0636 -52.3860 -52.3860 -52.3859 -24.3481  -9.7834  -9.3644  -9.1654
    -7.8340  -7.8187  -7.7941   0.1464   1.2388   1.3533   1.6773   2.1625
     2.7228   3.0269   3.3678   3.5690   4.6404   4.9028   4.9242   4.9961
     5.7909  10.2072  10.9750  11.4924  11.9747

          k = 0.1000 0.2000-0.5000 ( 14890 PWs)   bands (ev):

   -89.0636 -52.3860 -52.3860 -52.3859 -24.3481  -9.7435  -9.4042  -9.1642
    -7.8346  -7.8181  -7.7913   0.1181   1.2833   1.3869   1.5894   2.0753
     2.7433   2.9541   3.3651   3.5625   4.6412   4.9515   4.9673   4.9843
     5.8271  10.8387  11.2479  11.3646  12.2103

          k = 0.1000 0.3000 0.3000 ( 14907 PWs)   bands (ev):

   -89.0636 -52.3860 -52.3860 -52.3860 -24.3481  -9.7857  -9.3121  -9.2086
    -7.8322  -7.8152  -7.8027   0.0416   1.2411   1.3877   1.6088   2.3751
     2.4170   3.1755   3.2220   3.7775   4.7635   4.8308   4.8619   5.0274
     6.0352   9.8252  10.8012  11.7027  11.7204

          k = 0.1000 0.3000 0.4000 ( 14922 PWs)   bands (ev):

   -89.0636 -52.3860 -52.3860 -52.3860 -24.3480  -9.7014  -9.3695  -9.2273
    -7.8328  -7.8132  -7.8009  -0.0867   1.3376   1.4028   1.4720   2.1655
     2.4193   3.0531   3.2033   3.8863   4.7887   4.9224   4.9307   5.0235
     6.2759  10.4997  11.1813  11.8272  12.0800

          k = 0.1000 0.3000-0.5000 ( 14870 PWs)   bands (ev):

   -89.0636 -52.3860 -52.3859 -52.3859 -24.3479  -9.6563  -9.4076  -9.2311
    -7.8332  -7.8128  -7.7997  -0.1317   1.3238   1.3919   1.5044   2.0727
     2.4304   2.9963   3.2036   3.9166   4.7914   4.9638   4.9820   5.0002
     6.3511  11.0949  11.3201  11.7139  12.0831

          k = 0.1000 0.4000 0.4000 ( 14902 PWs)   bands (ev):

   -89.0636 -52.3860 -52.3860 -52.3859 -24.3478  -9.6074  -9.3846  -9.2942
    -7.8315  -7.8100  -7.8051  -0.2481   1.2133   1.4569   1.5521   2.1642
     2.1972   3.0630   3.0739   4.0911   4.8869   4.9402   4.9610   5.0221
     6.6445  10.9521  11.3331  12.0182  12.2697

          k = 0.1000 0.4000-0.5000 ( 14906 PWs)   bands (ev):

   -89.0636 -52.3860 -52.3860 -52.3859 -24.3478  -9.5495  -9.4104  -9.3218
    -7.8311  -7.8094  -7.8060  -0.3054   1.1509   1.5137   1.5836   2.0785
     2.1882   3.0167   3.0734   4.1571   4.9056   4.9757   4.9838   5.0033
     6.7767  11.2935  11.4803  11.8765  12.0374

          k = 0.1000-0.5000-0.5000 ( 14920 PWs)   bands (ev):

   -89.0636 -52.3860 -52.3860 -52.3859 -24.3477  -9.4537  -9.4115  -9.4115
    -7.8301  -7.8082  -7.8082  -0.3672   1.0915   1.5805   1.6130   2.0812
     2.0812   3.0237   3.0237   4.2376   4.9706   4.9776   4.9776   4.9944
     6.9386  11.2711  11.7773  11.7773  12.1720

          k = 0.2000 0.2000 0.2000 ( 14877 PWs)   bands (ev):

   -89.0636 -52.3860 -52.3860 -52.3859 -24.3483  -9.8881  -9.2117  -9.2117
    -7.8279  -7.8279  -7.8057   0.1871   1.1922   1.1922   2.1937   2.3628
     2.3628   3.4642   3.4642   3.5787   4.6637   4.7249   4.7249   5.3864
     5.3864   9.0243  10.2117  11.2470  11.2470

          k = 0.2000 0.2000 0.3000 ( 14899 PWs)   bands (ev):

   -89.0636 -52.3860 -52.3860 -52.3860 -24.3481  -9.8132  -9.2844  -9.2038
    -7.8333  -7.8223  -7.8018   0.0219   1.2646   1.3134   1.8610   2.0888
     2.3478   3.4132   3.4784   3.6488   4.6963   4.8160   4.8282   5.3619
     5.7287   9.5537  10.5464  11.4681  11.5840

          k = 0.2000 0.2000 0.4000 ( 14920 PWs)   bands (ev):

   -89.0636 -52.3860 -52.3860 -52.3860 -24.3480  -9.7330  -9.3624  -9.1973
    -7.8378  -7.8170  -7.8001  -0.0887   1.3503   1.3935   1.6220   1.8778
     2.3692   3.3435   3.4795   3.6662   4.7049   4.9191   4.9345   5.3302
     5.9131  10.3131  10.9199  11.5495  12.0387

          k = 0.2000 0.2000-0.5000 ( 14882 PWs)   bands (ev):

   -89.0636 -52.3860 -52.3860 -52.3859 -24.3480  -9.6915  -9.4030  -9.1948
    -7.8396  -7.8146  -7.7999  -0.1272   1.3999   1.4219   1.5380   1.7859
     2.3800   3.3125   3.4797   3.6659   4.7072   4.9615   4.9823   5.3122
     5.9651  10.9314  11.0852  11.4275  12.1260

          k = 0.2000 0.3000 0.3000 ( 14896 PWs)   bands (ev):

   -89.0636 -52.3860 -52.3860 -52.3859 -24.3480  -9.7391  -9.3031  -9.2406
    -7.8348  -7.8237  -7.8027  -0.1836   1.3442   1.4023   1.6231   2.0276
     2.0670   3.4811   3.4854   3.8040   4.7870   4.8461   4.8731   5.4907
     6.0204   9.9186  10.6897  11.7248  11.7292

          k = 0.2000 0.3000 0.4000 ( 14882 PWs)   bands (ev):

   -89.0636 -52.3860 -52.3860 -52.3859 -24.3478  -9.6574  -9.3622  -9.2478
    -7.8390  -7.8196  -7.8060  -0.3268   1.3943   1.4523   1.4748   1.8256
     2.0669   3.4569   3.4994   3.9050   4.8161   4.9249   4.9443   5.4842
     6.2769  10.5051  10.8467  11.6825  11.9645

          k = 0.2000 0.3000-0.5000 ( 14890 PWs)   bands (ev):

   -89.0636 -52.3860 -52.3860 -52.3859 -24.3478  -9.6124  -9.4016  -9.2476
    -7.8410  -7.8149  -7.8100  -0.3776   1.3498   1.4656   1.5148   1.7239
     2.0767   3.4423   3.5032   3.9345   4.8203   4.9621   4.9833   5.4724
     6.3609  10.8760  11.0559  11.6315  11.7701

          k = 0.2000 0.4000 0.4000 ( 14883 PWs)   bands (ev):

   -89.0636 -52.3860 -52.3860 -52.3859 -24.3477  -9.5711  -9.3738  -9.3022
    -7.8388  -7.8215  -7.8120  -0.4950   1.2496   1.5009   1.5412   1.8365
     1.8470   3.4833   3.4862   4.0993   4.9149   4.9417   4.9700   5.4920
     6.6386  10.7183  10.8992  11.7943  11.8390

          k = 0.2000 0.4000-0.5000 ( 14906 PWs)   bands (ev):

   -89.0636 -52.3860 -52.3860 -52.3859 -24.3477  -9.5169  -9.4005  -9.3220
    -7.8389  -7.8182  -7.8179  -0.5552   1.1918   1.5373   1.5853   1.7307
     1.8512   3.4749   3.4916   4.1647   4.9296   4.9732   4.9910   5.4825
     6.7752  10.7093  11.2428  11.4930  11.9024

          k = 0.2000-0.5000-0.5000 ( 14908 PWs)   bands (ev):

   -89.0636 -52.3860 -52.3860 -52.3859 -24.3476  -9.4308  -9.4001  -9.4001
    -7.8369  -7.8208  -7.8208  -0.6188   1.1359   1.5951   1.6158   1.7361
     1.7361   3.4831   3.4831   4.2448   4.9768   4.9768   5.0017   5.4727
     6.9414  10.6472  11.3892  11.3892  11.8621

          k = 0.3000 0.3000 0.3000 ( 14880 PWs)   bands (ev):

   -89.0636 -52.3860 -52.3860 -52.3859 -24.3478  -9.6697  -9.2918  -9.2918
    -7.8344  -7.8344  -7.8062  -0.4147   1.4258   1.4258   1.5604   1.8167
     1.8167   3.6599   3.6599   3.8809   4.8358   4.8909   4.8909   5.9950
     5.9950  10.1208  10.5897  11.7839  11.7850

          k = 0.3000 0.3000 0.4000 ( 14902 PWs)   bands (ev):

   -89.0636 -52.3860 -52.3860 -52.3860 -24.3477  -9.5923  -9.3545  -9.2825
    -7.8433  -7.8299  -7.8133  -0.5789   1.4056   1.4599   1.4805   1.6418
     1.8029   3.7127   3.7520   3.9713   4.8707   4.9358   4.9559   5.9664
     6.3435  10.4729  10.5589  11.6232  11.8288

          k = 0.3000 0.3000-0.5000 ( 14916 PWs)   bands (ev):

   -89.0636 -52.3860 -52.3860 -52.3860 -24.3476  -9.5470  -9.3941  -9.2789
    -7.8467  -7.8227  -7.8215  -0.6378   1.3475   1.4934   1.4965   1.5577
     1.8105   3.7237   3.7788   4.0031   4.8774   4.9664   4.9890   5.9529
     6.4598  10.4860  10.9056  11.3635  11.8386

          k = 0.3000 0.4000 0.4000 ( 14910 PWs)   bands (ev):

   -89.0636 -52.3860 -52.3860 -52.3860 -24.3476  -9.5185  -9.3602  -9.3195
    -7.8455  -7.8359  -7.8227  -0.7601   1.2942   1.4736   1.4775   1.6306
     1.6604   3.8289   3.8476   4.1132   4.9352   4.9570   4.9801   6.1019
     6.6274  10.3019  10.6277  11.3753  11.5911

          k = 0.3000 0.4000-0.5000 ( 14900 PWs)   bands (ev):

   -89.0636 -52.3860 -52.3860 -52.3860 -24.3475  -9.4706  -9.3880  -9.3277
    -7.8475  -7.8328  -7.8306  -0.8252   1.2424   1.4670   1.4855   1.5985
     1.6583   3.8511   3.8769   4.1756   4.9498   4.9798   5.0003   6.1068
     6.7750  10.2286  10.8610  11.0557  11.4956

          k = 0.3000-0.5000-0.5000 ( 14900 PWs)   bands (ev):

   -89.0636 -52.3860 -52.3860 -52.3859 -24.3475  -9.4020  -9.3857  -9.3857
    -7.8453  -7.8366  -7.8366  -0.8926   1.1919   1.4735   1.4735   1.6095
     1.6192   3.8907   3.8907   4.2538   4.9852   4.9852   5.0112   6.1186
     6.9450  10.1390  10.9413  10.9413  11.2289

          k = 0.4000 0.4000 0.4000 ( 14913 PWs)   bands (ev):

   -89.0636 -52.3860 -52.3860 -52.3860 -24.3474  -9.4602  -9.3490  -9.3490
    -7.8478  -7.8478  -7.8345  -0.9522   1.3082   1.3636   1.3636   1.6196
     1.6196   4.0552   4.0552   4.1523   4.9704   4.9896   4.9896   6.6137
     6.6137  10.0175  10.5039  11.0877  11.0877

          k = 0.4000 0.4000-0.5000 ( 14934 PWs)   bands (ev):

   -89.0636 -52.3860 -52.3860 -52.3860 -24.3474  -9.4204  -9.3778  -9.3446
    -7.8524  -7.8449  -7.8427  -1.0215   1.2713   1.3166   1.3610   1.6143
     1.6248   4.0883   4.1309   4.2018   4.9858   4.9991   5.0099   6.6071
     6.8167   9.9189  10.6145  10.7253  10.9846

          k = 0.4000-0.5000-0.5000 ( 14964 PWs)   bands (ev):

   -89.0636 -52.3860 -52.3860 -52.3860 -24.3473  -9.3784  -9.3738  -9.3738
    -7.8521  -7.8496  -7.8496  -1.0925   1.2380   1.3108   1.3108   1.6195
     1.6220   4.1681   4.1681   4.2610   5.0075   5.0075   5.0195   6.6996
     6.9479   9.8120  10.6021  10.6021  10.6978

          k =-0.5000-0.5000-0.5000 ( 15000 PWs)   bands (ev):

   -89.0636 -52.3860 -52.3860 -52.3860 -24.3473  -9.3692  -9.3692  -9.3692
    -7.8547  -7.8547  -7.8547  -1.1647   1.2558   1.2558   1.2558   1.6231
     1.6231   4.2638   4.2638   4.2638   5.0228   5.0228   5.0228   6.9490
     6.9490   9.6993  10.4755  10.4755  10.4755

     the Fermi energy is     5.0840 ev

!    total energy              =   -1103.11096668 Ry
     total all-electron energy =    -19630.255194 Ry
     estimated scf accuracy    <          5.7E-11 Ry
     smearing contrib. (-TS)   =      -0.00528240 Ry
     internal energy E=F+TS    =   -1103.10568428 Ry

     The total energy is F=E-TS. E is the sum of the following terms:
     one-electron contribution =    -314.93024796 Ry
     hartree contribution      =     179.42493016 Ry
     xc contribution           =     -68.46022352 Ry
     ewald contribution        =    -226.45855920 Ry
     one-center paw contrib.   =    -672.68158376 Ry

     convergence has been achieved in  16 iterations

     Forces acting on atoms (cartesian axes, Ry/au):

     atom    1 type  1   force =     0.00000000    0.00000000    0.00000000
     atom    2 type  2   force =     0.00000000    0.00000000    0.00000000
     atom    3 type  3   force =     0.00000000    0.00000000    0.00000000
     atom    4 type  3   force =     0.00000000    0.00000000    0.00000000
     atom    5 type  3   force =     0.00000000    0.00000000    0.00000000

     Total force =     0.000000     Total SCF correction =     0.000000


     Computing stress (Cartesian axis) and pressure

          total   stress  (Ry/bohr**3)                   (kbar)     P=       -4.74
  -0.00003222   0.00000000   0.00000000           -4.74        0.00        0.00
   0.00000000  -0.00003222   0.00000000            0.00       -4.74        0.00
   0.00000000   0.00000000  -0.00003222            0.00        0.00       -4.74


     BFGS Geometry Optimization
     Energy error            =      0.0E+00 Ry
     Gradient error          =      0.0E+00 Ry/Bohr

     bfgs converged in   1 scf cycles and   0 bfgs steps
     (criteria: energy <  1.0E-07 Ry, force <  1.0E-03 Ry/Bohr)

     End of BFGS Geometry Optimization

     Final energy             =   -1103.1109666755 Ry
Begin final coordinates

ATOMIC_POSITIONS (crystal)
K                0.0000000000        0.0000000000        0.0000000000
Co               0.5000000000        0.5000000000        0.5000000000
Br               0.5000000000        0.5000000000        0.0000000000
Br               0.5000000000        0.0000000000        0.5000000000
Br               0.0000000000        0.5000000000        0.5000000000
End final coordinates



  ++++++++++++++++++++++++++++++++++++++++++++++++++++++++++++++++++++++++++++
     Doing work    7 /     9
  ++++++++++++++++++++++++++++++++++++++++++++++++++++++++++++++++++++++++++++


     Current dimensions of program PWSCF are:
     Max number of different atomic species (ntypx) = 10
     Max number of k-points (npk) = 120000
     Max angular momentum in pseudopotentials (lmaxx) =  4

     WARNING: check_stop already initialized

     Parallelization info
     --------------------
     sticks:   dense  smooth     PW     G-vecs:    dense   smooth      PW
     Min        2957    1476    414               171283    60622    8905
     Max        2960    1489    415               171296    60643    8940
     Sum        5917    2965    829               342579   121265   17845

     Using Pencil Decomposition



     bravais-lattice index     =            1
     lattice parameter (alat)  =       9.6422  a.u.
     unit-cell volume          =     896.4419 (a.u.)^3
     number of atoms/cell      =            5
     number of atomic types    =            3
     number of electrons       =        47.00
     number of Kohn-Sham states=           29
     kinetic-energy cutoff     =     100.0000  Ry
     charge density cutoff     =     800.0000  Ry
     scf convergence threshold =      1.0E-10
     mixing beta               =       0.3000
     number of iterations used =            8  plain     mixing
     energy convergence thresh.=      1.0E-07
     force convergence thresh. =      1.0E-03
     Exchange-correlation= PBE
                           (   1   4   3   4   0   0   0)
     nstep                     =           20


     celldm(1)=   9.642154  celldm(2)=   0.000000  celldm(3)=   0.000000
     celldm(4)=   0.000000  celldm(5)=   0.000000  celldm(6)=   0.000000

     crystal axes: (cart. coord. in units of alat)
               a(1) = (   1.000000   0.000000   0.000000 )  
               a(2) = (   0.000000   1.000000   0.000000 )  
               a(3) = (   0.000000   0.000000   1.000000 )  

     reciprocal axes: (cart. coord. in units 2 pi/alat)
               b(1) = (  1.000000  0.000000  0.000000 )  
               b(2) = (  0.000000  1.000000  0.000000 )  
               b(3) = (  0.000000  0.000000  1.000000 )  


     PseudoPot. # 1 for K  read from file:
     /home/administrator/Downloads/BURAI/BURAI1.3/pseudopot/K.pbe-spn-kjpaw_psl.1.0.0.UPF
     MD5 check sum: 14ff5a24ff9f8afecca2cb30191d3c3d
     Pseudo is Projector augmented-wave + core cor, Zval =  9.0
     Generated using "atomic" code by A. Dal Corso  v.5.1.2
     Shape of augmentation charge: PSQ
     Using radial grid of 1165 points,  6 beta functions with: 
                l(1) =   0
                l(2) =   0
                l(3) =   1
                l(4) =   1
                l(5) =   2
                l(6) =   2
     Q(r) pseudized with 0 coefficients 


     PseudoPot. # 2 for Co read from file:
     /home/administrator/Downloads/BURAI/BURAI1.3/pseudopot/Co.pbe-spn-kjpaw_psl.1.0.0.UPF
     MD5 check sum: debeb0e0a2756593e9907dd3738e3b12
     Pseudo is Projector augmented-wave + core cor, Zval = 17.0
     Generated using "atomic" code by A. Dal Corso  v.5.1.2
     Shape of augmentation charge: PSQ
     Using radial grid of 1193 points,  6 beta functions with: 
                l(1) =   0
                l(2) =   0
                l(3) =   1
                l(4) =   1
                l(5) =   2
                l(6) =   2
     Q(r) pseudized with 0 coefficients 


     PseudoPot. # 3 for Br read from file:
     /home/administrator/Downloads/BURAI/BURAI1.3/pseudopot/Br.pbe-n-kjpaw_psl.1.0.0.UPF
     MD5 check sum: 4e719ecb11afb5eb9a83625d9f5c08f4
     Pseudo is Projector augmented-wave + core cor, Zval =  7.0
     Generated using "atomic" code by A. Dal Corso  v.5.1.2
     Shape of augmentation charge: PSQ
     Using radial grid of 1213 points,  4 beta functions with: 
                l(1) =   0
                l(2) =   0
                l(3) =   1
                l(4) =   1
     Q(r) pseudized with 0 coefficients 


     atomic species   valence    mass     pseudopotential
     K                 9.00    39.09830     K ( 1.00)
     Co               17.00    58.93320     Co( 1.00)
     Br                7.00    79.90400     Br( 1.00)

     48 Sym. Ops., with inversion, found



   Cartesian axes

     site n.     atom                  positions (alat units)
         1        K      tau(   1) = (   0.0000000   0.0000000   0.0000000  )
         2        Co     tau(   2) = (   0.5000000   0.5000000   0.5000000  )
         3        Br     tau(   3) = (   0.5000000   0.5000000   0.0000000  )
         4        Br     tau(   4) = (   0.5000000   0.0000000   0.5000000  )
         5        Br     tau(   5) = (   0.0000000   0.5000000   0.5000000  )

     number of k points=    56  Gaussian smearing, width (Ry)=  0.0100
                       cart. coord. in units 2pi/alat
        k(    1) = (   0.0000000   0.0000000   0.0000000), wk =   0.0020000
        k(    2) = (   0.0000000   0.0000000   0.1000000), wk =   0.0120000
        k(    3) = (   0.0000000   0.0000000   0.2000000), wk =   0.0120000
        k(    4) = (   0.0000000   0.0000000   0.3000000), wk =   0.0120000
        k(    5) = (   0.0000000   0.0000000   0.4000000), wk =   0.0120000
        k(    6) = (   0.0000000   0.0000000  -0.5000000), wk =   0.0060000
        k(    7) = (   0.0000000   0.1000000   0.1000000), wk =   0.0240000
        k(    8) = (   0.0000000   0.1000000   0.2000000), wk =   0.0480000
        k(    9) = (   0.0000000   0.1000000   0.3000000), wk =   0.0480000
        k(   10) = (   0.0000000   0.1000000   0.4000000), wk =   0.0480000
        k(   11) = (   0.0000000   0.1000000  -0.5000000), wk =   0.0240000
        k(   12) = (   0.0000000   0.2000000   0.2000000), wk =   0.0240000
        k(   13) = (   0.0000000   0.2000000   0.3000000), wk =   0.0480000
        k(   14) = (   0.0000000   0.2000000   0.4000000), wk =   0.0480000
        k(   15) = (   0.0000000   0.2000000  -0.5000000), wk =   0.0240000
        k(   16) = (   0.0000000   0.3000000   0.3000000), wk =   0.0240000
        k(   17) = (   0.0000000   0.3000000   0.4000000), wk =   0.0480000
        k(   18) = (   0.0000000   0.3000000  -0.5000000), wk =   0.0240000
        k(   19) = (   0.0000000   0.4000000   0.4000000), wk =   0.0240000
        k(   20) = (   0.0000000   0.4000000  -0.5000000), wk =   0.0240000
        k(   21) = (   0.0000000  -0.5000000  -0.5000000), wk =   0.0060000
        k(   22) = (   0.1000000   0.1000000   0.1000000), wk =   0.0160000
        k(   23) = (   0.1000000   0.1000000   0.2000000), wk =   0.0480000
        k(   24) = (   0.1000000   0.1000000   0.3000000), wk =   0.0480000
        k(   25) = (   0.1000000   0.1000000   0.4000000), wk =   0.0480000
        k(   26) = (   0.1000000   0.1000000  -0.5000000), wk =   0.0240000
        k(   27) = (   0.1000000   0.2000000   0.2000000), wk =   0.0480000
        k(   28) = (   0.1000000   0.2000000   0.3000000), wk =   0.0960000
        k(   29) = (   0.1000000   0.2000000   0.4000000), wk =   0.0960000
        k(   30) = (   0.1000000   0.2000000  -0.5000000), wk =   0.0480000
        k(   31) = (   0.1000000   0.3000000   0.3000000), wk =   0.0480000
        k(   32) = (   0.1000000   0.3000000   0.4000000), wk =   0.0960000
        k(   33) = (   0.1000000   0.3000000  -0.5000000), wk =   0.0480000
        k(   34) = (   0.1000000   0.4000000   0.4000000), wk =   0.0480000
        k(   35) = (   0.1000000   0.4000000  -0.5000000), wk =   0.0480000
        k(   36) = (   0.1000000  -0.5000000  -0.5000000), wk =   0.0120000
        k(   37) = (   0.2000000   0.2000000   0.2000000), wk =   0.0160000
        k(   38) = (   0.2000000   0.2000000   0.3000000), wk =   0.0480000
        k(   39) = (   0.2000000   0.2000000   0.4000000), wk =   0.0480000
        k(   40) = (   0.2000000   0.2000000  -0.5000000), wk =   0.0240000
        k(   41) = (   0.2000000   0.3000000   0.3000000), wk =   0.0480000
        k(   42) = (   0.2000000   0.3000000   0.4000000), wk =   0.0960000
        k(   43) = (   0.2000000   0.3000000  -0.5000000), wk =   0.0480000
        k(   44) = (   0.2000000   0.4000000   0.4000000), wk =   0.0480000
        k(   45) = (   0.2000000   0.4000000  -0.5000000), wk =   0.0480000
        k(   46) = (   0.2000000  -0.5000000  -0.5000000), wk =   0.0120000
        k(   47) = (   0.3000000   0.3000000   0.3000000), wk =   0.0160000
        k(   48) = (   0.3000000   0.3000000   0.4000000), wk =   0.0480000
        k(   49) = (   0.3000000   0.3000000  -0.5000000), wk =   0.0240000
        k(   50) = (   0.3000000   0.4000000   0.4000000), wk =   0.0480000
        k(   51) = (   0.3000000   0.4000000  -0.5000000), wk =   0.0480000
        k(   52) = (   0.3000000  -0.5000000  -0.5000000), wk =   0.0120000
        k(   53) = (   0.4000000   0.4000000   0.4000000), wk =   0.0160000
        k(   54) = (   0.4000000   0.4000000  -0.5000000), wk =   0.0240000
        k(   55) = (   0.4000000  -0.5000000  -0.5000000), wk =   0.0120000
        k(   56) = (  -0.5000000  -0.5000000  -0.5000000), wk =   0.0020000

     Dense  grid:   342579 G-vectors     FFT dimensions: (  90,  90,  90)

     Smooth grid:   121265 G-vectors     FFT dimensions: (  64,  64,  64)

     Estimated max dynamical RAM per process >     302.18 MB

     Estimated total dynamical RAM >       2.12 GB

     Initial potential from superposition of free atoms

     starting charge      46.9808, renormalised to      47.0000
     Starting wfcs are   30 randomized atomic wfcs
     Checking if some PAW data can be deallocated... 

     total cpu time spent up to now is     2365.0 secs

     Self-consistent Calculation

     iteration #  1     ecut=   100.00 Ry     beta= 0.30
     Davidson diagonalization with overlap
     ethr =  1.00E-02,  avg # of iterations =  5.9

     total cpu time spent up to now is     2389.5 secs

     total energy              =   -1102.75001817 Ry
     estimated scf accuracy    <       0.85432777 Ry

     iteration #  2     ecut=   100.00 Ry     beta= 0.30
     Davidson diagonalization with overlap
     ethr =  1.82E-03,  avg # of iterations =  3.9

     total cpu time spent up to now is     2412.8 secs

     total energy              =   -1102.96862235 Ry
     estimated scf accuracy    <       1.93418440 Ry

     iteration #  3     ecut=   100.00 Ry     beta= 0.30
     Davidson diagonalization with overlap
     ethr =  1.82E-03,  avg # of iterations =  3.4

     total cpu time spent up to now is     2434.4 secs

     total energy              =   -1103.08393467 Ry
     estimated scf accuracy    <       0.12569776 Ry

     iteration #  4     ecut=   100.00 Ry     beta= 0.30
     Davidson diagonalization with overlap
     ethr =  2.67E-04,  avg # of iterations =  3.9

     total cpu time spent up to now is     2456.9 secs

     total energy              =   -1103.10671349 Ry
     estimated scf accuracy    <       0.03925767 Ry

     iteration #  5     ecut=   100.00 Ry     beta= 0.30
     Davidson diagonalization with overlap
     ethr =  8.35E-05,  avg # of iterations =  4.2

     total cpu time spent up to now is     2478.6 secs

     total energy              =   -1103.10983167 Ry
     estimated scf accuracy    <       0.00126672 Ry

     iteration #  6     ecut=   100.00 Ry     beta= 0.30
     Davidson diagonalization with overlap
     ethr =  2.70E-06,  avg # of iterations =  8.7

     total cpu time spent up to now is     2510.1 secs

     total energy              =   -1103.10913478 Ry
     estimated scf accuracy    <       0.00569157 Ry

     iteration #  7     ecut=   100.00 Ry     beta= 0.30
     Davidson diagonalization with overlap
     ethr =  2.70E-06,  avg # of iterations =  4.2

     total cpu time spent up to now is     2534.8 secs

     total energy              =   -1103.11015584 Ry
     estimated scf accuracy    <       0.00203111 Ry

     iteration #  8     ecut=   100.00 Ry     beta= 0.30
     Davidson diagonalization with overlap
     ethr =  2.70E-06,  avg # of iterations =  2.0

     total cpu time spent up to now is     2555.2 secs

     total energy              =   -1103.11033613 Ry
     estimated scf accuracy    <       0.00001792 Ry

     iteration #  9     ecut=   100.00 Ry     beta= 0.30
     Davidson diagonalization with overlap
     ethr =  3.81E-08,  avg # of iterations =  4.3

     total cpu time spent up to now is     2580.7 secs

     total energy              =   -1103.11034183 Ry
     estimated scf accuracy    <       0.00014475 Ry

     iteration # 10     ecut=   100.00 Ry     beta= 0.30
     Davidson diagonalization with overlap
     ethr =  3.81E-08,  avg # of iterations =  3.6

     total cpu time spent up to now is     2603.4 secs

     total energy              =   -1103.11035099 Ry
     estimated scf accuracy    <       0.00000480 Ry

     iteration # 11     ecut=   100.00 Ry     beta= 0.30
     Davidson diagonalization with overlap
     ethr =  1.02E-08,  avg # of iterations =  2.0

     total cpu time spent up to now is     2623.7 secs

     total energy              =   -1103.11035114 Ry
     estimated scf accuracy    <       0.00000048 Ry

     iteration # 12     ecut=   100.00 Ry     beta= 0.30
     Davidson diagonalization with overlap
     ethr =  1.03E-09,  avg # of iterations =  4.0

     total cpu time spent up to now is     2648.6 secs

     total energy              =   -1103.11035136 Ry
     estimated scf accuracy    <       0.00000148 Ry

     iteration # 13     ecut=   100.00 Ry     beta= 0.30
     Davidson diagonalization with overlap
     ethr =  1.03E-09,  avg # of iterations =  2.0

     total cpu time spent up to now is     2668.8 secs

     total energy              =   -1103.11035133 Ry
     estimated scf accuracy    <       0.00000035 Ry

     iteration # 14     ecut=   100.00 Ry     beta= 0.30
     Davidson diagonalization with overlap
     ethr =  7.37E-10,  avg # of iterations =  3.2

     total cpu time spent up to now is     2690.3 secs

     total energy              =   -1103.11035139 Ry
     estimated scf accuracy    <       0.00000002 Ry

     iteration # 15     ecut=   100.00 Ry     beta= 0.30
     Davidson diagonalization with overlap
     ethr =  4.56E-11,  avg # of iterations =  3.1

     total cpu time spent up to now is     2713.0 secs

     total energy              =   -1103.11035139 Ry
     estimated scf accuracy    <          6.1E-09 Ry

     iteration # 16     ecut=   100.00 Ry     beta= 0.30
     Davidson diagonalization with overlap
     ethr =  1.29E-11,  avg # of iterations =  2.0

     total cpu time spent up to now is     2733.3 secs

     End of self-consistent calculation

          k = 0.0000 0.0000 0.0000 ( 15203 PWs)   bands (ev):

   -89.2360 -52.5575 -52.5575 -52.5575 -24.5300 -10.1999  -9.2485  -9.2485
    -8.0148  -8.0148  -8.0148   0.6968   0.6968   0.6968   3.1267   3.1267
     3.1267   3.5933   3.5933   3.5933   4.1750   4.1750   4.1750   4.4073
     4.4073   7.1886   8.6244  10.1581  10.1581

          k = 0.0000 0.0000 0.1000 ( 15187 PWs)   bands (ev):

   -89.2360 -52.5575 -52.5575 -52.5575 -24.5300 -10.1824  -9.2699  -9.2476
    -8.0144  -8.0144  -8.0087   0.6751   0.7189   0.7189   3.0514   3.0514
     3.0937   3.3389   3.5248   3.5248   4.1759   4.2875   4.2875   4.4075
     4.5654   7.3923   8.7780  10.2330  10.2927

          k = 0.0000 0.0000 0.2000 ( 15183 PWs)   bands (ev):

   -89.2360 -52.5575 -52.5575 -52.5575 -24.5298 -10.1329  -9.3288  -9.2451
    -8.0133  -8.0133  -7.9939   0.6253   0.7813   0.7813   2.8430   2.8430
     2.8855   3.0103   3.4456   3.4456   4.1783   4.4081   4.4883   4.4883
     4.7737   7.9592   9.2029  10.4449  10.6661

          k = 0.0000 0.0000 0.3000 ( 15139 PWs)   bands (ev):

   -89.2360 -52.5575 -52.5575 -52.5575 -24.5297 -10.0611  -9.4109  -9.2421
    -8.0120  -8.0120  -7.9771   0.5792   0.8710   0.8710   2.4643   2.5905
     2.5905   2.9124   3.4037   3.4037   4.1812   4.4087   4.6624   4.6624
     4.9046   8.7811   9.7966  10.7368  11.1875

          k = 0.0000 0.0000 0.4000 ( 15126 PWs)   bands (ev):

   -89.2360 -52.5575 -52.5575 -52.5575 -24.5295  -9.9877  -9.4916  -9.2396
    -8.0109  -8.0109  -7.9648   0.5559   0.9589   0.9589   2.1693   2.3871
     2.3871   2.8369   3.3823   3.3823   4.1836   4.4091   4.7743   4.7743
     4.9710   9.7118  10.3901  10.9250  11.6900

          k = 0.0000 0.0000-0.5000 ( 15190 PWs)   bands (ev):

   -89.2360 -52.5575 -52.5575 -52.5575 -24.5295  -9.9528  -9.5290  -9.2387
    -8.0105  -8.0105  -7.9604   0.5510   0.9979   0.9979   2.0622   2.3072
     2.3072   2.8088   3.3754   3.3754   4.1845   4.4093   4.8125   4.8125
     4.9911  10.3610  10.6869  10.7768  11.9110

          k = 0.0000 0.1000 0.1000 ( 15181 PWs)   bands (ev):

   -89.2360 -52.5575 -52.5575 -52.5575 -24.5299 -10.1649  -9.2794  -9.2578
    -8.0140  -8.0106  -8.0067   0.6016   0.7412   0.7902   2.8666   2.9975
     3.1458   3.2281   3.4188   3.4363   4.2814   4.2938   4.3294   4.4838
     4.6771   7.5672   8.9241  10.3371  10.3828

          k = 0.0000 0.1000 0.2000 ( 15157 PWs)   bands (ev):

   -89.2360 -52.5575 -52.5575 -52.5575 -24.5298 -10.1154  -9.3326  -9.2593
    -8.0129  -8.0091  -7.9940   0.5131   0.8047   0.8835   2.5353   2.8223
     2.9294   3.1503   3.3217   3.3251   4.2880   4.4452   4.4879   4.5314
     4.9100   8.0779   9.3293  10.5505  10.7175

          k = 0.0000 0.1000 0.3000 ( 15129 PWs)   bands (ev):

   -89.2360 -52.5575 -52.5575 -52.5574 -24.5296 -10.0432  -9.4127  -9.2563
    -8.0116  -8.0086  -7.9785   0.4445   0.8962   0.9822   2.1794   2.5832
     2.6584   3.0979   3.2631   3.2701   4.2891   4.4828   4.6547   4.6616
     5.0646   8.8580   9.9014  10.8328  11.2117

          k = 0.0000 0.1000 0.4000 ( 15137 PWs)   bands (ev):

   -89.2360 -52.5575 -52.5575 -52.5575 -24.5295  -9.9689  -9.4929  -9.2536
    -8.0106  -8.0082  -7.9670   0.4078   0.9864   1.0680   1.9155   2.3829
     2.4654   3.0347   3.2387   3.2450   4.2899   4.4889   4.7647   4.7733
     5.1356   9.7699  10.4898  11.0156  11.7087

          k = 0.0000 0.1000-0.5000 ( 15160 PWs)   bands (ev):

   -89.2360 -52.5575 -52.5575 -52.5575 -24.5294  -9.9333  -9.5306  -9.2525
    -8.0102  -8.0080  -7.9629   0.3981   1.0266   1.1044   1.8179   2.3031
     2.3929   3.0084   3.2321   3.2374   4.2903   4.4902   4.8060   4.8114
     5.1541  10.4077  10.8068  10.8634  11.9415

          k = 0.0000 0.2000 0.2000 ( 15142 PWs)   bands (ev):

   -89.2360 -52.5575 -52.5575 -52.5575 -24.5297 -10.0654  -9.3574  -9.2850
    -8.0119  -8.0013  -7.9919   0.3577   0.8715   1.0200   2.1509   2.7372
     2.8736   3.0328   3.1235   3.3600   4.4818   4.4914   4.5070   4.5774
     5.2133   8.4559   9.6824  10.8369  10.8954

          k = 0.0000 0.2000 0.3000 ( 15122 PWs)   bands (ev):

   -89.2360 -52.5575 -52.5574 -52.5574 -24.5295  -9.9921  -9.4213  -9.2940
    -8.0106  -8.0000  -7.9818   0.2307   0.9687   1.1394   1.8061   2.5578
     2.6782   2.9819   3.0060   3.4026   4.4854   4.5497   4.6568   4.6595
     5.4541   9.1084  10.1928  11.1154  11.3158

          k = 0.0000 0.2000 0.4000 ( 15159 PWs)   bands (ev):

   -89.2360 -52.5575 -52.5575 -52.5575 -24.5294  -9.9152  -9.4967  -9.2945
    -8.0096  -8.0009  -7.9726   0.1522   1.0659   1.2272   1.5685   2.3712
     2.5130   2.9621   2.9748   3.3988   4.4846   4.5605   4.7528   4.7707
     5.5734   9.9478  10.7545  11.2952  11.7738

          k = 0.0000 0.2000-0.5000 ( 15146 PWs)   bands (ev):

   -89.2360 -52.5575 -52.5575 -52.5575 -24.5293  -9.8771  -9.5347  -9.2942
    -8.0092  -8.0014  -7.9692   0.1263   1.1100   1.2612   1.4832   2.2922
     2.4515   2.9505   2.9735   3.3919   4.4842   4.5630   4.7931   4.8087
     5.6054  10.5572  11.0973  11.1406  11.9866

          k = 0.0000 0.3000 0.3000 ( 15100 PWs)   bands (ev):

   -89.2360 -52.5575 -52.5575 -52.5574 -24.5293  -9.9164  -9.4487  -9.3359
    -8.0094  -7.9920  -7.9839   0.0429   1.0757   1.2673   1.4910   2.4902
     2.6574   2.7690   2.7843   3.6106   4.5769   4.6558   4.6582   4.6953
     5.8348   9.5795  10.6160  11.5242  11.5501

          k = 0.0000 0.3000 0.4000 ( 15144 PWs)   bands (ev):

   -89.2360 -52.5575 -52.5575 -52.5575 -24.5292  -9.8342  -9.5035  -9.3578
    -8.0084  -7.9922  -7.9791  -0.0821   1.1859   1.2836   1.3533   2.3546
     2.5479   2.6625   2.7464   3.7181   4.5871   4.6551   4.7578   4.7676
     6.0671  10.2685  11.1023  11.7523  11.9015

          k = 0.0000 0.3000-0.5000 ( 15144 PWs)   bands (ev):

   -89.2360 -52.5575 -52.5575 -52.5575 -24.5292  -9.7906  -9.5397  -9.3631
    -8.0080  -7.9932  -7.9765  -0.1257   1.2117   1.2375   1.3845   2.2789
     2.4958   2.6405   2.7460   3.7481   4.5897   4.6544   4.7892   4.8053
     6.1391  10.8383  11.3642  11.6031  11.9702

          k = 0.0000 0.4000 0.4000 ( 15136 PWs)   bands (ev):

   -89.2360 -52.5575 -52.5575 -52.5575 -24.5291  -9.7414  -9.5192  -9.4263
    -8.0074  -7.9860  -7.9833  -0.2420   1.1013   1.3150   1.4347   2.3227
     2.4341   2.5614   2.6056   3.9187   4.5970   4.7651   4.7651   4.7854
     6.4264  10.7634  11.4363  12.0215  12.2597

          k = 0.0000 0.4000-0.5000 ( 15136 PWs)   bands (ev):

   -89.2360 -52.5575 -52.5575 -52.5575 -24.5290  -9.6845  -9.5438  -9.4554
    -8.0070  -7.9865  -7.9820  -0.2984   1.0386   1.3790   1.4638   2.2681
     2.3789   2.5282   2.5942   3.9829   4.5997   4.7642   4.8027   4.8039
     6.5537  11.2763  11.4735  11.8541  12.0044

          k = 0.0000-0.5000-0.5000 ( 15100 PWs)   bands (ev):

   -89.2360 -52.5575 -52.5575 -52.5574 -24.5290  -9.5893  -9.5454  -9.5454
    -8.0067  -7.9839  -7.9839  -0.3595   0.9794   1.4524   1.4919   2.2640
     2.2640   2.5403   2.5403   4.0610   4.6023   4.8017   4.8017   4.8165
     6.7092  11.5107  11.7069  11.7069  11.9677

          k = 0.1000 0.1000 0.1000 ( 15170 PWs)   bands (ev):

   -89.2360 -52.5575 -52.5575 -52.5575 -24.5299 -10.1475  -9.2781  -9.2781
    -8.0108  -8.0108  -8.0043   0.5286   0.8110   0.8110   2.8370   2.8370
     2.9897   3.2056   3.4070   3.4070   4.3234   4.3375   4.3375   4.6795
     4.6795   7.7208   9.0614  10.4496  10.4496

          k = 0.1000 0.1000 0.2000 ( 15163 PWs)   bands (ev):

   -89.2360 -52.5575 -52.5575 -52.5575 -24.5297 -10.0979  -9.3343  -9.2745
    -8.0113  -8.0076  -7.9935   0.4209   0.8705   0.9197   2.5040   2.5744
     2.8688   3.2209   3.2367   3.3724   4.3333   4.4644   4.4784   4.6900
     4.9627   8.1857   9.4429  10.6423  10.7684

          k = 0.1000 0.1000 0.3000 ( 15145 PWs)   bands (ev):

   -89.2360 -52.5575 -52.5575 -52.5574 -24.5296 -10.0256  -9.4138  -9.2702
    -8.0119  -8.0056  -7.9797   0.3345   0.9577   1.0274   2.1135   2.3154
     2.8160   3.0573   3.1783   3.3400   4.3358   4.5745   4.6400   4.7239
     5.1493   8.9280   9.9866  10.9145  11.2360

          k = 0.1000 0.1000 0.4000 ( 15124 PWs)   bands (ev):

   -89.2360 -52.5575 -52.5575 -52.5575 -24.5294  -9.9506  -9.4936  -9.2666
    -8.0123  -8.0042  -7.9693   0.2850   1.0463   1.1138   1.8417   2.1160
     2.7279   2.9672   3.1232   3.3234   4.3375   4.6173   4.7580   4.7821
     5.2346   9.8220  10.5597  11.0883  11.7324

          k = 0.1000 0.1000-0.5000 ( 15162 PWs)   bands (ev):

   -89.2360 -52.5575 -52.5575 -52.5575 -24.5294  -9.9143  -9.5316  -9.2652
    -8.0125  -8.0037  -7.9656   0.2702   1.0872   1.1485   1.7440   2.0372
     2.6802   2.9470   3.0997   3.3184   4.3381   4.6256   4.8016   4.8093
     5.2566  10.4519  10.8977  10.9189  11.9832

          k = 0.1000 0.2000 0.2000 ( 15141 PWs)   bands (ev):

   -89.2360 -52.5575 -52.5575 -52.5575 -24.5296 -10.0482  -9.3551  -9.3017
    -8.0106  -8.0028  -7.9901   0.2656   0.9465   1.0357   2.1505   2.5342
     2.5700   3.1903   3.2646   3.3665   4.4505   4.4983   4.5339   4.7993
     5.2092   8.5363   9.7617  10.8957  10.9417

          k = 0.1000 0.2000 0.3000 ( 15139 PWs)   bands (ev):

   -89.2360 -52.5575 -52.5575 -52.5575 -24.5294  -9.9753  -9.4200  -9.3068
    -8.0114  -7.9999  -7.9822   0.1310   1.0359   1.1531   1.8047   2.2579
     2.5644   3.0404   3.2251   3.4156   4.4707   4.6259   4.6432   4.8177
     5.4611   9.1600  10.2256  11.1577  11.3364

          k = 0.1000 0.2000 0.4000 ( 15141 PWs)   bands (ev):

   -89.2360 -52.5575 -52.5575 -52.5575 -24.5293  -9.8982  -9.4959  -9.3048
    -8.0127  -7.9984  -7.9750   0.0448   1.1273   1.2388   1.5666   2.0427
     2.5879   2.8847   3.2162   3.4153   4.4738   4.7266   4.7492   4.8164
     5.5917   9.9828  10.7400  11.3074  11.8003

          k = 0.1000 0.2000-0.5000 ( 15126 PWs)   bands (ev):

   -89.2360 -52.5575 -52.5575 -52.5575 -24.5293  -9.8596  -9.5343  -9.3037
    -8.0132  -7.9978  -7.9724   0.0158   1.1707   1.2718   1.4813   1.9578
     2.6074   2.8143   3.2136   3.4095   4.4747   4.7718   4.7909   4.8069
     5.6273  10.5915  11.0442  11.1522  12.0641

          k = 0.1000 0.3000 0.3000 ( 15133 PWs)   bands (ev):

   -89.2360 -52.5575 -52.5575 -52.5575 -24.5293  -9.9006  -9.4455  -9.3463
    -8.0110  -7.9950  -7.9831  -0.0576   1.1298   1.2724   1.4994   2.2506
     2.2887   3.0289   3.0751   3.6167   4.5922   4.6583   4.6900   4.8459
     5.8303   9.6081  10.5717  11.5342  11.5427

          k = 0.1000 0.3000 0.4000 ( 15155 PWs)   bands (ev):

   -89.2360 -52.5575 -52.5575 -52.5575 -24.5292  -9.8193  -9.5008  -9.3643
    -8.0115  -7.9931  -7.9814  -0.1858   1.2249   1.2982   1.3552   2.0452
     2.2917   2.9106   3.0567   3.7229   4.6169   4.7466   4.7566   4.8425
     6.0656  10.2789  10.9539  11.6380  11.9004

          k = 0.1000 0.3000-0.5000 ( 15118 PWs)   bands (ev):

   -89.2360 -52.5575 -52.5575 -52.5574 -24.5291  -9.7758  -9.5376  -9.3680
    -8.0119  -7.9927  -7.9802  -0.2308   1.2223   1.2768   1.3868   1.9549
     2.3022   2.8556   3.0570   3.7527   4.6196   4.7884   4.8049   4.8194
     6.1393  10.8528  11.1209  11.5046  11.8761

          k = 0.1000 0.4000 0.4000 ( 15125 PWs)   bands (ev):

   -89.2360 -52.5575 -52.5575 -52.5575 -24.5290  -9.7290  -9.5153  -9.4285
    -8.0104  -7.9900  -7.9854  -0.3456   1.1143   1.3402   1.4335   2.0443
     2.0747   2.9202   2.9312   3.9215   4.7114   4.7643   4.7865   4.8414
     6.4247  10.7399  11.1154  11.8232  12.0446

          k = 0.1000 0.4000-0.5000 ( 15134 PWs)   bands (ev):

   -89.2360 -52.5575 -52.5575 -52.5575 -24.5290  -9.6733  -9.5403  -9.4549
    -8.0100  -7.9895  -7.9862  -0.4023   1.0535   1.3951   1.4642   1.9606
     2.0666   2.8754   2.9305   3.9856   4.7296   4.7992   4.8081   4.8231
     6.5532  11.1003  11.2514  11.6628  11.8374

          k = 0.1000-0.5000-0.5000 ( 15136 PWs)   bands (ev):

   -89.2360 -52.5575 -52.5575 -52.5575 -24.5289  -9.5811  -9.5413  -9.5413
    -8.0091  -7.9884  -7.9884  -0.4633   0.9955   1.4594   1.4929   1.9632
     1.9632   2.8821   2.8821   4.0636   4.7904   4.8005   4.8005   4.8191
     6.7103  11.0794  11.5659  11.5659  11.9835

          k = 0.2000 0.2000 0.2000 ( 15147 PWs)   bands (ev):

   -89.2360 -52.5575 -52.5575 -52.5575 -24.5295  -9.9994  -9.3491  -9.3491
    -8.0069  -8.0069  -7.9860   0.0888   1.0812   1.0812   2.0665   2.2386
     2.2386   3.3094   3.3094   3.4230   4.4973   4.5567   4.5567   5.1961
     5.1961   8.8095   9.9890  11.0854  11.0854

          k = 0.2000 0.2000 0.3000 ( 15144 PWs)   bands (ev):

   -89.2360 -52.5575 -52.5575 -52.5575 -24.5293  -9.9272  -9.4189  -9.3416
    -8.0120  -8.0017  -7.9823  -0.0759   1.1524   1.2000   1.7440   1.9704
     2.2222   3.2605   3.3240   3.4918   4.5288   4.6449   4.6567   5.1724
     5.5308   9.3359  10.3259  11.2984  11.4180

          k = 0.2000 0.2000 0.4000 ( 15151 PWs)   bands (ev):

   -89.2360 -52.5575 -52.5575 -52.5575 -24.5292  -9.8498  -9.4941  -9.3355
    -8.0162  -7.9967  -7.9806  -0.1869   1.2363   1.2787   1.5122   1.7641
     2.2422   3.1934   3.3254   3.5099   4.5371   4.7445   4.7593   5.1416
     5.7114  10.0874  10.7013  11.3667  11.8646

          k = 0.2000 0.2000-0.5000 ( 15124 PWs)   bands (ev):

   -89.2360 -52.5575 -52.5575 -52.5575 -24.5291  -9.8097  -9.5332  -9.3332
    -8.0178  -7.9945  -7.9804  -0.2257   1.2844   1.3065   1.4309   1.6747
     2.2524   3.1636   3.3256   3.5100   4.5393   4.7855   4.8054   5.1242
     5.7625  10.6774  10.8903  11.2338  11.9136

          k = 0.2000 0.3000 0.3000 ( 15137 PWs)   bands (ev):

   -89.2360 -52.5575 -52.5575 -52.5575 -24.5292  -9.8558  -9.4370  -9.3771
    -8.0134  -8.0030  -7.9832  -0.2796   1.2310   1.2874   1.5126   1.9085
     1.9481   3.3272   3.3317   3.6424   4.6167   4.6740   4.7008   5.2983
     5.8158   9.6997  10.4802  11.5485  11.5570

          k = 0.2000 0.3000 0.4000 ( 15146 PWs)   bands (ev):

   -89.2360 -52.5575 -52.5575 -52.5575 -24.5290  -9.7772  -9.4939  -9.3842
    -8.0173  -7.9990  -7.9863  -0.4218   1.2856   1.3413   1.3587   1.7115
     1.9465   3.3045   3.3455   3.7410   4.6448   4.7503   4.7694   5.2922
     6.0666  10.2841  10.6425  11.4962  11.7647

          k = 0.2000 0.3000-0.5000 ( 15144 PWs)   bands (ev):

   -89.2360 -52.5575 -52.5575 -52.5575 -24.5290  -9.7338  -9.5319  -9.3839
    -8.0191  -7.9947  -7.9900  -0.4723   1.2473   1.3495   1.3969   1.6131
     1.9557   3.2906   3.3492   3.7701   4.6489   4.7865   4.8069   5.2809
     6.1489  10.6888  10.8092  11.4454  11.5554

          k = 0.2000 0.4000 0.4000 ( 15117 PWs)   bands (ev):

   -89.2360 -52.5575 -52.5575 -52.5575 -24.5289  -9.6943  -9.5051  -9.4364
    -8.0171  -8.0008  -7.9919  -0.5879   1.1492   1.3843   1.4239   1.7209
     1.7318   3.3305   3.3332   3.9294   4.7403   4.7663   4.7951   5.3003
     6.4189  10.5333  10.6732  11.5814  11.6543

          k = 0.2000 0.4000-0.5000 ( 15134 PWs)   bands (ev):

   -89.2360 -52.5575 -52.5575 -52.5575 -24.5289  -9.6422  -9.5309  -9.4554
    -8.0172  -7.9978  -7.9974  -0.6473   1.0928   1.4198   1.4658   1.6193
     1.7352   3.3226   3.3386   3.9928   4.7545   4.7969   4.8153   5.2912
     6.5517  10.5269  11.0158  11.2819  11.7185

          k = 0.2000-0.5000-0.5000 ( 15112 PWs)   bands (ev):

   -89.2360 -52.5575 -52.5575 -52.5575 -24.5288  -9.5595  -9.5305  -9.5305
    -8.0154  -8.0001  -8.0001  -0.7099   1.0382   1.4744   1.4956   1.6245
     1.6245   3.3305   3.3305   4.0705   4.8001   4.8001   4.8259   5.2819
     6.7129  10.4663  11.1801  11.1801  11.6554

          k = 0.3000 0.3000 0.3000 ( 15162 PWs)   bands (ev):

   -89.2360 -52.5575 -52.5575 -52.5575 -24.5290  -9.7892  -9.4264  -9.4264
    -8.0130  -8.0130  -7.9865  -0.5076   1.3118   1.3118   1.4514   1.7015
     1.7015   3.5016   3.5016   3.7170   4.6646   4.7180   4.7180   5.7911
     5.7911   9.9027  10.3965  11.6030  11.6032

          k = 0.3000 0.3000 0.4000 ( 15123 PWs)   bands (ev):

   -89.2360 -52.5575 -52.5575 -52.5575 -24.5289  -9.7147  -9.4867  -9.4176
    -8.0212  -8.0087  -7.9932  -0.6698   1.3005   1.3479   1.3665   1.5274
     1.6865   3.5532   3.5916   3.8052   4.6982   4.7614   4.7809   5.7635
     6.1317  10.2756  10.3524  11.4260  11.6331

          k = 0.3000 0.3000-0.5000 ( 15110 PWs)   bands (ev):

   -89.2360 -52.5575 -52.5575 -52.5575 -24.5289  -9.6712  -9.5248  -9.4142
    -8.0244  -8.0018  -8.0009  -0.7279   1.2444   1.3789   1.3902   1.4385
     1.6935   3.5640   3.6179   3.8365   4.7047   4.7908   4.8127   5.7504
     6.2454  10.3071  10.6783  11.1546  11.6475

          k = 0.3000 0.4000 0.4000 ( 15113 PWs)   bands (ev):

   -89.2360 -52.5575 -52.5575 -52.5575 -24.5288  -9.6440  -9.4923  -9.4533
    -8.0233  -8.0143  -8.0019  -0.8479   1.1919   1.3639   1.3671   1.5131
     1.5431   3.6667   3.6847   3.9428   4.7607   4.7818   4.8047   5.8962
     6.4080  10.1266  10.4152  11.1703  11.3910

          k = 0.3000 0.4000-0.5000 ( 15100 PWs)   bands (ev):

   -89.2360 -52.5575 -52.5575 -52.5574 -24.5287  -9.5980  -9.5191  -9.4612
    -8.0251  -8.0113  -8.0094  -0.9119   1.1414   1.3607   1.3754   1.4784
     1.5402   3.6882   3.7135   4.0033   4.7748   4.8038   4.8242   5.9013
     6.5516  10.0547  10.6506  10.8528  11.2926

          k = 0.3000-0.5000-0.5000 ( 15128 PWs)   bands (ev):

   -89.2360 -52.5575 -52.5575 -52.5575 -24.5287  -9.5323  -9.5169  -9.5169
    -8.0231  -8.0149  -8.0149  -0.9781   1.0918   1.3669   1.3669   1.4890
     1.4989   3.7270   3.7270   4.0790   4.8089   4.8089   4.8350   5.9132
     6.7163   9.9668  10.7410  10.7410  11.0220

          k = 0.4000 0.4000 0.4000 ( 15132 PWs)   bands (ev):

   -89.2360 -52.5575 -52.5575 -52.5575 -24.5287  -9.5883  -9.4817  -9.4817
    -8.0254  -8.0254  -8.0129  -1.0363   1.2052   1.2588   1.2588   1.4996
     1.4996   3.8863   3.8863   3.9805   4.7951   4.8138   4.8138   6.3949
     6.3949   9.8474  10.3035  10.8878  10.8878

          k = 0.4000 0.4000-0.5000 ( 15144 PWs)   bands (ev):

   -89.2360 -52.5575 -52.5575 -52.5575 -24.5286  -9.5501  -9.5094  -9.4776
    -8.0297  -8.0227  -8.0206  -1.1043   1.1689   1.2130   1.2562   1.4940
     1.5046   3.9185   3.9599   4.0286   4.8101   4.8229   4.8334   6.3885
     6.5921   9.7505  10.4162  10.5299  10.7866

          k = 0.4000-0.5000-0.5000 ( 15148 PWs)   bands (ev):

   -89.2360 -52.5575 -52.5575 -52.5575 -24.5286  -9.5100  -9.5057  -9.5057
    -8.0294  -8.0271  -8.0271  -1.1737   1.1361   1.2072   1.2072   1.4991
     1.5016   3.9960   3.9960   4.0860   4.8310   4.8310   4.8428   6.4786
     6.7190   9.6456  10.4098  10.4098  10.5021

          k =-0.5000-0.5000-0.5000 ( 15192 PWs)   bands (ev):

   -89.2360 -52.5575 -52.5575 -52.5575 -24.5285  -9.5013  -9.5013  -9.5013
    -8.0318  -8.0318  -8.0318  -1.2445   1.1532   1.1532   1.1532   1.5027
     1.5027   4.0887   4.0887   4.0887   4.8460   4.8460   4.8460   6.7201
     6.7201   9.5349  10.2864  10.2864  10.2864

     the Fermi energy is     4.9064 ev

!    total energy              =   -1103.11035140 Ry
     total all-electron energy =    -19630.254579 Ry
     estimated scf accuracy    <          7.8E-11 Ry
     smearing contrib. (-TS)   =      -0.00537502 Ry
     internal energy E=F+TS    =   -1103.10497637 Ry

     The total energy is F=E-TS. E is the sum of the following terms:
     one-electron contribution =    -316.77428855 Ry
     hartree contribution      =     180.06748542 Ry
     xc contribution           =     -68.43440096 Ry
     ewald contribution        =    -225.28424399 Ry
     one-center paw contrib.   =    -672.67952830 Ry

     convergence has been achieved in  16 iterations

     Forces acting on atoms (cartesian axes, Ry/au):

     atom    1 type  1   force =     0.00000000    0.00000000    0.00000000
     atom    2 type  2   force =     0.00000000    0.00000000    0.00000000
     atom    3 type  3   force =     0.00000000    0.00000000    0.00000000
     atom    4 type  3   force =     0.00000000    0.00000000    0.00000000
     atom    5 type  3   force =     0.00000000    0.00000000    0.00000000

     Total force =     0.000000     Total SCF correction =     0.000000


     Computing stress (Cartesian axis) and pressure

          total   stress  (Ry/bohr**3)                   (kbar)     P=       -9.90
  -0.00006732   0.00000000   0.00000000           -9.90        0.00        0.00
   0.00000000  -0.00006732   0.00000000            0.00       -9.90        0.00
   0.00000000   0.00000000  -0.00006732            0.00        0.00       -9.90


     BFGS Geometry Optimization
     Energy error            =      0.0E+00 Ry
     Gradient error          =      0.0E+00 Ry/Bohr

     bfgs converged in   1 scf cycles and   0 bfgs steps
     (criteria: energy <  1.0E-07 Ry, force <  1.0E-03 Ry/Bohr)

     End of BFGS Geometry Optimization

     Final energy             =   -1103.1103513968 Ry
Begin final coordinates

ATOMIC_POSITIONS (crystal)
K                0.0000000000        0.0000000000        0.0000000000
Co               0.5000000000        0.5000000000        0.5000000000
Br               0.5000000000        0.5000000000        0.0000000000
Br               0.5000000000        0.0000000000        0.5000000000
Br               0.0000000000        0.5000000000        0.5000000000
End final coordinates



  ++++++++++++++++++++++++++++++++++++++++++++++++++++++++++++++++++++++++++++
     Doing work    8 /     9
  ++++++++++++++++++++++++++++++++++++++++++++++++++++++++++++++++++++++++++++


     Current dimensions of program PWSCF are:
     Max number of different atomic species (ntypx) = 10
     Max number of k-points (npk) = 120000
     Max angular momentum in pseudopotentials (lmaxx) =  4

     WARNING: check_stop already initialized

     Parallelization info
     --------------------
     sticks:   dense  smooth     PW     G-vecs:    dense   smooth      PW
     Min        2985    1488    421               173959    61426    9009
     Max        2996    1493    424               174068    61543    9028
     Sum        5981    2981    845               348027   122969   18037

     Using Pencil Decomposition



     bravais-lattice index     =            1
     lattice parameter (alat)  =       9.6922  a.u.
     unit-cell volume          =     910.4601 (a.u.)^3
     number of atoms/cell      =            5
     number of atomic types    =            3
     number of electrons       =        47.00
     number of Kohn-Sham states=           29
     kinetic-energy cutoff     =     100.0000  Ry
     charge density cutoff     =     800.0000  Ry
     scf convergence threshold =      1.0E-10
     mixing beta               =       0.3000
     number of iterations used =            8  plain     mixing
     energy convergence thresh.=      1.0E-07
     force convergence thresh. =      1.0E-03
     Exchange-correlation= PBE
                           (   1   4   3   4   0   0   0)
     nstep                     =           20


     celldm(1)=   9.692154  celldm(2)=   0.000000  celldm(3)=   0.000000
     celldm(4)=   0.000000  celldm(5)=   0.000000  celldm(6)=   0.000000

     crystal axes: (cart. coord. in units of alat)
               a(1) = (   1.000000   0.000000   0.000000 )  
               a(2) = (   0.000000   1.000000   0.000000 )  
               a(3) = (   0.000000   0.000000   1.000000 )  

     reciprocal axes: (cart. coord. in units 2 pi/alat)
               b(1) = (  1.000000  0.000000  0.000000 )  
               b(2) = (  0.000000  1.000000  0.000000 )  
               b(3) = (  0.000000  0.000000  1.000000 )  


     PseudoPot. # 1 for K  read from file:
     /home/administrator/Downloads/BURAI/BURAI1.3/pseudopot/K.pbe-spn-kjpaw_psl.1.0.0.UPF
     MD5 check sum: 14ff5a24ff9f8afecca2cb30191d3c3d
     Pseudo is Projector augmented-wave + core cor, Zval =  9.0
     Generated using "atomic" code by A. Dal Corso  v.5.1.2
     Shape of augmentation charge: PSQ
     Using radial grid of 1165 points,  6 beta functions with: 
                l(1) =   0
                l(2) =   0
                l(3) =   1
                l(4) =   1
                l(5) =   2
                l(6) =   2
     Q(r) pseudized with 0 coefficients 


     PseudoPot. # 2 for Co read from file:
     /home/administrator/Downloads/BURAI/BURAI1.3/pseudopot/Co.pbe-spn-kjpaw_psl.1.0.0.UPF
     MD5 check sum: debeb0e0a2756593e9907dd3738e3b12
     Pseudo is Projector augmented-wave + core cor, Zval = 17.0
     Generated using "atomic" code by A. Dal Corso  v.5.1.2
     Shape of augmentation charge: PSQ
     Using radial grid of 1193 points,  6 beta functions with: 
                l(1) =   0
                l(2) =   0
                l(3) =   1
                l(4) =   1
                l(5) =   2
                l(6) =   2
     Q(r) pseudized with 0 coefficients 


     PseudoPot. # 3 for Br read from file:
     /home/administrator/Downloads/BURAI/BURAI1.3/pseudopot/Br.pbe-n-kjpaw_psl.1.0.0.UPF
     MD5 check sum: 4e719ecb11afb5eb9a83625d9f5c08f4
     Pseudo is Projector augmented-wave + core cor, Zval =  7.0
     Generated using "atomic" code by A. Dal Corso  v.5.1.2
     Shape of augmentation charge: PSQ
     Using radial grid of 1213 points,  4 beta functions with: 
                l(1) =   0
                l(2) =   0
                l(3) =   1
                l(4) =   1
     Q(r) pseudized with 0 coefficients 


     atomic species   valence    mass     pseudopotential
     K                 9.00    39.09830     K ( 1.00)
     Co               17.00    58.93320     Co( 1.00)
     Br                7.00    79.90400     Br( 1.00)

     48 Sym. Ops., with inversion, found



   Cartesian axes

     site n.     atom                  positions (alat units)
         1        K      tau(   1) = (   0.0000000   0.0000000   0.0000000  )
         2        Co     tau(   2) = (   0.5000000   0.5000000   0.5000000  )
         3        Br     tau(   3) = (   0.5000000   0.5000000   0.0000000  )
         4        Br     tau(   4) = (   0.5000000   0.0000000   0.5000000  )
         5        Br     tau(   5) = (   0.0000000   0.5000000   0.5000000  )

     number of k points=    56  Gaussian smearing, width (Ry)=  0.0100
                       cart. coord. in units 2pi/alat
        k(    1) = (   0.0000000   0.0000000   0.0000000), wk =   0.0020000
        k(    2) = (   0.0000000   0.0000000   0.1000000), wk =   0.0120000
        k(    3) = (   0.0000000   0.0000000   0.2000000), wk =   0.0120000
        k(    4) = (   0.0000000   0.0000000   0.3000000), wk =   0.0120000
        k(    5) = (   0.0000000   0.0000000   0.4000000), wk =   0.0120000
        k(    6) = (   0.0000000   0.0000000  -0.5000000), wk =   0.0060000
        k(    7) = (   0.0000000   0.1000000   0.1000000), wk =   0.0240000
        k(    8) = (   0.0000000   0.1000000   0.2000000), wk =   0.0480000
        k(    9) = (   0.0000000   0.1000000   0.3000000), wk =   0.0480000
        k(   10) = (   0.0000000   0.1000000   0.4000000), wk =   0.0480000
        k(   11) = (   0.0000000   0.1000000  -0.5000000), wk =   0.0240000
        k(   12) = (   0.0000000   0.2000000   0.2000000), wk =   0.0240000
        k(   13) = (   0.0000000   0.2000000   0.3000000), wk =   0.0480000
        k(   14) = (   0.0000000   0.2000000   0.4000000), wk =   0.0480000
        k(   15) = (   0.0000000   0.2000000  -0.5000000), wk =   0.0240000
        k(   16) = (   0.0000000   0.3000000   0.3000000), wk =   0.0240000
        k(   17) = (   0.0000000   0.3000000   0.4000000), wk =   0.0480000
        k(   18) = (   0.0000000   0.3000000  -0.5000000), wk =   0.0240000
        k(   19) = (   0.0000000   0.4000000   0.4000000), wk =   0.0240000
        k(   20) = (   0.0000000   0.4000000  -0.5000000), wk =   0.0240000
        k(   21) = (   0.0000000  -0.5000000  -0.5000000), wk =   0.0060000
        k(   22) = (   0.1000000   0.1000000   0.1000000), wk =   0.0160000
        k(   23) = (   0.1000000   0.1000000   0.2000000), wk =   0.0480000
        k(   24) = (   0.1000000   0.1000000   0.3000000), wk =   0.0480000
        k(   25) = (   0.1000000   0.1000000   0.4000000), wk =   0.0480000
        k(   26) = (   0.1000000   0.1000000  -0.5000000), wk =   0.0240000
        k(   27) = (   0.1000000   0.2000000   0.2000000), wk =   0.0480000
        k(   28) = (   0.1000000   0.2000000   0.3000000), wk =   0.0960000
        k(   29) = (   0.1000000   0.2000000   0.4000000), wk =   0.0960000
        k(   30) = (   0.1000000   0.2000000  -0.5000000), wk =   0.0480000
        k(   31) = (   0.1000000   0.3000000   0.3000000), wk =   0.0480000
        k(   32) = (   0.1000000   0.3000000   0.4000000), wk =   0.0960000
        k(   33) = (   0.1000000   0.3000000  -0.5000000), wk =   0.0480000
        k(   34) = (   0.1000000   0.4000000   0.4000000), wk =   0.0480000
        k(   35) = (   0.1000000   0.4000000  -0.5000000), wk =   0.0480000
        k(   36) = (   0.1000000  -0.5000000  -0.5000000), wk =   0.0120000
        k(   37) = (   0.2000000   0.2000000   0.2000000), wk =   0.0160000
        k(   38) = (   0.2000000   0.2000000   0.3000000), wk =   0.0480000
        k(   39) = (   0.2000000   0.2000000   0.4000000), wk =   0.0480000
        k(   40) = (   0.2000000   0.2000000  -0.5000000), wk =   0.0240000
        k(   41) = (   0.2000000   0.3000000   0.3000000), wk =   0.0480000
        k(   42) = (   0.2000000   0.3000000   0.4000000), wk =   0.0960000
        k(   43) = (   0.2000000   0.3000000  -0.5000000), wk =   0.0480000
        k(   44) = (   0.2000000   0.4000000   0.4000000), wk =   0.0480000
        k(   45) = (   0.2000000   0.4000000  -0.5000000), wk =   0.0480000
        k(   46) = (   0.2000000  -0.5000000  -0.5000000), wk =   0.0120000
        k(   47) = (   0.3000000   0.3000000   0.3000000), wk =   0.0160000
        k(   48) = (   0.3000000   0.3000000   0.4000000), wk =   0.0480000
        k(   49) = (   0.3000000   0.3000000  -0.5000000), wk =   0.0240000
        k(   50) = (   0.3000000   0.4000000   0.4000000), wk =   0.0480000
        k(   51) = (   0.3000000   0.4000000  -0.5000000), wk =   0.0480000
        k(   52) = (   0.3000000  -0.5000000  -0.5000000), wk =   0.0120000
        k(   53) = (   0.4000000   0.4000000   0.4000000), wk =   0.0160000
        k(   54) = (   0.4000000   0.4000000  -0.5000000), wk =   0.0240000
        k(   55) = (   0.4000000  -0.5000000  -0.5000000), wk =   0.0120000
        k(   56) = (  -0.5000000  -0.5000000  -0.5000000), wk =   0.0020000

     Dense  grid:   348027 G-vectors     FFT dimensions: (  90,  90,  90)

     Smooth grid:   122969 G-vectors     FFT dimensions: (  64,  64,  64)

     Estimated max dynamical RAM per process >     306.40 MB

     Estimated total dynamical RAM >       2.14 GB

     Initial potential from superposition of free atoms

     starting charge      46.9808, renormalised to      47.0000
     Starting wfcs are   30 randomized atomic wfcs
     Checking if some PAW data can be deallocated... 

     total cpu time spent up to now is     2760.7 secs

     Self-consistent Calculation

     iteration #  1     ecut=   100.00 Ry     beta= 0.30
     Davidson diagonalization with overlap
     ethr =  1.00E-02,  avg # of iterations =  5.9

     total cpu time spent up to now is     2785.2 secs

     total energy              =   -1102.74924633 Ry
     estimated scf accuracy    <       0.85345705 Ry

     iteration #  2     ecut=   100.00 Ry     beta= 0.30
     Davidson diagonalization with overlap
     ethr =  1.82E-03,  avg # of iterations =  3.9

     total cpu time spent up to now is     2808.5 secs

     total energy              =   -1102.96628126 Ry
     estimated scf accuracy    <       1.95354165 Ry

     iteration #  3     ecut=   100.00 Ry     beta= 0.30
     Davidson diagonalization with overlap
     ethr =  1.82E-03,  avg # of iterations =  3.4

     total cpu time spent up to now is     2830.4 secs

     total energy              =   -1103.08268594 Ry
     estimated scf accuracy    <       0.12775257 Ry

     iteration #  4     ecut=   100.00 Ry     beta= 0.30
     Davidson diagonalization with overlap
     ethr =  2.72E-04,  avg # of iterations =  4.0

     total cpu time spent up to now is     2853.0 secs

     total energy              =   -1103.10579803 Ry
     estimated scf accuracy    <       0.03843484 Ry

     iteration #  5     ecut=   100.00 Ry     beta= 0.30
     Davidson diagonalization with overlap
     ethr =  8.18E-05,  avg # of iterations =  4.1

     total cpu time spent up to now is     2875.1 secs

     total energy              =   -1103.10869284 Ry
     estimated scf accuracy    <       0.00139880 Ry

     iteration #  6     ecut=   100.00 Ry     beta= 0.30
     Davidson diagonalization with overlap
     ethr =  2.98E-06,  avg # of iterations =  9.4

     total cpu time spent up to now is     2906.8 secs

     total energy              =   -1103.10801932 Ry
     estimated scf accuracy    <       0.00581028 Ry

     iteration #  7     ecut=   100.00 Ry     beta= 0.30
     Davidson diagonalization with overlap
     ethr =  2.98E-06,  avg # of iterations =  4.0

     total cpu time spent up to now is     2931.5 secs

     total energy              =   -1103.10907071 Ry
     estimated scf accuracy    <       0.00207578 Ry

     iteration #  8     ecut=   100.00 Ry     beta= 0.30
     Davidson diagonalization with overlap
     ethr =  2.98E-06,  avg # of iterations =  2.0

     total cpu time spent up to now is     2951.9 secs

     total energy              =   -1103.10923574 Ry
     estimated scf accuracy    <       0.00003148 Ry

     iteration #  9     ecut=   100.00 Ry     beta= 0.30
     Davidson diagonalization with overlap
     ethr =  6.70E-08,  avg # of iterations =  4.0

     total cpu time spent up to now is     2976.4 secs

     total energy              =   -1103.10924603 Ry
     estimated scf accuracy    <       0.00013828 Ry

     iteration # 10     ecut=   100.00 Ry     beta= 0.30
     Davidson diagonalization with overlap
     ethr =  6.70E-08,  avg # of iterations =  2.9

     total cpu time spent up to now is     2997.6 secs

     total energy              =   -1103.10925460 Ry
     estimated scf accuracy    <       0.00000560 Ry

     iteration # 11     ecut=   100.00 Ry     beta= 0.30
     Davidson diagonalization with overlap
     ethr =  1.19E-08,  avg # of iterations =  2.8

     total cpu time spent up to now is     3018.6 secs

     total energy              =   -1103.10925517 Ry
     estimated scf accuracy    <       0.00000018 Ry

     iteration # 12     ecut=   100.00 Ry     beta= 0.30
     Davidson diagonalization with overlap
     ethr =  3.78E-10,  avg # of iterations =  4.1

     total cpu time spent up to now is     3044.9 secs

     total energy              =   -1103.10925532 Ry
     estimated scf accuracy    <       0.00000075 Ry

     iteration # 13     ecut=   100.00 Ry     beta= 0.30
     Davidson diagonalization with overlap
     ethr =  3.78E-10,  avg # of iterations =  2.0

     total cpu time spent up to now is     3065.2 secs

     total energy              =   -1103.10925526 Ry
     estimated scf accuracy    <       0.00000033 Ry

     iteration # 14     ecut=   100.00 Ry     beta= 0.30
     Davidson diagonalization with overlap
     ethr =  3.78E-10,  avg # of iterations =  3.4

     total cpu time spent up to now is     3087.6 secs

     total energy              =   -1103.10925531 Ry
     estimated scf accuracy    <          5.3E-09 Ry

     iteration # 15     ecut=   100.00 Ry     beta= 0.30
     Davidson diagonalization with overlap
     ethr =  1.14E-11,  avg # of iterations =  2.6

     total cpu time spent up to now is     3109.0 secs

     total energy              =   -1103.10925531 Ry
     estimated scf accuracy    <          3.3E-09 Ry

     iteration # 16     ecut=   100.00 Ry     beta= 0.30
     Davidson diagonalization with overlap
     ethr =  7.07E-12,  avg # of iterations =  2.0

     total cpu time spent up to now is     3129.4 secs

     total energy              =   -1103.10925531 Ry
     estimated scf accuracy    <          1.0E-10 Ry

     iteration # 17     ecut=   100.00 Ry     beta= 0.30
     Davidson diagonalization with overlap
     ethr =  2.15E-13,  avg # of iterations =  3.6

     total cpu time spent up to now is     3153.4 secs

     End of self-consistent calculation

          k = 0.0000 0.0000 0.0000 ( 15419 PWs)   bands (ev):

   -89.4053 -52.7260 -52.7260 -52.7260 -24.7081 -10.3024  -9.3870  -9.3870
    -8.1904  -8.1904  -8.1904   0.5961   0.5961   0.5961   2.9817   2.9817
     2.9817   3.4302   3.4302   3.4302   4.0233   4.0233   4.0233   4.2404
     4.2404   6.9747   8.4341  10.0162  10.0162

          k = 0.0000 0.0000 0.1000 ( 15395 PWs)   bands (ev):

   -89.4053 -52.7260 -52.7260 -52.7260 -24.7081 -10.2855  -9.4075  -9.3862
    -8.1900  -8.1900  -8.1847   0.5741   0.6178   0.6178   2.9093   2.9093
     2.9501   3.1821   3.3651   3.3651   4.0242   4.1302   4.1302   4.2406
     4.3938   7.1790   8.5828  10.0890  10.1477

          k = 0.0000 0.0000 0.2000 ( 15383 PWs)   bands (ev):

   -89.4053 -52.7260 -52.7260 -52.7260 -24.7079 -10.2377  -9.4640  -9.3838
    -8.1890  -8.1890  -8.1707   0.5232   0.6792   0.6792   2.7076   2.7076
     2.7390   2.8700   3.2886   3.2886   4.0264   4.2411   4.3234   4.3234
     4.5963   7.7466   8.9953  10.2940  10.5131

          k = 0.0000 0.0000 0.3000 ( 15391 PWs)   bands (ev):

   -89.4053 -52.7260 -52.7260 -52.7260 -24.7078 -10.1682  -9.5429  -9.3810
    -8.1878  -8.1878  -8.1549   0.4746   0.7674   0.7674   2.3284   2.4617
     2.4617   2.7758   3.2482   3.2482   4.0292   4.2416   4.4920   4.4920
     4.7234   8.5664   9.5761  10.5715  11.0234

          k = 0.0000 0.0000 0.4000 ( 15371 PWs)   bands (ev):

   -89.4053 -52.7260 -52.7260 -52.7260 -24.7077 -10.0971  -9.6206  -9.3787
    -8.1868  -8.1868  -8.1433   0.4484   0.8537   0.8537   2.0419   2.2632
     2.2632   2.7031   3.2277   3.2277   4.0314   4.2421   4.6006   4.6006
     4.7879   9.4891  10.1657  10.7382  11.5140

          k = 0.0000 0.0000-0.5000 ( 15366 PWs)   bands (ev):

   -89.4053 -52.7260 -52.7260 -52.7260 -24.7076 -10.0633  -9.6567  -9.3778
    -8.1865  -8.1865  -8.1391   0.4420   0.8919   0.8919   1.9383   2.1852
     2.1852   2.6761   3.2211   3.2211   4.0323   4.2422   4.6377   4.6377
     4.8074  10.1115  10.4844  10.5797  11.7317

          k = 0.0000 0.1000 0.1000 ( 15392 PWs)   bands (ev):

   -89.4053 -52.7260 -52.7260 -52.7260 -24.7080 -10.2686  -9.4166  -9.3959
    -8.1896  -8.1865  -8.1828   0.5016   0.6398   0.6875   2.7292   2.8574
     3.0004   3.0748   3.2617   3.2806   4.1250   4.1357   4.1708   4.3147
     4.5026   7.3545   8.7246  10.1908  10.2361

          k = 0.0000 0.1000 0.2000 ( 15381 PWs)   bands (ev):

   -89.4053 -52.7260 -52.7260 -52.7260 -24.7079 -10.2207  -9.4677  -9.3974
    -8.1887  -8.1851  -8.1708   0.4130   0.7023   0.7788   2.4039   2.6877
     2.7860   3.0049   3.1683   3.1732   4.1308   4.2802   4.3231   4.3630
     4.7296   7.8655   9.1189  10.3980  10.5642

          k = 0.0000 0.1000 0.3000 ( 15393 PWs)   bands (ev):

   -89.4053 -52.7260 -52.7260 -52.7260 -24.7077 -10.1509  -9.5447  -9.3947
    -8.1875  -8.1846  -8.1562   0.3426   0.7922   0.8756   2.0551   2.4548
     2.5236   2.9556   3.1114   3.1201   4.1319   4.3140   4.4848   4.4913
     4.8802   8.6431   9.6790  10.6674  11.0486

          k = 0.0000 0.1000 0.4000 ( 15390 PWs)   bands (ev):

   -89.4053 -52.7260 -52.7260 -52.7260 -24.7076 -10.0791  -9.6218  -9.3921
    -8.1865  -8.1842  -8.1453   0.3035   0.8806   0.9597   1.7979   2.2592
     2.3362   2.8953   3.0879   3.0960   4.1327   4.3196   4.5916   4.5997
     4.9494   9.5466  10.2623  10.8304  11.5354

          k = 0.0000 0.1000-0.5000 ( 15392 PWs)   bands (ev):

   -89.4053 -52.7260 -52.7260 -52.7260 -24.7076 -10.0446  -9.6582  -9.3911
    -8.1861  -8.1841  -8.1414   0.2923   0.9200   0.9953   1.7032   2.1813
     2.2657   2.8700   3.0816   3.0887   4.1331   4.3208   4.6317   4.6368
     4.9674  10.1591  10.6020  10.6640  11.7633

          k = 0.0000 0.2000 0.2000 ( 15404 PWs)   bands (ev):

   -89.4053 -52.7260 -52.7260 -52.7260 -24.7078 -10.1725  -9.4915  -9.4221
    -8.1877  -8.1777  -8.1688   0.2587   0.7679   0.9124   2.0280   2.6055
     2.7323   2.8874   2.9780   3.2084   4.3180   4.3260   4.3402   4.4083
     5.0263   8.2436   9.4646  10.6784  10.7402

          k = 0.0000 0.2000 0.3000 ( 15380 PWs)   bands (ev):

   -89.4053 -52.7260 -52.7260 -52.7260 -24.7076 -10.1017  -9.5529  -9.4308
    -8.1866  -8.1765  -8.1593   0.1312   0.8632   1.0293   1.6915   2.4306
     2.5425   2.8375   2.8642   3.2512   4.3209   4.3789   4.4879   4.4894
     5.2617   8.8936   9.9661  10.9484  11.1522

          k = 0.0000 0.2000 0.4000 ( 15369 PWs)   bands (ev):

   -89.4053 -52.7260 -52.7260 -52.7260 -24.7075 -10.0274  -9.6255  -9.4314
    -8.1856  -8.1774  -8.1506   0.0512   0.9584   1.1152   1.4602   2.2483
     2.3817   2.8221   2.8307   3.2487   4.3201   4.3890   4.5809   4.5973
     5.3785   9.7248  10.5212  11.1105  11.6025

          k = 0.0000 0.2000-0.5000 ( 15392 PWs)   bands (ev):

   -89.4053 -52.7260 -52.7260 -52.7260 -24.7075  -9.9905  -9.6622  -9.4311
    -8.1852  -8.1778  -8.1474   0.0246   1.0015   1.1486   1.3775   2.1712
     2.3219   2.8110   2.8295   3.2424   4.3199   4.3913   4.6199   4.6342
     5.4099  10.3127  10.8918  10.9292  11.8099

          k = 0.0000 0.3000 0.3000 ( 15378 PWs)   bands (ev):

   -89.4053 -52.7260 -52.7260 -52.7260 -24.7075 -10.0287  -9.5793  -9.4711
    -8.1854  -8.1690  -8.1612  -0.0556   0.9680   1.1545   1.3844   2.3652
     2.5224   2.6336   2.6446   3.4534   4.4049   4.4862   4.4879   4.5262
     5.6340   9.3646  10.3847  11.3586  11.3735

          k = 0.0000 0.3000 0.4000 ( 15364 PWs)   bands (ev):

   -89.4053 -52.7260 -52.7260 -52.7260 -24.7074  -9.9495  -9.6321  -9.4922
    -8.1845  -8.1691  -8.1568  -0.1805   1.0756   1.1826   1.2387   2.2326
     2.4153   2.5308   2.6080   3.5584   4.4146   4.4853   4.5868   4.5944
     5.8610  10.0496  10.8666  11.5610  11.7282

          k = 0.0000 0.3000-0.5000 ( 15368 PWs)   bands (ev):

   -89.4053 -52.7260 -52.7260 -52.7260 -24.7073  -9.9074  -9.6670  -9.4972
    -8.1842  -8.1701  -8.1543  -0.2242   1.1127   1.1258   1.2692   2.1587
     2.3644   2.5098   2.6076   3.5879   4.4171   4.4847   4.6170   4.6311
     5.9315  10.6023  11.1569  11.3843  11.7690

          k = 0.0000 0.4000 0.4000 ( 15352 PWs)   bands (ev):

   -89.4053 -52.7260 -52.7260 -52.7260 -24.7073  -9.8602  -9.6471  -9.5579
    -8.1836  -8.1633  -8.1608  -0.3389   1.0049   1.2012   1.3183   2.2020
     2.3087   2.4281   2.4706   3.7530   4.4242   4.5921   4.5922   4.6140
     6.2110  10.5503  11.2043  11.8352  12.0984

          k = 0.0000 0.4000-0.5000 ( 15352 PWs)   bands (ev):

   -89.4053 -52.7260 -52.7260 -52.7260 -24.7072  -9.8054  -9.6709  -9.5858
    -8.1833  -8.1638  -8.1595  -0.3948   0.9438   1.2632   1.3467   2.1486
     2.2558   2.3954   2.4595   3.8154   4.4268   4.5913   4.6287   4.6319
     6.3348  11.0542  11.2761  11.6339  11.7918

          k = 0.0000-0.5000-0.5000 ( 15380 PWs)   bands (ev):

   -89.4053 -52.7260 -52.7260 -52.7260 -24.7072  -9.7138  -9.6724  -9.6724
    -8.1829  -8.1614  -8.1614  -0.4552   0.8860   1.3338   1.3742   2.1447
     2.1447   2.4070   2.4070   3.8910   4.4293   4.6278   4.6278   4.6443
     6.4857  11.3116  11.5021  11.5021  11.7678

          k = 0.1000 0.1000 0.1000 ( 15381 PWs)   bands (ev):

   -89.4053 -52.7260 -52.7260 -52.7260 -24.7080 -10.2517  -9.4154  -9.4154
    -8.1867  -8.1867  -8.1805   0.4297   0.7080   0.7080   2.7013   2.7013
     2.8421   3.0587   3.2509   3.2509   4.1650   4.1790   4.1790   4.5050
     4.5050   7.5086   8.8582  10.3014  10.3014

          k = 0.1000 0.1000 0.2000 ( 15391 PWs)   bands (ev):

   -89.4053 -52.7260 -52.7260 -52.7260 -24.7079 -10.2038  -9.4693  -9.4120
    -8.1871  -8.1837  -8.1704   0.3222   0.7665   0.8143   2.3712   2.4456
     2.7293   3.0742   3.0859   3.2182   4.1747   4.3007   4.3148   4.5157
     4.7812   7.9735   9.2307  10.4887  10.6147

          k = 0.1000 0.1000 0.3000 ( 15384 PWs)   bands (ev):

   -89.4053 -52.7260 -52.7260 -52.7260 -24.7077 -10.1339  -9.5457  -9.4079
    -8.1877  -8.1818  -8.1573   0.2344   0.8522   0.9197   1.9898   2.1928
     2.6789   2.9117   3.0342   3.1871   4.1771   4.4054   4.4710   4.5502
     4.9632   8.7129   9.7641  10.7492  11.0738

          k = 0.1000 0.1000 0.4000 ( 15377 PWs)   bands (ev):

   -89.4053 -52.7260 -52.7260 -52.7260 -24.7076 -10.0615  -9.6225  -9.4046
    -8.1882  -8.1805  -8.1475   0.1827   0.9390   1.0044   1.7256   1.9981
     2.5931   2.8247   2.9816   3.1713   4.1787   4.4452   4.5853   4.6081
     5.0464   9.5979  10.3318  10.9048  11.5603

          k = 0.1000 0.1000-0.5000 ( 15414 PWs)   bands (ev):

   -89.4053 -52.7260 -52.7260 -52.7260 -24.7075 -10.0263  -9.6592  -9.4033
    -8.1883  -8.1800  -8.1440   0.1667   0.9790   1.0384   1.6309   1.9211
     2.5464   2.8053   2.9591   3.1665   4.1793   4.4530   4.6276   4.6349
     5.0680  10.2027  10.6938  10.7186  11.8055

          k = 0.1000 0.2000 0.2000 ( 15411 PWs)   bands (ev):

   -89.4053 -52.7260 -52.7260 -52.7260 -24.7077 -10.1559  -9.4893  -9.4381
    -8.1865  -8.1791  -8.1671   0.1679   0.8410   0.9278   2.0272   2.4060
     2.4372   3.0418   3.1144   3.2151   4.2873   4.3343   4.3692   4.6220
     5.0224   8.3239   9.5447  10.7376  10.7859

          k = 0.1000 0.2000 0.3000 ( 15371 PWs)   bands (ev):

   -89.4053 -52.7260 -52.7260 -52.7260 -24.7076 -10.0855  -9.5517  -9.4431
    -8.1872  -8.1764  -8.1596   0.0330   0.9288   1.0428   1.6898   2.1352
     2.4333   2.8965   3.0764   3.2640   4.3071   4.4571   4.4750   4.6403
     5.2686   8.9446  10.0027  10.9913  11.1736

          k = 0.1000 0.2000 0.4000 ( 15366 PWs)   bands (ev):

   -89.4053 -52.7260 -52.7260 -52.7260 -24.7075 -10.0111  -9.6247  -9.4413
    -8.1884  -8.1750  -8.1529  -0.0543   1.0183   1.1268   1.4582   1.9254
     2.4558   2.7456   3.0679   3.2649   4.3102   4.5536   4.5773   4.6400
     5.3964   9.7586  10.5130  11.1256  11.6295

          k = 0.1000 0.2000-0.5000 ( 15384 PWs)   bands (ev):

   -89.4053 -52.7260 -52.7260 -52.7260 -24.7074  -9.9738  -9.6618  -9.4403
    -8.1890  -8.1745  -8.1503  -0.0840   1.0606   1.1590   1.3755   1.8426
     2.4743   2.6776   3.0654   3.2596   4.3110   4.5954   4.6177   4.6328
     5.4314  10.3435  10.8429  10.9492  11.8490

          k = 0.1000 0.3000 0.3000 ( 15357 PWs)   bands (ev):

   -89.4053 -52.7260 -52.7260 -52.7260 -24.7074 -10.0136  -9.5763  -9.4811
    -8.1869  -8.1718  -8.1606  -0.1546   1.0208   1.1597   1.3924   2.1286
     2.1632   2.8856   2.9314   3.4593   4.4241   4.4890   4.5211   4.6679
     5.6295   9.3921  10.3492  11.3680  11.3686

          k = 0.1000 0.3000 0.4000 ( 15375 PWs)   bands (ev):

   -89.4053 -52.7260 -52.7260 -52.7260 -24.7073  -9.9352  -9.6295  -9.4984
    -8.1874  -8.1701  -8.1589  -0.2824   1.1144   1.1959   1.2407   1.9273
     2.1667   2.7712   2.9133   3.5630   4.4482   4.5740   4.5855   4.6650
     5.8595  10.0585  10.7330  11.4518  11.7218

          k = 0.1000 0.3000-0.5000 ( 15368 PWs)   bands (ev):

   -89.4053 -52.7260 -52.7260 -52.7260 -24.7073  -9.8932  -9.6649  -9.5020
    -8.1878  -8.1697  -8.1578  -0.3274   1.1229   1.1642   1.2715   1.8395
     2.1767   2.7180   2.9135   3.5924   4.4509   4.6160   4.6311   4.6420
     5.9316  10.6111  10.9240  11.3026  11.6705

          k = 0.1000 0.4000 0.4000 ( 15378 PWs)   bands (ev):

   -89.4053 -52.7260 -52.7260 -52.7260 -24.7072  -9.8484  -9.6435  -9.5601
    -8.1863  -8.1671  -8.1627  -0.4405   1.0174   1.2261   1.3173   1.9267
     1.9549   2.7804   2.7916   3.7556   4.5390   4.5916   4.6149   4.6643
     6.2093  10.5271  10.9030  11.6323  11.8232

          k = 0.1000 0.4000-0.5000 ( 15372 PWs)   bands (ev):

   -89.4053 -52.7260 -52.7260 -52.7260 -24.7072  -9.7948  -9.6675  -9.5854
    -8.1860  -8.1666  -8.1634  -0.4967   0.9582   1.2792   1.3472   1.8450
     1.9475   2.7372   2.7906   3.8179   4.5569   4.6257   4.6356   4.6463
     6.3344  10.9097  11.0231  11.4521  11.6423

          k = 0.1000-0.5000-0.5000 ( 15356 PWs)   bands (ev):

   -89.4053 -52.7260 -52.7260 -52.7260 -24.7071  -9.7061  -9.6685  -9.6685
    -8.1851  -8.1655  -8.1655  -0.5569   0.9015   1.3410   1.3752   1.8476
     1.8476   2.7436   2.7436   3.8935   4.6136   4.6267   4.6267   4.6467
     6.4866  10.8905  11.3576  11.3576  11.7951

          k = 0.2000 0.2000 0.2000 ( 15360 PWs)   bands (ev):

   -89.4053 -52.7260 -52.7260 -52.7260 -24.7076 -10.1088  -9.4837  -9.4837
    -8.1830  -8.1830  -8.1634  -0.0073   0.9727   0.9727   1.9421   2.1169
     2.1169   3.1580   3.1580   3.2705   4.3337   4.3913   4.3913   5.0096
     5.0096   8.5965   9.7735  10.9266  10.9266

          k = 0.2000 0.2000 0.3000 ( 15384 PWs)   bands (ev):

   -89.4053 -52.7260 -52.7260 -52.7260 -24.7075 -10.0392  -9.5508  -9.4766
    -8.1878  -8.1781  -8.1599  -0.1714   1.0428   1.0890   1.6296   1.8544
     2.0991   3.1111   3.1729   3.3382   4.3642   4.4767   4.4882   4.9865
     5.3368   9.1197  10.1120  11.1316  11.2549

          k = 0.2000 0.2000 0.4000 ( 15397 PWs)   bands (ev):

   -89.4053 -52.7260 -52.7260 -52.7260 -24.7074  -9.9645  -9.6231  -9.4709
    -8.1917  -8.1735  -8.1582  -0.2827   1.1248   1.1662   1.4047   1.6527
     2.1178   3.0466   3.1746   3.3568   4.3721   4.5729   4.5873   4.9567
     5.5137   9.8623  10.4894  11.1869  11.6934

          k = 0.2000 0.2000-0.5000 ( 15390 PWs)   bands (ev):

   -89.4053 -52.7260 -52.7260 -52.7260 -24.7073  -9.9258  -9.6608  -9.4687
    -8.1932  -8.1715  -8.1579  -0.3217   1.1714   1.1936   1.3260   1.5657
     2.1274   3.0179   3.1749   3.3575   4.3743   4.6125   4.6318   4.9399
     5.5639  10.4260  10.6980  11.0455  11.7033

          k = 0.2000 0.3000 0.3000 ( 15380 PWs)   bands (ev):

   -89.4053 -52.7260 -52.7260 -52.7260 -24.7073  -9.9705  -9.5682  -9.5108
    -8.1891  -8.1792  -8.1607  -0.3733   1.1201   1.1749   1.4046   1.7919
     1.8315   3.1766   3.1813   3.4843   4.4494   4.5048   4.5316   5.1096
     5.6153   9.4825  10.2762  11.3748  11.3873

          k = 0.2000 0.3000 0.4000 ( 15385 PWs)   bands (ev):

   -89.4053 -52.7260 -52.7260 -52.7260 -24.7072  -9.8948  -9.6230  -9.5177
    -8.1927  -8.1756  -8.1636  -0.5144   1.1781   1.2336   1.2449   1.5998
     1.8286   3.1554   3.1948   3.5807   4.4765   4.5788   4.5977   5.1040
     5.8605  10.0633  10.4446  11.3131  11.5673

          k = 0.2000 0.3000-0.5000 ( 15364 PWs)   bands (ev):

   -89.4053 -52.7260 -52.7260 -52.7260 -24.7072  -9.8530  -9.6596  -9.5175
    -8.1944  -8.1716  -8.1669  -0.5647   1.1468   1.2358   1.2815   1.5047
     1.8372   3.1422   3.1986   3.6092   4.4804   4.6139   4.6336   5.0932
     5.9411  10.5044  10.5661  11.2626  11.3444

          k = 0.2000 0.4000 0.4000 ( 15345 PWs)   bands (ev):

   -89.4053 -52.7260 -52.7260 -52.7260 -24.7071  -9.8152  -9.6338  -9.5679
    -8.1925  -8.1771  -8.1688  -0.6783   1.0509   1.2701   1.3090   1.6077
     1.6190   3.1811   3.1835   3.7632   4.5689   4.5940   4.6233   5.1123
     6.2036  10.3497  10.4519  11.3722  11.4728

          k = 0.2000 0.4000-0.5000 ( 15356 PWs)   bands (ev):

   -89.4053 -52.7260 -52.7260 -52.7260 -24.7071  -9.7652  -9.6586  -9.5861
    -8.1927  -8.1744  -8.1739  -0.7370   0.9959   1.3046   1.3488   1.5103
     1.6216   3.1735   3.1888   3.8249   4.5826   4.6237   4.6426   5.1036
     6.3329  10.3474  10.7919  11.0748  11.5377

          k = 0.2000-0.5000-0.5000 ( 15360 PWs)   bands (ev):

   -89.4053 -52.7260 -52.7260 -52.7260 -24.7070  -9.6856  -9.6583  -9.6583
    -8.1910  -8.1765  -8.1765  -0.7986   0.9425   1.3562   1.3778   1.5153
     1.5153   3.1813   3.1813   3.9001   4.6267   4.6267   4.6532   5.0948
     6.4891  10.2885  10.9749  10.9749  11.4477

          k = 0.3000 0.3000 0.3000 ( 15396 PWs)   bands (ev):

   -89.4053 -52.7260 -52.7260 -52.7260 -24.7072  -9.9065  -9.5582  -9.5582
    -8.1886  -8.1886  -8.1638  -0.5983   1.2000   1.2000   1.3447   1.5887
     1.5887   3.3468   3.3468   3.5567   4.4963   4.5481   4.5481   5.5913
     5.5913   9.6866  10.2079  11.4237  11.4239

          k = 0.3000 0.3000 0.4000 ( 15367 PWs)   bands (ev):

   -89.4053 -52.7260 -52.7260 -52.7260 -24.7071  -9.8350  -9.6162  -9.5499
    -8.1963  -8.1845  -8.1700  -0.7583   1.1975   1.2379   1.2548   1.4156
     1.5726   3.3973   3.4347   3.6429   4.5288   4.5900   4.6090   5.5645
     5.9241  10.0698  10.1610  11.2311  11.4415

          k = 0.3000 0.3000-0.5000 ( 15354 PWs)   bands (ev):

   -89.4053 -52.7260 -52.7260 -52.7260 -24.7071  -9.7931  -9.6529  -9.5467
    -8.1993  -8.1781  -8.1773  -0.8157   1.1435   1.2667   1.2861   1.3217
     1.5790   3.4079   3.4605   3.6735   4.5349   4.6184   4.6396   5.5520
     6.0354  10.1311  10.4543  10.9497  11.4600

          k = 0.3000 0.4000 0.4000 ( 15353 PWs)   bands (ev):

   -89.4053 -52.7260 -52.7260 -52.7260 -24.7070  -9.7672  -9.6217  -9.5843
    -8.1983  -8.1898  -8.1782  -0.9334   1.0919   1.2563   1.2588   1.3982
     1.4285   3.5080   3.5255   3.7761   4.5893   4.6097   4.6324   5.6946
     6.1930   9.9543  10.2063  10.9691  11.1939

          k = 0.3000 0.4000-0.5000 ( 15356 PWs)   bands (ev):

   -89.4053 -52.7260 -52.7260 -52.7260 -24.7069  -9.7230  -9.6475  -9.5919
    -8.2000  -8.1870  -8.1852  -0.9964   1.0425   1.2567   1.2674   1.3608
     1.4248   3.5290   3.5537   3.8349   4.6029   4.6309   4.6512   5.6998
     6.3327   9.8838  10.4437  10.6541  11.0930

          k = 0.3000-0.5000-0.5000 ( 15312 PWs)   bands (ev):

   -89.4053 -52.7260 -52.7260 -52.7260 -24.7069  -9.6600  -9.6454  -9.6454
    -8.1981  -8.1903  -8.1903  -1.0614   0.9940   1.2625   1.2625   1.3710
     1.3810   3.5668   3.5668   3.9083   4.6357   4.6357   4.6618   5.7118
     6.4923   9.7977  10.5447  10.5447  10.8180

          k = 0.4000 0.4000 0.4000 ( 15348 PWs)   bands (ev):

   -89.4053 -52.7260 -52.7260 -52.7260 -24.7069  -9.7139  -9.6117  -9.6117
    -8.2002  -8.2002  -8.1885  -1.1183   1.1043   1.1562   1.1562   1.3821
     1.3821   3.7213   3.7213   3.8127   4.6230   4.6410   4.6410   6.1805
     6.1805   9.6802  10.1067  10.6918  10.6918

          k = 0.4000 0.4000-0.5000 ( 15318 PWs)   bands (ev):

   -89.4053 -52.7260 -52.7260 -52.7260 -24.7068  -9.6773  -9.6384  -9.6079
    -8.2042  -8.1976  -8.1957  -1.1849   1.0687   1.1118   1.1536   1.3761
     1.3868   3.7525   3.7927   3.8594   4.6374   4.6499   4.6601   6.1744
     6.3721   9.5852  10.2216  10.3386  10.5925

          k = 0.4000-0.5000-0.5000 ( 15328 PWs)   bands (ev):

   -89.4053 -52.7260 -52.7260 -52.7260 -24.7068  -9.6389  -9.6349  -9.6349
    -8.2039  -8.2017  -8.2017  -1.2529   1.0364   1.1058   1.1058   1.3811
     1.3836   3.8277   3.8277   3.9149   4.6577   4.6577   4.6693   6.2621
     6.4948   9.4822  10.2214  10.2214  10.3102

          k =-0.5000-0.5000-0.5000 ( 15312 PWs)   bands (ev):

   -89.4053 -52.7260 -52.7260 -52.7260 -24.7068  -9.6308  -9.6308  -9.6308
    -8.2061  -8.2061  -8.2061  -1.3221   1.0528   1.0528   1.0528   1.3846
     1.3846   3.9175   3.9175   3.9175   4.6722   4.6722   4.6722   6.4958
     6.4958   9.3735  10.1011  10.1011  10.1011

     the Fermi energy is     4.7322 ev

!    total energy              =   -1103.10925531 Ry
     total all-electron energy =    -19630.253483 Ry
     estimated scf accuracy    <          1.8E-11 Ry
     smearing contrib. (-TS)   =      -0.00546755 Ry
     internal energy E=F+TS    =   -1103.10378776 Ry

     The total energy is F=E-TS. E is the sum of the following terms:
     one-electron contribution =    -318.60223489 Ry
     hartree contribution      =     180.70742950 Ry
     xc contribution           =     -68.40940086 Ry
     ewald contribution        =    -224.12204491 Ry
     one-center paw contrib.   =    -672.67753660 Ry

     convergence has been achieved in  17 iterations

     Forces acting on atoms (cartesian axes, Ry/au):

     atom    1 type  1   force =     0.00000000    0.00000000    0.00000000
     atom    2 type  2   force =     0.00000000    0.00000000    0.00000000
     atom    3 type  3   force =     0.00000000    0.00000000    0.00000000
     atom    4 type  3   force =     0.00000000    0.00000000    0.00000000
     atom    5 type  3   force =     0.00000000    0.00000000    0.00000000

     Total force =     0.000000     Total SCF correction =     0.000000


     Computing stress (Cartesian axis) and pressure

          total   stress  (Ry/bohr**3)                   (kbar)     P=      -14.69
  -0.00009983   0.00000000   0.00000000          -14.69        0.00        0.00
   0.00000000  -0.00009983   0.00000000            0.00      -14.69        0.00
   0.00000000   0.00000000  -0.00009983            0.00        0.00      -14.69


     BFGS Geometry Optimization
     Energy error            =      0.0E+00 Ry
     Gradient error          =      0.0E+00 Ry/Bohr

     bfgs converged in   1 scf cycles and   0 bfgs steps
     (criteria: energy <  1.0E-07 Ry, force <  1.0E-03 Ry/Bohr)

     End of BFGS Geometry Optimization

     Final energy             =   -1103.1092553141 Ry
Begin final coordinates

ATOMIC_POSITIONS (crystal)
K                0.0000000000        0.0000000000        0.0000000000
Co               0.5000000000        0.5000000000        0.5000000000
Br               0.5000000000        0.5000000000        0.0000000000
Br               0.5000000000        0.0000000000        0.5000000000
Br               0.0000000000        0.5000000000        0.5000000000
End final coordinates



  ++++++++++++++++++++++++++++++++++++++++++++++++++++++++++++++++++++++++++++
     Doing work    9 /     9
  ++++++++++++++++++++++++++++++++++++++++++++++++++++++++++++++++++++++++++++


     Current dimensions of program PWSCF are:
     Max number of different atomic species (ntypx) = 10
     Max number of k-points (npk) = 120000
     Max angular momentum in pseudopotentials (lmaxx) =  4

     WARNING: check_stop already initialized

     Parallelization info
     --------------------
     sticks:   dense  smooth     PW     G-vecs:    dense   smooth      PW
     Min        3003    1498    421               176423    62224    9149
     Max        3022    1503    424               176656    62263    9200
     Sum        6025    3001    845               353079   124487   18349

     Using Pencil Decomposition



     bravais-lattice index     =            1
     lattice parameter (alat)  =       9.7422  a.u.
     unit-cell volume          =     924.6235 (a.u.)^3
     number of atoms/cell      =            5
     number of atomic types    =            3
     number of electrons       =        47.00
     number of Kohn-Sham states=           29
     kinetic-energy cutoff     =     100.0000  Ry
     charge density cutoff     =     800.0000  Ry
     scf convergence threshold =      1.0E-10
     mixing beta               =       0.3000
     number of iterations used =            8  plain     mixing
     energy convergence thresh.=      1.0E-07
     force convergence thresh. =      1.0E-03
     Exchange-correlation= PBE
                           (   1   4   3   4   0   0   0)
     nstep                     =           20


     celldm(1)=   9.742154  celldm(2)=   0.000000  celldm(3)=   0.000000
     celldm(4)=   0.000000  celldm(5)=   0.000000  celldm(6)=   0.000000

     crystal axes: (cart. coord. in units of alat)
               a(1) = (   1.000000   0.000000   0.000000 )  
               a(2) = (   0.000000   1.000000   0.000000 )  
               a(3) = (   0.000000   0.000000   1.000000 )  

     reciprocal axes: (cart. coord. in units 2 pi/alat)
               b(1) = (  1.000000  0.000000  0.000000 )  
               b(2) = (  0.000000  1.000000  0.000000 )  
               b(3) = (  0.000000  0.000000  1.000000 )  


     PseudoPot. # 1 for K  read from file:
     /home/administrator/Downloads/BURAI/BURAI1.3/pseudopot/K.pbe-spn-kjpaw_psl.1.0.0.UPF
     MD5 check sum: 14ff5a24ff9f8afecca2cb30191d3c3d
     Pseudo is Projector augmented-wave + core cor, Zval =  9.0
     Generated using "atomic" code by A. Dal Corso  v.5.1.2
     Shape of augmentation charge: PSQ
     Using radial grid of 1165 points,  6 beta functions with: 
                l(1) =   0
                l(2) =   0
                l(3) =   1
                l(4) =   1
                l(5) =   2
                l(6) =   2
     Q(r) pseudized with 0 coefficients 


     PseudoPot. # 2 for Co read from file:
     /home/administrator/Downloads/BURAI/BURAI1.3/pseudopot/Co.pbe-spn-kjpaw_psl.1.0.0.UPF
     MD5 check sum: debeb0e0a2756593e9907dd3738e3b12
     Pseudo is Projector augmented-wave + core cor, Zval = 17.0
     Generated using "atomic" code by A. Dal Corso  v.5.1.2
     Shape of augmentation charge: PSQ
     Using radial grid of 1193 points,  6 beta functions with: 
                l(1) =   0
                l(2) =   0
                l(3) =   1
                l(4) =   1
                l(5) =   2
                l(6) =   2
     Q(r) pseudized with 0 coefficients 


     PseudoPot. # 3 for Br read from file:
     /home/administrator/Downloads/BURAI/BURAI1.3/pseudopot/Br.pbe-n-kjpaw_psl.1.0.0.UPF
     MD5 check sum: 4e719ecb11afb5eb9a83625d9f5c08f4
     Pseudo is Projector augmented-wave + core cor, Zval =  7.0
     Generated using "atomic" code by A. Dal Corso  v.5.1.2
     Shape of augmentation charge: PSQ
     Using radial grid of 1213 points,  4 beta functions with: 
                l(1) =   0
                l(2) =   0
                l(3) =   1
                l(4) =   1
     Q(r) pseudized with 0 coefficients 


     atomic species   valence    mass     pseudopotential
     K                 9.00    39.09830     K ( 1.00)
     Co               17.00    58.93320     Co( 1.00)
     Br                7.00    79.90400     Br( 1.00)

     48 Sym. Ops., with inversion, found



   Cartesian axes

     site n.     atom                  positions (alat units)
         1        K      tau(   1) = (   0.0000000   0.0000000   0.0000000  )
         2        Co     tau(   2) = (   0.5000000   0.5000000   0.5000000  )
         3        Br     tau(   3) = (   0.5000000   0.5000000   0.0000000  )
         4        Br     tau(   4) = (   0.5000000   0.0000000   0.5000000  )
         5        Br     tau(   5) = (   0.0000000   0.5000000   0.5000000  )

     number of k points=    56  Gaussian smearing, width (Ry)=  0.0100
                       cart. coord. in units 2pi/alat
        k(    1) = (   0.0000000   0.0000000   0.0000000), wk =   0.0020000
        k(    2) = (   0.0000000   0.0000000   0.1000000), wk =   0.0120000
        k(    3) = (   0.0000000   0.0000000   0.2000000), wk =   0.0120000
        k(    4) = (   0.0000000   0.0000000   0.3000000), wk =   0.0120000
        k(    5) = (   0.0000000   0.0000000   0.4000000), wk =   0.0120000
        k(    6) = (   0.0000000   0.0000000  -0.5000000), wk =   0.0060000
        k(    7) = (   0.0000000   0.1000000   0.1000000), wk =   0.0240000
        k(    8) = (   0.0000000   0.1000000   0.2000000), wk =   0.0480000
        k(    9) = (   0.0000000   0.1000000   0.3000000), wk =   0.0480000
        k(   10) = (   0.0000000   0.1000000   0.4000000), wk =   0.0480000
        k(   11) = (   0.0000000   0.1000000  -0.5000000), wk =   0.0240000
        k(   12) = (   0.0000000   0.2000000   0.2000000), wk =   0.0240000
        k(   13) = (   0.0000000   0.2000000   0.3000000), wk =   0.0480000
        k(   14) = (   0.0000000   0.2000000   0.4000000), wk =   0.0480000
        k(   15) = (   0.0000000   0.2000000  -0.5000000), wk =   0.0240000
        k(   16) = (   0.0000000   0.3000000   0.3000000), wk =   0.0240000
        k(   17) = (   0.0000000   0.3000000   0.4000000), wk =   0.0480000
        k(   18) = (   0.0000000   0.3000000  -0.5000000), wk =   0.0240000
        k(   19) = (   0.0000000   0.4000000   0.4000000), wk =   0.0240000
        k(   20) = (   0.0000000   0.4000000  -0.5000000), wk =   0.0240000
        k(   21) = (   0.0000000  -0.5000000  -0.5000000), wk =   0.0060000
        k(   22) = (   0.1000000   0.1000000   0.1000000), wk =   0.0160000
        k(   23) = (   0.1000000   0.1000000   0.2000000), wk =   0.0480000
        k(   24) = (   0.1000000   0.1000000   0.3000000), wk =   0.0480000
        k(   25) = (   0.1000000   0.1000000   0.4000000), wk =   0.0480000
        k(   26) = (   0.1000000   0.1000000  -0.5000000), wk =   0.0240000
        k(   27) = (   0.1000000   0.2000000   0.2000000), wk =   0.0480000
        k(   28) = (   0.1000000   0.2000000   0.3000000), wk =   0.0960000
        k(   29) = (   0.1000000   0.2000000   0.4000000), wk =   0.0960000
        k(   30) = (   0.1000000   0.2000000  -0.5000000), wk =   0.0480000
        k(   31) = (   0.1000000   0.3000000   0.3000000), wk =   0.0480000
        k(   32) = (   0.1000000   0.3000000   0.4000000), wk =   0.0960000
        k(   33) = (   0.1000000   0.3000000  -0.5000000), wk =   0.0480000
        k(   34) = (   0.1000000   0.4000000   0.4000000), wk =   0.0480000
        k(   35) = (   0.1000000   0.4000000  -0.5000000), wk =   0.0480000
        k(   36) = (   0.1000000  -0.5000000  -0.5000000), wk =   0.0120000
        k(   37) = (   0.2000000   0.2000000   0.2000000), wk =   0.0160000
        k(   38) = (   0.2000000   0.2000000   0.3000000), wk =   0.0480000
        k(   39) = (   0.2000000   0.2000000   0.4000000), wk =   0.0480000
        k(   40) = (   0.2000000   0.2000000  -0.5000000), wk =   0.0240000
        k(   41) = (   0.2000000   0.3000000   0.3000000), wk =   0.0480000
        k(   42) = (   0.2000000   0.3000000   0.4000000), wk =   0.0960000
        k(   43) = (   0.2000000   0.3000000  -0.5000000), wk =   0.0480000
        k(   44) = (   0.2000000   0.4000000   0.4000000), wk =   0.0480000
        k(   45) = (   0.2000000   0.4000000  -0.5000000), wk =   0.0480000
        k(   46) = (   0.2000000  -0.5000000  -0.5000000), wk =   0.0120000
        k(   47) = (   0.3000000   0.3000000   0.3000000), wk =   0.0160000
        k(   48) = (   0.3000000   0.3000000   0.4000000), wk =   0.0480000
        k(   49) = (   0.3000000   0.3000000  -0.5000000), wk =   0.0240000
        k(   50) = (   0.3000000   0.4000000   0.4000000), wk =   0.0480000
        k(   51) = (   0.3000000   0.4000000  -0.5000000), wk =   0.0480000
        k(   52) = (   0.3000000  -0.5000000  -0.5000000), wk =   0.0120000
        k(   53) = (   0.4000000   0.4000000   0.4000000), wk =   0.0160000
        k(   54) = (   0.4000000   0.4000000  -0.5000000), wk =   0.0240000
        k(   55) = (   0.4000000  -0.5000000  -0.5000000), wk =   0.0120000
        k(   56) = (  -0.5000000  -0.5000000  -0.5000000), wk =   0.0020000

     Dense  grid:   353079 G-vectors     FFT dimensions: (  90,  90,  90)

     Smooth grid:   124487 G-vectors     FFT dimensions: (  64,  64,  64)

     Estimated max dynamical RAM per process >     310.66 MB

     Estimated total dynamical RAM >       2.17 GB

     Initial potential from superposition of free atoms

     starting charge      46.9808, renormalised to      47.0000
     Starting wfcs are   30 randomized atomic wfcs
     Checking if some PAW data can be deallocated... 

     total cpu time spent up to now is     3180.9 secs

     Self-consistent Calculation

     iteration #  1     ecut=   100.00 Ry     beta= 0.30
     Davidson diagonalization with overlap
     ethr =  1.00E-02,  avg # of iterations =  5.9

     total cpu time spent up to now is     3205.3 secs

     total energy              =   -1102.75159791 Ry
     estimated scf accuracy    <       0.84507755 Ry

     iteration #  2     ecut=   100.00 Ry     beta= 0.30
     Davidson diagonalization with overlap
     ethr =  1.80E-03,  avg # of iterations =  3.9

     total cpu time spent up to now is     3228.7 secs

     total energy              =   -1102.96588499 Ry
     estimated scf accuracy    <       1.94544911 Ry

     iteration #  3     ecut=   100.00 Ry     beta= 0.30
     Davidson diagonalization with overlap
     ethr =  1.80E-03,  avg # of iterations =  3.4

     total cpu time spent up to now is     3250.7 secs

     total energy              =   -1103.08045703 Ry
     estimated scf accuracy    <       0.12906466 Ry

     iteration #  4     ecut=   100.00 Ry     beta= 0.30
     Davidson diagonalization with overlap
     ethr =  2.75E-04,  avg # of iterations =  3.8

     total cpu time spent up to now is     3273.3 secs

     total energy              =   -1103.10402962 Ry
     estimated scf accuracy    <       0.04337340 Ry

     iteration #  5     ecut=   100.00 Ry     beta= 0.30
     Davidson diagonalization with overlap
     ethr =  9.23E-05,  avg # of iterations =  3.9

     total cpu time spent up to now is     3295.2 secs

     total energy              =   -1103.10701336 Ry
     estimated scf accuracy    <       0.00164668 Ry

     iteration #  6     ecut=   100.00 Ry     beta= 0.30
     Davidson diagonalization with overlap
     ethr =  3.50E-06,  avg # of iterations =  9.0

     total cpu time spent up to now is     3326.3 secs

     total energy              =   -1103.10661584 Ry
     estimated scf accuracy    <       0.00621562 Ry

     iteration #  7     ecut=   100.00 Ry     beta= 0.30
     Davidson diagonalization with overlap
     ethr =  3.50E-06,  avg # of iterations =  3.9

     total cpu time spent up to now is     3350.0 secs

     total energy              =   -1103.10759677 Ry
     estimated scf accuracy    <       0.00094779 Ry

     iteration #  8     ecut=   100.00 Ry     beta= 0.30
     Davidson diagonalization with overlap
     ethr =  2.02E-06,  avg # of iterations =  2.0

     total cpu time spent up to now is     3370.4 secs

     total energy              =   -1103.10770371 Ry
     estimated scf accuracy    <       0.00000169 Ry

     iteration #  9     ecut=   100.00 Ry     beta= 0.30
     Davidson diagonalization with overlap
     ethr =  3.60E-09,  avg # of iterations =  5.4

     total cpu time spent up to now is     3401.5 secs

     total energy              =   -1103.10770117 Ry
     estimated scf accuracy    <       0.00009000 Ry

     iteration # 10     ecut=   100.00 Ry     beta= 0.30
     Davidson diagonalization with overlap
     ethr =  3.60E-09,  avg # of iterations =  4.0

     total cpu time spent up to now is     3427.2 secs

     total energy              =   -1103.10770656 Ry
     estimated scf accuracy    <       0.00000300 Ry

     iteration # 11     ecut=   100.00 Ry     beta= 0.30
     Davidson diagonalization with overlap
     ethr =  3.60E-09,  avg # of iterations =  2.7

     total cpu time spent up to now is     3449.0 secs

     total energy              =   -1103.10770694 Ry
     estimated scf accuracy    <       0.00000002 Ry

     iteration # 12     ecut=   100.00 Ry     beta= 0.30
     Davidson diagonalization with overlap
     ethr =  4.61E-11,  avg # of iterations =  4.8

     total cpu time spent up to now is     3478.1 secs

     total energy              =   -1103.10770700 Ry
     estimated scf accuracy    <       0.00000045 Ry

     iteration # 13     ecut=   100.00 Ry     beta= 0.30
     Davidson diagonalization with overlap
     ethr =  4.61E-11,  avg # of iterations =  2.4

     total cpu time spent up to now is     3499.6 secs

     total energy              =   -1103.10770695 Ry
     estimated scf accuracy    <       0.00000024 Ry

     iteration # 14     ecut=   100.00 Ry     beta= 0.30
     Davidson diagonalization with overlap
     ethr =  4.61E-11,  avg # of iterations =  4.0

     total cpu time spent up to now is     3524.5 secs

     total energy              =   -1103.10770699 Ry
     estimated scf accuracy    <          4.3E-09 Ry

     iteration # 15     ecut=   100.00 Ry     beta= 0.30
     Davidson diagonalization with overlap
     ethr =  9.22E-12,  avg # of iterations =  3.3

     total cpu time spent up to now is     3547.4 secs

     total energy              =   -1103.10770699 Ry
     estimated scf accuracy    <          1.5E-09 Ry

     iteration # 16     ecut=   100.00 Ry     beta= 0.30
     Davidson diagonalization with overlap
     ethr =  3.24E-12,  avg # of iterations =  2.0

     total cpu time spent up to now is     3567.8 secs

     End of self-consistent calculation

          k = 0.0000 0.0000 0.0000 ( 15515 PWs)   bands (ev):

   -89.5715 -52.8915 -52.8915 -52.8915 -24.8833 -10.4032  -9.5226  -9.5226
    -8.3632  -8.3632  -8.3632   0.4978   0.4978   0.4978   2.8398   2.8398
     2.8398   3.2710   3.2710   3.2710   3.8739   3.8739   3.8739   4.0765
     4.0765   6.7637   8.2504   9.8768   9.8768

          k = 0.0000 0.0000 0.1000 ( 15595 PWs)   bands (ev):

   -89.5715 -52.8916 -52.8915 -52.8915 -24.8832 -10.3869  -9.5422  -9.5218
    -8.3628  -8.3628  -8.3578   0.4754   0.5191   0.5191   2.7702   2.7702
     2.8095   3.0288   3.2089   3.2089   3.8747   3.9756   3.9756   4.0767
     4.2254   6.9684   8.3944   9.9477  10.0055

          k = 0.0000 0.0000 0.2000 ( 15611 PWs)   bands (ev):

   -89.5715 -52.8916 -52.8916 -52.8916 -24.8831 -10.3406  -9.5964  -9.5196
    -8.3619  -8.3619  -8.3446   0.4234   0.5795   0.5795   2.5748   2.5748
     2.5959   2.7326   3.1351   3.1351   3.8768   4.0771   4.1615   4.1615
     4.4223   7.5358   8.7952  10.1461  10.3631

          k = 0.0000 0.0000 0.3000 ( 15647 PWs)   bands (ev):

   -89.5715 -52.8916 -52.8916 -52.8916 -24.8830 -10.2735  -9.6722  -9.5169
    -8.3608  -8.3608  -8.3297   0.3725   0.6661   0.6661   2.1958   2.3354
     2.3354   2.6421   3.0962   3.0962   3.8794   4.0776   4.3248   4.3248
     4.5458   8.3528   9.3633  10.4099  10.8626

          k = 0.0000 0.0000 0.4000 ( 15631 PWs)   bands (ev):

   -89.5715 -52.8916 -52.8916 -52.8916 -24.8829 -10.2047  -9.7470  -9.5147
    -8.3599  -8.3599  -8.3187   0.3434   0.7508   0.7508   1.9176   2.1417
     2.1417   2.5721   3.0765   3.0765   3.8815   4.0780   4.4302   4.4302
     4.6084   9.2658   9.9484  10.5572  11.3432

          k = 0.0000 0.0000-0.5000 ( 15624 PWs)   bands (ev):

   -89.5715 -52.8916 -52.8916 -52.8916 -24.8828 -10.1720  -9.7819  -9.5139
    -8.3596  -8.3596  -8.3147   0.3355   0.7883   0.7883   1.8173   2.0656
     2.0656   2.5461   3.0702   3.0702   3.8823   4.0781   4.4662   4.4662
     4.6274   9.8591  10.2937  10.3854  11.5549

          k = 0.0000 0.1000 0.1000 ( 15598 PWs)   bands (ev):

   -89.5715 -52.8916 -52.8915 -52.8915 -24.8832 -10.3706  -9.5510  -9.5312
    -8.3625  -8.3595  -8.3560   0.4039   0.5407   0.5871   2.5946   2.7202
     2.8582   2.9249   3.1081   3.1281   3.9711   3.9804   4.0148   4.1488
     4.3314   7.1442   8.5321  10.0472  10.0921

          k = 0.0000 0.1000 0.2000 ( 15616 PWs)   bands (ev):

   -89.5715 -52.8916 -52.8916 -52.8915 -24.8831 -10.3243  -9.5999  -9.5326
    -8.3616  -8.3583  -8.3447   0.3152   0.6021   0.6765   2.2751   2.5557
     2.6459   2.8625   3.0182   3.0244   3.9763   4.1180   4.1612   4.1979
     4.5528   7.6550   8.9160  10.2484  10.4138

          k = 0.0000 0.1000 0.3000 ( 15616 PWs)   bands (ev):

   -89.5715 -52.8916 -52.8916 -52.8915 -24.8829 -10.2568  -9.6740  -9.5300
    -8.3605  -8.3578  -8.3309   0.2431   0.6905   0.7713   1.9335   2.3288
     2.3918   2.8163   2.9631   2.9732   3.9773   4.1482   4.3181   4.3241
     4.6995   8.4294   9.4644  10.5055  10.8887

          k = 0.0000 0.1000 0.4000 ( 15636 PWs)   bands (ev):

   -89.5715 -52.8916 -52.8916 -52.8916 -24.8828 -10.1873  -9.7483  -9.5276
    -8.3596  -8.3575  -8.3207   0.2015   0.7772   0.8537   1.6828   2.1380
     2.2098   2.7587   2.9404   2.9502   3.9781   4.1534   4.4217   4.4293
     4.7668   9.3230  10.0425  10.6500  11.3654

          k = 0.0000 0.1000-0.5000 ( 15640 PWs)   bands (ev):

   -89.5715 -52.8916 -52.8916 -52.8916 -24.8828 -10.1539  -9.7834  -9.5267
    -8.3593  -8.3573  -8.3170   0.1891   0.8157   0.8886   1.5909   2.0619
     2.1413   2.7344   2.9344   2.9432   3.9784   4.1545   4.4606   4.4653
     4.7845   9.9086  10.4081  10.4673  11.5883

          k = 0.0000 0.2000 0.2000 ( 15632 PWs)   bands (ev):

   -89.5715 -52.8916 -52.8916 -52.8916 -24.8830 -10.2777  -9.6228  -9.5563
    -8.3607  -8.3513  -8.3428   0.1620   0.6666   0.8072   1.9077   2.4763
     2.5943   2.7452   2.8355   3.0602   4.1569   4.1637   4.1761   4.2426
     4.8430   8.0330   9.2545  10.5228  10.5879

          k = 0.0000 0.2000 0.3000 ( 15632 PWs)   bands (ev):

   -89.5715 -52.8916 -52.8916 -52.8916 -24.8828 -10.2094  -9.6819  -9.5648
    -8.3597  -8.3502  -8.3339   0.0340   0.7601   0.9216   1.5793   2.3058
     2.4098   2.6964   2.7254   3.1030   4.1593   4.2112   4.3220   4.3223
     5.0731   8.6801   9.7473  10.7843  10.9917

          k = 0.0000 0.2000 0.4000 ( 15653 PWs)   bands (ev):

   -89.5715 -52.8916 -52.8916 -52.8916 -24.8827 -10.1376  -9.7518  -9.5654
    -8.3588  -8.3510  -8.3257  -0.0473   0.8532   1.0057   1.3543   2.1278
     2.2534   2.6849   2.6898   3.1017   4.1586   4.2206   4.4122   4.4271
     5.1874   9.5020  10.2962  10.9292  11.4344

          k = 0.0000 0.2000-0.5000 ( 15622 PWs)   bands (ev):

   -89.5715 -52.8916 -52.8916 -52.8916 -24.8827 -10.1020  -9.7871  -9.5651
    -8.3585  -8.3514  -8.3226  -0.0746   0.8953   1.0383   1.2740   2.0524
     2.1951   2.6744   2.6887   3.0961   4.1584   4.2228   4.4498   4.4629
     5.2183  10.0674  10.6891  10.7274  11.6379

          k = 0.0000 0.3000 0.3000 ( 15622 PWs)   bands (ev):

   -89.5715 -52.8916 -52.8916 -52.8916 -24.8827 -10.1390  -9.7073  -9.6035
    -8.3586  -8.3430  -8.3357  -0.1518   0.8626   1.0441   1.2800   2.2427
     2.3904   2.5009   2.5081   3.2997   4.2361   4.3197   4.3208   4.3601
     5.4371   9.1508  10.1611  11.1960  11.1998

          k = 0.0000 0.3000 0.4000 ( 15609 PWs)   bands (ev):

   -89.5715 -52.8916 -52.8916 -52.8915 -24.8826 -10.0627  -9.7581  -9.6237
    -8.3578  -8.3432  -8.3315  -0.2766   0.9677   1.0836   1.1265   2.1130
     2.2856   2.4017   2.4727   3.4022   4.2454   4.3186   4.4189   4.4244
     5.6589   9.8310  10.6386  11.3726  11.5580

          k = 0.0000 0.3000-0.5000 ( 15612 PWs)   bands (ev):

   -89.5715 -52.8916 -52.8916 -52.8915 -24.8826 -10.0221  -9.7917  -9.6286
    -8.3575  -8.3441  -8.3291  -0.3203   1.0157   1.0166   1.1563   2.0407
     2.2359   2.3817   2.4724   3.4312   4.2478   4.3180   4.4479   4.4601
     5.7279  10.3661  10.9516  11.1740  11.5698

          k = 0.0000 0.4000 0.4000 ( 15614 PWs)   bands (ev):

   -89.5715 -52.8916 -52.8916 -52.8915 -24.8825  -9.9769  -9.7726  -9.6868
    -8.3570  -8.3377  -8.3352  -0.4334   0.9105   1.0898   1.2043   2.0835
     2.1858   2.2979   2.3386   3.5909   4.2547   4.4222   4.4224   4.4457
     5.9999  10.3372  10.9784  11.6513  11.8707

          k = 0.0000 0.4000-0.5000 ( 15600 PWs)   bands (ev):

   -89.5715 -52.8916 -52.8915 -52.8915 -24.8825  -9.9242  -9.7955  -9.7135
    -8.3567  -8.3381  -8.3341  -0.4888   0.8510   1.1498   1.2321   2.0313
     2.1351   2.2657   2.3280   3.6516   4.2571   4.4215   4.4578   4.4630
     6.1204  10.8316  11.0801  11.4175  11.5849

          k = 0.0000-0.5000-0.5000 ( 15564 PWs)   bands (ev):

   -89.5715 -52.8916 -52.8915 -52.8915 -24.8824  -9.8360  -9.7969  -9.7969
    -8.3563  -8.3358  -8.3358  -0.5484   0.7945   1.2179   1.2589   2.0277
     2.0277   2.2768   2.2768   3.7249   4.2596   4.4570   4.4570   4.4751
     6.2667  11.1144  11.2995  11.2995  11.5648

          k = 0.1000 0.1000 0.1000 ( 15603 PWs)   bands (ev):

   -89.5715 -52.8916 -52.8915 -52.8915 -24.8831 -10.3543  -9.5498  -9.5498
    -8.3597  -8.3597  -8.3539   0.3330   0.6073   0.6073   2.5684   2.5684
     2.6977   2.9149   3.0982   3.0982   4.0092   4.0230   4.0230   4.3338
     4.3338   7.2985   8.6623  10.1559  10.1559

          k = 0.1000 0.1000 0.2000 ( 15617 PWs)   bands (ev):

   -89.5715 -52.8916 -52.8916 -52.8916 -24.8830 -10.3080  -9.6016  -9.5467
    -8.3601  -8.3569  -8.3443   0.2257   0.6649   0.7112   2.2412   2.3194
     2.5927   2.9306   2.9384   3.0674   4.0187   4.1399   4.1540   4.3447
     4.6032   7.7632   9.0260  10.3380  10.4638

          k = 0.1000 0.1000 0.3000 ( 15627 PWs)   bands (ev):

   -89.5715 -52.8916 -52.8916 -52.8916 -24.8829 -10.2404  -9.6749  -9.5428
    -8.3607  -8.3552  -8.3320   0.1366   0.7490   0.8144   1.8687   2.0727
     2.5448   2.7693   2.8930   3.0376   4.0210   4.2392   4.3050   4.3798
     4.7807   8.4990   9.5491  10.5872  10.9146

          k = 0.1000 0.1000 0.4000 ( 15645 PWs)   bands (ev):

   -89.5715 -52.8916 -52.8916 -52.8916 -24.8828 -10.1704  -9.7489  -9.5396
    -8.3611  -8.3540  -8.3227   0.0827   0.8341   0.8974   1.6120   1.8826
     2.4611   2.6851   2.8428   3.0225   4.0226   4.2763   4.4157   4.4374
     4.8620   9.3738  10.1116  10.7255  11.3914

          k = 0.1000 0.1000-0.5000 ( 15656 PWs)   bands (ev):

   -89.5715 -52.8916 -52.8916 -52.8916 -24.8828 -10.1364  -9.7843  -9.5384
    -8.3613  -8.3536  -8.3193   0.0657   0.8732   0.9307   1.5202   1.8074
     2.4156   2.6666   2.8213   3.0179   4.0232   4.2835   4.4567   4.4637
     4.8831   9.9526  10.4998  10.5209  11.6311

          k = 0.1000 0.2000 0.2000 ( 15625 PWs)   bands (ev):

   -89.5715 -52.8916 -52.8916 -52.8916 -24.8829 -10.2617  -9.6208  -9.5717
    -8.3595  -8.3526  -8.3413   0.0725   0.7379   0.8224   1.9063   2.2804
     2.3074   2.8966   2.9674   3.0670   4.1270   4.1730   4.2073   4.4482
     4.8391   8.1132   9.3351  10.5824  10.6330

          k = 0.1000 0.2000 0.3000 ( 15634 PWs)   bands (ev):

   -89.5715 -52.8916 -52.8916 -52.8916 -24.8828 -10.1938  -9.6807  -9.5766
    -8.3603  -8.3501  -8.3342  -0.0627   0.8240   0.9349   1.5772   2.0150
     2.3049   2.7557   2.9308   3.1157   4.1463   4.2913   4.3097   4.4664
     5.0798   8.7306   9.7871  10.8277  11.0139

          k = 0.1000 0.2000 0.4000 ( 15620 PWs)   bands (ev):

   -89.5715 -52.8916 -52.8916 -52.8915 -24.8827 -10.1219  -9.7511  -9.5749
    -8.3614  -8.3488  -8.3278  -0.1511   0.9116   1.0171   1.3521   1.8104
     2.3264   2.6095   2.9227   3.1176   4.1493   4.3837   4.4085   4.4671
     5.2050   9.5349  10.2936  10.9467  11.4619

          k = 0.1000 0.2000-0.5000 ( 15630 PWs)   bands (ev):

   -89.5715 -52.8916 -52.8916 -52.8916 -24.8827 -10.0859  -9.7868  -9.5740
    -8.3619  -8.3484  -8.3254  -0.1814   0.9529   1.0487   1.2719   1.7299
     2.3440   2.5438   2.9204   3.1129   4.1502   4.4224   4.4476   4.4618
     5.2393  10.0960  10.6442  10.7541  11.6716

          k = 0.1000 0.3000 0.3000 ( 15607 PWs)   bands (ev):

   -89.5715 -52.8916 -52.8916 -52.8915 -24.8827 -10.1245  -9.7044  -9.6131
    -8.3600  -8.3457  -8.3351  -0.2491   0.9142   1.0493   1.2876   2.0090
     2.0404   2.7453   2.7906   3.3054   4.2589   4.3226   4.3551   4.4932
     5.4327   9.1774  10.1335  11.1961  11.2059

          k = 0.1000 0.3000 0.4000 ( 15606 PWs)   bands (ev):

   -89.5715 -52.8916 -52.8916 -52.8915 -24.8826 -10.0490  -9.7557  -9.6298
    -8.3604  -8.3441  -8.3335  -0.3766   1.0062   1.0959   1.1287   1.8118
     2.0443   2.6349   2.7729   3.4067   4.2825   4.4044   4.4174   4.4909
     5.6575   9.8385  10.5186  11.2685  11.5462

          k = 0.1000 0.3000-0.5000 ( 15594 PWs)   bands (ev):

   -89.5715 -52.8916 -52.8916 -52.8915 -24.8825 -10.0085  -9.7898  -9.6332
    -8.3608  -8.3438  -8.3324  -0.4216   1.0256   1.0541   1.1587   1.7265
     2.0539   2.5833   2.7732   3.4355   4.2851   4.4467   4.4604   4.4681
     5.7281  10.3704  10.7294  11.1072  11.4668

          k = 0.1000 0.4000 0.4000 ( 15594 PWs)   bands (ev):

   -89.5715 -52.8916 -52.8916 -52.8915 -24.8825  -9.9656  -9.7691  -9.6890
    -8.3595  -8.3412  -8.3371  -0.5331   0.9225   1.1143   1.2035   1.8114
     1.8376   2.6436   2.6549   3.5935   4.3698   4.4220   4.4464   4.4905
     5.9983  10.3137  10.6961  11.4454  11.6055

          k = 0.1000 0.4000-0.5000 ( 15588 PWs)   bands (ev):

   -89.5715 -52.8916 -52.8915 -52.8915 -24.8824  -9.9140  -9.7923  -9.7133
    -8.3592  -8.3408  -8.3378  -0.5887   0.8647   1.1657   1.2325   1.7318
     1.8309   2.6019   2.6538   3.6540   4.3872   4.4553   4.4663   4.4730
     6.1199  10.7215  10.7956  11.2445  11.4517

          k = 0.1000-0.5000-0.5000 ( 15592 PWs)   bands (ev):

   -89.5715 -52.8916 -52.8916 -52.8916 -24.8824  -9.8287  -9.7932  -9.7932
    -8.3584  -8.3397  -8.3397  -0.6481   0.8094   1.2252   1.2599   1.7343
     1.7343   2.6081   2.6081   3.7273   4.4401   4.4560   4.4560   4.4774
     6.2676  10.7042  11.1524  11.1524  11.6039

          k = 0.2000 0.2000 0.2000 ( 15624 PWs)   bands (ev):

   -89.5715 -52.8916 -52.8916 -52.8916 -24.8828 -10.2163  -9.6155  -9.6155
    -8.3562  -8.3562  -8.3378  -0.1011   0.8666   0.8666   1.8206   1.9976
     1.9976   3.0099   3.0099   3.1215   4.1730   4.2288   4.2288   4.8266
     4.8266   8.3852   9.5648  10.7706  10.7706

          k = 0.2000 0.2000 0.3000 ( 15614 PWs)   bands (ev):

   -89.5715 -52.8916 -52.8916 -52.8916 -24.8827 -10.1492  -9.6799  -9.6088
    -8.3607  -8.3516  -8.3345  -0.2647   0.9354   0.9805   1.5176   1.7407
     1.9785   2.9650   3.0250   3.1879   4.2024   4.3115   4.3226   4.8043
     5.1465   8.9052   9.9043  10.9674  11.0946

          k = 0.2000 0.2000 0.4000 ( 15601 PWs)   bands (ev):

   -89.5715 -52.8916 -52.8916 -52.8915 -24.8826 -10.0772  -9.7495  -9.6034
    -8.3644  -8.3474  -8.3328  -0.3761   1.0156   1.0562   1.2995   1.5435
     1.9959   2.9030   3.0270   3.2070   4.2100   4.4045   4.4183   4.7754
     5.3198   9.6381  10.2838  11.0098  11.5251

          k = 0.2000 0.2000-0.5000 ( 15598 PWs)   bands (ev):

   -89.5715 -52.8916 -52.8916 -52.8915 -24.8826 -10.0399  -9.7858  -9.6013
    -8.3658  -8.3455  -8.3325  -0.4153   1.0607   1.0830   1.2232   1.4590
     2.0050   2.8754   3.0274   3.2081   4.2121   4.4428   4.4612   4.7591
     5.3691  10.1776  10.5081  10.8618  11.4956

          k = 0.2000 0.3000 0.3000 ( 15601 PWs)   bands (ev):

   -89.5715 -52.8916 -52.8916 -52.8916 -24.8826 -10.0831  -9.6968  -9.6417
    -8.3619  -8.3527  -8.3352  -0.4647   1.0116   1.0648   1.2989   1.6778
     1.7173   3.0293   3.0342   3.3297   4.2850   4.3387   4.3652   4.9247
     5.4187   9.2671  10.0774  11.2037  11.2201

          k = 0.2000 0.3000 0.4000 ( 15618 PWs)   bands (ev):

   -89.5715 -52.8916 -52.8916 -52.8916 -24.8825 -10.0103  -9.7495  -9.6484
    -8.3653  -8.3492  -8.3379  -0.6047   1.0719   1.1288   1.1338   1.4905
     1.7131   3.0095   3.0475   3.4238   4.3112   4.4103   4.4291   4.9195
     5.6584   9.8432  10.2523  11.1330  11.3725

          k = 0.2000 0.3000-0.5000 ( 15616 PWs)   bands (ev):

   -89.5715 -52.8916 -52.8916 -52.8916 -24.8824  -9.9700  -9.7847  -9.6483
    -8.3670  -8.3456  -8.3410  -0.6546   1.0485   1.1244   1.1685   1.3985
     1.7211   2.9969   3.0512   3.4519   4.3149   4.4444   4.4634   4.9091
     5.7374  10.3227  10.3268  11.0830  11.1372

          k = 0.2000 0.4000 0.4000 ( 15612 PWs)   bands (ev):

   -89.5715 -52.8916 -52.8916 -52.8916 -24.8824  -9.9339  -9.7600  -9.6966
    -8.3652  -8.3506  -8.3429  -0.7665   0.9546   1.1582   1.1964   1.4971
     1.5086   3.0348   3.0370   3.6008   4.4005   4.4247   4.4544   4.9279
     5.9927  10.1652  10.2377  11.1667  11.2946

          k = 0.2000 0.4000-0.5000 ( 15588 PWs)   bands (ev):

   -89.5715 -52.8916 -52.8915 -52.8915 -24.8823  -9.8858  -9.7839  -9.7141
    -8.3653  -8.3481  -8.3476  -0.8243   0.9010   1.1918   1.2341   1.4036
     1.5106   3.0276   3.0424   3.6607   4.4137   4.4536   4.4730   4.9197
     6.1184  10.1708  10.5712  10.8717  11.3600

          k = 0.2000-0.5000-0.5000 ( 15604 PWs)   bands (ev):

   -89.5715 -52.8916 -52.8916 -52.8916 -24.8823  -9.8093  -9.7836  -9.7836
    -8.3638  -8.3500  -8.3500  -0.8851   0.8487   1.2406   1.2624   1.4083
     1.4083   3.0352   3.0352   3.7336   4.4563   4.4563   4.4836   4.9113
     6.2700  10.1136  10.7737  10.7737  11.2383

          k = 0.3000 0.3000 0.3000 ( 15609 PWs)   bands (ev):

   -89.5715 -52.8916 -52.8916 -52.8916 -24.8824 -10.0216  -9.6873  -9.6873
    -8.3615  -8.3615  -8.3382  -0.6866   1.0905   1.0905   1.2404   1.4784
     1.4784   3.1954   3.1954   3.3999   4.3309   4.3811   4.3811   5.3954
     5.3954   9.4727  10.0235  11.2468  11.2469

          k = 0.3000 0.3000 0.4000 ( 15616 PWs)   bands (ev):

   -89.5715 -52.8916 -52.8916 -52.8916 -24.8823  -9.9529  -9.7431  -9.6795
    -8.3687  -8.3576  -8.3440  -0.8446   1.0965   1.1299   1.1456   1.3065
     1.4612   3.2448   3.2813   3.4840   4.3623   4.4216   4.4401   5.3696
     5.7206   9.8598   9.9803  11.0386  11.2538

          k = 0.3000 0.3000-0.5000 ( 15586 PWs)   bands (ev):

   -89.5715 -52.8916 -52.8915 -52.8915 -24.8823  -9.9126  -9.7785  -9.6765
    -8.3714  -8.3514  -8.3509  -0.9012   1.0447   1.1566   1.1843   1.2074
     1.4670   3.2551   3.3067   3.5141   4.3682   4.4490   4.4696   5.3574
     5.8295   9.9581  10.2337  10.7489  11.2756

          k = 0.3000 0.4000 0.4000 ( 15594 PWs)   bands (ev):

   -89.5715 -52.8916 -52.8915 -52.8915 -24.8823  -9.8879  -9.7485  -9.7126
    -8.3705  -8.3625  -8.3517  -1.0168   0.9939   1.1505   1.1524   1.2862
     1.3165   3.3528   3.3697   3.6132   4.4210   4.4406   4.4631   5.4970
     5.9824   9.7849  10.0009  10.7717  10.9999

          k = 0.3000 0.4000-0.5000 ( 15580 PWs)   bands (ev):

   -89.5715 -52.8916 -52.8915 -52.8915 -24.8822  -9.8456  -9.7734  -9.7200
    -8.3721  -8.3598  -8.3582  -1.0787   0.9458   1.1549   1.1613   1.2455
     1.3120   3.3732   3.3974   3.6703   4.4340   4.4611   4.4812   5.5024
     6.1183   9.7160  10.2402  10.4593  10.8968

          k = 0.3000-0.5000-0.5000 ( 15564 PWs)   bands (ev):

   -89.5715 -52.8916 -52.8915 -52.8915 -24.8822  -9.7851  -9.7714  -9.7714
    -8.3704  -8.3630  -8.3630  -1.1425   0.8982   1.1604   1.1604   1.2553
     1.2655   3.4102   3.4102   3.7414   4.4657   4.4657   4.4918   5.5143
     6.2729   9.6316  10.3524  10.3524  10.6169

          k = 0.4000 0.4000 0.4000 ( 15594 PWs)   bands (ev):

   -89.5715 -52.8916 -52.8915 -52.8915 -24.8822  -9.8370  -9.7391  -9.7391
    -8.3722  -8.3722  -8.3613  -1.1981   1.0056   1.0558   1.0558   1.2669
     1.2669   3.5599   3.5599   3.6485   4.4539   4.4713   4.4713   5.9704
     5.9704   9.5161   9.9136  10.4997  10.4997

          k = 0.4000 0.4000-0.5000 ( 15562 PWs)   bands (ev):

   -89.5715 -52.8916 -52.8915 -52.8915 -24.8821  -9.8020  -9.7647  -9.7354
    -8.3760  -8.3698  -8.3681  -1.2634   0.9707   1.0127   1.0532   1.2606
     1.2714   3.5902   3.6293   3.6939   4.4677   4.4799   4.4898   5.9646
     6.1566   9.4228  10.0307  10.1511  10.4023

          k = 0.4000-0.5000-0.5000 ( 15504 PWs)   bands (ev):

   -89.5715 -52.8915 -52.8915 -52.8915 -24.8821  -9.7652  -9.7614  -9.7614
    -8.3757  -8.3736  -8.3736  -1.3301   0.9389   1.0066   1.0066   1.2654
     1.2680   3.6632   3.6632   3.7477   4.4874   4.4874   4.4988   6.0499
     6.2753   9.3217  10.0367  10.0367  10.1220

          k =-0.5000-0.5000-0.5000 ( 15408 PWs)   bands (ev):

   -89.5715 -52.8914 -52.8914 -52.8914 -24.8820  -9.7575  -9.7575  -9.7575
    -8.3778  -8.3778  -8.3778  -1.3978   0.9546   0.9546   0.9546   1.2690
     1.2690   3.7502   3.7502   3.7502   4.5016   4.5016   4.5016   6.2763
     6.2763   9.2149   9.9195   9.9195   9.9195

     the Fermi energy is     4.5611 ev

!    total energy              =   -1103.10770699 Ry
     total all-electron energy =    -19630.251934 Ry
     estimated scf accuracy    <          3.2E-11 Ry
     smearing contrib. (-TS)   =      -0.00556074 Ry
     internal energy E=F+TS    =   -1103.10214625 Ry

     The total energy is F=E-TS. E is the sum of the following terms:
     one-electron contribution =    -320.41460428 Ry
     hartree contribution      =     181.34509859 Ry
     xc contribution           =     -68.38523778 Ry
     ewald contribution        =    -222.97177543 Ry
     one-center paw contrib.   =    -672.67562734 Ry

     convergence has been achieved in  16 iterations

     Forces acting on atoms (cartesian axes, Ry/au):

     atom    1 type  1   force =     0.00000000    0.00000000    0.00000000
     atom    2 type  2   force =     0.00000000    0.00000000    0.00000000
     atom    3 type  3   force =     0.00000000    0.00000000    0.00000000
     atom    4 type  3   force =     0.00000000    0.00000000    0.00000000
     atom    5 type  3   force =     0.00000000    0.00000000    0.00000000

     Total force =     0.000000     Total SCF correction =     0.000000


     Computing stress (Cartesian axis) and pressure

          total   stress  (Ry/bohr**3)                   (kbar)     P=      -19.05
  -0.00012953   0.00000000   0.00000000          -19.05        0.00        0.00
   0.00000000  -0.00012953   0.00000000            0.00      -19.05        0.00
   0.00000000   0.00000000  -0.00012953            0.00        0.00      -19.05


     BFGS Geometry Optimization
     Energy error            =      0.0E+00 Ry
     Gradient error          =      0.0E+00 Ry/Bohr

     bfgs converged in   1 scf cycles and   0 bfgs steps
     (criteria: energy <  1.0E-07 Ry, force <  1.0E-03 Ry/Bohr)

     End of BFGS Geometry Optimization

     Final energy             =   -1103.1077069915 Ry
Begin final coordinates

ATOMIC_POSITIONS (crystal)
K                0.0000000000        0.0000000000        0.0000000000
Co               0.5000000000        0.5000000000        0.5000000000
Br               0.5000000000        0.5000000000        0.0000000000
Br               0.5000000000        0.0000000000        0.5000000000
Br               0.0000000000        0.5000000000        0.5000000000
End final coordinates



  ----------------------------------------------------------------------------

     Murnaghan equation of state

     The equilibrium celldm is:
                                            a=          9.55728 a.u.
     The bulk modulus is:                             363.762  kbar
     The pressure derivative of the bulk modulus is:    4.769
     The total energy at the minimum is:              -1103.111093476 Ry
     The volume is              872.97671 (a.u.)^3      129.36180 (A)^3
  ----------------------------------------------------------------------------


     Total mass of this unit cell        337.7435 a.m.u.
     Density of this solid                4335.41 kg/m^3         4.3354 g/cm^3

  ----------------------------------------------------------------------------

     Applying the following strain
     (     0.00000,     0.00000,     0.00000  )
     (     0.00000,     0.00000,     0.00000  )
     (     0.00000,     0.00000,    -0.00750  )



  ++++++++++++++++++++++++++++++++++++++++++++++++++++++++++++++++++++++++++++
     Doing work    1 /     8
  ++++++++++++++++++++++++++++++++++++++++++++++++++++++++++++++++++++++++++++


     Current dimensions of program PWSCF are:
     Max number of different atomic species (ntypx) = 10
     Max number of k-points (npk) = 120000
     Max angular momentum in pseudopotentials (lmaxx) =  4

     WARNING: check_stop already initialized
     Message from routine setup:
     using ibrav=0 with symmetry is DISCOURAGED, use correct ibrav instead

     Parallelization info
     --------------------
     sticks:   dense  smooth     PW     G-vecs:    dense   smooth      PW
     Min        2904    1458    401               165404    58521    8593
     Max        2909    1459    404               165597    58536    8650
     Sum        5813    2917    805               331001   117057   17243

     Using Pencil Decomposition



     bravais-lattice index     =            0
     lattice parameter (alat)  =       9.5573  a.u.
     unit-cell volume          =     866.4294 (a.u.)^3
     number of atoms/cell      =            5
     number of atomic types    =            3
     number of electrons       =        47.00
     number of Kohn-Sham states=           29
     kinetic-energy cutoff     =     100.0000  Ry
     charge density cutoff     =     800.0000  Ry
     scf convergence threshold =      1.0E-10
     mixing beta               =       0.3000
     number of iterations used =            8  plain     mixing
     energy convergence thresh.=      1.0E-07
     force convergence thresh. =      1.0E-03
     Exchange-correlation= PBE
                           (   1   4   3   4   0   0   0)
     nstep                     =           20


     celldm(1)=   9.557278  celldm(2)=   0.000000  celldm(3)=   0.000000
     celldm(4)=   0.000000  celldm(5)=   0.000000  celldm(6)=   0.000000

     crystal axes: (cart. coord. in units of alat)
               a(1) = (   1.000000   0.000000   0.000000 )  
               a(2) = (   0.000000   1.000000   0.000000 )  
               a(3) = (   0.000000   0.000000   0.992500 )  

     reciprocal axes: (cart. coord. in units 2 pi/alat)
               b(1) = (  1.000000  0.000000  0.000000 )  
               b(2) = (  0.000000  1.000000  0.000000 )  
               b(3) = (  0.000000  0.000000  1.007557 )  


     PseudoPot. # 1 for K  read from file:
     /home/administrator/Downloads/BURAI/BURAI1.3/pseudopot/K.pbe-spn-kjpaw_psl.1.0.0.UPF
     MD5 check sum: 14ff5a24ff9f8afecca2cb30191d3c3d
     Pseudo is Projector augmented-wave + core cor, Zval =  9.0
     Generated using "atomic" code by A. Dal Corso  v.5.1.2
     Shape of augmentation charge: PSQ
     Using radial grid of 1165 points,  6 beta functions with: 
                l(1) =   0
                l(2) =   0
                l(3) =   1
                l(4) =   1
                l(5) =   2
                l(6) =   2
     Q(r) pseudized with 0 coefficients 


     PseudoPot. # 2 for Co read from file:
     /home/administrator/Downloads/BURAI/BURAI1.3/pseudopot/Co.pbe-spn-kjpaw_psl.1.0.0.UPF
     MD5 check sum: debeb0e0a2756593e9907dd3738e3b12
     Pseudo is Projector augmented-wave + core cor, Zval = 17.0
     Generated using "atomic" code by A. Dal Corso  v.5.1.2
     Shape of augmentation charge: PSQ
     Using radial grid of 1193 points,  6 beta functions with: 
                l(1) =   0
                l(2) =   0
                l(3) =   1
                l(4) =   1
                l(5) =   2
                l(6) =   2
     Q(r) pseudized with 0 coefficients 


     PseudoPot. # 3 for Br read from file:
     /home/administrator/Downloads/BURAI/BURAI1.3/pseudopot/Br.pbe-n-kjpaw_psl.1.0.0.UPF
     MD5 check sum: 4e719ecb11afb5eb9a83625d9f5c08f4
     Pseudo is Projector augmented-wave + core cor, Zval =  7.0
     Generated using "atomic" code by A. Dal Corso  v.5.1.2
     Shape of augmentation charge: PSQ
     Using radial grid of 1213 points,  4 beta functions with: 
                l(1) =   0
                l(2) =   0
                l(3) =   1
                l(4) =   1
     Q(r) pseudized with 0 coefficients 


     atomic species   valence    mass     pseudopotential
     K                 9.00    39.09830     K ( 1.00)
     Co               17.00    58.93320     Co( 1.00)
     Br                7.00    79.90400     Br( 1.00)

     16 Sym. Ops., with inversion, found



   Cartesian axes

     site n.     atom                  positions (alat units)
         1        K      tau(   1) = (   0.0000000   0.0000000   0.0000000  )
         2        Co     tau(   2) = (   0.5000000   0.5000000   0.4962500  )
         3        Br     tau(   3) = (   0.5000000   0.5000000   0.0000000  )
         4        Br     tau(   4) = (   0.5000000   0.0000000   0.4962500  )
         5        Br     tau(   5) = (   0.0000000   0.5000000   0.4962500  )

     number of k points=   126  Gaussian smearing, width (Ry)=  0.0100

     Number of k-points >= 100: set verbosity='high' to print them.

     Dense  grid:   331001 G-vectors     FFT dimensions: (  90,  90,  90)

     Smooth grid:   117057 G-vectors     FFT dimensions: (  64,  64,  64)

     Estimated max dynamical RAM per process >     351.45 MB

     Estimated total dynamical RAM >       2.51 GB

     Initial potential from superposition of free atoms

     starting charge      46.9808, renormalised to      47.0000
     Starting wfcs are   30 randomized atomic wfcs
     Checking if some PAW data can be deallocated... 

     total cpu time spent up to now is     3603.8 secs

     Self-consistent Calculation

     iteration #  1     ecut=   100.00 Ry     beta= 0.30
     Davidson diagonalization with overlap
     ethr =  1.00E-02,  avg # of iterations =  6.0

     total cpu time spent up to now is     3655.8 secs

     total energy              =   -1102.74711482 Ry
     estimated scf accuracy    <       1.05622925 Ry

     iteration #  2     ecut=   100.00 Ry     beta= 0.30
     Davidson diagonalization with overlap
     ethr =  2.25E-03,  avg # of iterations =  3.8

     total cpu time spent up to now is     3703.0 secs

     total energy              =   -1102.95779063 Ry
     estimated scf accuracy    <       1.97944052 Ry

     iteration #  3     ecut=   100.00 Ry     beta= 0.30
     Davidson diagonalization with overlap
     ethr =  2.25E-03,  avg # of iterations =  3.3

     total cpu time spent up to now is     3748.1 secs

     total energy              =   -1103.08360161 Ry
     estimated scf accuracy    <       0.12098341 Ry

     iteration #  4     ecut=   100.00 Ry     beta= 0.30
     Davidson diagonalization with overlap
     ethr =  2.57E-04,  avg # of iterations =  4.4

     total cpu time spent up to now is     3796.9 secs

     total energy              =   -1103.10047352 Ry
     estimated scf accuracy    <       0.05542083 Ry

     iteration #  5     ecut=   100.00 Ry     beta= 0.30
     Davidson diagonalization with overlap
     ethr =  1.18E-04,  avg # of iterations =  3.6

     total cpu time spent up to now is     3844.7 secs

     total energy              =   -1103.11355934 Ry
     estimated scf accuracy    <       0.01101709 Ry

     iteration #  6     ecut=   100.00 Ry     beta= 0.30
     Davidson diagonalization with overlap
     ethr =  2.34E-05,  avg # of iterations =  5.5

     total cpu time spent up to now is     3895.7 secs

     total energy              =   -1103.11386768 Ry
     estimated scf accuracy    <       0.03532796 Ry

     iteration #  7     ecut=   100.00 Ry     beta= 0.30
     Davidson diagonalization with overlap
     ethr =  2.34E-05,  avg # of iterations =  1.0

     total cpu time spent up to now is     3934.8 secs

     total energy              =   -1103.11286310 Ry
     estimated scf accuracy    <       0.02857276 Ry

     iteration #  8     ecut=   100.00 Ry     beta= 0.30
     Davidson diagonalization with overlap
     ethr =  2.34E-05,  avg # of iterations =  1.0

     total cpu time spent up to now is     3973.8 secs

     total energy              =   -1103.11060627 Ry
     estimated scf accuracy    <       0.01997700 Ry

     iteration #  9     ecut=   100.00 Ry     beta= 0.30
     Davidson diagonalization with overlap
     ethr =  2.34E-05,  avg # of iterations =  1.7

     total cpu time spent up to now is     4014.9 secs

     total energy              =   -1103.11045213 Ry
     estimated scf accuracy    <       0.00407804 Ry

     iteration # 10     ecut=   100.00 Ry     beta= 0.30
     Davidson diagonalization with overlap
     ethr =  8.68E-06,  avg # of iterations =  2.5

     total cpu time spent up to now is     4058.3 secs

     total energy              =   -1103.11094406 Ry
     estimated scf accuracy    <       0.00035284 Ry

     iteration # 11     ecut=   100.00 Ry     beta= 0.30
     Davidson diagonalization with overlap
     ethr =  7.51E-07,  avg # of iterations =  4.5

     total cpu time spent up to now is     4104.7 secs

     total energy              =   -1103.11093727 Ry
     estimated scf accuracy    <       0.00064464 Ry

     iteration # 12     ecut=   100.00 Ry     beta= 0.30
     Davidson diagonalization with overlap
     ethr =  7.51E-07,  avg # of iterations =  1.3

     total cpu time spent up to now is     4144.4 secs

     total energy              =   -1103.11095333 Ry
     estimated scf accuracy    <       0.00155635 Ry

     iteration # 13     ecut=   100.00 Ry     beta= 0.30
     Davidson diagonalization with overlap
     ethr =  7.51E-07,  avg # of iterations =  1.1

     total cpu time spent up to now is     4183.7 secs

     total energy              =   -1103.11091694 Ry
     estimated scf accuracy    <       0.00160391 Ry

     iteration # 14     ecut=   100.00 Ry     beta= 0.30
     Davidson diagonalization with overlap
     ethr =  7.51E-07,  avg # of iterations =  2.4

     total cpu time spent up to now is     4229.4 secs

     total energy              =   -1103.11098900 Ry
     estimated scf accuracy    <       0.00010905 Ry

     iteration # 15     ecut=   100.00 Ry     beta= 0.30
     Davidson diagonalization with overlap
     ethr =  2.32E-07,  avg # of iterations =  2.4

     total cpu time spent up to now is     4272.9 secs

     total energy              =   -1103.11099318 Ry
     estimated scf accuracy    <       0.00001889 Ry

     iteration # 16     ecut=   100.00 Ry     beta= 0.30
     Davidson diagonalization with overlap
     ethr =  4.02E-08,  avg # of iterations =  2.1

     total cpu time spent up to now is     4315.7 secs

     total energy              =   -1103.11099195 Ry
     estimated scf accuracy    <       0.00012984 Ry

     iteration # 17     ecut=   100.00 Ry     beta= 0.30
     Davidson diagonalization with overlap
     ethr =  4.02E-08,  avg # of iterations =  2.0

     total cpu time spent up to now is     4356.9 secs

     total energy              =   -1103.11098173 Ry
     estimated scf accuracy    <       0.00022377 Ry

     iteration # 18     ecut=   100.00 Ry     beta= 0.30
     Davidson diagonalization with overlap
     ethr =  4.02E-08,  avg # of iterations =  2.5

     total cpu time spent up to now is     4402.1 secs

     total energy              =   -1103.11098364 Ry
     estimated scf accuracy    <       0.00058115 Ry

     iteration # 19     ecut=   100.00 Ry     beta= 0.30
     Davidson diagonalization with overlap
     ethr =  4.02E-08,  avg # of iterations =  1.8

     total cpu time spent up to now is     4443.4 secs

     total energy              =   -1103.11098556 Ry
     estimated scf accuracy    <       0.00076554 Ry

     iteration # 20     ecut=   100.00 Ry     beta= 0.30
     Davidson diagonalization with overlap
     ethr =  4.02E-08,  avg # of iterations =  1.0

     total cpu time spent up to now is     4482.3 secs

     total energy              =   -1103.11098502 Ry
     estimated scf accuracy    <       0.00068454 Ry

     iteration # 21     ecut=   100.00 Ry     beta= 0.30
     Davidson diagonalization with overlap
     ethr =  4.02E-08,  avg # of iterations =  1.0

     total cpu time spent up to now is     4521.2 secs

     total energy              =   -1103.11097598 Ry
     estimated scf accuracy    <       0.00081060 Ry

     iteration # 22     ecut=   100.00 Ry     beta= 0.30
     Davidson diagonalization with overlap
     ethr =  4.02E-08,  avg # of iterations =  3.7

     total cpu time spent up to now is     4572.2 secs

     total energy              =   -1103.11099875 Ry
     estimated scf accuracy    <       0.00008330 Ry

     iteration # 23     ecut=   100.00 Ry     beta= 0.30
     Davidson diagonalization with overlap
     ethr =  4.02E-08,  avg # of iterations =  2.0

     total cpu time spent up to now is     4615.3 secs

     total energy              =   -1103.11099616 Ry
     estimated scf accuracy    <       0.00000547 Ry

     iteration # 24     ecut=   100.00 Ry     beta= 0.30
     Davidson diagonalization with overlap
     ethr =  1.16E-08,  avg # of iterations =  3.0

     total cpu time spent up to now is     4662.5 secs

     total energy              =   -1103.11099443 Ry
     estimated scf accuracy    <       0.00008081 Ry

     iteration # 25     ecut=   100.00 Ry     beta= 0.30
     Davidson diagonalization with overlap
     ethr =  1.16E-08,  avg # of iterations =  3.6

     total cpu time spent up to now is     4712.3 secs

     total energy              =   -1103.11099954 Ry
     estimated scf accuracy    <       0.00000056 Ry

     iteration # 26     ecut=   100.00 Ry     beta= 0.30
     Davidson diagonalization with overlap
     ethr =  1.19E-09,  avg # of iterations =  3.8

     total cpu time spent up to now is     4761.0 secs

     total energy              =   -1103.11099919 Ry
     estimated scf accuracy    <       0.00000710 Ry

     iteration # 27     ecut=   100.00 Ry     beta= 0.30
     Davidson diagonalization with overlap
     ethr =  1.19E-09,  avg # of iterations =  3.7

     total cpu time spent up to now is     4810.5 secs

     total energy              =   -1103.11099991 Ry
     estimated scf accuracy    <       0.00000174 Ry

     iteration # 28     ecut=   100.00 Ry     beta= 0.30
     Davidson diagonalization with overlap
     ethr =  1.19E-09,  avg # of iterations =  2.6

     total cpu time spent up to now is     4855.1 secs

     total energy              =   -1103.11100002 Ry
     estimated scf accuracy    <          4.4E-10 Ry

     iteration # 29     ecut=   100.00 Ry     beta= 0.30
     Davidson diagonalization with overlap
     ethr =  9.28E-13,  avg # of iterations =  4.3

     total cpu time spent up to now is     4910.3 secs

     total energy              =   -1103.11100003 Ry
     estimated scf accuracy    <       0.00000003 Ry

     iteration # 30     ecut=   100.00 Ry     beta= 0.30
     Davidson diagonalization with overlap
     ethr =  9.28E-13,  avg # of iterations =  4.4

     total cpu time spent up to now is     4966.2 secs

     total energy              =   -1103.11100004 Ry
     estimated scf accuracy    <          3.4E-09 Ry

     iteration # 31     ecut=   100.00 Ry     beta= 0.30
     Davidson diagonalization with overlap
     ethr =  9.28E-13,  avg # of iterations =  3.3

     total cpu time spent up to now is     5013.9 secs

     total energy              =   -1103.11100004 Ry
     estimated scf accuracy    <          4.0E-10 Ry

     iteration # 32     ecut=   100.00 Ry     beta= 0.30
     Davidson diagonalization with overlap
     ethr =  8.49E-13,  avg # of iterations =  1.7

     total cpu time spent up to now is     5054.4 secs

     total energy              =   -1103.11100004 Ry
     estimated scf accuracy    <          1.2E-09 Ry

     iteration # 33     ecut=   100.00 Ry     beta= 0.30
     Davidson diagonalization with overlap
     ethr =  8.49E-13,  avg # of iterations =  2.3

     total cpu time spent up to now is     5097.8 secs

     total energy              =   -1103.11100004 Ry
     estimated scf accuracy    <          3.5E-10 Ry

     iteration # 34     ecut=   100.00 Ry     beta= 0.30
     Davidson diagonalization with overlap
     ethr =  7.35E-13,  avg # of iterations =  2.5

     total cpu time spent up to now is     5141.9 secs

     End of self-consistent calculation

     Number of k-points >= 100: set verbosity='high' to print the bands.

     the Fermi energy is     5.2977 ev

!    total energy              =   -1103.11100004 Ry
     total all-electron energy =    -19630.255228 Ry
     estimated scf accuracy    <          4.5E-13 Ry
     smearing contrib. (-TS)   =      -0.00516329 Ry
     internal energy E=F+TS    =   -1103.10583675 Ry

     The total energy is F=E-TS. E is the sum of the following terms:
     one-electron contribution =    -312.74761829 Ry
     hartree contribution      =     178.66969971 Ry
     xc contribution           =     -68.49180849 Ry
     ewald contribution        =    -227.85198581 Ry
     one-center paw contrib.   =    -672.68412387 Ry

     convergence has been achieved in  34 iterations

     Forces acting on atoms (cartesian axes, Ry/au):

     atom    1 type  1   force =     0.00000000    0.00000000    0.00000000
     atom    2 type  2   force =     0.00000000    0.00000000    0.00000000
     atom    3 type  3   force =     0.00000000    0.00000000    0.00000000
     atom    4 type  3   force =     0.00000000    0.00000000    0.00000000
     atom    5 type  3   force =     0.00000000    0.00000000    0.00000000

     Total force =     0.000000     Total SCF correction =     0.000000


     Computing stress (Cartesian axis) and pressure

          total   stress  (Ry/bohr**3)                   (kbar)     P=        1.92
   0.00000806   0.00000000   0.00000000            1.19        0.00        0.00
   0.00000000   0.00000806   0.00000000            0.00        1.19        0.00
   0.00000000   0.00000000   0.00002298            0.00        0.00        3.38


     BFGS Geometry Optimization
     Energy error            =      0.0E+00 Ry
     Gradient error          =      0.0E+00 Ry/Bohr

     bfgs converged in   1 scf cycles and   0 bfgs steps
     (criteria: energy <  1.0E-07 Ry, force <  1.0E-03 Ry/Bohr)

     End of BFGS Geometry Optimization

     Final energy             =   -1103.1110000413 Ry
Begin final coordinates

ATOMIC_POSITIONS (crystal)
K                0.0000000000        0.0000000000        0.0000000000
Co               0.5000000000        0.5000000000        0.5000000000
Br               0.5000000000        0.5000000000        0.0000000000
Br               0.5000000000        0.0000000000        0.5000000000
Br               0.0000000000        0.5000000000        0.5000000000
End final coordinates



  ----------------------------------------------------------------------------

     Applying the following strain
     (     0.00000,     0.00000,     0.00000  )
     (     0.00000,     0.00000,     0.00000  )
     (     0.00000,     0.00000,    -0.00250  )



  ++++++++++++++++++++++++++++++++++++++++++++++++++++++++++++++++++++++++++++
     Doing work    2 /     8
  ++++++++++++++++++++++++++++++++++++++++++++++++++++++++++++++++++++++++++++


     Current dimensions of program PWSCF are:
     Max number of different atomic species (ntypx) = 10
     Max number of k-points (npk) = 120000
     Max angular momentum in pseudopotentials (lmaxx) =  4

     WARNING: check_stop already initialized
     Message from routine setup:
     using ibrav=0 with symmetry is DISCOURAGED, use correct ibrav instead

     Parallelization info
     --------------------
     sticks:   dense  smooth     PW     G-vecs:    dense   smooth      PW
     Min        2902    1458    401               166150    58783    8625
     Max        2911    1459    404               166395    58826    8700
     Sum        5813    2917    805               332545   117609   17325

     Using Pencil Decomposition



     bravais-lattice index     =            0
     lattice parameter (alat)  =       9.5573  a.u.
     unit-cell volume          =     870.7943 (a.u.)^3
     number of atoms/cell      =            5
     number of atomic types    =            3
     number of electrons       =        47.00
     number of Kohn-Sham states=           29
     kinetic-energy cutoff     =     100.0000  Ry
     charge density cutoff     =     800.0000  Ry
     scf convergence threshold =      1.0E-10
     mixing beta               =       0.3000
     number of iterations used =            8  plain     mixing
     energy convergence thresh.=      1.0E-07
     force convergence thresh. =      1.0E-03
     Exchange-correlation= PBE
                           (   1   4   3   4   0   0   0)
     nstep                     =           20


     celldm(1)=   9.557278  celldm(2)=   0.000000  celldm(3)=   0.000000
     celldm(4)=   0.000000  celldm(5)=   0.000000  celldm(6)=   0.000000

     crystal axes: (cart. coord. in units of alat)
               a(1) = (   1.000000   0.000000   0.000000 )  
               a(2) = (   0.000000   1.000000   0.000000 )  
               a(3) = (   0.000000   0.000000   0.997500 )  

     reciprocal axes: (cart. coord. in units 2 pi/alat)
               b(1) = (  1.000000  0.000000  0.000000 )  
               b(2) = (  0.000000  1.000000  0.000000 )  
               b(3) = (  0.000000  0.000000  1.002506 )  


     PseudoPot. # 1 for K  read from file:
     /home/administrator/Downloads/BURAI/BURAI1.3/pseudopot/K.pbe-spn-kjpaw_psl.1.0.0.UPF
     MD5 check sum: 14ff5a24ff9f8afecca2cb30191d3c3d
     Pseudo is Projector augmented-wave + core cor, Zval =  9.0
     Generated using "atomic" code by A. Dal Corso  v.5.1.2
     Shape of augmentation charge: PSQ
     Using radial grid of 1165 points,  6 beta functions with: 
                l(1) =   0
                l(2) =   0
                l(3) =   1
                l(4) =   1
                l(5) =   2
                l(6) =   2
     Q(r) pseudized with 0 coefficients 


     PseudoPot. # 2 for Co read from file:
     /home/administrator/Downloads/BURAI/BURAI1.3/pseudopot/Co.pbe-spn-kjpaw_psl.1.0.0.UPF
     MD5 check sum: debeb0e0a2756593e9907dd3738e3b12
     Pseudo is Projector augmented-wave + core cor, Zval = 17.0
     Generated using "atomic" code by A. Dal Corso  v.5.1.2
     Shape of augmentation charge: PSQ
     Using radial grid of 1193 points,  6 beta functions with: 
                l(1) =   0
                l(2) =   0
                l(3) =   1
                l(4) =   1
                l(5) =   2
                l(6) =   2
     Q(r) pseudized with 0 coefficients 


     PseudoPot. # 3 for Br read from file:
     /home/administrator/Downloads/BURAI/BURAI1.3/pseudopot/Br.pbe-n-kjpaw_psl.1.0.0.UPF
     MD5 check sum: 4e719ecb11afb5eb9a83625d9f5c08f4
     Pseudo is Projector augmented-wave + core cor, Zval =  7.0
     Generated using "atomic" code by A. Dal Corso  v.5.1.2
     Shape of augmentation charge: PSQ
     Using radial grid of 1213 points,  4 beta functions with: 
                l(1) =   0
                l(2) =   0
                l(3) =   1
                l(4) =   1
     Q(r) pseudized with 0 coefficients 


     atomic species   valence    mass     pseudopotential
     K                 9.00    39.09830     K ( 1.00)
     Co               17.00    58.93320     Co( 1.00)
     Br                7.00    79.90400     Br( 1.00)

     16 Sym. Ops., with inversion, found



   Cartesian axes

     site n.     atom                  positions (alat units)
         1        K      tau(   1) = (   0.0000000   0.0000000   0.0000000  )
         2        Co     tau(   2) = (   0.5000000   0.5000000   0.4987500  )
         3        Br     tau(   3) = (   0.5000000   0.5000000   0.0000000  )
         4        Br     tau(   4) = (   0.5000000   0.0000000   0.4987500  )
         5        Br     tau(   5) = (   0.0000000   0.5000000   0.4987500  )

     number of k points=   126  Gaussian smearing, width (Ry)=  0.0100

     Number of k-points >= 100: set verbosity='high' to print them.

     Dense  grid:   332545 G-vectors     FFT dimensions: (  90,  90,  90)

     Smooth grid:   117609 G-vectors     FFT dimensions: (  64,  64,  64)

     Estimated max dynamical RAM per process >     353.33 MB

     Estimated total dynamical RAM >       2.52 GB

     Initial potential from superposition of free atoms

     starting charge      46.9808, renormalised to      47.0000
     Starting wfcs are   30 randomized atomic wfcs
     Checking if some PAW data can be deallocated... 

     total cpu time spent up to now is     5190.2 secs

     Self-consistent Calculation

     iteration #  1     ecut=   100.00 Ry     beta= 0.30
     Davidson diagonalization with overlap
     ethr =  1.00E-02,  avg # of iterations =  6.0

     total cpu time spent up to now is     5242.2 secs

     total energy              =   -1102.75781047 Ry
     estimated scf accuracy    <       0.85431530 Ry

     iteration #  2     ecut=   100.00 Ry     beta= 0.30
     Davidson diagonalization with overlap
     ethr =  1.82E-03,  avg # of iterations =  4.0

     total cpu time spent up to now is     5291.1 secs

     total energy              =   -1102.97328884 Ry
     estimated scf accuracy    <       1.86572336 Ry

     iteration #  3     ecut=   100.00 Ry     beta= 0.30
     Davidson diagonalization with overlap
     ethr =  1.82E-03,  avg # of iterations =  3.3

     total cpu time spent up to now is     5336.5 secs

     total energy              =   -1103.08161135 Ry
     estimated scf accuracy    <       0.11959484 Ry

     iteration #  4     ecut=   100.00 Ry     beta= 0.30
     Davidson diagonalization with overlap
     ethr =  2.54E-04,  avg # of iterations =  4.1

     total cpu time spent up to now is     5385.2 secs

     total energy              =   -1103.10104608 Ry
     estimated scf accuracy    <       0.08479085 Ry

     iteration #  5     ecut=   100.00 Ry     beta= 0.30
     Davidson diagonalization with overlap
     ethr =  1.80E-04,  avg # of iterations =  2.3

     total cpu time spent up to now is     5427.9 secs

     total energy              =   -1103.11125330 Ry
     estimated scf accuracy    <       0.00123454 Ry

     iteration #  6     ecut=   100.00 Ry     beta= 0.30
     Davidson diagonalization with overlap
     ethr =  2.63E-06,  avg # of iterations =  9.7

     total cpu time spent up to now is     5499.5 secs

     total energy              =   -1103.11489774 Ry
     estimated scf accuracy    <       0.02378832 Ry

     iteration #  7     ecut=   100.00 Ry     beta= 0.30
     Davidson diagonalization with overlap
     ethr =  2.63E-06,  avg # of iterations =  2.3

     total cpu time spent up to now is     5542.0 secs

     total energy              =   -1103.10658668 Ry
     estimated scf accuracy    <       0.03245286 Ry

     iteration #  8     ecut=   100.00 Ry     beta= 0.30
     Davidson diagonalization with overlap
     ethr =  2.63E-06,  avg # of iterations =  4.5

     total cpu time spent up to now is     5600.4 secs

     total energy              =   -1103.11095936 Ry
     estimated scf accuracy    <       0.00131244 Ry

     iteration #  9     ecut=   100.00 Ry     beta= 0.30
     Davidson diagonalization with overlap
     ethr =  2.63E-06,  avg # of iterations =  2.0

     total cpu time spent up to now is     5642.4 secs

     total energy              =   -1103.11106805 Ry
     estimated scf accuracy    <       0.00007220 Ry

     iteration # 10     ecut=   100.00 Ry     beta= 0.30
     Davidson diagonalization with overlap
     ethr =  1.54E-07,  avg # of iterations =  3.7

     total cpu time spent up to now is     5689.9 secs

     total energy              =   -1103.11107307 Ry
     estimated scf accuracy    <       0.00013057 Ry

     iteration # 11     ecut=   100.00 Ry     beta= 0.30
     Davidson diagonalization with overlap
     ethr =  1.54E-07,  avg # of iterations =  2.0

     total cpu time spent up to now is     5731.8 secs

     total energy              =   -1103.11107734 Ry
     estimated scf accuracy    <       0.00012532 Ry

     iteration # 12     ecut=   100.00 Ry     beta= 0.30
     Davidson diagonalization with overlap
     ethr =  1.54E-07,  avg # of iterations =  1.7

     total cpu time spent up to now is     5773.0 secs

     total energy              =   -1103.11108117 Ry
     estimated scf accuracy    <       0.00007914 Ry

     iteration # 13     ecut=   100.00 Ry     beta= 0.30
     Davidson diagonalization with overlap
     ethr =  1.54E-07,  avg # of iterations =  1.4

     total cpu time spent up to now is     5813.3 secs

     total energy              =   -1103.11108186 Ry
     estimated scf accuracy    <       0.00004671 Ry

     iteration # 14     ecut=   100.00 Ry     beta= 0.30
     Davidson diagonalization with overlap
     ethr =  9.94E-08,  avg # of iterations =  2.0

     total cpu time spent up to now is     5854.8 secs

     total energy              =   -1103.11108374 Ry
     estimated scf accuracy    <       0.00000972 Ry

     iteration # 15     ecut=   100.00 Ry     beta= 0.30
     Davidson diagonalization with overlap
     ethr =  2.07E-08,  avg # of iterations =  1.8

     total cpu time spent up to now is     5895.6 secs

     total energy              =   -1103.11108378 Ry
     estimated scf accuracy    <       0.00000373 Ry

     iteration # 16     ecut=   100.00 Ry     beta= 0.30
     Davidson diagonalization with overlap
     ethr =  7.93E-09,  avg # of iterations =  1.7

     total cpu time spent up to now is     5936.2 secs

     total energy              =   -1103.11108398 Ry
     estimated scf accuracy    <       0.00000019 Ry

     iteration # 17     ecut=   100.00 Ry     beta= 0.30
     Davidson diagonalization with overlap
     ethr =  4.14E-10,  avg # of iterations =  3.9

     total cpu time spent up to now is     5983.0 secs

     total energy              =   -1103.11108404 Ry
     estimated scf accuracy    <       0.00000078 Ry

     iteration # 18     ecut=   100.00 Ry     beta= 0.30
     Davidson diagonalization with overlap
     ethr =  4.14E-10,  avg # of iterations =  1.0

     total cpu time spent up to now is     6022.1 secs

     total energy              =   -1103.11108404 Ry
     estimated scf accuracy    <       0.00000086 Ry

     iteration # 19     ecut=   100.00 Ry     beta= 0.30
     Davidson diagonalization with overlap
     ethr =  4.14E-10,  avg # of iterations =  2.1

     total cpu time spent up to now is     6065.3 secs

     total energy              =   -1103.11108401 Ry
     estimated scf accuracy    <       0.00000010 Ry

     iteration # 20     ecut=   100.00 Ry     beta= 0.30
     Davidson diagonalization with overlap
     ethr =  2.14E-10,  avg # of iterations =  3.1

     total cpu time spent up to now is     6111.9 secs

     total energy              =   -1103.11108406 Ry
     estimated scf accuracy    <       0.00000023 Ry

     iteration # 21     ecut=   100.00 Ry     beta= 0.30
     Davidson diagonalization with overlap
     ethr =  2.14E-10,  avg # of iterations =  2.2

     total cpu time spent up to now is     6154.8 secs

     total energy              =   -1103.11108407 Ry
     estimated scf accuracy    <          4.3E-09 Ry

     iteration # 22     ecut=   100.00 Ry     beta= 0.30
     Davidson diagonalization with overlap
     ethr =  9.18E-12,  avg # of iterations =  4.3

     total cpu time spent up to now is     6204.8 secs

     total energy              =   -1103.11108407 Ry
     estimated scf accuracy    <          6.8E-10 Ry

     iteration # 23     ecut=   100.00 Ry     beta= 0.30
     Davidson diagonalization with overlap
     ethr =  1.44E-12,  avg # of iterations =  1.2

     total cpu time spent up to now is     6244.6 secs

     total energy              =   -1103.11108407 Ry
     estimated scf accuracy    <          4.9E-10 Ry

     iteration # 24     ecut=   100.00 Ry     beta= 0.30
     Davidson diagonalization with overlap
     ethr =  1.04E-12,  avg # of iterations =  3.3

     total cpu time spent up to now is     6292.3 secs

     total energy              =   -1103.11108407 Ry
     estimated scf accuracy    <          6.0E-10 Ry

     iteration # 25     ecut=   100.00 Ry     beta= 0.30
     Davidson diagonalization with overlap
     ethr =  1.04E-12,  avg # of iterations =  2.2

     total cpu time spent up to now is     6335.1 secs

     End of self-consistent calculation

     Number of k-points >= 100: set verbosity='high' to print the bands.

     the Fermi energy is     5.2389 ev

!    total energy              =   -1103.11108407 Ry
     total all-electron energy =    -19630.255312 Ry
     estimated scf accuracy    <          2.6E-12 Ry
     smearing contrib. (-TS)   =      -0.00520141 Ry
     internal energy E=F+TS    =   -1103.10588266 Ry

     The total energy is F=E-TS. E is the sum of the following terms:
     one-electron contribution =    -313.33790082 Ry
     hartree contribution      =     178.87269768 Ry
     xc contribution           =     -68.48305163 Ry
     ewald contribution        =    -227.47421408 Ry
     one-center paw contrib.   =    -672.68341381 Ry

     convergence has been achieved in  25 iterations

     Forces acting on atoms (cartesian axes, Ry/au):

     atom    1 type  1   force =     0.00000000    0.00000000    0.00000000
     atom    2 type  2   force =     0.00000000    0.00000000    0.00000000
     atom    3 type  3   force =     0.00000000    0.00000000    0.00000000
     atom    4 type  3   force =     0.00000000    0.00000000    0.00000000
     atom    5 type  3   force =     0.00000000    0.00000000    0.00000000

     Total force =     0.000000     Total SCF correction =     0.000000


     Computing stress (Cartesian axis) and pressure

          total   stress  (Ry/bohr**3)                   (kbar)     P=        0.02
  -0.00000147   0.00000000   0.00000000           -0.22        0.00        0.00
   0.00000000  -0.00000147   0.00000000            0.00       -0.22        0.00
   0.00000000   0.00000000   0.00000336            0.00        0.00        0.49


     BFGS Geometry Optimization
     Energy error            =      0.0E+00 Ry
     Gradient error          =      0.0E+00 Ry/Bohr

     bfgs converged in   1 scf cycles and   0 bfgs steps
     (criteria: energy <  1.0E-07 Ry, force <  1.0E-03 Ry/Bohr)

     End of BFGS Geometry Optimization

     Final energy             =   -1103.1110840748 Ry
Begin final coordinates

ATOMIC_POSITIONS (crystal)
K                0.0000000000        0.0000000000        0.0000000000
Co               0.5000000000        0.5000000000        0.5000000000
Br               0.5000000000        0.5000000000        0.0000000000
Br               0.5000000000        0.0000000000        0.5000000000
Br               0.0000000000        0.5000000000        0.5000000000
End final coordinates



  ----------------------------------------------------------------------------

     Applying the following strain
     (     0.00000,     0.00000,     0.00000  )
     (     0.00000,     0.00000,     0.00000  )
     (     0.00000,     0.00000,     0.00250  )



  ++++++++++++++++++++++++++++++++++++++++++++++++++++++++++++++++++++++++++++
     Doing work    3 /     8
  ++++++++++++++++++++++++++++++++++++++++++++++++++++++++++++++++++++++++++++


     Current dimensions of program PWSCF are:
     Max number of different atomic species (ntypx) = 10
     Max number of k-points (npk) = 120000
     Max angular momentum in pseudopotentials (lmaxx) =  4

     WARNING: check_stop already initialized
     Message from routine setup:
     using ibrav=0 with symmetry is DISCOURAGED, use correct ibrav instead

     Parallelization info
     --------------------
     sticks:   dense  smooth     PW     G-vecs:    dense   smooth      PW
     Min        2902    1457    401               167086    59055    8665
     Max        2911    1460    404               167221    59098    8732
     Sum        5813    2917    805               334307   118153   17397

     Using Pencil Decomposition



     bravais-lattice index     =            0
     lattice parameter (alat)  =       9.5573  a.u.
     unit-cell volume          =     875.1592 (a.u.)^3
     number of atoms/cell      =            5
     number of atomic types    =            3
     number of electrons       =        47.00
     number of Kohn-Sham states=           29
     kinetic-energy cutoff     =     100.0000  Ry
     charge density cutoff     =     800.0000  Ry
     scf convergence threshold =      1.0E-10
     mixing beta               =       0.3000
     number of iterations used =            8  plain     mixing
     energy convergence thresh.=      1.0E-07
     force convergence thresh. =      1.0E-03
     Exchange-correlation= PBE
                           (   1   4   3   4   0   0   0)
     nstep                     =           20


     celldm(1)=   9.557278  celldm(2)=   0.000000  celldm(3)=   0.000000
     celldm(4)=   0.000000  celldm(5)=   0.000000  celldm(6)=   0.000000

     crystal axes: (cart. coord. in units of alat)
               a(1) = (   1.000000   0.000000   0.000000 )  
               a(2) = (   0.000000   1.000000   0.000000 )  
               a(3) = (   0.000000   0.000000   1.002500 )  

     reciprocal axes: (cart. coord. in units 2 pi/alat)
               b(1) = (  1.000000  0.000000  0.000000 )  
               b(2) = (  0.000000  1.000000  0.000000 )  
               b(3) = (  0.000000  0.000000  0.997506 )  


     PseudoPot. # 1 for K  read from file:
     /home/administrator/Downloads/BURAI/BURAI1.3/pseudopot/K.pbe-spn-kjpaw_psl.1.0.0.UPF
     MD5 check sum: 14ff5a24ff9f8afecca2cb30191d3c3d
     Pseudo is Projector augmented-wave + core cor, Zval =  9.0
     Generated using "atomic" code by A. Dal Corso  v.5.1.2
     Shape of augmentation charge: PSQ
     Using radial grid of 1165 points,  6 beta functions with: 
                l(1) =   0
                l(2) =   0
                l(3) =   1
                l(4) =   1
                l(5) =   2
                l(6) =   2
     Q(r) pseudized with 0 coefficients 


     PseudoPot. # 2 for Co read from file:
     /home/administrator/Downloads/BURAI/BURAI1.3/pseudopot/Co.pbe-spn-kjpaw_psl.1.0.0.UPF
     MD5 check sum: debeb0e0a2756593e9907dd3738e3b12
     Pseudo is Projector augmented-wave + core cor, Zval = 17.0
     Generated using "atomic" code by A. Dal Corso  v.5.1.2
     Shape of augmentation charge: PSQ
     Using radial grid of 1193 points,  6 beta functions with: 
                l(1) =   0
                l(2) =   0
                l(3) =   1
                l(4) =   1
                l(5) =   2
                l(6) =   2
     Q(r) pseudized with 0 coefficients 


     PseudoPot. # 3 for Br read from file:
     /home/administrator/Downloads/BURAI/BURAI1.3/pseudopot/Br.pbe-n-kjpaw_psl.1.0.0.UPF
     MD5 check sum: 4e719ecb11afb5eb9a83625d9f5c08f4
     Pseudo is Projector augmented-wave + core cor, Zval =  7.0
     Generated using "atomic" code by A. Dal Corso  v.5.1.2
     Shape of augmentation charge: PSQ
     Using radial grid of 1213 points,  4 beta functions with: 
                l(1) =   0
                l(2) =   0
                l(3) =   1
                l(4) =   1
     Q(r) pseudized with 0 coefficients 


     atomic species   valence    mass     pseudopotential
     K                 9.00    39.09830     K ( 1.00)
     Co               17.00    58.93320     Co( 1.00)
     Br                7.00    79.90400     Br( 1.00)

     16 Sym. Ops., with inversion, found



   Cartesian axes

     site n.     atom                  positions (alat units)
         1        K      tau(   1) = (   0.0000000   0.0000000   0.0000000  )
         2        Co     tau(   2) = (   0.5000000   0.5000000   0.5012500  )
         3        Br     tau(   3) = (   0.5000000   0.5000000   0.0000000  )
         4        Br     tau(   4) = (   0.5000000   0.0000000   0.5012500  )
         5        Br     tau(   5) = (   0.0000000   0.5000000   0.5012500  )

     number of k points=   126  Gaussian smearing, width (Ry)=  0.0100

     Number of k-points >= 100: set verbosity='high' to print them.

     Dense  grid:   334307 G-vectors     FFT dimensions: (  90,  90,  90)

     Smooth grid:   118153 G-vectors     FFT dimensions: (  64,  64,  64)

     Estimated max dynamical RAM per process >     354.92 MB

     Estimated total dynamical RAM >       2.53 GB

     Initial potential from superposition of free atoms

     starting charge      46.9808, renormalised to      47.0000
     Starting wfcs are   30 randomized atomic wfcs
     Checking if some PAW data can be deallocated... 

     total cpu time spent up to now is     6383.0 secs

     Self-consistent Calculation

     iteration #  1     ecut=   100.00 Ry     beta= 0.30
     Davidson diagonalization with overlap
     ethr =  1.00E-02,  avg # of iterations =  5.9

     total cpu time spent up to now is     6434.4 secs

     total energy              =   -1102.74616600 Ry
     estimated scf accuracy    <       1.05072737 Ry

     iteration #  2     ecut=   100.00 Ry     beta= 0.30
     Davidson diagonalization with overlap
     ethr =  2.24E-03,  avg # of iterations =  3.8

     total cpu time spent up to now is     6481.2 secs

     total energy              =   -1102.95024451 Ry
     estimated scf accuracy    <       1.90486556 Ry

     iteration #  3     ecut=   100.00 Ry     beta= 0.30
     Davidson diagonalization with overlap
     ethr =  2.24E-03,  avg # of iterations =  3.2

     total cpu time spent up to now is     6526.2 secs

     total energy              =   -1103.09720734 Ry
     estimated scf accuracy    <       0.09965919 Ry

     iteration #  4     ecut=   100.00 Ry     beta= 0.30
     Davidson diagonalization with overlap
     ethr =  2.12E-04,  avg # of iterations =  4.4

     total cpu time spent up to now is     6574.1 secs

     total energy              =   -1103.10983353 Ry
     estimated scf accuracy    <       0.01022209 Ry

     iteration #  5     ecut=   100.00 Ry     beta= 0.30
     Davidson diagonalization with overlap
     ethr =  2.17E-05,  avg # of iterations =  6.8

     total cpu time spent up to now is     6628.9 secs

     total energy              =   -1103.11098284 Ry
     estimated scf accuracy    <       0.00335245 Ry

     iteration #  6     ecut=   100.00 Ry     beta= 0.30
     Davidson diagonalization with overlap
     ethr =  7.13E-06,  avg # of iterations =  2.3

     total cpu time spent up to now is     6671.2 secs

     total energy              =   -1103.11110484 Ry
     estimated scf accuracy    <       0.00151500 Ry

     iteration #  7     ecut=   100.00 Ry     beta= 0.30
     Davidson diagonalization with overlap
     ethr =  3.22E-06,  avg # of iterations =  2.0

     total cpu time spent up to now is     6712.9 secs

     total energy              =   -1103.11105609 Ry
     estimated scf accuracy    <       0.00131331 Ry

     iteration #  8     ecut=   100.00 Ry     beta= 0.30
     Davidson diagonalization with overlap
     ethr =  2.79E-06,  avg # of iterations =  1.2

     total cpu time spent up to now is     6752.8 secs

     total energy              =   -1103.11108759 Ry
     estimated scf accuracy    <       0.00069053 Ry

     iteration #  9     ecut=   100.00 Ry     beta= 0.30
     Davidson diagonalization with overlap
     ethr =  1.47E-06,  avg # of iterations =  1.2

     total cpu time spent up to now is     6792.4 secs

     total energy              =   -1103.11109219 Ry
     estimated scf accuracy    <       0.00070233 Ry

     iteration # 10     ecut=   100.00 Ry     beta= 0.30
     Davidson diagonalization with overlap
     ethr =  1.47E-06,  avg # of iterations =  1.0

     total cpu time spent up to now is     6831.6 secs

     total energy              =   -1103.11102759 Ry
     estimated scf accuracy    <       0.00076476 Ry

     iteration # 11     ecut=   100.00 Ry     beta= 0.30
     Davidson diagonalization with overlap
     ethr =  1.47E-06,  avg # of iterations =  1.6

     total cpu time spent up to now is     6872.3 secs

     total energy              =   -1103.11106839 Ry
     estimated scf accuracy    <       0.00074559 Ry

     iteration # 12     ecut=   100.00 Ry     beta= 0.30
     Davidson diagonalization with overlap
     ethr =  1.47E-06,  avg # of iterations =  1.0

     total cpu time spent up to now is     6911.5 secs

     total energy              =   -1103.11102289 Ry
     estimated scf accuracy    <       0.00021425 Ry

     iteration # 13     ecut=   100.00 Ry     beta= 0.30
     Davidson diagonalization with overlap
     ethr =  4.56E-07,  avg # of iterations =  3.1

     total cpu time spent up to now is     6959.0 secs

     total energy              =   -1103.11107901 Ry
     estimated scf accuracy    <       0.00273228 Ry

     iteration # 14     ecut=   100.00 Ry     beta= 0.30
     Davidson diagonalization with overlap
     ethr =  4.56E-07,  avg # of iterations =  1.0

     total cpu time spent up to now is     6998.1 secs

     total energy              =   -1103.11109660 Ry
     estimated scf accuracy    <       0.00271824 Ry

     iteration # 15     ecut=   100.00 Ry     beta= 0.30
     Davidson diagonalization with overlap
     ethr =  4.56E-07,  avg # of iterations =  2.9

     total cpu time spent up to now is     7044.3 secs

     total energy              =   -1103.11121253 Ry
     estimated scf accuracy    <       0.00730266 Ry

     iteration # 16     ecut=   100.00 Ry     beta= 0.30
     Davidson diagonalization with overlap
     ethr =  4.56E-07,  avg # of iterations =  2.2

     total cpu time spent up to now is     7089.0 secs

     total energy              =   -1103.11118640 Ry
     estimated scf accuracy    <       0.01239645 Ry

     iteration # 17     ecut=   100.00 Ry     beta= 0.30
     Davidson diagonalization with overlap
     ethr =  4.56E-07,  avg # of iterations =  1.0

     total cpu time spent up to now is     7128.3 secs

     total energy              =   -1103.11112102 Ry
     estimated scf accuracy    <       0.00842197 Ry

     iteration # 18     ecut=   100.00 Ry     beta= 0.30
     Davidson diagonalization with overlap
     ethr =  4.56E-07,  avg # of iterations =  2.0

     total cpu time spent up to now is     7170.2 secs

     total energy              =   -1103.11090984 Ry
     estimated scf accuracy    <       0.00519606 Ry

     iteration # 19     ecut=   100.00 Ry     beta= 0.30
     Davidson diagonalization with overlap
     ethr =  4.56E-07,  avg # of iterations =  4.2

     total cpu time spent up to now is     7222.5 secs

     total energy              =   -1103.11107524 Ry
     estimated scf accuracy    <       0.00042449 Ry

     iteration # 20     ecut=   100.00 Ry     beta= 0.30
     Davidson diagonalization with overlap
     ethr =  4.56E-07,  avg # of iterations =  1.0

     total cpu time spent up to now is     7261.7 secs

     total energy              =   -1103.11107675 Ry
     estimated scf accuracy    <       0.00033353 Ry

     iteration # 21     ecut=   100.00 Ry     beta= 0.30
     Davidson diagonalization with overlap
     ethr =  4.56E-07,  avg # of iterations =  1.0

     total cpu time spent up to now is     7300.7 secs

     total energy              =   -1103.11107845 Ry
     estimated scf accuracy    <       0.00030874 Ry

     iteration # 22     ecut=   100.00 Ry     beta= 0.30
     Davidson diagonalization with overlap
     ethr =  4.56E-07,  avg # of iterations =  1.0

     total cpu time spent up to now is     7339.9 secs

     total energy              =   -1103.11108054 Ry
     estimated scf accuracy    <       0.00018799 Ry

     iteration # 23     ecut=   100.00 Ry     beta= 0.30
     Davidson diagonalization with overlap
     ethr =  4.00E-07,  avg # of iterations =  1.3

     total cpu time spent up to now is     7379.8 secs

     total energy              =   -1103.11108173 Ry
     estimated scf accuracy    <       0.00008645 Ry

     iteration # 24     ecut=   100.00 Ry     beta= 0.30
     Davidson diagonalization with overlap
     ethr =  1.84E-07,  avg # of iterations =  1.5

     total cpu time spent up to now is     7420.0 secs

     total energy              =   -1103.11108293 Ry
     estimated scf accuracy    <       0.00001658 Ry

     iteration # 25     ecut=   100.00 Ry     beta= 0.30
     Davidson diagonalization with overlap
     ethr =  3.53E-08,  avg # of iterations =  2.8

     total cpu time spent up to now is     7463.0 secs

     total energy              =   -1103.11108374 Ry
     estimated scf accuracy    <       0.00000993 Ry

     iteration # 26     ecut=   100.00 Ry     beta= 0.30
     Davidson diagonalization with overlap
     ethr =  2.11E-08,  avg # of iterations =  1.8

     total cpu time spent up to now is     7503.9 secs

     total energy              =   -1103.11108396 Ry
     estimated scf accuracy    <       0.00000175 Ry

     iteration # 27     ecut=   100.00 Ry     beta= 0.30
     Davidson diagonalization with overlap
     ethr =  3.73E-09,  avg # of iterations =  3.0

     total cpu time spent up to now is     7549.1 secs

     total energy              =   -1103.11108415 Ry
     estimated scf accuracy    <       0.00000003 Ry

     iteration # 28     ecut=   100.00 Ry     beta= 0.30
     Davidson diagonalization with overlap
     ethr =  6.73E-11,  avg # of iterations =  4.2

     total cpu time spent up to now is     7599.8 secs

     total energy              =   -1103.11108421 Ry
     estimated scf accuracy    <          9.7E-09 Ry

     iteration # 29     ecut=   100.00 Ry     beta= 0.30
     Davidson diagonalization with overlap
     ethr =  2.07E-11,  avg # of iterations =  1.2

     total cpu time spent up to now is     7639.6 secs

     total energy              =   -1103.11108423 Ry
     estimated scf accuracy    <       0.00000002 Ry

     iteration # 30     ecut=   100.00 Ry     beta= 0.30
     Davidson diagonalization with overlap
     ethr =  2.07E-11,  avg # of iterations =  2.5

     total cpu time spent up to now is     7684.0 secs

     total energy              =   -1103.11108424 Ry
     estimated scf accuracy    <          3.9E-09 Ry

     iteration # 31     ecut=   100.00 Ry     beta= 0.30
     Davidson diagonalization with overlap
     ethr =  8.27E-12,  avg # of iterations =  2.1

     total cpu time spent up to now is     7726.5 secs

     End of self-consistent calculation

     Number of k-points >= 100: set verbosity='high' to print the bands.

     the Fermi energy is     5.1810 ev

!    total energy              =   -1103.11108425 Ry
     total all-electron energy =    -19630.255312 Ry
     estimated scf accuracy    <          2.3E-11 Ry
     smearing contrib. (-TS)   =      -0.00523131 Ry
     internal energy E=F+TS    =   -1103.10585294 Ry

     The total energy is F=E-TS. E is the sum of the following terms:
     one-electron contribution =    -313.93152218 Ry
     hartree contribution      =     179.07828857 Ry
     xc contribution           =     -68.47448606 Ry
     ewald contribution        =    -227.09540753 Ry
     one-center paw contrib.   =    -672.68272575 Ry

     convergence has been achieved in  31 iterations

     Forces acting on atoms (cartesian axes, Ry/au):

     atom    1 type  1   force =     0.00000000    0.00000000    0.00000000
     atom    2 type  2   force =     0.00000000    0.00000000    0.00000000
     atom    3 type  3   force =     0.00000000    0.00000000    0.00000000
     atom    4 type  3   force =     0.00000000    0.00000000    0.00000000
     atom    5 type  3   force =     0.00000000    0.00000000    0.00000000

     Total force =     0.000000     Total SCF correction =     0.000000


     Computing stress (Cartesian axis) and pressure

          total   stress  (Ry/bohr**3)                   (kbar)     P=       -1.80
  -0.00001067   0.00000000   0.00000000           -1.57        0.00        0.00
   0.00000000  -0.00001067   0.00000000            0.00       -1.57        0.00
   0.00000000   0.00000000  -0.00001537            0.00        0.00       -2.26


     BFGS Geometry Optimization
     Energy error            =      0.0E+00 Ry
     Gradient error          =      0.0E+00 Ry/Bohr

     bfgs converged in   1 scf cycles and   0 bfgs steps
     (criteria: energy <  1.0E-07 Ry, force <  1.0E-03 Ry/Bohr)

     End of BFGS Geometry Optimization

     Final energy             =   -1103.1110842478 Ry
Begin final coordinates

ATOMIC_POSITIONS (crystal)
K                0.0000000000        0.0000000000        0.0000000000
Co               0.5000000000        0.5000000000        0.5000000000
Br               0.5000000000        0.5000000000        0.0000000000
Br               0.5000000000        0.0000000000        0.5000000000
Br               0.0000000000        0.5000000000        0.5000000000
End final coordinates



  ----------------------------------------------------------------------------

     Applying the following strain
     (     0.00000,     0.00000,     0.00000  )
     (     0.00000,     0.00000,     0.00000  )
     (     0.00000,     0.00000,     0.00750  )



  ++++++++++++++++++++++++++++++++++++++++++++++++++++++++++++++++++++++++++++
     Doing work    4 /     8
  ++++++++++++++++++++++++++++++++++++++++++++++++++++++++++++++++++++++++++++


     Current dimensions of program PWSCF are:
     Max number of different atomic species (ntypx) = 10
     Max number of k-points (npk) = 120000
     Max angular momentum in pseudopotentials (lmaxx) =  4

     WARNING: check_stop already initialized
     Message from routine setup:
     using ibrav=0 with symmetry is DISCOURAGED, use correct ibrav instead

     Parallelization info
     --------------------
     sticks:   dense  smooth     PW     G-vecs:    dense   smooth      PW
     Min        2900    1454    399               167974    59363    8715
     Max        2913    1463    406               168085    59406    8786
     Sum        5813    2917    805               336059   118769   17501

     Using Pencil Decomposition



     bravais-lattice index     =            0
     lattice parameter (alat)  =       9.5573  a.u.
     unit-cell volume          =     879.5240 (a.u.)^3
     number of atoms/cell      =            5
     number of atomic types    =            3
     number of electrons       =        47.00
     number of Kohn-Sham states=           29
     kinetic-energy cutoff     =     100.0000  Ry
     charge density cutoff     =     800.0000  Ry
     scf convergence threshold =      1.0E-10
     mixing beta               =       0.3000
     number of iterations used =            8  plain     mixing
     energy convergence thresh.=      1.0E-07
     force convergence thresh. =      1.0E-03
     Exchange-correlation= PBE
                           (   1   4   3   4   0   0   0)
     nstep                     =           20


     celldm(1)=   9.557278  celldm(2)=   0.000000  celldm(3)=   0.000000
     celldm(4)=   0.000000  celldm(5)=   0.000000  celldm(6)=   0.000000

     crystal axes: (cart. coord. in units of alat)
               a(1) = (   1.000000   0.000000   0.000000 )  
               a(2) = (   0.000000   1.000000   0.000000 )  
               a(3) = (   0.000000   0.000000   1.007500 )  

     reciprocal axes: (cart. coord. in units 2 pi/alat)
               b(1) = (  1.000000  0.000000  0.000000 )  
               b(2) = (  0.000000  1.000000  0.000000 )  
               b(3) = (  0.000000  0.000000  0.992556 )  


     PseudoPot. # 1 for K  read from file:
     /home/administrator/Downloads/BURAI/BURAI1.3/pseudopot/K.pbe-spn-kjpaw_psl.1.0.0.UPF
     MD5 check sum: 14ff5a24ff9f8afecca2cb30191d3c3d
     Pseudo is Projector augmented-wave + core cor, Zval =  9.0
     Generated using "atomic" code by A. Dal Corso  v.5.1.2
     Shape of augmentation charge: PSQ
     Using radial grid of 1165 points,  6 beta functions with: 
                l(1) =   0
                l(2) =   0
                l(3) =   1
                l(4) =   1
                l(5) =   2
                l(6) =   2
     Q(r) pseudized with 0 coefficients 


     PseudoPot. # 2 for Co read from file:
     /home/administrator/Downloads/BURAI/BURAI1.3/pseudopot/Co.pbe-spn-kjpaw_psl.1.0.0.UPF
     MD5 check sum: debeb0e0a2756593e9907dd3738e3b12
     Pseudo is Projector augmented-wave + core cor, Zval = 17.0
     Generated using "atomic" code by A. Dal Corso  v.5.1.2
     Shape of augmentation charge: PSQ
     Using radial grid of 1193 points,  6 beta functions with: 
                l(1) =   0
                l(2) =   0
                l(3) =   1
                l(4) =   1
                l(5) =   2
                l(6) =   2
     Q(r) pseudized with 0 coefficients 


     PseudoPot. # 3 for Br read from file:
     /home/administrator/Downloads/BURAI/BURAI1.3/pseudopot/Br.pbe-n-kjpaw_psl.1.0.0.UPF
     MD5 check sum: 4e719ecb11afb5eb9a83625d9f5c08f4
     Pseudo is Projector augmented-wave + core cor, Zval =  7.0
     Generated using "atomic" code by A. Dal Corso  v.5.1.2
     Shape of augmentation charge: PSQ
     Using radial grid of 1213 points,  4 beta functions with: 
                l(1) =   0
                l(2) =   0
                l(3) =   1
                l(4) =   1
     Q(r) pseudized with 0 coefficients 


     atomic species   valence    mass     pseudopotential
     K                 9.00    39.09830     K ( 1.00)
     Co               17.00    58.93320     Co( 1.00)
     Br                7.00    79.90400     Br( 1.00)

     16 Sym. Ops., with inversion, found



   Cartesian axes

     site n.     atom                  positions (alat units)
         1        K      tau(   1) = (   0.0000000   0.0000000   0.0000000  )
         2        Co     tau(   2) = (   0.5000000   0.5000000   0.5037500  )
         3        Br     tau(   3) = (   0.5000000   0.5000000   0.0000000  )
         4        Br     tau(   4) = (   0.5000000   0.0000000   0.5037500  )
         5        Br     tau(   5) = (   0.0000000   0.5000000   0.5037500  )

     number of k points=   126  Gaussian smearing, width (Ry)=  0.0100

     Number of k-points >= 100: set verbosity='high' to print them.

     Dense  grid:   336059 G-vectors     FFT dimensions: (  90,  90,  90)

     Smooth grid:   118769 G-vectors     FFT dimensions: (  64,  64,  64)

     Estimated max dynamical RAM per process >     356.45 MB

     Estimated total dynamical RAM >       2.54 GB

     Initial potential from superposition of free atoms

     starting charge      46.9808, renormalised to      47.0000
     Starting wfcs are   30 randomized atomic wfcs
     Checking if some PAW data can be deallocated... 

     total cpu time spent up to now is     7774.0 secs

     Self-consistent Calculation

     iteration #  1     ecut=   100.00 Ry     beta= 0.30
     Davidson diagonalization with overlap
     ethr =  1.00E-02,  avg # of iterations =  5.8

     total cpu time spent up to now is     7825.5 secs

     total energy              =   -1102.75805347 Ry
     estimated scf accuracy    <       0.91218425 Ry

     iteration #  2     ecut=   100.00 Ry     beta= 0.30
     Davidson diagonalization with overlap
     ethr =  1.94E-03,  avg # of iterations =  4.0

     total cpu time spent up to now is     7873.1 secs

     total energy              =   -1102.97035021 Ry
     estimated scf accuracy    <       1.89483428 Ry

     iteration #  3     ecut=   100.00 Ry     beta= 0.30
     Davidson diagonalization with overlap
     ethr =  1.94E-03,  avg # of iterations =  3.3

     total cpu time spent up to now is     7918.0 secs

     total energy              =   -1103.07777839 Ry
     estimated scf accuracy    <       0.12800313 Ry

     iteration #  4     ecut=   100.00 Ry     beta= 0.30
     Davidson diagonalization with overlap
     ethr =  2.72E-04,  avg # of iterations =  4.4

     total cpu time spent up to now is     7968.1 secs

     total energy              =   -1103.09293131 Ry
     estimated scf accuracy    <       0.13435640 Ry

     iteration #  5     ecut=   100.00 Ry     beta= 0.30
     Davidson diagonalization with overlap
     ethr =  2.72E-04,  avg # of iterations =  2.1

     total cpu time spent up to now is     8010.5 secs

     total energy              =   -1103.11296081 Ry
     estimated scf accuracy    <       0.00440510 Ry

     iteration #  6     ecut=   100.00 Ry     beta= 0.30
     Davidson diagonalization with overlap
     ethr =  9.37E-06,  avg # of iterations =  8.8

     total cpu time spent up to now is     8077.1 secs

     total energy              =   -1103.12284782 Ry
     estimated scf accuracy    <       0.05454206 Ry

     iteration #  7     ecut=   100.00 Ry     beta= 0.30
     Davidson diagonalization with overlap
     ethr =  9.37E-06,  avg # of iterations =  3.0

     total cpu time spent up to now is     8121.6 secs

     total energy              =   -1103.10104951 Ry
     estimated scf accuracy    <       0.10046529 Ry

     iteration #  8     ecut=   100.00 Ry     beta= 0.30
     Davidson diagonalization with overlap
     ethr =  9.37E-06,  avg # of iterations =  4.1

     total cpu time spent up to now is     8176.6 secs

     total energy              =   -1103.11096017 Ry
     estimated scf accuracy    <       0.00044329 Ry

     iteration #  9     ecut=   100.00 Ry     beta= 0.30
     Davidson diagonalization with overlap
     ethr =  9.43E-07,  avg # of iterations =  3.8

     total cpu time spent up to now is     8221.9 secs

     total energy              =   -1103.11099312 Ry
     estimated scf accuracy    <       0.00041193 Ry

     iteration # 10     ecut=   100.00 Ry     beta= 0.30
     Davidson diagonalization with overlap
     ethr =  8.76E-07,  avg # of iterations =  2.1

     total cpu time spent up to now is     8263.6 secs

     total energy              =   -1103.11094366 Ry
     estimated scf accuracy    <       0.00034119 Ry

     iteration # 11     ecut=   100.00 Ry     beta= 0.30
     Davidson diagonalization with overlap
     ethr =  7.26E-07,  avg # of iterations =  2.2

     total cpu time spent up to now is     8306.2 secs

     total energy              =   -1103.11099592 Ry
     estimated scf accuracy    <       0.00005323 Ry

     iteration # 12     ecut=   100.00 Ry     beta= 0.30
     Davidson diagonalization with overlap
     ethr =  1.13E-07,  avg # of iterations =  3.2

     total cpu time spent up to now is     8351.4 secs

     total energy              =   -1103.11098495 Ry
     estimated scf accuracy    <       0.00006120 Ry

     iteration # 13     ecut=   100.00 Ry     beta= 0.30
     Davidson diagonalization with overlap
     ethr =  1.13E-07,  avg # of iterations =  2.8

     total cpu time spent up to now is     8397.5 secs

     total energy              =   -1103.11099638 Ry
     estimated scf accuracy    <       0.00002082 Ry

     iteration # 14     ecut=   100.00 Ry     beta= 0.30
     Davidson diagonalization with overlap
     ethr =  4.43E-08,  avg # of iterations =  3.0

     total cpu time spent up to now is     8444.1 secs

     total energy              =   -1103.11100265 Ry
     estimated scf accuracy    <       0.00002943 Ry

     iteration # 15     ecut=   100.00 Ry     beta= 0.30
     Davidson diagonalization with overlap
     ethr =  4.43E-08,  avg # of iterations =  2.0

     total cpu time spent up to now is     8485.3 secs

     total energy              =   -1103.11100339 Ry
     estimated scf accuracy    <       0.00000053 Ry

     iteration # 16     ecut=   100.00 Ry     beta= 0.30
     Davidson diagonalization with overlap
     ethr =  1.12E-09,  avg # of iterations =  2.7

     total cpu time spent up to now is     8531.3 secs

     total energy              =   -1103.11100356 Ry
     estimated scf accuracy    <       0.00000303 Ry

     iteration # 17     ecut=   100.00 Ry     beta= 0.30
     Davidson diagonalization with overlap
     ethr =  1.12E-09,  avg # of iterations =  2.5

     total cpu time spent up to now is     8575.9 secs

     total energy              =   -1103.11100364 Ry
     estimated scf accuracy    <       0.00000007 Ry

     iteration # 18     ecut=   100.00 Ry     beta= 0.30
     Davidson diagonalization with overlap
     ethr =  1.56E-10,  avg # of iterations =  3.9

     total cpu time spent up to now is     8625.7 secs

     total energy              =   -1103.11100373 Ry
     estimated scf accuracy    <       0.00000002 Ry

     iteration # 19     ecut=   100.00 Ry     beta= 0.30
     Davidson diagonalization with overlap
     ethr =  5.31E-11,  avg # of iterations =  2.0

     total cpu time spent up to now is     8666.9 secs

     total energy              =   -1103.11100374 Ry
     estimated scf accuracy    <          5.0E-09 Ry

     iteration # 20     ecut=   100.00 Ry     beta= 0.30
     Davidson diagonalization with overlap
     ethr =  1.05E-11,  avg # of iterations =  1.8

     total cpu time spent up to now is     8708.1 secs

     total energy              =   -1103.11100375 Ry
     estimated scf accuracy    <          1.5E-10 Ry

     iteration # 21     ecut=   100.00 Ry     beta= 0.30
     Davidson diagonalization with overlap
     ethr =  3.27E-13,  avg # of iterations =  4.8

     total cpu time spent up to now is     8763.2 secs

     total energy              =   -1103.11100375 Ry
     estimated scf accuracy    <          1.3E-09 Ry

     iteration # 22     ecut=   100.00 Ry     beta= 0.30
     Davidson diagonalization with overlap
     ethr =  3.27E-13,  avg # of iterations =  3.5

     total cpu time spent up to now is     8811.8 secs

     End of self-consistent calculation

     Number of k-points >= 100: set verbosity='high' to print the bands.

     the Fermi energy is     5.1242 ev

!    total energy              =   -1103.11100376 Ry
     total all-electron energy =    -19630.255231 Ry
     estimated scf accuracy    <          9.9E-11 Ry
     smearing contrib. (-TS)   =      -0.00525394 Ry
     internal energy E=F+TS    =   -1103.10574981 Ry

     The total energy is F=E-TS. E is the sum of the following terms:
     one-electron contribution =    -314.52841587 Ry
     hartree contribution      =     179.28644719 Ry
     xc contribution           =     -68.46611449 Ry
     ewald contribution        =    -226.71560630 Ry
     one-center paw contrib.   =    -672.68206035 Ry

     convergence has been achieved in  22 iterations

     Forces acting on atoms (cartesian axes, Ry/au):

     atom    1 type  1   force =     0.00000000    0.00000000    0.00000000
     atom    2 type  2   force =     0.00000000    0.00000000    0.00000000
     atom    3 type  3   force =     0.00000000    0.00000000    0.00000000
     atom    4 type  3   force =     0.00000000    0.00000000    0.00000000
     atom    5 type  3   force =     0.00000000    0.00000000    0.00000000

     Total force =     0.000000     Total SCF correction =     0.000000


     Computing stress (Cartesian axis) and pressure

          total   stress  (Ry/bohr**3)                   (kbar)     P=       -3.54
  -0.00001949   0.00000000   0.00000000           -2.87        0.00        0.00
   0.00000000  -0.00001949   0.00000000            0.00       -2.87        0.00
   0.00000000   0.00000000  -0.00003325            0.00        0.00       -4.89


     BFGS Geometry Optimization
     Energy error            =      0.0E+00 Ry
     Gradient error          =      0.0E+00 Ry/Bohr

     bfgs converged in   1 scf cycles and   0 bfgs steps
     (criteria: energy <  1.0E-07 Ry, force <  1.0E-03 Ry/Bohr)

     End of BFGS Geometry Optimization

     Final energy             =   -1103.1110037589 Ry
Begin final coordinates

ATOMIC_POSITIONS (crystal)
K                0.0000000000        0.0000000000        0.0000000000
Co               0.5000000000        0.5000000000        0.5000000000
Br               0.5000000000        0.5000000000        0.0000000000
Br               0.5000000000        0.0000000000        0.5000000000
Br               0.0000000000        0.5000000000        0.5000000000
End final coordinates



  ----------------------------------------------------------------------------

     Applying the following strain
     (     0.00000,    -0.00750,    -0.00750  )
     (    -0.00750,     0.00000,    -0.00750  )
     (    -0.00750,    -0.00750,     0.00000  )



  ++++++++++++++++++++++++++++++++++++++++++++++++++++++++++++++++++++++++++++
     Doing work    5 /     8
  ++++++++++++++++++++++++++++++++++++++++++++++++++++++++++++++++++++++++++++


     Current dimensions of program PWSCF are:
     Max number of different atomic species (ntypx) = 10
     Max number of k-points (npk) = 120000
     Max angular momentum in pseudopotentials (lmaxx) =  4

     WARNING: check_stop already initialized
     Message from routine setup:
     using ibrav=0 with symmetry is DISCOURAGED, use correct ibrav instead

     Parallelization info
     --------------------
     sticks:   dense  smooth     PW     G-vecs:    dense   smooth      PW
     Min        2903    1451    405               166625    58964    8689
     Max        2910    1462    408               166730    59001    8724
     Sum        5813    2913    813               333355   117965   17413

     Using Pencil Decomposition



     bravais-lattice index     =            0
     lattice parameter (alat)  =       9.5573  a.u.
     unit-cell volume          =     872.8287 (a.u.)^3
     number of atoms/cell      =            5
     number of atomic types    =            3
     number of electrons       =        47.00
     number of Kohn-Sham states=           29
     kinetic-energy cutoff     =     100.0000  Ry
     charge density cutoff     =     800.0000  Ry
     scf convergence threshold =      1.0E-10
     mixing beta               =       0.3000
     number of iterations used =            8  plain     mixing
     energy convergence thresh.=      1.0E-07
     force convergence thresh. =      1.0E-03
     Exchange-correlation= PBE
                           (   1   4   3   4   0   0   0)
     nstep                     =           20


     celldm(1)=   9.557278  celldm(2)=   0.000000  celldm(3)=   0.000000
     celldm(4)=   0.000000  celldm(5)=   0.000000  celldm(6)=   0.000000

     crystal axes: (cart. coord. in units of alat)
               a(1) = (   1.000000  -0.007500  -0.007500 )  
               a(2) = (  -0.007500   1.000000  -0.007500 )  
               a(3) = (  -0.007500  -0.007500   1.000000 )  

     reciprocal axes: (cart. coord. in units 2 pi/alat)
               b(1) = (  1.000113  0.007558  0.007558 )  
               b(2) = (  0.007558  1.000113  0.007558 )  
               b(3) = (  0.007558  0.007558  1.000113 )  


     PseudoPot. # 1 for K  read from file:
     /home/administrator/Downloads/BURAI/BURAI1.3/pseudopot/K.pbe-spn-kjpaw_psl.1.0.0.UPF
     MD5 check sum: 14ff5a24ff9f8afecca2cb30191d3c3d
     Pseudo is Projector augmented-wave + core cor, Zval =  9.0
     Generated using "atomic" code by A. Dal Corso  v.5.1.2
     Shape of augmentation charge: PSQ
     Using radial grid of 1165 points,  6 beta functions with: 
                l(1) =   0
                l(2) =   0
                l(3) =   1
                l(4) =   1
                l(5) =   2
                l(6) =   2
     Q(r) pseudized with 0 coefficients 


     PseudoPot. # 2 for Co read from file:
     /home/administrator/Downloads/BURAI/BURAI1.3/pseudopot/Co.pbe-spn-kjpaw_psl.1.0.0.UPF
     MD5 check sum: debeb0e0a2756593e9907dd3738e3b12
     Pseudo is Projector augmented-wave + core cor, Zval = 17.0
     Generated using "atomic" code by A. Dal Corso  v.5.1.2
     Shape of augmentation charge: PSQ
     Using radial grid of 1193 points,  6 beta functions with: 
                l(1) =   0
                l(2) =   0
                l(3) =   1
                l(4) =   1
                l(5) =   2
                l(6) =   2
     Q(r) pseudized with 0 coefficients 


     PseudoPot. # 3 for Br read from file:
     /home/administrator/Downloads/BURAI/BURAI1.3/pseudopot/Br.pbe-n-kjpaw_psl.1.0.0.UPF
     MD5 check sum: 4e719ecb11afb5eb9a83625d9f5c08f4
     Pseudo is Projector augmented-wave + core cor, Zval =  7.0
     Generated using "atomic" code by A. Dal Corso  v.5.1.2
     Shape of augmentation charge: PSQ
     Using radial grid of 1213 points,  4 beta functions with: 
                l(1) =   0
                l(2) =   0
                l(3) =   1
                l(4) =   1
     Q(r) pseudized with 0 coefficients 


     atomic species   valence    mass     pseudopotential
     K                 9.00    39.09830     K ( 1.00)
     Co               17.00    58.93320     Co( 1.00)
     Br                7.00    79.90400     Br( 1.00)

     12 Sym. Ops., with inversion, found



   Cartesian axes

     site n.     atom                  positions (alat units)
         1        K      tau(   1) = (   0.0000000   0.0000000   0.0000000  )
         2        Co     tau(   2) = (   0.4925000   0.4925000   0.4925000  )
         3        Br     tau(   3) = (   0.4962500   0.4962500  -0.0075000  )
         4        Br     tau(   4) = (   0.4962500  -0.0075000   0.4962500  )
         5        Br     tau(   5) = (  -0.0075000   0.4962500   0.4962500  )

     number of k points=   116  Gaussian smearing, width (Ry)=  0.0100

     Number of k-points >= 100: set verbosity='high' to print them.

     Dense  grid:   333355 G-vectors     FFT dimensions: (  90,  90,  90)

     Smooth grid:   117965 G-vectors     FFT dimensions: (  64,  64,  64)

     Estimated max dynamical RAM per process >     344.10 MB

     Estimated total dynamical RAM >       2.45 GB

     Initial potential from superposition of free atoms

     starting charge      46.9808, renormalised to      47.0000
     Starting wfcs are   30 randomized atomic wfcs
     Checking if some PAW data can be deallocated... 

     total cpu time spent up to now is     8859.3 secs

     Self-consistent Calculation

     iteration #  1     ecut=   100.00 Ry     beta= 0.30
     Davidson diagonalization with overlap
     ethr =  1.00E-02,  avg # of iterations =  6.0

     total cpu time spent up to now is     8907.1 secs

     total energy              =   -1102.76272061 Ry
     estimated scf accuracy    <       1.45655698 Ry

     iteration #  2     ecut=   100.00 Ry     beta= 0.30
     Davidson diagonalization with overlap
     ethr =  3.10E-03,  avg # of iterations =  3.4

     total cpu time spent up to now is     8948.9 secs

     total energy              =   -1102.96953289 Ry
     estimated scf accuracy    <       2.04921682 Ry

     iteration #  3     ecut=   100.00 Ry     beta= 0.30
     Davidson diagonalization with overlap
     ethr =  3.10E-03,  avg # of iterations =  2.8

     negative rho (up, down):  1.220E-02 0.000E+00

     total cpu time spent up to now is     8989.7 secs

     total energy              =   -1103.03690200 Ry
     estimated scf accuracy    <       0.30638030 Ry

     iteration #  4     ecut=   100.00 Ry     beta= 0.30
     Davidson diagonalization with overlap
     ethr =  6.52E-04,  avg # of iterations =  4.4

     total cpu time spent up to now is     9039.4 secs

     total energy              =   -1102.86730188 Ry
     estimated scf accuracy    <      29.83568002 Ry

     iteration #  5     ecut=   100.00 Ry     beta= 0.30
     Davidson diagonalization with overlap
     ethr =  6.52E-04,  avg # of iterations =  3.1

     total cpu time spent up to now is     9082.0 secs

     total energy              =   -1103.07314142 Ry
     estimated scf accuracy    <       0.20895914 Ry

     iteration #  6     ecut=   100.00 Ry     beta= 0.30
     Davidson diagonalization with overlap
     ethr =  4.45E-04,  avg # of iterations =  2.3

     total cpu time spent up to now is     9121.7 secs

     total energy              =   -1103.12014568 Ry
     estimated scf accuracy    <       0.07415128 Ry

     iteration #  7     ecut=   100.00 Ry     beta= 0.30
     Davidson diagonalization with overlap
     ethr =  1.58E-04,  avg # of iterations =  2.9

     total cpu time spent up to now is     9162.5 secs

     total energy              =   -1103.11416313 Ry
     estimated scf accuracy    <       0.17888519 Ry

     iteration #  8     ecut=   100.00 Ry     beta= 0.30
     Davidson diagonalization with overlap
     ethr =  1.58E-04,  avg # of iterations =  1.0

     total cpu time spent up to now is     9198.7 secs

     total energy              =   -1103.10709907 Ry
     estimated scf accuracy    <       0.08600780 Ry

     iteration #  9     ecut=   100.00 Ry     beta= 0.30
     Davidson diagonalization with overlap
     ethr =  1.58E-04,  avg # of iterations =  1.8

     total cpu time spent up to now is     9236.7 secs

     total energy              =   -1103.11081972 Ry
     estimated scf accuracy    <       0.00306279 Ry

     iteration # 10     ecut=   100.00 Ry     beta= 0.30
     Davidson diagonalization with overlap
     ethr =  6.52E-06,  avg # of iterations =  7.7

     total cpu time spent up to now is     9286.9 secs

     total energy              =   -1103.11017056 Ry
     estimated scf accuracy    <       0.01305941 Ry

     iteration # 11     ecut=   100.00 Ry     beta= 0.30
     Davidson diagonalization with overlap
     ethr =  6.52E-06,  avg # of iterations =  2.5

     total cpu time spent up to now is     9327.1 secs

     total energy              =   -1103.11062297 Ry
     estimated scf accuracy    <       0.00013176 Ry

     iteration # 12     ecut=   100.00 Ry     beta= 0.30
     Davidson diagonalization with overlap
     ethr =  2.80E-07,  avg # of iterations =  4.3

     total cpu time spent up to now is     9372.3 secs

     total energy              =   -1103.11063706 Ry
     estimated scf accuracy    <       0.00198725 Ry

     iteration # 13     ecut=   100.00 Ry     beta= 0.30
     Davidson diagonalization with overlap
     ethr =  2.80E-07,  avg # of iterations =  2.3

     total cpu time spent up to now is     9413.9 secs

     total energy              =   -1103.11064654 Ry
     estimated scf accuracy    <       0.00034411 Ry

     iteration # 14     ecut=   100.00 Ry     beta= 0.30
     Davidson diagonalization with overlap
     ethr =  2.80E-07,  avg # of iterations =  1.0

     total cpu time spent up to now is     9450.5 secs

     total energy              =   -1103.11064855 Ry
     estimated scf accuracy    <       0.00015467 Ry

     iteration # 15     ecut=   100.00 Ry     beta= 0.30
     Davidson diagonalization with overlap
     ethr =  2.80E-07,  avg # of iterations =  1.8

     total cpu time spent up to now is     9488.5 secs

     total energy              =   -1103.11065056 Ry
     estimated scf accuracy    <       0.00000250 Ry

     iteration # 16     ecut=   100.00 Ry     beta= 0.30
     Davidson diagonalization with overlap
     ethr =  5.31E-09,  avg # of iterations =  2.1

     total cpu time spent up to now is     9527.3 secs

     total energy              =   -1103.11065087 Ry
     estimated scf accuracy    <       0.00000007 Ry

     iteration # 17     ecut=   100.00 Ry     beta= 0.30
     Davidson diagonalization with overlap
     ethr =  1.44E-10,  avg # of iterations =  4.6

     total cpu time spent up to now is     9573.7 secs

     total energy              =   -1103.11065106 Ry
     estimated scf accuracy    <       0.00000475 Ry

     iteration # 18     ecut=   100.00 Ry     beta= 0.30
     Davidson diagonalization with overlap
     ethr =  1.44E-10,  avg # of iterations =  3.1

     total cpu time spent up to now is     9615.2 secs

     total energy              =   -1103.11065116 Ry
     estimated scf accuracy    <       0.00000003 Ry

     iteration # 19     ecut=   100.00 Ry     beta= 0.30
     Davidson diagonalization with overlap
     ethr =  7.26E-11,  avg # of iterations =  1.1

     total cpu time spent up to now is     9651.8 secs

     total energy              =   -1103.11065120 Ry
     estimated scf accuracy    <          6.2E-09 Ry

     iteration # 20     ecut=   100.00 Ry     beta= 0.30
     Davidson diagonalization with overlap
     ethr =  1.31E-11,  avg # of iterations =  1.4

     total cpu time spent up to now is     9689.0 secs

     total energy              =   -1103.11065122 Ry
     estimated scf accuracy    <          1.6E-09 Ry

     iteration # 21     ecut=   100.00 Ry     beta= 0.30
     Davidson diagonalization with overlap
     ethr =  3.49E-12,  avg # of iterations =  2.4

     total cpu time spent up to now is     9728.1 secs

     total energy              =   -1103.11065123 Ry
     estimated scf accuracy    <          7.2E-10 Ry

     iteration # 22     ecut=   100.00 Ry     beta= 0.30
     Davidson diagonalization with overlap
     ethr =  1.52E-12,  avg # of iterations =  2.1

     total cpu time spent up to now is     9766.7 secs

     total energy              =   -1103.11065123 Ry
     estimated scf accuracy    <          1.9E-09 Ry

     iteration # 23     ecut=   100.00 Ry     beta= 0.30
     Davidson diagonalization with overlap
     ethr =  1.52E-12,  avg # of iterations =  1.0

     total cpu time spent up to now is     9802.9 secs

     total energy              =   -1103.11065124 Ry
     estimated scf accuracy    <          1.9E-09 Ry

     iteration # 24     ecut=   100.00 Ry     beta= 0.30
     Davidson diagonalization with overlap
     ethr =  1.52E-12,  avg # of iterations =  1.6

     total cpu time spent up to now is     9840.5 secs

     End of self-consistent calculation

     Number of k-points >= 100: set verbosity='high' to print the bands.

     the Fermi energy is     5.2097 ev

!    total energy              =   -1103.11065124 Ry
     total all-electron energy =    -19630.254879 Ry
     estimated scf accuracy    <          5.6E-11 Ry
     smearing contrib. (-TS)   =      -0.00518181 Ry
     internal energy E=F+TS    =   -1103.10546943 Ry

     The total energy is F=E-TS. E is the sum of the following terms:
     one-electron contribution =    -313.59719990 Ry
     hartree contribution      =     179.18300267 Ry
     xc contribution           =     -68.74676996 Ry
     ewald contribution        =    -227.30462342 Ry
     one-center paw contrib.   =    -672.63987883 Ry

     convergence has been achieved in  24 iterations

     Forces acting on atoms (cartesian axes, Ry/au):

     atom    1 type  1   force =     0.00000000    0.00000000    0.00000000
     atom    2 type  2   force =    -0.00000000   -0.00000000   -0.00000000
     atom    3 type  3   force =    -0.00000000   -0.00000000   -0.00000000
     atom    4 type  3   force =     0.00000000    0.00000000    0.00000000
     atom    5 type  3   force =     0.00000000    0.00000000   -0.00000000

     Total force =     0.000000     Total SCF correction =     0.000000


     Computing stress (Cartesian axis) and pressure

          total   stress  (Ry/bohr**3)                   (kbar)     P=       -0.95
  -0.00000647   0.00004790   0.00004790           -0.95        7.05        7.05
   0.00004790  -0.00000647   0.00004790            7.05       -0.95        7.05
   0.00004790   0.00004790  -0.00000647            7.05        7.05       -0.95


     BFGS Geometry Optimization
     Energy error            =      0.0E+00 Ry
     Gradient error          =      6.3E-30 Ry/Bohr

     bfgs converged in   1 scf cycles and   0 bfgs steps
     (criteria: energy <  1.0E-07 Ry, force <  1.0E-03 Ry/Bohr)

     End of BFGS Geometry Optimization

     Final energy             =   -1103.1106512418 Ry
Begin final coordinates

ATOMIC_POSITIONS (crystal)
K                0.0000000000        0.0000000000        0.0000000000
Co               0.5000000000        0.5000000000        0.5000000000
Br               0.5000000000        0.5000000000       -0.0000000000
Br               0.5000000000       -0.0000000000        0.5000000000
Br              -0.0000000000        0.5000000000        0.5000000000
End final coordinates



  ----------------------------------------------------------------------------

     Applying the following strain
     (     0.00000,    -0.00250,    -0.00250  )
     (    -0.00250,     0.00000,    -0.00250  )
     (    -0.00250,    -0.00250,     0.00000  )



  ++++++++++++++++++++++++++++++++++++++++++++++++++++++++++++++++++++++++++++
     Doing work    6 /     8
  ++++++++++++++++++++++++++++++++++++++++++++++++++++++++++++++++++++++++++++


     Current dimensions of program PWSCF are:
     Max number of different atomic species (ntypx) = 10
     Max number of k-points (npk) = 120000
     Max angular momentum in pseudopotentials (lmaxx) =  4

     WARNING: check_stop already initialized
     Message from routine setup:
     using ibrav=0 with symmetry is DISCOURAGED, use correct ibrav instead

     Parallelization info
     --------------------
     sticks:   dense  smooth     PW     G-vecs:    dense   smooth      PW
     Min        2900    1455    401               166707    58920    8637
     Max        2905    1458    404               166738    58973    8722
     Sum        5805    2913    805               333445   117893   17359

     Using Pencil Decomposition



     bravais-lattice index     =            0
     lattice parameter (alat)  =       9.5573  a.u.
     unit-cell volume          =     872.9603 (a.u.)^3
     number of atoms/cell      =            5
     number of atomic types    =            3
     number of electrons       =        47.00
     number of Kohn-Sham states=           29
     kinetic-energy cutoff     =     100.0000  Ry
     charge density cutoff     =     800.0000  Ry
     scf convergence threshold =      1.0E-10
     mixing beta               =       0.3000
     number of iterations used =            8  plain     mixing
     energy convergence thresh.=      1.0E-07
     force convergence thresh. =      1.0E-03
     Exchange-correlation= PBE
                           (   1   4   3   4   0   0   0)
     nstep                     =           20


     celldm(1)=   9.557278  celldm(2)=   0.000000  celldm(3)=   0.000000
     celldm(4)=   0.000000  celldm(5)=   0.000000  celldm(6)=   0.000000

     crystal axes: (cart. coord. in units of alat)
               a(1) = (   1.000000  -0.002500  -0.002500 )  
               a(2) = (  -0.002500   1.000000  -0.002500 )  
               a(3) = (  -0.002500  -0.002500   1.000000 )  

     reciprocal axes: (cart. coord. in units 2 pi/alat)
               b(1) = (  1.000013  0.002506  0.002506 )  
               b(2) = (  0.002506  1.000013  0.002506 )  
               b(3) = (  0.002506  0.002506  1.000013 )  


     PseudoPot. # 1 for K  read from file:
     /home/administrator/Downloads/BURAI/BURAI1.3/pseudopot/K.pbe-spn-kjpaw_psl.1.0.0.UPF
     MD5 check sum: 14ff5a24ff9f8afecca2cb30191d3c3d
     Pseudo is Projector augmented-wave + core cor, Zval =  9.0
     Generated using "atomic" code by A. Dal Corso  v.5.1.2
     Shape of augmentation charge: PSQ
     Using radial grid of 1165 points,  6 beta functions with: 
                l(1) =   0
                l(2) =   0
                l(3) =   1
                l(4) =   1
                l(5) =   2
                l(6) =   2
     Q(r) pseudized with 0 coefficients 


     PseudoPot. # 2 for Co read from file:
     /home/administrator/Downloads/BURAI/BURAI1.3/pseudopot/Co.pbe-spn-kjpaw_psl.1.0.0.UPF
     MD5 check sum: debeb0e0a2756593e9907dd3738e3b12
     Pseudo is Projector augmented-wave + core cor, Zval = 17.0
     Generated using "atomic" code by A. Dal Corso  v.5.1.2
     Shape of augmentation charge: PSQ
     Using radial grid of 1193 points,  6 beta functions with: 
                l(1) =   0
                l(2) =   0
                l(3) =   1
                l(4) =   1
                l(5) =   2
                l(6) =   2
     Q(r) pseudized with 0 coefficients 


     PseudoPot. # 3 for Br read from file:
     /home/administrator/Downloads/BURAI/BURAI1.3/pseudopot/Br.pbe-n-kjpaw_psl.1.0.0.UPF
     MD5 check sum: 4e719ecb11afb5eb9a83625d9f5c08f4
     Pseudo is Projector augmented-wave + core cor, Zval =  7.0
     Generated using "atomic" code by A. Dal Corso  v.5.1.2
     Shape of augmentation charge: PSQ
     Using radial grid of 1213 points,  4 beta functions with: 
                l(1) =   0
                l(2) =   0
                l(3) =   1
                l(4) =   1
     Q(r) pseudized with 0 coefficients 


     atomic species   valence    mass     pseudopotential
     K                 9.00    39.09830     K ( 1.00)
     Co               17.00    58.93320     Co( 1.00)
     Br                7.00    79.90400     Br( 1.00)

     12 Sym. Ops., with inversion, found



   Cartesian axes

     site n.     atom                  positions (alat units)
         1        K      tau(   1) = (   0.0000000   0.0000000   0.0000000  )
         2        Co     tau(   2) = (   0.4975000   0.4975000   0.4975000  )
         3        Br     tau(   3) = (   0.4987500   0.4987500  -0.0025000  )
         4        Br     tau(   4) = (   0.4987500  -0.0025000   0.4987500  )
         5        Br     tau(   5) = (  -0.0025000   0.4987500   0.4987500  )

     number of k points=   116  Gaussian smearing, width (Ry)=  0.0100

     Number of k-points >= 100: set verbosity='high' to print them.

     Dense  grid:   333445 G-vectors     FFT dimensions: (  90,  90,  90)

     Smooth grid:   117893 G-vectors     FFT dimensions: (  64,  64,  64)

     Estimated max dynamical RAM per process >     344.29 MB

     Estimated total dynamical RAM >       2.45 GB

     Initial potential from superposition of free atoms

     starting charge      46.9808, renormalised to      47.0000
     Starting wfcs are   30 randomized atomic wfcs
     Checking if some PAW data can be deallocated... 

     total cpu time spent up to now is     9885.2 secs

     Self-consistent Calculation

     iteration #  1     ecut=   100.00 Ry     beta= 0.30
     Davidson diagonalization with overlap
     ethr =  1.00E-02,  avg # of iterations =  6.0

     total cpu time spent up to now is     9933.0 secs

     total energy              =   -1102.75270732 Ry
     estimated scf accuracy    <       0.91644699 Ry

     iteration #  2     ecut=   100.00 Ry     beta= 0.30
     Davidson diagonalization with overlap
     ethr =  1.95E-03,  avg # of iterations =  3.9

     total cpu time spent up to now is     9977.3 secs

     total energy              =   -1102.97115097 Ry
     estimated scf accuracy    <       1.93817752 Ry

     iteration #  3     ecut=   100.00 Ry     beta= 0.30
     Davidson diagonalization with overlap
     ethr =  1.95E-03,  avg # of iterations =  3.3

     total cpu time spent up to now is    10019.1 secs

     total energy              =   -1103.05510353 Ry
     estimated scf accuracy    <       0.16419333 Ry

     iteration #  4     ecut=   100.00 Ry     beta= 0.30
     Davidson diagonalization with overlap
     ethr =  3.49E-04,  avg # of iterations =  4.1

     total cpu time spent up to now is    10069.1 secs

     total energy              =   -1103.00976184 Ry
     estimated scf accuracy    <       1.29911553 Ry

     iteration #  5     ecut=   100.00 Ry     beta= 0.30
     Davidson diagonalization with overlap
     ethr =  3.49E-04,  avg # of iterations =  2.5

     total cpu time spent up to now is    10109.2 secs

     total energy              =   -1103.10956114 Ry
     estimated scf accuracy    <       0.00830101 Ry

     iteration #  6     ecut=   100.00 Ry     beta= 0.30
     Davidson diagonalization with overlap
     ethr =  1.77E-05,  avg # of iterations =  7.7

     total cpu time spent up to now is    10167.2 secs

     total energy              =   -1103.10993841 Ry
     estimated scf accuracy    <       0.02528386 Ry

     iteration #  7     ecut=   100.00 Ry     beta= 0.30
     Davidson diagonalization with overlap
     ethr =  1.77E-05,  avg # of iterations =  2.2

     total cpu time spent up to now is    10206.7 secs

     total energy              =   -1103.10988913 Ry
     estimated scf accuracy    <       0.00374606 Ry

     iteration #  8     ecut=   100.00 Ry     beta= 0.30
     Davidson diagonalization with overlap
     ethr =  7.97E-06,  avg # of iterations =  4.2

     total cpu time spent up to now is    10253.0 secs

     total energy              =   -1103.11047768 Ry
     estimated scf accuracy    <       0.01057908 Ry

     iteration #  9     ecut=   100.00 Ry     beta= 0.30
     Davidson diagonalization with overlap
     ethr =  7.97E-06,  avg # of iterations =  2.0

     total cpu time spent up to now is    10292.1 secs

     total energy              =   -1103.11095230 Ry
     estimated scf accuracy    <       0.00095285 Ry

     iteration # 10     ecut=   100.00 Ry     beta= 0.30
     Davidson diagonalization with overlap
     ethr =  2.03E-06,  avg # of iterations =  3.2

     total cpu time spent up to now is    10333.8 secs

     total energy              =   -1103.11099462 Ry
     estimated scf accuracy    <       0.00026980 Ry

     iteration # 11     ecut=   100.00 Ry     beta= 0.30
     Davidson diagonalization with overlap
     ethr =  5.74E-07,  avg # of iterations =  2.9

     total cpu time spent up to now is    10374.9 secs

     total energy              =   -1103.11102187 Ry
     estimated scf accuracy    <       0.00004210 Ry

     iteration # 12     ecut=   100.00 Ry     beta= 0.30
     Davidson diagonalization with overlap
     ethr =  8.96E-08,  avg # of iterations =  2.1

     total cpu time spent up to now is    10413.6 secs

     total energy              =   -1103.11102320 Ry
     estimated scf accuracy    <       0.00016122 Ry

     iteration # 13     ecut=   100.00 Ry     beta= 0.30
     Davidson diagonalization with overlap
     ethr =  8.96E-08,  avg # of iterations =  1.0

     total cpu time spent up to now is    10450.0 secs

     total energy              =   -1103.11102728 Ry
     estimated scf accuracy    <       0.00020104 Ry

     iteration # 14     ecut=   100.00 Ry     beta= 0.30
     Davidson diagonalization with overlap
     ethr =  8.96E-08,  avg # of iterations =  2.1

     total cpu time spent up to now is    10488.6 secs

     total energy              =   -1103.11103317 Ry
     estimated scf accuracy    <       0.00025263 Ry

     iteration # 15     ecut=   100.00 Ry     beta= 0.30
     Davidson diagonalization with overlap
     ethr =  8.96E-08,  avg # of iterations =  2.1

     total cpu time spent up to now is    10528.7 secs

     total energy              =   -1103.11102170 Ry
     estimated scf accuracy    <       0.00020813 Ry

     iteration # 16     ecut=   100.00 Ry     beta= 0.30
     Davidson diagonalization with overlap
     ethr =  8.96E-08,  avg # of iterations =  2.1

     total cpu time spent up to now is    10570.7 secs

     total energy              =   -1103.11103054 Ry
     estimated scf accuracy    <       0.00052361 Ry

     iteration # 17     ecut=   100.00 Ry     beta= 0.30
     Davidson diagonalization with overlap
     ethr =  8.96E-08,  avg # of iterations =  2.7

     total cpu time spent up to now is    10612.9 secs

     total energy              =   -1103.11103816 Ry
     estimated scf accuracy    <       0.00017777 Ry

     iteration # 18     ecut=   100.00 Ry     beta= 0.30
     Davidson diagonalization with overlap
     ethr =  8.96E-08,  avg # of iterations =  2.0

     total cpu time spent up to now is    10650.9 secs

     total energy              =   -1103.11104001 Ry
     estimated scf accuracy    <       0.00015818 Ry

     iteration # 19     ecut=   100.00 Ry     beta= 0.30
     Davidson diagonalization with overlap
     ethr =  8.96E-08,  avg # of iterations =  1.0

     total cpu time spent up to now is    10687.0 secs

     total energy              =   -1103.11103802 Ry
     estimated scf accuracy    <       0.00013032 Ry

     iteration # 20     ecut=   100.00 Ry     beta= 0.30
     Davidson diagonalization with overlap
     ethr =  8.96E-08,  avg # of iterations =  2.9

     total cpu time spent up to now is    10728.6 secs

     total energy              =   -1103.11104619 Ry
     estimated scf accuracy    <       0.00003160 Ry

     iteration # 21     ecut=   100.00 Ry     beta= 0.30
     Davidson diagonalization with overlap
     ethr =  6.72E-08,  avg # of iterations =  2.0

     total cpu time spent up to now is    10766.7 secs

     total energy              =   -1103.11104773 Ry
     estimated scf accuracy    <       0.00001521 Ry

     iteration # 22     ecut=   100.00 Ry     beta= 0.30
     Davidson diagonalization with overlap
     ethr =  3.24E-08,  avg # of iterations =  2.4

     total cpu time spent up to now is    10806.0 secs

     total energy              =   -1103.11104855 Ry
     estimated scf accuracy    <       0.00001579 Ry

     iteration # 23     ecut=   100.00 Ry     beta= 0.30
     Davidson diagonalization with overlap
     ethr =  3.24E-08,  avg # of iterations =  2.1

     total cpu time spent up to now is    10845.9 secs

     total energy              =   -1103.11104855 Ry
     estimated scf accuracy    <       0.00000910 Ry

     iteration # 24     ecut=   100.00 Ry     beta= 0.30
     Davidson diagonalization with overlap
     ethr =  1.94E-08,  avg # of iterations =  2.9

     total cpu time spent up to now is    10887.9 secs

     total energy              =   -1103.11105102 Ry
     estimated scf accuracy    <       0.00000150 Ry

     iteration # 25     ecut=   100.00 Ry     beta= 0.30
     Davidson diagonalization with overlap
     ethr =  3.18E-09,  avg # of iterations =  1.8

     total cpu time spent up to now is    10925.9 secs

     total energy              =   -1103.11104978 Ry
     estimated scf accuracy    <       0.00000367 Ry

     iteration # 26     ecut=   100.00 Ry     beta= 0.30
     Davidson diagonalization with overlap
     ethr =  3.18E-09,  avg # of iterations =  3.9

     total cpu time spent up to now is    10972.4 secs

     total energy              =   -1103.11105186 Ry
     estimated scf accuracy    <       0.00000022 Ry

     iteration # 27     ecut=   100.00 Ry     beta= 0.30
     Davidson diagonalization with overlap
     ethr =  4.70E-10,  avg # of iterations =  1.1

     total cpu time spent up to now is    11008.9 secs

     total energy              =   -1103.11105190 Ry
     estimated scf accuracy    <       0.00000087 Ry

     iteration # 28     ecut=   100.00 Ry     beta= 0.30
     Davidson diagonalization with overlap
     ethr =  4.70E-10,  avg # of iterations =  3.6

     total cpu time spent up to now is    11054.1 secs

     total energy              =   -1103.11105218 Ry
     estimated scf accuracy    <       0.00000020 Ry

     iteration # 29     ecut=   100.00 Ry     beta= 0.30
     Davidson diagonalization with overlap
     ethr =  4.30E-10,  avg # of iterations =  2.7

     total cpu time spent up to now is    11095.3 secs

     total energy              =   -1103.11105224 Ry
     estimated scf accuracy    <       0.00000013 Ry

     iteration # 30     ecut=   100.00 Ry     beta= 0.30
     Davidson diagonalization with overlap
     ethr =  2.73E-10,  avg # of iterations =  3.4

     total cpu time spent up to now is    11138.7 secs

     total energy              =   -1103.11105235 Ry
     estimated scf accuracy    <       0.00000004 Ry

     iteration # 31     ecut=   100.00 Ry     beta= 0.30
     Davidson diagonalization with overlap
     ethr =  7.74E-11,  avg # of iterations =  3.6

     total cpu time spent up to now is    11182.2 secs

     total energy              =   -1103.11105239 Ry
     estimated scf accuracy    <       0.00000006 Ry

     iteration # 32     ecut=   100.00 Ry     beta= 0.30
     Davidson diagonalization with overlap
     ethr =  7.74E-11,  avg # of iterations =  2.1

     total cpu time spent up to now is    11221.9 secs

     total energy              =   -1103.11105241 Ry
     estimated scf accuracy    <       0.00000034 Ry

     iteration # 33     ecut=   100.00 Ry     beta= 0.30
     Davidson diagonalization with overlap
     ethr =  7.74E-11,  avg # of iterations =  2.0

     total cpu time spent up to now is    11261.1 secs

     total energy              =   -1103.11105242 Ry
     estimated scf accuracy    <       0.00000018 Ry

     iteration # 34     ecut=   100.00 Ry     beta= 0.30
     Davidson diagonalization with overlap
     ethr =  7.74E-11,  avg # of iterations =  2.0

     total cpu time spent up to now is    11299.9 secs

     total energy              =   -1103.11105239 Ry
     estimated scf accuracy    <       0.00000018 Ry

     iteration # 35     ecut=   100.00 Ry     beta= 0.30
     Davidson diagonalization with overlap
     ethr =  7.74E-11,  avg # of iterations =  3.2

     total cpu time spent up to now is    11342.8 secs

     total energy              =   -1103.11105241 Ry
     estimated scf accuracy    <       0.00000057 Ry

     iteration # 36     ecut=   100.00 Ry     beta= 0.30
     Davidson diagonalization with overlap
     ethr =  7.74E-11,  avg # of iterations =  1.0

     total cpu time spent up to now is    11379.1 secs

     total energy              =   -1103.11105241 Ry
     estimated scf accuracy    <       0.00000048 Ry

     iteration # 37     ecut=   100.00 Ry     beta= 0.30
     Davidson diagonalization with overlap
     ethr =  7.74E-11,  avg # of iterations =  2.0

     total cpu time spent up to now is    11419.1 secs

     total energy              =   -1103.11105242 Ry
     estimated scf accuracy    <       0.00000036 Ry

     iteration # 38     ecut=   100.00 Ry     beta= 0.30
     Davidson diagonalization with overlap
     ethr =  7.74E-11,  avg # of iterations =  1.0

     total cpu time spent up to now is    11455.5 secs

     total energy              =   -1103.11105241 Ry
     estimated scf accuracy    <       0.00000036 Ry

     iteration # 39     ecut=   100.00 Ry     beta= 0.30
     Davidson diagonalization with overlap
     ethr =  7.74E-11,  avg # of iterations =  1.0

     total cpu time spent up to now is    11491.7 secs

     total energy              =   -1103.11105243 Ry
     estimated scf accuracy    <       0.00000052 Ry

     iteration # 40     ecut=   100.00 Ry     beta= 0.30
     Davidson diagonalization with overlap
     ethr =  7.74E-11,  avg # of iterations =  2.7

     total cpu time spent up to now is    11533.2 secs

     total energy              =   -1103.11105244 Ry
     estimated scf accuracy    <       0.00000027 Ry

     iteration # 41     ecut=   100.00 Ry     beta= 0.30
     Davidson diagonalization with overlap
     ethr =  7.74E-11,  avg # of iterations =  3.1

     total cpu time spent up to now is    11575.5 secs

     total energy              =   -1103.11105245 Ry
     estimated scf accuracy    <       0.00000015 Ry

     iteration # 42     ecut=   100.00 Ry     beta= 0.30
     Davidson diagonalization with overlap
     ethr =  7.74E-11,  avg # of iterations =  1.0

     total cpu time spent up to now is    11611.6 secs

     total energy              =   -1103.11105245 Ry
     estimated scf accuracy    <       0.00000022 Ry

     iteration # 43     ecut=   100.00 Ry     beta= 0.30
     Davidson diagonalization with overlap
     ethr =  7.74E-11,  avg # of iterations =  3.0

     total cpu time spent up to now is    11653.8 secs

     total energy              =   -1103.11105247 Ry
     estimated scf accuracy    <       0.00000009 Ry

     iteration # 44     ecut=   100.00 Ry     beta= 0.30
     Davidson diagonalization with overlap
     ethr =  7.74E-11,  avg # of iterations =  2.2

     total cpu time spent up to now is    11694.1 secs

     total energy              =   -1103.11105247 Ry
     estimated scf accuracy    <       0.00000004 Ry

     iteration # 45     ecut=   100.00 Ry     beta= 0.30
     Davidson diagonalization with overlap
     ethr =  7.74E-11,  avg # of iterations =  1.0

     total cpu time spent up to now is    11730.2 secs

     total energy              =   -1103.11105247 Ry
     estimated scf accuracy    <       0.00000006 Ry

     iteration # 46     ecut=   100.00 Ry     beta= 0.30
     Davidson diagonalization with overlap
     ethr =  7.74E-11,  avg # of iterations =  2.5

     total cpu time spent up to now is    11771.0 secs

     total energy              =   -1103.11105248 Ry
     estimated scf accuracy    <       0.00000002 Ry

     iteration # 47     ecut=   100.00 Ry     beta= 0.30
     Davidson diagonalization with overlap
     ethr =  4.95E-11,  avg # of iterations =  3.0

     total cpu time spent up to now is    11813.0 secs

     total energy              =   -1103.11105249 Ry
     estimated scf accuracy    <          3.6E-09 Ry

     iteration # 48     ecut=   100.00 Ry     beta= 0.30
     Davidson diagonalization with overlap
     ethr =  7.74E-12,  avg # of iterations =  4.2

     total cpu time spent up to now is    11859.0 secs

     total energy              =   -1103.11105249 Ry
     estimated scf accuracy    <          1.9E-09 Ry

     iteration # 49     ecut=   100.00 Ry     beta= 0.30
     Davidson diagonalization with overlap
     ethr =  4.12E-12,  avg # of iterations =  3.2

     total cpu time spent up to now is    11902.5 secs

     total energy              =   -1103.11105250 Ry
     estimated scf accuracy    <          2.8E-10 Ry

     iteration # 50     ecut=   100.00 Ry     beta= 0.30
     Davidson diagonalization with overlap
     ethr =  6.01E-13,  avg # of iterations =  4.4

     total cpu time spent up to now is    11950.5 secs

     total energy              =   -1103.11105250 Ry
     estimated scf accuracy    <          1.0E-10 Ry

     iteration # 51     ecut=   100.00 Ry     beta= 0.30
     Davidson diagonalization with overlap
     ethr =  2.14E-13,  avg # of iterations =  3.0

     total cpu time spent up to now is    11993.0 secs

     total energy              =   -1103.11105250 Ry
     estimated scf accuracy    <          1.5E-10 Ry

     iteration # 52     ecut=   100.00 Ry     beta= 0.30
     Davidson diagonalization with overlap
     ethr =  2.14E-13,  avg # of iterations =  4.2

     total cpu time spent up to now is    12040.5 secs

     End of self-consistent calculation

     Number of k-points >= 100: set verbosity='high' to print the bands.

     the Fermi energy is     5.2100 ev

!    total energy              =   -1103.11105250 Ry
     total all-electron energy =    -19630.255280 Ry
     estimated scf accuracy    <          1.5E-11 Ry
     smearing contrib. (-TS)   =      -0.00521698 Ry
     internal energy E=F+TS    =   -1103.10583552 Ry

     The total energy is F=E-TS. E is the sum of the following terms:
     one-electron contribution =    -313.63059279 Ry
     hartree contribution      =     178.97404761 Ry
     xc contribution           =     -68.47908094 Ry
     ewald contribution        =    -227.28712103 Ry
     one-center paw contrib.   =    -672.68308837 Ry

     convergence has been achieved in  52 iterations

     Forces acting on atoms (cartesian axes, Ry/au):

     atom    1 type  1   force =    -0.00000000   -0.00000000   -0.00000000
     atom    2 type  2   force =     0.00000000    0.00000000    0.00000000
     atom    3 type  3   force =     0.00000000   -0.00000000    0.00000000
     atom    4 type  3   force =     0.00000000    0.00000000    0.00000000
     atom    5 type  3   force =    -0.00000000    0.00000000    0.00000000

     Total force =     0.000000     Total SCF correction =     0.000000


     Computing stress (Cartesian axis) and pressure

          total   stress  (Ry/bohr**3)                   (kbar)     P=       -0.88
  -0.00000599   0.00000655   0.00000655           -0.88        0.96        0.96
   0.00000655  -0.00000599   0.00000655            0.96       -0.88        0.96
   0.00000655   0.00000655  -0.00000599            0.96        0.96       -0.88


     BFGS Geometry Optimization
     Energy error            =      0.0E+00 Ry
     Gradient error          =      3.9E-31 Ry/Bohr

     bfgs converged in   1 scf cycles and   0 bfgs steps
     (criteria: energy <  1.0E-07 Ry, force <  1.0E-03 Ry/Bohr)

     End of BFGS Geometry Optimization

     Final energy             =   -1103.1110524992 Ry
Begin final coordinates

ATOMIC_POSITIONS (crystal)
K                0.0000000000        0.0000000000        0.0000000000
Co               0.5000000000        0.5000000000        0.5000000000
Br               0.5000000000        0.5000000000       -0.0000000000
Br               0.5000000000       -0.0000000000        0.5000000000
Br              -0.0000000000        0.5000000000        0.5000000000
End final coordinates



  ----------------------------------------------------------------------------

     Applying the following strain
     (     0.00000,     0.00250,     0.00250  )
     (     0.00250,     0.00000,     0.00250  )
     (     0.00250,     0.00250,     0.00000  )



  ++++++++++++++++++++++++++++++++++++++++++++++++++++++++++++++++++++++++++++
     Doing work    7 /     8
  ++++++++++++++++++++++++++++++++++++++++++++++++++++++++++++++++++++++++++++


     Current dimensions of program PWSCF are:
     Max number of different atomic species (ntypx) = 10
     Max number of k-points (npk) = 120000
     Max angular momentum in pseudopotentials (lmaxx) =  4

     WARNING: check_stop already initialized
     Message from routine setup:
     using ibrav=0 with symmetry is DISCOURAGED, use correct ibrav instead

     Parallelization info
     --------------------
     sticks:   dense  smooth     PW     G-vecs:    dense   smooth      PW
     Min        2896    1455    401               166614    58978    8649
     Max        2909    1458    404               166783    58987    8716
     Sum        5805    2913    805               333397   117965   17365

     Using Pencil Decomposition



     bravais-lattice index     =            0
     lattice parameter (alat)  =       9.5573  a.u.
     unit-cell volume          =     872.9604 (a.u.)^3
     number of atoms/cell      =            5
     number of atomic types    =            3
     number of electrons       =        47.00
     number of Kohn-Sham states=           29
     kinetic-energy cutoff     =     100.0000  Ry
     charge density cutoff     =     800.0000  Ry
     scf convergence threshold =      1.0E-10
     mixing beta               =       0.3000
     number of iterations used =            8  plain     mixing
     energy convergence thresh.=      1.0E-07
     force convergence thresh. =      1.0E-03
     Exchange-correlation= PBE
                           (   1   4   3   4   0   0   0)
     nstep                     =           20


     celldm(1)=   9.557278  celldm(2)=   0.000000  celldm(3)=   0.000000
     celldm(4)=   0.000000  celldm(5)=   0.000000  celldm(6)=   0.000000

     crystal axes: (cart. coord. in units of alat)
               a(1) = (   1.000000   0.002500   0.002500 )  
               a(2) = (   0.002500   1.000000   0.002500 )  
               a(3) = (   0.002500   0.002500   1.000000 )  

     reciprocal axes: (cart. coord. in units 2 pi/alat)
               b(1) = (  1.000012 -0.002494 -0.002494 )  
               b(2) = ( -0.002494  1.000012 -0.002494 )  
               b(3) = ( -0.002494 -0.002494  1.000012 )  


     PseudoPot. # 1 for K  read from file:
     /home/administrator/Downloads/BURAI/BURAI1.3/pseudopot/K.pbe-spn-kjpaw_psl.1.0.0.UPF
     MD5 check sum: 14ff5a24ff9f8afecca2cb30191d3c3d
     Pseudo is Projector augmented-wave + core cor, Zval =  9.0
     Generated using "atomic" code by A. Dal Corso  v.5.1.2
     Shape of augmentation charge: PSQ
     Using radial grid of 1165 points,  6 beta functions with: 
                l(1) =   0
                l(2) =   0
                l(3) =   1
                l(4) =   1
                l(5) =   2
                l(6) =   2
     Q(r) pseudized with 0 coefficients 


     PseudoPot. # 2 for Co read from file:
     /home/administrator/Downloads/BURAI/BURAI1.3/pseudopot/Co.pbe-spn-kjpaw_psl.1.0.0.UPF
     MD5 check sum: debeb0e0a2756593e9907dd3738e3b12
     Pseudo is Projector augmented-wave + core cor, Zval = 17.0
     Generated using "atomic" code by A. Dal Corso  v.5.1.2
     Shape of augmentation charge: PSQ
     Using radial grid of 1193 points,  6 beta functions with: 
                l(1) =   0
                l(2) =   0
                l(3) =   1
                l(4) =   1
                l(5) =   2
                l(6) =   2
     Q(r) pseudized with 0 coefficients 


     PseudoPot. # 3 for Br read from file:
     /home/administrator/Downloads/BURAI/BURAI1.3/pseudopot/Br.pbe-n-kjpaw_psl.1.0.0.UPF
     MD5 check sum: 4e719ecb11afb5eb9a83625d9f5c08f4
     Pseudo is Projector augmented-wave + core cor, Zval =  7.0
     Generated using "atomic" code by A. Dal Corso  v.5.1.2
     Shape of augmentation charge: PSQ
     Using radial grid of 1213 points,  4 beta functions with: 
                l(1) =   0
                l(2) =   0
                l(3) =   1
                l(4) =   1
     Q(r) pseudized with 0 coefficients 


     atomic species   valence    mass     pseudopotential
     K                 9.00    39.09830     K ( 1.00)
     Co               17.00    58.93320     Co( 1.00)
     Br                7.00    79.90400     Br( 1.00)

     12 Sym. Ops., with inversion, found



   Cartesian axes

     site n.     atom                  positions (alat units)
         1        K      tau(   1) = (   0.0000000   0.0000000   0.0000000  )
         2        Co     tau(   2) = (   0.5025000   0.5025000   0.5025000  )
         3        Br     tau(   3) = (   0.5012500   0.5012500   0.0025000  )
         4        Br     tau(   4) = (   0.5012500   0.0025000   0.5012500  )
         5        Br     tau(   5) = (   0.0025000   0.5012500   0.5012500  )

     number of k points=   116  Gaussian smearing, width (Ry)=  0.0100

     Number of k-points >= 100: set verbosity='high' to print them.

     Dense  grid:   333397 G-vectors     FFT dimensions: (  90,  90,  90)

     Smooth grid:   117965 G-vectors     FFT dimensions: (  64,  64,  64)

     Estimated max dynamical RAM per process >     344.40 MB

     Estimated total dynamical RAM >       2.45 GB

     Initial potential from superposition of free atoms

     starting charge      46.9808, renormalised to      47.0000
     Starting wfcs are   30 randomized atomic wfcs
     Checking if some PAW data can be deallocated... 

     total cpu time spent up to now is    12085.0 secs

     Self-consistent Calculation

     iteration #  1     ecut=   100.00 Ry     beta= 0.30
     Davidson diagonalization with overlap
     ethr =  1.00E-02,  avg # of iterations =  6.0

     total cpu time spent up to now is    12132.7 secs

     total energy              =   -1102.76074899 Ry
     estimated scf accuracy    <       0.88900199 Ry

     iteration #  2     ecut=   100.00 Ry     beta= 0.30
     Davidson diagonalization with overlap
     ethr =  1.89E-03,  avg # of iterations =  3.9

     total cpu time spent up to now is    12176.8 secs

     total energy              =   -1102.97592272 Ry
     estimated scf accuracy    <       1.87994899 Ry

     iteration #  3     ecut=   100.00 Ry     beta= 0.30
     Davidson diagonalization with overlap
     ethr =  1.89E-03,  avg # of iterations =  3.3

     total cpu time spent up to now is    12218.4 secs

     total energy              =   -1103.15080889 Ry
     estimated scf accuracy    <       0.20137755 Ry

     iteration #  4     ecut=   100.00 Ry     beta= 0.30
     Davidson diagonalization with overlap
     ethr =  4.28E-04,  avg # of iterations =  2.2

     total cpu time spent up to now is    12257.3 secs

     total energy              =   -1103.09198822 Ry
     estimated scf accuracy    <       0.43258348 Ry

     iteration #  5     ecut=   100.00 Ry     beta= 0.30
     Davidson diagonalization with overlap
     ethr =  4.28E-04,  avg # of iterations =  2.7

     total cpu time spent up to now is    12297.3 secs

     total energy              =   -1103.09066336 Ry
     estimated scf accuracy    <       0.67767804 Ry

     iteration #  6     ecut=   100.00 Ry     beta= 0.30
     Davidson diagonalization with overlap
     ethr =  4.28E-04,  avg # of iterations =  2.6

     total cpu time spent up to now is    12339.1 secs

     total energy              =   -1103.09462951 Ry
     estimated scf accuracy    <       0.65126522 Ry

     iteration #  7     ecut=   100.00 Ry     beta= 0.30
     Davidson diagonalization with overlap
     ethr =  4.28E-04,  avg # of iterations =  1.1

     total cpu time spent up to now is    12375.7 secs

     total energy              =   -1103.09239636 Ry
     estimated scf accuracy    <       0.09514352 Ry

     iteration #  8     ecut=   100.00 Ry     beta= 0.30
     Davidson diagonalization with overlap
     ethr =  2.02E-04,  avg # of iterations =  2.9

     total cpu time spent up to now is    12418.9 secs

     total energy              =   -1103.11407581 Ry
     estimated scf accuracy    <       0.09176716 Ry

     iteration #  9     ecut=   100.00 Ry     beta= 0.30
     Davidson diagonalization with overlap
     ethr =  1.95E-04,  avg # of iterations =  1.0

     total cpu time spent up to now is    12455.6 secs

     total energy              =   -1103.10935243 Ry
     estimated scf accuracy    <       0.04481211 Ry

     iteration # 10     ecut=   100.00 Ry     beta= 0.30
     Davidson diagonalization with overlap
     ethr =  9.53E-05,  avg # of iterations =  1.9

     total cpu time spent up to now is    12493.9 secs

     total energy              =   -1103.11113483 Ry
     estimated scf accuracy    <       0.01030638 Ry

     iteration # 11     ecut=   100.00 Ry     beta= 0.30
     Davidson diagonalization with overlap
     ethr =  2.19E-05,  avg # of iterations =  4.0

     total cpu time spent up to now is    12536.3 secs

     total energy              =   -1103.11178036 Ry
     estimated scf accuracy    <       0.00976164 Ry

     iteration # 12     ecut=   100.00 Ry     beta= 0.30
     Davidson diagonalization with overlap
     ethr =  2.08E-05,  avg # of iterations =  1.0

     total cpu time spent up to now is    12574.0 secs

     total energy              =   -1103.11005740 Ry
     estimated scf accuracy    <       0.01792444 Ry

     iteration # 13     ecut=   100.00 Ry     beta= 0.30
     Davidson diagonalization with overlap
     ethr =  2.08E-05,  avg # of iterations =  2.0

     total cpu time spent up to now is    12613.4 secs

     total energy              =   -1103.11099474 Ry
     estimated scf accuracy    <       0.00003625 Ry

     iteration # 14     ecut=   100.00 Ry     beta= 0.30
     Davidson diagonalization with overlap
     ethr =  7.71E-08,  avg # of iterations =  6.5

     total cpu time spent up to now is    12668.8 secs

     total energy              =   -1103.11101361 Ry
     estimated scf accuracy    <       0.00075572 Ry

     iteration # 15     ecut=   100.00 Ry     beta= 0.30
     Davidson diagonalization with overlap
     ethr =  7.71E-08,  avg # of iterations =  4.1

     total cpu time spent up to now is    12715.7 secs

     total energy              =   -1103.11104328 Ry
     estimated scf accuracy    <       0.00013576 Ry

     iteration # 16     ecut=   100.00 Ry     beta= 0.30
     Davidson diagonalization with overlap
     ethr =  7.71E-08,  avg # of iterations =  2.0

     total cpu time spent up to now is    12754.2 secs

     total energy              =   -1103.11104731 Ry
     estimated scf accuracy    <       0.00000635 Ry

     iteration # 17     ecut=   100.00 Ry     beta= 0.30
     Davidson diagonalization with overlap
     ethr =  1.35E-08,  avg # of iterations =  2.6

     total cpu time spent up to now is    12794.2 secs

     total energy              =   -1103.11104913 Ry
     estimated scf accuracy    <       0.00000547 Ry

     iteration # 18     ecut=   100.00 Ry     beta= 0.30
     Davidson diagonalization with overlap
     ethr =  1.16E-08,  avg # of iterations =  2.0

     total cpu time spent up to now is    12832.7 secs

     total energy              =   -1103.11105003 Ry
     estimated scf accuracy    <       0.00001265 Ry

     iteration # 19     ecut=   100.00 Ry     beta= 0.30
     Davidson diagonalization with overlap
     ethr =  1.16E-08,  avg # of iterations =  1.0

     total cpu time spent up to now is    12869.1 secs

     total energy              =   -1103.11105008 Ry
     estimated scf accuracy    <       0.00001523 Ry

     iteration # 20     ecut=   100.00 Ry     beta= 0.30
     Davidson diagonalization with overlap
     ethr =  1.16E-08,  avg # of iterations =  2.0

     total cpu time spent up to now is    12907.4 secs

     total energy              =   -1103.11105030 Ry
     estimated scf accuracy    <       0.00005744 Ry

     iteration # 21     ecut=   100.00 Ry     beta= 0.30
     Davidson diagonalization with overlap
     ethr =  1.16E-08,  avg # of iterations =  2.1

     total cpu time spent up to now is    12947.7 secs

     total energy              =   -1103.11105082 Ry
     estimated scf accuracy    <       0.00001414 Ry

     iteration # 22     ecut=   100.00 Ry     beta= 0.30
     Davidson diagonalization with overlap
     ethr =  1.16E-08,  avg # of iterations =  2.0

     total cpu time spent up to now is    12985.9 secs

     total energy              =   -1103.11105082 Ry
     estimated scf accuracy    <       0.00000861 Ry

     iteration # 23     ecut=   100.00 Ry     beta= 0.30
     Davidson diagonalization with overlap
     ethr =  1.16E-08,  avg # of iterations =  1.0

     total cpu time spent up to now is    13022.0 secs

     total energy              =   -1103.11105101 Ry
     estimated scf accuracy    <       0.00003067 Ry

     iteration # 24     ecut=   100.00 Ry     beta= 0.30
     Davidson diagonalization with overlap
     ethr =  1.16E-08,  avg # of iterations =  1.0

     total cpu time spent up to now is    13058.2 secs

     total energy              =   -1103.11105111 Ry
     estimated scf accuracy    <       0.00001927 Ry

     iteration # 25     ecut=   100.00 Ry     beta= 0.30
     Davidson diagonalization with overlap
     ethr =  1.16E-08,  avg # of iterations =  1.0

     total cpu time spent up to now is    13094.3 secs

     total energy              =   -1103.11105113 Ry
     estimated scf accuracy    <       0.00001912 Ry

     iteration # 26     ecut=   100.00 Ry     beta= 0.30
     Davidson diagonalization with overlap
     ethr =  1.16E-08,  avg # of iterations =  2.1

     total cpu time spent up to now is    13134.5 secs

     total energy              =   -1103.11105143 Ry
     estimated scf accuracy    <       0.00000865 Ry

     iteration # 27     ecut=   100.00 Ry     beta= 0.30
     Davidson diagonalization with overlap
     ethr =  1.16E-08,  avg # of iterations =  1.0

     total cpu time spent up to now is    13170.6 secs

     total energy              =   -1103.11105157 Ry
     estimated scf accuracy    <       0.00001992 Ry

     iteration # 28     ecut=   100.00 Ry     beta= 0.30
     Davidson diagonalization with overlap
     ethr =  1.16E-08,  avg # of iterations =  1.2

     total cpu time spent up to now is    13207.2 secs

     total energy              =   -1103.11105170 Ry
     estimated scf accuracy    <       0.00001128 Ry

     iteration # 29     ecut=   100.00 Ry     beta= 0.30
     Davidson diagonalization with overlap
     ethr =  1.16E-08,  avg # of iterations =  1.8

     total cpu time spent up to now is    13244.9 secs

     total energy              =   -1103.11105186 Ry
     estimated scf accuracy    <       0.00000582 Ry

     iteration # 30     ecut=   100.00 Ry     beta= 0.30
     Davidson diagonalization with overlap
     ethr =  1.16E-08,  avg # of iterations =  1.0

     total cpu time spent up to now is    13281.1 secs

     total energy              =   -1103.11105189 Ry
     estimated scf accuracy    <       0.00000614 Ry

     iteration # 31     ecut=   100.00 Ry     beta= 0.30
     Davidson diagonalization with overlap
     ethr =  1.16E-08,  avg # of iterations =  1.0

     total cpu time spent up to now is    13317.4 secs

     total energy              =   -1103.11105194 Ry
     estimated scf accuracy    <       0.00000845 Ry

     iteration # 32     ecut=   100.00 Ry     beta= 0.30
     Davidson diagonalization with overlap
     ethr =  1.16E-08,  avg # of iterations =  1.0

     total cpu time spent up to now is    13353.7 secs

     total energy              =   -1103.11105174 Ry
     estimated scf accuracy    <       0.00000626 Ry

     iteration # 33     ecut=   100.00 Ry     beta= 0.30
     Davidson diagonalization with overlap
     ethr =  1.16E-08,  avg # of iterations =  1.1

     total cpu time spent up to now is    13390.3 secs

     total energy              =   -1103.11105192 Ry
     estimated scf accuracy    <       0.00002126 Ry

     iteration # 34     ecut=   100.00 Ry     beta= 0.30
     Davidson diagonalization with overlap
     ethr =  1.16E-08,  avg # of iterations =  1.0

     total cpu time spent up to now is    13426.7 secs

     total energy              =   -1103.11105189 Ry
     estimated scf accuracy    <       0.00001012 Ry

     iteration # 35     ecut=   100.00 Ry     beta= 0.30
     Davidson diagonalization with overlap
     ethr =  1.16E-08,  avg # of iterations =  2.0

     total cpu time spent up to now is    13466.5 secs

     total energy              =   -1103.11105217 Ry
     estimated scf accuracy    <       0.00000428 Ry

     iteration # 36     ecut=   100.00 Ry     beta= 0.30
     Davidson diagonalization with overlap
     ethr =  9.11E-09,  avg # of iterations =  1.0

     total cpu time spent up to now is    13502.6 secs

     total energy              =   -1103.11105220 Ry
     estimated scf accuracy    <       0.00000405 Ry

     iteration # 37     ecut=   100.00 Ry     beta= 0.30
     Davidson diagonalization with overlap
     ethr =  8.61E-09,  avg # of iterations =  1.0

     total cpu time spent up to now is    13538.8 secs

     total energy              =   -1103.11105219 Ry
     estimated scf accuracy    <       0.00000432 Ry

     iteration # 38     ecut=   100.00 Ry     beta= 0.30
     Davidson diagonalization with overlap
     ethr =  8.61E-09,  avg # of iterations =  1.0

     total cpu time spent up to now is    13575.1 secs

     total energy              =   -1103.11105220 Ry
     estimated scf accuracy    <       0.00000646 Ry

     iteration # 39     ecut=   100.00 Ry     beta= 0.30
     Davidson diagonalization with overlap
     ethr =  8.61E-09,  avg # of iterations =  1.0

     total cpu time spent up to now is    13611.5 secs

     total energy              =   -1103.11105223 Ry
     estimated scf accuracy    <       0.00000695 Ry

     iteration # 40     ecut=   100.00 Ry     beta= 0.30
     Davidson diagonalization with overlap
     ethr =  8.61E-09,  avg # of iterations =  1.1

     total cpu time spent up to now is    13648.0 secs

     total energy              =   -1103.11105227 Ry
     estimated scf accuracy    <       0.00000384 Ry

     iteration # 41     ecut=   100.00 Ry     beta= 0.30
     Davidson diagonalization with overlap
     ethr =  8.17E-09,  avg # of iterations =  1.0

     total cpu time spent up to now is    13684.3 secs

     total energy              =   -1103.11105214 Ry
     estimated scf accuracy    <       0.00000545 Ry

     iteration # 42     ecut=   100.00 Ry     beta= 0.30
     Davidson diagonalization with overlap
     ethr =  8.17E-09,  avg # of iterations =  1.0

     total cpu time spent up to now is    13720.7 secs

     total energy              =   -1103.11105223 Ry
     estimated scf accuracy    <       0.00001144 Ry

     iteration # 43     ecut=   100.00 Ry     beta= 0.30
     Davidson diagonalization with overlap
     ethr =  8.17E-09,  avg # of iterations =  1.0

     total cpu time spent up to now is    13756.9 secs

     total energy              =   -1103.11105217 Ry
     estimated scf accuracy    <       0.00000471 Ry

     iteration # 44     ecut=   100.00 Ry     beta= 0.30
     Davidson diagonalization with overlap
     ethr =  8.17E-09,  avg # of iterations =  2.0

     total cpu time spent up to now is    13796.7 secs

     total energy              =   -1103.11105238 Ry
     estimated scf accuracy    <       0.00000284 Ry

     iteration # 45     ecut=   100.00 Ry     beta= 0.30
     Davidson diagonalization with overlap
     ethr =  6.04E-09,  avg # of iterations =  1.1

     total cpu time spent up to now is    13833.5 secs

     total energy              =   -1103.11105242 Ry
     estimated scf accuracy    <       0.00000153 Ry

     iteration # 46     ecut=   100.00 Ry     beta= 0.30
     Davidson diagonalization with overlap
     ethr =  3.26E-09,  avg # of iterations =  1.0

     total cpu time spent up to now is    13870.0 secs

     total energy              =   -1103.11105241 Ry
     estimated scf accuracy    <       0.00000192 Ry

     iteration # 47     ecut=   100.00 Ry     beta= 0.30
     Davidson diagonalization with overlap
     ethr =  3.26E-09,  avg # of iterations =  1.0

     total cpu time spent up to now is    13906.3 secs

     total energy              =   -1103.11105234 Ry
     estimated scf accuracy    <       0.00000423 Ry

     iteration # 48     ecut=   100.00 Ry     beta= 0.30
     Davidson diagonalization with overlap
     ethr =  3.26E-09,  avg # of iterations =  1.4

     total cpu time spent up to now is    13943.6 secs

     total energy              =   -1103.11105236 Ry
     estimated scf accuracy    <       0.00000682 Ry

     iteration # 49     ecut=   100.00 Ry     beta= 0.30
     Davidson diagonalization with overlap
     ethr =  3.26E-09,  avg # of iterations =  1.0

     total cpu time spent up to now is    13979.7 secs

     total energy              =   -1103.11105236 Ry
     estimated scf accuracy    <       0.00000673 Ry

     iteration # 50     ecut=   100.00 Ry     beta= 0.30
     Davidson diagonalization with overlap
     ethr =  3.26E-09,  avg # of iterations =  1.0

     total cpu time spent up to now is    14015.7 secs

     total energy              =   -1103.11105238 Ry
     estimated scf accuracy    <       0.00000589 Ry

     iteration # 51     ecut=   100.00 Ry     beta= 0.30
     Davidson diagonalization with overlap
     ethr =  3.26E-09,  avg # of iterations =  1.0

     total cpu time spent up to now is    14052.0 secs

     total energy              =   -1103.11105238 Ry
     estimated scf accuracy    <       0.00000388 Ry

     iteration # 52     ecut=   100.00 Ry     beta= 0.30
     Davidson diagonalization with overlap
     ethr =  3.26E-09,  avg # of iterations =  1.0

     total cpu time spent up to now is    14088.2 secs

     total energy              =   -1103.11105239 Ry
     estimated scf accuracy    <       0.00000403 Ry

     iteration # 53     ecut=   100.00 Ry     beta= 0.30
     Davidson diagonalization with overlap
     ethr =  3.26E-09,  avg # of iterations =  1.0

     total cpu time spent up to now is    14124.8 secs

     total energy              =   -1103.11105236 Ry
     estimated scf accuracy    <       0.00000364 Ry

     iteration # 54     ecut=   100.00 Ry     beta= 0.30
     Davidson diagonalization with overlap
     ethr =  3.26E-09,  avg # of iterations =  2.0

     total cpu time spent up to now is    14166.1 secs

     total energy              =   -1103.11105246 Ry
     estimated scf accuracy    <       0.00000177 Ry

     iteration # 55     ecut=   100.00 Ry     beta= 0.30
     Davidson diagonalization with overlap
     ethr =  3.26E-09,  avg # of iterations =  1.8

     total cpu time spent up to now is    14204.6 secs

     total energy              =   -1103.11105250 Ry
     estimated scf accuracy    <       0.00000140 Ry

     iteration # 56     ecut=   100.00 Ry     beta= 0.30
     Davidson diagonalization with overlap
     ethr =  2.97E-09,  avg # of iterations =  1.1

     total cpu time spent up to now is    14241.0 secs

     total energy              =   -1103.11105251 Ry
     estimated scf accuracy    <       0.00000101 Ry

     iteration # 57     ecut=   100.00 Ry     beta= 0.30
     Davidson diagonalization with overlap
     ethr =  2.15E-09,  avg # of iterations =  1.0

     total cpu time spent up to now is    14277.3 secs

     total energy              =   -1103.11105246 Ry
     estimated scf accuracy    <       0.00000133 Ry

     iteration # 58     ecut=   100.00 Ry     beta= 0.30
     Davidson diagonalization with overlap
     ethr =  2.15E-09,  avg # of iterations =  2.2

     total cpu time spent up to now is    14317.8 secs

     total energy              =   -1103.11105211 Ry
     estimated scf accuracy    <       0.00000045 Ry

     iteration # 59     ecut=   100.00 Ry     beta= 0.30
     Davidson diagonalization with overlap
     ethr =  9.63E-10,  avg # of iterations =  3.8

     total cpu time spent up to now is    14363.1 secs

     total energy              =   -1103.11105156 Ry
     estimated scf accuracy    <       0.00000395 Ry

     iteration # 60     ecut=   100.00 Ry     beta= 0.30
     Davidson diagonalization with overlap
     ethr =  9.63E-10,  avg # of iterations =  4.0

     total cpu time spent up to now is    14411.1 secs

     total energy              =   -1103.11105249 Ry
     estimated scf accuracy    <       0.00000033 Ry

     iteration # 61     ecut=   100.00 Ry     beta= 0.30
     Davidson diagonalization with overlap
     ethr =  7.07E-10,  avg # of iterations =  2.8

     total cpu time spent up to now is    14452.5 secs

     total energy              =   -1103.11105154 Ry
     estimated scf accuracy    <       0.00000004 Ry

     iteration # 62     ecut=   100.00 Ry     beta= 0.30
     Davidson diagonalization with overlap
     ethr =  7.59E-11,  avg # of iterations =  5.2

     total cpu time spent up to now is    14510.2 secs

     total energy              =   -1103.11105251 Ry
     estimated scf accuracy    <       0.00000317 Ry

     iteration # 63     ecut=   100.00 Ry     beta= 0.30
     Davidson diagonalization with overlap
     ethr =  7.59E-11,  avg # of iterations =  3.1

     total cpu time spent up to now is    14552.7 secs

     total energy              =   -1103.11105252 Ry
     estimated scf accuracy    <       0.00000224 Ry

     iteration # 64     ecut=   100.00 Ry     beta= 0.30
     Davidson diagonalization with overlap
     ethr =  7.59E-11,  avg # of iterations =  1.2

     total cpu time spent up to now is    14589.4 secs

     total energy              =   -1103.11105212 Ry
     estimated scf accuracy    <       0.00000203 Ry

     iteration # 65     ecut=   100.00 Ry     beta= 0.30
     Davidson diagonalization with overlap
     ethr =  7.59E-11,  avg # of iterations =  5.0

     total cpu time spent up to now is    14644.3 secs

     total energy              =   -1103.11105257 Ry
     estimated scf accuracy    <       0.00000049 Ry

     iteration # 66     ecut=   100.00 Ry     beta= 0.30
     Davidson diagonalization with overlap
     ethr =  7.59E-11,  avg # of iterations =  2.8

     total cpu time spent up to now is    14685.9 secs

     total energy              =   -1103.11105232 Ry
     estimated scf accuracy    <       0.00000034 Ry

     iteration # 67     ecut=   100.00 Ry     beta= 0.30
     Davidson diagonalization with overlap
     ethr =  7.59E-11,  avg # of iterations =  4.4

     total cpu time spent up to now is    14737.0 secs

     total energy              =   -1103.11105247 Ry
     estimated scf accuracy    <          9.2E-09 Ry

     iteration # 68     ecut=   100.00 Ry     beta= 0.30
     Davidson diagonalization with overlap
     ethr =  1.95E-11,  avg # of iterations =  4.2

     total cpu time spent up to now is    14787.8 secs

     total energy              =   -1103.11105254 Ry
     estimated scf accuracy    <       0.00000004 Ry

     iteration # 69     ecut=   100.00 Ry     beta= 0.30
     Davidson diagonalization with overlap
     ethr =  1.95E-11,  avg # of iterations =  4.0

     total cpu time spent up to now is    14834.6 secs

     End of self-consistent calculation

     Number of k-points >= 100: set verbosity='high' to print the bands.

     the Fermi energy is     5.2100 ev

!    total energy              =   -1103.11105256 Ry
     total all-electron energy =    -19630.255280 Ry
     estimated scf accuracy    <          1.1E-11 Ry
     smearing contrib. (-TS)   =      -0.00521698 Ry
     internal energy E=F+TS    =   -1103.10583559 Ry

     The total energy is F=E-TS. E is the sum of the following terms:
     one-electron contribution =    -313.63058260 Ry
     hartree contribution      =     178.97408560 Ry
     xc contribution           =     -68.47912896 Ry
     ewald contribution        =    -227.28711687 Ry
     one-center paw contrib.   =    -672.68309275 Ry

     convergence has been achieved in  69 iterations

     Forces acting on atoms (cartesian axes, Ry/au):

     atom    1 type  1   force =    -0.00000000    0.00000000    0.00000000
     atom    2 type  2   force =    -0.00000000    0.00000000   -0.00000000
     atom    3 type  3   force =    -0.00000000    0.00000000    0.00000000
     atom    4 type  3   force =     0.00000000   -0.00000000    0.00000000
     atom    5 type  3   force =     0.00000000   -0.00000000   -0.00000000

     Total force =     0.000000     Total SCF correction =     0.000000


     Computing stress (Cartesian axis) and pressure

          total   stress  (Ry/bohr**3)                   (kbar)     P=       -0.88
  -0.00000601  -0.00000660  -0.00000660           -0.88       -0.97       -0.97
  -0.00000660  -0.00000601  -0.00000660           -0.97       -0.88       -0.97
  -0.00000660  -0.00000660  -0.00000601           -0.97       -0.97       -0.88


     BFGS Geometry Optimization
     Energy error            =      0.0E+00 Ry
     Gradient error          =      1.6E-30 Ry/Bohr

     bfgs converged in   1 scf cycles and   0 bfgs steps
     (criteria: energy <  1.0E-07 Ry, force <  1.0E-03 Ry/Bohr)

     End of BFGS Geometry Optimization

     Final energy             =   -1103.1110525641 Ry
Begin final coordinates

ATOMIC_POSITIONS (crystal)
K                0.0000000000        0.0000000000        0.0000000000
Co               0.5000000000        0.5000000000        0.5000000000
Br               0.5000000000        0.5000000000        0.0000000000
Br               0.5000000000        0.0000000000        0.5000000000
Br               0.0000000000        0.5000000000        0.5000000000
End final coordinates



  ----------------------------------------------------------------------------

     Applying the following strain
     (     0.00000,     0.00750,     0.00750  )
     (     0.00750,     0.00000,     0.00750  )
     (     0.00750,     0.00750,     0.00000  )



  ++++++++++++++++++++++++++++++++++++++++++++++++++++++++++++++++++++++++++++
     Doing work    8 /     8
  ++++++++++++++++++++++++++++++++++++++++++++++++++++++++++++++++++++++++++++


     Current dimensions of program PWSCF are:
     Max number of different atomic species (ntypx) = 10
     Max number of k-points (npk) = 120000
     Max angular momentum in pseudopotentials (lmaxx) =  4

     WARNING: check_stop already initialized
     Message from routine setup:
     using ibrav=0 with symmetry is DISCOURAGED, use correct ibrav instead

     Parallelization info
     --------------------
     sticks:   dense  smooth     PW     G-vecs:    dense   smooth      PW
     Min        2903    1452    404               166653    58976    8623
     Max        2910    1461    405               166800    59055    8694
     Sum        5813    2913    809               333453   118031   17317

     Using Pencil Decomposition



     bravais-lattice index     =            0
     lattice parameter (alat)  =       9.5573  a.u.
     unit-cell volume          =     872.8301 (a.u.)^3
     number of atoms/cell      =            5
     number of atomic types    =            3
     number of electrons       =        47.00
     number of Kohn-Sham states=           29
     kinetic-energy cutoff     =     100.0000  Ry
     charge density cutoff     =     800.0000  Ry
     scf convergence threshold =      1.0E-10
     mixing beta               =       0.3000
     number of iterations used =            8  plain     mixing
     energy convergence thresh.=      1.0E-07
     force convergence thresh. =      1.0E-03
     Exchange-correlation= PBE
                           (   1   4   3   4   0   0   0)
     nstep                     =           20


     celldm(1)=   9.557278  celldm(2)=   0.000000  celldm(3)=   0.000000
     celldm(4)=   0.000000  celldm(5)=   0.000000  celldm(6)=   0.000000

     crystal axes: (cart. coord. in units of alat)
               a(1) = (   1.000000   0.007500   0.007500 )  
               a(2) = (   0.007500   1.000000   0.007500 )  
               a(3) = (   0.007500   0.007500   1.000000 )  

     reciprocal axes: (cart. coord. in units 2 pi/alat)
               b(1) = (  1.000112 -0.007445 -0.007445 )  
               b(2) = ( -0.007445  1.000112 -0.007445 )  
               b(3) = ( -0.007445 -0.007445  1.000112 )  


     PseudoPot. # 1 for K  read from file:
     /home/administrator/Downloads/BURAI/BURAI1.3/pseudopot/K.pbe-spn-kjpaw_psl.1.0.0.UPF
     MD5 check sum: 14ff5a24ff9f8afecca2cb30191d3c3d
     Pseudo is Projector augmented-wave + core cor, Zval =  9.0
     Generated using "atomic" code by A. Dal Corso  v.5.1.2
     Shape of augmentation charge: PSQ
     Using radial grid of 1165 points,  6 beta functions with: 
                l(1) =   0
                l(2) =   0
                l(3) =   1
                l(4) =   1
                l(5) =   2
                l(6) =   2
     Q(r) pseudized with 0 coefficients 


     PseudoPot. # 2 for Co read from file:
     /home/administrator/Downloads/BURAI/BURAI1.3/pseudopot/Co.pbe-spn-kjpaw_psl.1.0.0.UPF
     MD5 check sum: debeb0e0a2756593e9907dd3738e3b12
     Pseudo is Projector augmented-wave + core cor, Zval = 17.0
     Generated using "atomic" code by A. Dal Corso  v.5.1.2
     Shape of augmentation charge: PSQ
     Using radial grid of 1193 points,  6 beta functions with: 
                l(1) =   0
                l(2) =   0
                l(3) =   1
                l(4) =   1
                l(5) =   2
                l(6) =   2
     Q(r) pseudized with 0 coefficients 


     PseudoPot. # 3 for Br read from file:
     /home/administrator/Downloads/BURAI/BURAI1.3/pseudopot/Br.pbe-n-kjpaw_psl.1.0.0.UPF
     MD5 check sum: 4e719ecb11afb5eb9a83625d9f5c08f4
     Pseudo is Projector augmented-wave + core cor, Zval =  7.0
     Generated using "atomic" code by A. Dal Corso  v.5.1.2
     Shape of augmentation charge: PSQ
     Using radial grid of 1213 points,  4 beta functions with: 
                l(1) =   0
                l(2) =   0
                l(3) =   1
                l(4) =   1
     Q(r) pseudized with 0 coefficients 


     atomic species   valence    mass     pseudopotential
     K                 9.00    39.09830     K ( 1.00)
     Co               17.00    58.93320     Co( 1.00)
     Br                7.00    79.90400     Br( 1.00)

     12 Sym. Ops., with inversion, found



   Cartesian axes

     site n.     atom                  positions (alat units)
         1        K      tau(   1) = (   0.0000000   0.0000000   0.0000000  )
         2        Co     tau(   2) = (   0.5075000   0.5075000   0.5075000  )
         3        Br     tau(   3) = (   0.5037500   0.5037500   0.0075000  )
         4        Br     tau(   4) = (   0.5037500   0.0075000   0.5037500  )
         5        Br     tau(   5) = (   0.0075000   0.5037500   0.5037500  )

     number of k points=   116  Gaussian smearing, width (Ry)=  0.0100

     Number of k-points >= 100: set verbosity='high' to print them.

     Dense  grid:   333453 G-vectors     FFT dimensions: (  90,  90,  90)

     Smooth grid:   118031 G-vectors     FFT dimensions: (  64,  64,  64)

     Estimated max dynamical RAM per process >     344.21 MB

     Estimated total dynamical RAM >       2.45 GB

     Initial potential from superposition of free atoms

     starting charge      46.9808, renormalised to      47.0000
     Starting wfcs are   30 randomized atomic wfcs
     Checking if some PAW data can be deallocated... 

     total cpu time spent up to now is    14880.1 secs

     Self-consistent Calculation

     iteration #  1     ecut=   100.00 Ry     beta= 0.30
     Davidson diagonalization with overlap
     ethr =  1.00E-02,  avg # of iterations =  6.0

     total cpu time spent up to now is    14928.0 secs

     total energy              =   -1102.74956982 Ry
     estimated scf accuracy    <       0.87034257 Ry

     iteration #  2     ecut=   100.00 Ry     beta= 0.30
     Davidson diagonalization with overlap
     ethr =  1.85E-03,  avg # of iterations =  3.9

     total cpu time spent up to now is    14972.8 secs

     total energy              =   -1102.96854003 Ry
     estimated scf accuracy    <       1.91769344 Ry

     iteration #  3     ecut=   100.00 Ry     beta= 0.30
     Davidson diagonalization with overlap
     ethr =  1.85E-03,  avg # of iterations =  3.3

     total cpu time spent up to now is    15014.6 secs

     total energy              =   -1103.08058927 Ry
     estimated scf accuracy    <       0.12683771 Ry

     iteration #  4     ecut=   100.00 Ry     beta= 0.30
     Davidson diagonalization with overlap
     ethr =  2.70E-04,  avg # of iterations =  4.1

     total cpu time spent up to now is    15059.3 secs

     total energy              =   -1103.10130044 Ry
     estimated scf accuracy    <       0.08274556 Ry

     iteration #  5     ecut=   100.00 Ry     beta= 0.30
     Davidson diagonalization with overlap
     ethr =  1.76E-04,  avg # of iterations =  2.3

     total cpu time spent up to now is    15098.6 secs

     total energy              =   -1103.11048355 Ry
     estimated scf accuracy    <       0.00107615 Ry

     iteration #  6     ecut=   100.00 Ry     beta= 0.30
     Davidson diagonalization with overlap
     c_bands:  1 eigenvalues not converged
     ethr =  2.29E-06,  avg # of iterations = 11.1

     total cpu time spent up to now is    15166.7 secs

     total energy              =   -1103.10723422 Ry
     estimated scf accuracy    <       0.00728241 Ry

     iteration #  7     ecut=   100.00 Ry     beta= 0.30
     Davidson diagonalization with overlap
     c_bands:  1 eigenvalues not converged
     ethr =  2.29E-06,  avg # of iterations =  6.1

     total cpu time spent up to now is    15230.6 secs

     total energy              =   -1103.10680685 Ry
     estimated scf accuracy    <       0.05276804 Ry

     iteration #  8     ecut=   100.00 Ry     beta= 0.30
     Davidson diagonalization with overlap
     ethr =  2.29E-06,  avg # of iterations =  4.4

     total cpu time spent up to now is    15283.6 secs

     total energy              =   -1103.11071305 Ry
     estimated scf accuracy    <       0.00071364 Ry

     iteration #  9     ecut=   100.00 Ry     beta= 0.30
     Davidson diagonalization with overlap
     ethr =  1.52E-06,  avg # of iterations =  1.0

     total cpu time spent up to now is    15320.4 secs

     total energy              =   -1103.11070574 Ry
     estimated scf accuracy    <       0.00026644 Ry

     iteration # 10     ecut=   100.00 Ry     beta= 0.30
     Davidson diagonalization with overlap
     ethr =  5.67E-07,  avg # of iterations =  1.5

     total cpu time spent up to now is    15358.1 secs

     total energy              =   -1103.11067954 Ry
     estimated scf accuracy    <       0.00010787 Ry

     iteration # 11     ecut=   100.00 Ry     beta= 0.30
     Davidson diagonalization with overlap
     ethr =  2.30E-07,  avg # of iterations =  3.1

     total cpu time spent up to now is    15399.8 secs

     total energy              =   -1103.11068276 Ry
     estimated scf accuracy    <       0.00011824 Ry

     iteration # 12     ecut=   100.00 Ry     beta= 0.30
     Davidson diagonalization with overlap
     ethr =  2.30E-07,  avg # of iterations =  2.9

     total cpu time spent up to now is    15440.6 secs

     total energy              =   -1103.11071933 Ry
     estimated scf accuracy    <       0.00018268 Ry

     iteration # 13     ecut=   100.00 Ry     beta= 0.30
     Davidson diagonalization with overlap
     ethr =  2.30E-07,  avg # of iterations =  1.0

     total cpu time spent up to now is    15476.7 secs

     total energy              =   -1103.11070543 Ry
     estimated scf accuracy    <       0.00025287 Ry

     iteration # 14     ecut=   100.00 Ry     beta= 0.30
     Davidson diagonalization with overlap
     ethr =  2.30E-07,  avg # of iterations =  1.0

     total cpu time spent up to now is    15512.8 secs

     total energy              =   -1103.11070240 Ry
     estimated scf accuracy    <       0.00018879 Ry

     iteration # 15     ecut=   100.00 Ry     beta= 0.30
     Davidson diagonalization with overlap
     ethr =  2.30E-07,  avg # of iterations =  1.1

     total cpu time spent up to now is    15549.1 secs

     total energy              =   -1103.11070448 Ry
     estimated scf accuracy    <       0.00007769 Ry

     iteration # 16     ecut=   100.00 Ry     beta= 0.30
     Davidson diagonalization with overlap
     ethr =  1.65E-07,  avg # of iterations =  1.0

     total cpu time spent up to now is    15585.2 secs

     total energy              =   -1103.11070547 Ry
     estimated scf accuracy    <       0.00009533 Ry

     iteration # 17     ecut=   100.00 Ry     beta= 0.30
     Davidson diagonalization with overlap
     ethr =  1.65E-07,  avg # of iterations =  1.0

     total cpu time spent up to now is    15621.4 secs

     total energy              =   -1103.11070625 Ry
     estimated scf accuracy    <       0.00009277 Ry

     iteration # 18     ecut=   100.00 Ry     beta= 0.30
     Davidson diagonalization with overlap
     ethr =  1.65E-07,  avg # of iterations =  1.1

     total cpu time spent up to now is    15657.7 secs

     total energy              =   -1103.11070731 Ry
     estimated scf accuracy    <       0.00001968 Ry

     iteration # 19     ecut=   100.00 Ry     beta= 0.30
     Davidson diagonalization with overlap
     ethr =  4.19E-08,  avg # of iterations =  1.8

     total cpu time spent up to now is    15695.5 secs

     total energy              =   -1103.11070514 Ry
     estimated scf accuracy    <       0.00004234 Ry

     iteration # 20     ecut=   100.00 Ry     beta= 0.30
     Davidson diagonalization with overlap
     ethr =  4.19E-08,  avg # of iterations =  2.0

     total cpu time spent up to now is    15734.6 secs

     total energy              =   -1103.11070710 Ry
     estimated scf accuracy    <       0.00014534 Ry

     iteration # 21     ecut=   100.00 Ry     beta= 0.30
     Davidson diagonalization with overlap
     ethr =  4.19E-08,  avg # of iterations =  2.0

     total cpu time spent up to now is    15773.8 secs

     total energy              =   -1103.11070839 Ry
     estimated scf accuracy    <       0.00005163 Ry

     iteration # 22     ecut=   100.00 Ry     beta= 0.30
     Davidson diagonalization with overlap
     ethr =  4.19E-08,  avg # of iterations =  1.9

     total cpu time spent up to now is    15811.8 secs

     total energy              =   -1103.11070893 Ry
     estimated scf accuracy    <       0.00005409 Ry

     iteration # 23     ecut=   100.00 Ry     beta= 0.30
     Davidson diagonalization with overlap
     ethr =  4.19E-08,  avg # of iterations =  1.0

     total cpu time spent up to now is    15848.0 secs

     total energy              =   -1103.11070953 Ry
     estimated scf accuracy    <       0.00006475 Ry

     iteration # 24     ecut=   100.00 Ry     beta= 0.30
     Davidson diagonalization with overlap
     ethr =  4.19E-08,  avg # of iterations =  2.0

     total cpu time spent up to now is    15886.8 secs

     total energy              =   -1103.11070986 Ry
     estimated scf accuracy    <       0.00004623 Ry

     iteration # 25     ecut=   100.00 Ry     beta= 0.30
     Davidson diagonalization with overlap
     ethr =  4.19E-08,  avg # of iterations =  1.0

     total cpu time spent up to now is    15922.9 secs

     total energy              =   -1103.11070694 Ry
     estimated scf accuracy    <       0.00007689 Ry

     iteration # 26     ecut=   100.00 Ry     beta= 0.30
     Davidson diagonalization with overlap
     ethr =  4.19E-08,  avg # of iterations =  2.0

     total cpu time spent up to now is    15962.6 secs

     total energy              =   -1103.11070762 Ry
     estimated scf accuracy    <       0.00014121 Ry

     iteration # 27     ecut=   100.00 Ry     beta= 0.30
     Davidson diagonalization with overlap
     ethr =  4.19E-08,  avg # of iterations =  2.8

     total cpu time spent up to now is    16004.1 secs

     total energy              =   -1103.11071122 Ry
     estimated scf accuracy    <       0.00004795 Ry

     iteration # 28     ecut=   100.00 Ry     beta= 0.30
     Davidson diagonalization with overlap
     ethr =  4.19E-08,  avg # of iterations =  1.0

     total cpu time spent up to now is    16040.2 secs

     total energy              =   -1103.11071155 Ry
     estimated scf accuracy    <       0.00006351 Ry

     iteration # 29     ecut=   100.00 Ry     beta= 0.30
     Davidson diagonalization with overlap
     ethr =  4.19E-08,  avg # of iterations =  2.0

     total cpu time spent up to now is    16078.8 secs

     total energy              =   -1103.11071070 Ry
     estimated scf accuracy    <       0.00003252 Ry

     iteration # 30     ecut=   100.00 Ry     beta= 0.30
     Davidson diagonalization with overlap
     ethr =  4.19E-08,  avg # of iterations =  2.8

     total cpu time spent up to now is    16120.2 secs

     total energy              =   -1103.11071246 Ry
     estimated scf accuracy    <       0.00001101 Ry

     iteration # 31     ecut=   100.00 Ry     beta= 0.30
     Davidson diagonalization with overlap
     ethr =  2.34E-08,  avg # of iterations =  3.2

     total cpu time spent up to now is    16162.4 secs

     total energy              =   -1103.11071474 Ry
     estimated scf accuracy    <       0.00000685 Ry

     iteration # 32     ecut=   100.00 Ry     beta= 0.30
     Davidson diagonalization with overlap
     ethr =  1.46E-08,  avg # of iterations =  1.0

     total cpu time spent up to now is    16198.8 secs

     total energy              =   -1103.11071490 Ry
     estimated scf accuracy    <       0.00002108 Ry

     iteration # 33     ecut=   100.00 Ry     beta= 0.30
     Davidson diagonalization with overlap
     ethr =  1.46E-08,  avg # of iterations =  1.0

     total cpu time spent up to now is    16235.2 secs

     total energy              =   -1103.11071502 Ry
     estimated scf accuracy    <       0.00002091 Ry

     iteration # 34     ecut=   100.00 Ry     beta= 0.30
     Davidson diagonalization with overlap
     ethr =  1.46E-08,  avg # of iterations =  1.0

     total cpu time spent up to now is    16271.7 secs

     total energy              =   -1103.11071506 Ry
     estimated scf accuracy    <       0.00001677 Ry

     iteration # 35     ecut=   100.00 Ry     beta= 0.30
     Davidson diagonalization with overlap
     ethr =  1.46E-08,  avg # of iterations =  2.0

     total cpu time spent up to now is    16310.6 secs

     total energy              =   -1103.11071530 Ry
     estimated scf accuracy    <       0.00001390 Ry

     iteration # 36     ecut=   100.00 Ry     beta= 0.30
     Davidson diagonalization with overlap
     ethr =  1.46E-08,  avg # of iterations =  1.0

     total cpu time spent up to now is    16346.9 secs

     total energy              =   -1103.11071329 Ry
     estimated scf accuracy    <       0.00002088 Ry

     iteration # 37     ecut=   100.00 Ry     beta= 0.30
     Davidson diagonalization with overlap
     ethr =  1.46E-08,  avg # of iterations =  2.8

     total cpu time spent up to now is    16389.1 secs

     total energy              =   -1103.11071202 Ry
     estimated scf accuracy    <       0.00004640 Ry

     iteration # 38     ecut=   100.00 Ry     beta= 0.30
     Davidson diagonalization with overlap
     ethr =  1.46E-08,  avg # of iterations =  3.2

     total cpu time spent up to now is    16433.4 secs

     total energy              =   -1103.11071473 Ry
     estimated scf accuracy    <       0.00000719 Ry

     iteration # 39     ecut=   100.00 Ry     beta= 0.30
     Davidson diagonalization with overlap
     ethr =  1.46E-08,  avg # of iterations =  2.8

     total cpu time spent up to now is    16474.7 secs

     total energy              =   -1103.11071588 Ry
     estimated scf accuracy    <       0.00000148 Ry

     iteration # 40     ecut=   100.00 Ry     beta= 0.30
     Davidson diagonalization with overlap
     ethr =  3.16E-09,  avg # of iterations =  2.5

     total cpu time spent up to now is    16514.1 secs

     total energy              =   -1103.11071325 Ry
     estimated scf accuracy    <       0.00000238 Ry

     iteration # 41     ecut=   100.00 Ry     beta= 0.30
     Davidson diagonalization with overlap
     ethr =  3.16E-09,  avg # of iterations =  4.1

     total cpu time spent up to now is    16561.5 secs

     total energy              =   -1103.11071586 Ry
     estimated scf accuracy    <       0.00000056 Ry

     iteration # 42     ecut=   100.00 Ry     beta= 0.30
     Davidson diagonalization with overlap
     ethr =  1.19E-09,  avg # of iterations =  2.7

     total cpu time spent up to now is    16602.7 secs

     total energy              =   -1103.11071549 Ry
     estimated scf accuracy    <       0.00000034 Ry

     iteration # 43     ecut=   100.00 Ry     beta= 0.30
     Davidson diagonalization with overlap
     ethr =  7.17E-10,  avg # of iterations =  4.0

     total cpu time spent up to now is    16649.2 secs

     total energy              =   -1103.11071574 Ry
     estimated scf accuracy    <       0.00000013 Ry

     iteration # 44     ecut=   100.00 Ry     beta= 0.30
     Davidson diagonalization with overlap
     ethr =  2.79E-10,  avg # of iterations =  3.9

     total cpu time spent up to now is    16695.6 secs

     total energy              =   -1103.11071562 Ry
     estimated scf accuracy    <       0.00000007 Ry

     iteration # 45     ecut=   100.00 Ry     beta= 0.30
     Davidson diagonalization with overlap
     ethr =  1.48E-10,  avg # of iterations =  4.1

     total cpu time spent up to now is    16744.0 secs

     total energy              =   -1103.11071577 Ry
     estimated scf accuracy    <          5.6E-09 Ry

     iteration # 46     ecut=   100.00 Ry     beta= 0.30
     Davidson diagonalization with overlap
     ethr =  1.20E-11,  avg # of iterations =  4.7

     total cpu time spent up to now is    16797.6 secs

     total energy              =   -1103.11071582 Ry
     estimated scf accuracy    <          3.1E-09 Ry

     iteration # 47     ecut=   100.00 Ry     beta= 0.30
     Davidson diagonalization with overlap
     ethr =  6.60E-12,  avg # of iterations =  4.3

     total cpu time spent up to now is    16848.7 secs

     total energy              =   -1103.11071586 Ry
     estimated scf accuracy    <       0.00000001 Ry

     iteration # 48     ecut=   100.00 Ry     beta= 0.30
     Davidson diagonalization with overlap
     ethr =  6.60E-12,  avg # of iterations =  3.5

     total cpu time spent up to now is    16893.7 secs

     total energy              =   -1103.11071592 Ry
     estimated scf accuracy    <       0.00000003 Ry

     iteration # 49     ecut=   100.00 Ry     beta= 0.30
     Davidson diagonalization with overlap
     ethr =  6.60E-12,  avg # of iterations =  4.5

     total cpu time spent up to now is    16946.2 secs

     total energy              =   -1103.11071596 Ry
     estimated scf accuracy    <       0.00000019 Ry

     iteration # 50     ecut=   100.00 Ry     beta= 0.30
     Davidson diagonalization with overlap
     ethr =  6.60E-12,  avg # of iterations =  3.3

     total cpu time spent up to now is    16989.5 secs

     total energy              =   -1103.11071597 Ry
     estimated scf accuracy    <       0.00000028 Ry

     iteration # 51     ecut=   100.00 Ry     beta= 0.30
     Davidson diagonalization with overlap
     ethr =  6.60E-12,  avg # of iterations =  2.8

     total cpu time spent up to now is    17030.8 secs

     total energy              =   -1103.11071597 Ry
     estimated scf accuracy    <       0.00000034 Ry

     iteration # 52     ecut=   100.00 Ry     beta= 0.30
     Davidson diagonalization with overlap
     ethr =  6.60E-12,  avg # of iterations =  1.1

     total cpu time spent up to now is    17067.2 secs

     total energy              =   -1103.11071597 Ry
     estimated scf accuracy    <       0.00000038 Ry

     iteration # 53     ecut=   100.00 Ry     beta= 0.30
     Davidson diagonalization with overlap
     ethr =  6.60E-12,  avg # of iterations =  2.5

     total cpu time spent up to now is    17107.9 secs

     total energy              =   -1103.11071598 Ry
     estimated scf accuracy    <       0.00000032 Ry

     iteration # 54     ecut=   100.00 Ry     beta= 0.30
     Davidson diagonalization with overlap
     ethr =  6.60E-12,  avg # of iterations =  2.9

     total cpu time spent up to now is    17149.6 secs

     total energy              =   -1103.11071585 Ry
     estimated scf accuracy    <       0.00000043 Ry

     iteration # 55     ecut=   100.00 Ry     beta= 0.30
     Davidson diagonalization with overlap
     ethr =  6.60E-12,  avg # of iterations =  5.0

     total cpu time spent up to now is    17205.5 secs

     total energy              =   -1103.11071586 Ry
     estimated scf accuracy    <       0.00000016 Ry

     iteration # 56     ecut=   100.00 Ry     beta= 0.30
     Davidson diagonalization with overlap
     ethr =  6.60E-12,  avg # of iterations =  4.2

     total cpu time spent up to now is    17255.2 secs

     total energy              =   -1103.11071582 Ry
     estimated scf accuracy    <       0.00000011 Ry

     iteration # 57     ecut=   100.00 Ry     beta= 0.30
     Davidson diagonalization with overlap
     ethr =  6.60E-12,  avg # of iterations =  4.1

     total cpu time spent up to now is    17304.8 secs

     total energy              =   -1103.11071580 Ry
     estimated scf accuracy    <       0.00000007 Ry

     iteration # 58     ecut=   100.00 Ry     beta= 0.30
     Davidson diagonalization with overlap
     ethr =  6.60E-12,  avg # of iterations =  4.0

     total cpu time spent up to now is    17352.4 secs

     total energy              =   -1103.11071550 Ry
     estimated scf accuracy    <       0.00000005 Ry

     iteration # 59     ecut=   100.00 Ry     beta= 0.30
     Davidson diagonalization with overlap
     ethr =  6.60E-12,  avg # of iterations =  5.2

     total cpu time spent up to now is    17411.7 secs

     total energy              =   -1103.11071569 Ry
     estimated scf accuracy    <          9.7E-09 Ry

     iteration # 60     ecut=   100.00 Ry     beta= 0.30
     Davidson diagonalization with overlap
     ethr =  6.60E-12,  avg # of iterations =  5.1

     total cpu time spent up to now is    17469.8 secs

     total energy              =   -1103.11071555 Ry
     estimated scf accuracy    <       0.00000006 Ry

     iteration # 61     ecut=   100.00 Ry     beta= 0.30
     Davidson diagonalization with overlap
     ethr =  6.60E-12,  avg # of iterations =  5.1

     total cpu time spent up to now is    17528.1 secs

     total energy              =   -1103.11071566 Ry
     estimated scf accuracy    <          2.1E-09 Ry

     iteration # 62     ecut=   100.00 Ry     beta= 0.30
     Davidson diagonalization with overlap
     ethr =  4.54E-12,  avg # of iterations =  1.0

     total cpu time spent up to now is    17564.2 secs

     End of self-consistent calculation

     Number of k-points >= 100: set verbosity='high' to print the bands.

     the Fermi energy is     5.2115 ev

!    total energy              =   -1103.11071567 Ry
     total all-electron energy =    -19630.254943 Ry
     estimated scf accuracy    <          6.1E-11 Ry
     smearing contrib. (-TS)   =      -0.00521391 Ry
     internal energy E=F+TS    =   -1103.10550176 Ry

     The total energy is F=E-TS. E is the sum of the following terms:
     one-electron contribution =    -313.60090520 Ry
     hartree contribution      =     178.96755284 Ry
     xc contribution           =     -68.48418775 Ry
     ewald contribution        =    -227.30451121 Ry
     one-center paw contrib.   =    -672.68345045 Ry

     convergence has been achieved in  62 iterations

     Forces acting on atoms (cartesian axes, Ry/au):

     atom    1 type  1   force =     0.00000000   -0.00000000   -0.00000000
     atom    2 type  2   force =    -0.00000000    0.00000000   -0.00000000
     atom    3 type  3   force =    -0.00000000   -0.00000000    0.00000000
     atom    4 type  3   force =    -0.00000000    0.00000000    0.00000000
     atom    5 type  3   force =     0.00000000   -0.00000000   -0.00000000

     Total force =     0.000000     Total SCF correction =     0.000000


     Computing stress (Cartesian axis) and pressure

          total   stress  (Ry/bohr**3)                   (kbar)     P=       -0.76
  -0.00000519  -0.00002009  -0.00002009           -0.76       -2.96       -2.96
  -0.00002009  -0.00000519  -0.00002009           -2.96       -0.76       -2.96
  -0.00002009  -0.00002009  -0.00000519           -2.96       -2.96       -0.76


     BFGS Geometry Optimization
     Energy error            =      0.0E+00 Ry
     Gradient error          =      6.3E-30 Ry/Bohr

     bfgs converged in   1 scf cycles and   0 bfgs steps
     (criteria: energy <  1.0E-07 Ry, force <  1.0E-03 Ry/Bohr)

     End of BFGS Geometry Optimization

     Final energy             =   -1103.1107156663 Ry
Begin final coordinates

ATOMIC_POSITIONS (crystal)
K                0.0000000000        0.0000000000        0.0000000000
Co               0.5000000000        0.5000000000        0.5000000000
Br               0.5000000000        0.5000000000       -0.0000000000
Br               0.5000000000       -0.0000000000        0.5000000000
Br              -0.0000000000        0.5000000000        0.5000000000
End final coordinates



                    ----------------------------------------


     Elastic constant     3    3

          strain       stress (kbar)
     -0.0075000000      3.3802535579
     -0.0025000000      0.4940426280
      0.0025000000     -2.2610126350
      0.0075000000     -4.8919313376

     Polynomial coefficients
     a1= -0.611427407509E-05
     a2= -0.374855990477E-02
     a3=  0.173544129077E-01

                    ----------------------------------------


     Elastic constant     1    3

          strain       stress (kbar)
     -0.0075000000      1.1860986436
     -0.0025000000     -0.2160994040
      0.0025000000     -1.5699483704
      0.0075000000     -2.8664682196

     Polynomial coefficients
     a1= -0.611555212026E-05
     a2= -0.183699294347E-02
     a3=  0.718385792510E-02

                    ----------------------------------------


     Elastic constant     4    4

          strain       stress (kbar)
     -0.0075000000      7.0465816005
     -0.0025000000      0.9641100254
      0.0025000000     -0.9705743080
      0.0075000000     -2.9555159401

     Polynomial coefficients
     a1= -0.176287430336E-05
     a2= -0.434260696976E-02
     a3=  0.278544424519E+00

                    ----------------------------------------


     Elastic constants C_ij (kbar) 
    i j=        1           2           3           4           5           6
    1   551.43220   270.23099   270.23099     0.00000     0.00000     0.00000
    2   270.23099   551.43220   270.23099     0.00000     0.00000     0.00000
    3   270.23099   270.23099   551.43220     0.00000     0.00000     0.00000
    4     0.00000     0.00000     0.00000   319.40977     0.00000     0.00000
    5     0.00000     0.00000     0.00000     0.00000   319.40977     0.00000
    6     0.00000     0.00000     0.00000     0.00000     0.00000   319.40977

     1 bar = 10^5 Pa; 10 kbar = 1 GPa; 1 atm = 1.01325 bar; 1 Pa = 1 N/m^2
     1 Pa = 10 dyn/cm^2; 1 Mbar = 10^11 Pa
     1 torr = 1 mm Hg = 1/760 bar = 7.5006 x 10^-3 Pa


                    ----------------------------------------


     Elastic compliances  S_ij (1/Mbar) 
    i j=        1           2           3           4           5           6
    1     2.67606    -0.88011    -0.88011    -0.00000     0.00000    -0.00000
    2    -0.88011     2.67606    -0.88011    -0.00000     0.00000    -0.00000
    3    -0.88011    -0.88011     2.67606    -0.00000     0.00000    -0.00000
    4     0.00000     0.00000     0.00000     3.13077     0.00000    -0.00000
    5     0.00000     0.00000     0.00000     0.00000     3.13077    -0.00000
    6     0.00000     0.00000     0.00000     0.00000     0.00000     3.13077

     1/Mbar = 1/10^{11} Pa; 1 Pa = 1 N/m^2

                    ----------------------------------------


     Voigt approximation:
     Bulk modulus  B =    363.96473 kbar
     Young modulus E =    606.06667 kbar
     Shear modulus G =    247.88610 kbar
     Poisson Ratio n =      0.22247
     Pugh Ratio r =         0.68107

     Reuss approximation:
     Bulk modulus  B =    363.96473 kbar
     Young modulus E =    531.98635 kbar
     Shear modulus G =    211.71178 kbar
     Poisson Ratio n =      0.25639
     Pugh Ratio r =         0.58168

     Voigt-Reuss-Hill average of the two approximations:
     Bulk modulus  B =    363.96473 kbar
     Young modulus E =    569.02651 kbar
     Shear modulus G =    229.79894 kbar
     Longitudinal modulus L =    670.36331 kbar
     Poisson Ratio n =      0.23810
     Pugh Ratio r =         0.63138

     Voigt-Reuss-Hill average; sound velocities:

     Compressional V_P =     3932.241 m/s
     Bulk          V_B =     2897.441 m/s
     Shear         V_G =     2302.285 m/s

     The approximate Debye temperature is      256.849 K

                    ----------------------------------------

     Average Debye sound velocity =     2518.445 m/s

     Debye temperature =      253.525 K

  ++++++++++++++++++++++++++++++++++++++++++++++++++++++++++++++++++++++++++++
     Computing the thermodynamic properties from elastic constants
     Writing on file therm_files/output_therm.dat_debye.g1
  ++++++++++++++++++++++++++++++++++++++++++++++++++++++++++++++++++++++++++++


     Times for scf pw.x
     tpw_scf_pw   :  21367.90s CPU  17591.74s WALL (      17 calls)
     cegterg:diag :    178.84s CPU    127.85s WALL (   44513 calls)

     Times for non scf pw.x

     Times for ph.x 

     THERMO_PW    :      5h56m CPU      4h53m WALL


   This run was terminated on:  16:10:37  20May2025            

=------------------------------------------------------------------------------=
   JOB DONE.
=------------------------------------------------------------------------------=
