
     Program PHONON v.7.3.1 starts on  3Apr2025 at 18:19:46 

     This program is part of the open-source Quantum ESPRESSO suite
     for quantum simulation of materials; please cite
         "P. Giannozzi et al., J. Phys.:Condens. Matter 21 395502 (2009);
         "P. Giannozzi et al., J. Phys.:Condens. Matter 29 465901 (2017);
         "P. Giannozzi et al., J. Chem. Phys. 152 154105 (2020);
          URL http://www.quantum-espresso.org", 
     in publications or presentations arising from this work. More details at
     http://www.quantum-espresso.org/quote

     Parallel version (MPI), running on     8 processors

     MPI processes distributed on     1 nodes
     61057 MiB available memory on the printing compute node when the environment starts

     Reading input from ph_grid.in
      Title line not specified: using 'default'.

     Reading xml data from directory:

     ./tmp/rbinf3.save/

     K-points division:     npool     =       4
     R & G space division:  proc/nbgrp/npool/nimage =       2
     Subspace diagonalization in iterative solution of the eigenvalue problem:
     a serial algorithm will be used

     file Rb.pbe-spn-kjpaw_psl.1.0.0.UPF: wavefunction(s)  4S renormalized
     file In.pbe-dn-kjpaw_psl.1.0.0.UPF: wavefunction(s)  5S 5P 4D renormalized
     file F.pbe-n-kjpaw_psl.1.0.0.UPF: wavefunction(s)  2S 2P renormalized

     IMPORTANT: XC functional enforced from input :
     Exchange-correlation= PBE
                           (   1   4   3   4   0   0   0)
     Any further DFT definition will be discarded
     Please, verify this is what you really want


     Parallelization info
     --------------------
     sticks:   dense  smooth     PW     G-vecs:    dense   smooth      PW
     Min        1934     966    276                90353    31994    4884
     Max        1935     967    277                90354    31995    4887
     Sum        3869    1933    553               180707    63989    9771

     Using Slab Decomposition

     Reading collected, re-writing distributed wavefunctions in ./tmp/


     Dynamical matrices for ( 4, 4, 4)  uniform grid of q-points
     (  10 q-points):
       N         xq(1)         xq(2)         xq(3) 
       1   0.000000000   0.000000000   0.000000000
       2   0.000000000   0.000000000   0.250000000
       3   0.000000000   0.000000000  -0.500000000
       4   0.000000000   0.250000000   0.250000000
       5   0.000000000   0.250000000  -0.500000000
       6   0.000000000  -0.500000000  -0.500000000
       7   0.250000000   0.250000000   0.250000000
       8   0.250000000   0.250000000  -0.500000000
       9   0.250000000  -0.500000000  -0.500000000
      10  -0.500000000  -0.500000000  -0.500000000

     Number and degeneracy of irreps per q-point
       N         xq(1)         xq(2)         xq(3)   N irreps
  autoval = -.7883E+00
     Irreps are as follows:

                     mode #   1
                     (  -0.00000   0.00000   ) 
                     (  -0.00000   0.00000   ) 
                     (  -0.00000   0.00000   ) 
                     (  -0.00000   0.00000   ) 
                     (  -0.00000   0.00000   ) 
                     (  -0.00000   0.00000   ) 
                     (  -0.18380  -0.00000   ) 
                     (   0.00161   0.00000   ) 
                     (   0.00000   0.00000   ) 
                     (  -0.96559  -0.00000   ) 
                     (   0.00161   0.00000   ) 
                     (  -0.00000  -0.00000   ) 
                     (  -0.18380  -0.00000   ) 
                     (   0.00844   0.00000   ) 
                     (  -0.00000   0.00000   ) 
  autoval = -.7883E+00
     Irreps are as follows:

                     mode #   2
                     (  -0.00000   0.00000   ) 
                     (  -0.00000   0.00000   ) 
                     (  -0.00000   0.00000   ) 
                     (  -0.00000   0.00000   ) 
                     (  -0.00000   0.00000   ) 
                     (  -0.00000   0.00000   ) 
                     (  -0.00154  -0.00000   ) 
                     (  -0.17652  -0.00000   ) 
                     (  -0.26911  -0.00000   ) 
                     (  -0.00811  -0.00000   ) 
                     (  -0.17652  -0.00000   ) 
                     (  -0.05123  -0.00000   ) 
                     (  -0.00154  -0.00000   ) 
                     (  -0.92733  -0.00000   ) 
                     (  -0.05123  -0.00000   ) 
  autoval = -.7883E+00
     Irreps are as follows:

                     mode #   3
                     (  -0.00000  -0.00000   ) 
                     (  -0.00000  -0.00000   ) 
                     (  -0.00000  -0.00000   ) 
                     (  -0.00000  -0.00000   ) 
                     (  -0.00000  -0.00000   ) 
                     (  -0.00000  -0.00000   ) 
                     (  -0.00045  -0.00000   ) 
                     (  -0.05122  -0.00000   ) 
                     (   0.92737  -0.00000   ) 
                     (  -0.00235  -0.00000   ) 
                     (  -0.05122  -0.00000   ) 
                     (   0.17653  -0.00000   ) 
                     (  -0.00045  -0.00000   ) 
                     (  -0.26910  -0.00000   ) 
                     (   0.17653  -0.00000   ) 
  autoval = 0.3752E+00
     Irreps are as follows:

                     mode #   4
                     (  -0.00000  -0.00000   ) 
                     (  -0.00000  -0.00000   ) 
                     (  -0.00000  -0.00000   ) 
                     (  -1.00000  -0.00000   ) 
                     (  -0.00000  -0.00000   ) 
                     (  -0.00000  -0.00000   ) 
                     (  -0.00000  -0.00000   ) 
                     (  -0.00000  -0.00000   ) 
                     (  -0.00000  -0.00000   ) 
                     (  -0.00000  -0.00000   ) 
                     (  -0.00000  -0.00000   ) 
                     (  -0.00000  -0.00000   ) 
                     (  -0.00000  -0.00000   ) 
                     (  -0.00000  -0.00000   ) 
                     (  -0.00000  -0.00000   ) 
  autoval = 0.3752E+00
     Irreps are as follows:

                     mode #   5
                     (  -0.00000  -0.00000   ) 
                     (  -0.00000  -0.00000   ) 
                     (  -0.00000  -0.00000   ) 
                     (  -0.00000  -0.00000   ) 
                     (  -1.00000  -0.00000   ) 
                     (  -0.00000  -0.00000   ) 
                     (  -0.00000  -0.00000   ) 
                     (  -0.00000  -0.00000   ) 
                     (  -0.00000  -0.00000   ) 
                     (  -0.00000  -0.00000   ) 
                     (  -0.00000  -0.00000   ) 
                     (  -0.00000  -0.00000   ) 
                     (  -0.00000  -0.00000   ) 
                     (  -0.00000  -0.00000   ) 
                     (  -0.00000  -0.00000   ) 
  autoval = 0.3752E+00
     Irreps are as follows:

                     mode #   6
                     (  -0.00000  -0.00000   ) 
                     (  -0.00000  -0.00000   ) 
                     (  -0.00000  -0.00000   ) 
                     (  -0.00000  -0.00000   ) 
                     (  -0.00000  -0.00000   ) 
                     (  -1.00000  -0.00000   ) 
                     (  -0.00000  -0.00000   ) 
                     (  -0.00000  -0.00000   ) 
                     (  -0.00000  -0.00000   ) 
                     (  -0.00000  -0.00000   ) 
                     (  -0.00000  -0.00000   ) 
                     (  -0.00000  -0.00000   ) 
                     (  -0.00000  -0.00000   ) 
                     (  -0.00000  -0.00000   ) 
                     (  -0.00000  -0.00000   ) 
  autoval = 0.6682E+00
     Irreps are as follows:

                     mode #   7
                     (  -1.00000  -0.00000   ) 
                     (  -0.00000  -0.00000   ) 
                     (  -0.00000  -0.00000   ) 
                     (  -0.00000  -0.00000   ) 
                     (  -0.00000  -0.00000   ) 
                     (  -0.00000  -0.00000   ) 
                     (  -0.00000  -0.00000   ) 
                     (  -0.00000  -0.00000   ) 
                     (  -0.00000  -0.00000   ) 
                     (  -0.00000  -0.00000   ) 
                     (  -0.00000  -0.00000   ) 
                     (  -0.00000  -0.00000   ) 
                     (  -0.00000  -0.00000   ) 
                     (  -0.00000  -0.00000   ) 
                     (  -0.00000  -0.00000   ) 
  autoval = 0.6682E+00
     Irreps are as follows:

                     mode #   8
                     (  -0.00000  -0.00000   ) 
                     (  -1.00000  -0.00000   ) 
                     (  -0.00000  -0.00000   ) 
                     (  -0.00000  -0.00000   ) 
                     (  -0.00000  -0.00000   ) 
                     (  -0.00000  -0.00000   ) 
                     (  -0.00000  -0.00000   ) 
                     (  -0.00000  -0.00000   ) 
                     (  -0.00000  -0.00000   ) 
                     (  -0.00000  -0.00000   ) 
                     (  -0.00000  -0.00000   ) 
                     (  -0.00000  -0.00000   ) 
                     (  -0.00000  -0.00000   ) 
                     (  -0.00000  -0.00000   ) 
                     (  -0.00000  -0.00000   ) 
  autoval = 0.6682E+00
     Irreps are as follows:

                     mode #   9
                     (  -0.00000  -0.00000   ) 
                     (  -0.00000  -0.00000   ) 
                     (  -1.00000  -0.00000   ) 
                     (  -0.00000  -0.00000   ) 
                     (  -0.00000  -0.00000   ) 
                     (  -0.00000  -0.00000   ) 
                     (  -0.00000  -0.00000   ) 
                     (  -0.00000  -0.00000   ) 
                     (  -0.00000  -0.00000   ) 
                     (  -0.00000  -0.00000   ) 
                     (  -0.00000  -0.00000   ) 
                     (  -0.00000  -0.00000   ) 
                     (  -0.00000  -0.00000   ) 
                     (  -0.00000  -0.00000   ) 
                     (  -0.00000  -0.00000   ) 
  autoval = 0.1200E+01
     Irreps are as follows:

                     mode #  10
                     (  -0.00000  -0.00000   ) 
                     (  -0.00000  -0.00000   ) 
                     (  -0.00000  -0.00000   ) 
                     (  -0.00000  -0.00000   ) 
                     (  -0.00000  -0.00000   ) 
                     (  -0.00000  -0.00000   ) 
                     (  -0.63575  -0.00000   ) 
                     (   0.22343  -0.00000   ) 
                     (   0.04191  -0.00000   ) 
                     (   0.24203  -0.00000   ) 
                     (   0.22343  -0.00000   ) 
                     (  -0.11007  -0.00000   ) 
                     (  -0.63575  -0.00000   ) 
                     (  -0.08506  -0.00000   ) 
                     (  -0.11007  -0.00000   ) 
  autoval = 0.1200E+01
     Irreps are as follows:

                     mode #  11
                     (  -0.00000  -0.00000   ) 
                     (  -0.00000  -0.00000   ) 
                     (  -0.00000  -0.00000   ) 
                     (  -0.00000  -0.00000   ) 
                     (  -0.00000  -0.00000   ) 
                     (  -0.00000  -0.00000   ) 
                     (  -0.10588  -0.00000   ) 
                     (   0.03070  -0.00000   ) 
                     (  -0.25653  -0.00000   ) 
                     (   0.04031  -0.00000   ) 
                     (   0.03070  -0.00000   ) 
                     (   0.67384  -0.00000   ) 
                     (  -0.10588  -0.00000   ) 
                     (  -0.01169  -0.00000   ) 
                     (   0.67384  -0.00000   ) 
  autoval = 0.1200E+01
     Irreps are as follows:

                     mode #  12
                     (  -0.00000  -0.00000   ) 
                     (  -0.00000  -0.00000   ) 
                     (  -0.00000  -0.00000   ) 
                     (  -0.00000  -0.00000   ) 
                     (  -0.00000  -0.00000   ) 
                     (  -0.00000  -0.00000   ) 
                     (  -0.22544  -0.00000   ) 
                     (  -0.64448  -0.00000   ) 
                     (   0.00231  -0.00000   ) 
                     (   0.08583  -0.00000   ) 
                     (  -0.64448  -0.00000   ) 
                     (  -0.00606  -0.00000   ) 
                     (  -0.22544  -0.00000   ) 
                     (   0.24536  -0.00000   ) 
                     (  -0.00606  -0.00000   ) 
  autoval = 0.1304E+01
     Irreps are as follows:

                     mode #  13
                     (  -0.00000   0.00000   ) 
                     (  -0.00000   0.00000   ) 
                     (  -0.00000   0.00000   ) 
                     (  -0.00000   0.00000   ) 
                     (  -0.00000   0.00000   ) 
                     (  -0.00000   0.00000   ) 
                     (  -0.67791  -0.00000   ) 
                     (   0.15642   0.00000   ) 
                     (  -0.00000  -0.00000   ) 
                     (  -0.00000  -0.00000   ) 
                     (  -0.15642  -0.00000   ) 
                     (   0.12638   0.00000   ) 
                     (   0.67791   0.00000   ) 
                     (  -0.00000  -0.00000   ) 
                     (  -0.12638  -0.00000   ) 
  autoval = 0.1304E+01
     Irreps are as follows:

                     mode #  14
                     (  -0.00000   0.00000   ) 
                     (  -0.00000   0.00000   ) 
                     (  -0.00000   0.00000   ) 
                     (  -0.00000   0.00000   ) 
                     (  -0.00000   0.00000   ) 
                     (  -0.00000   0.00000   ) 
                     (  -0.12430  -0.00000   ) 
                     (   0.02337   0.00000   ) 
                     (  -0.00000  -0.00000   ) 
                     (   0.00000   0.00000   ) 
                     (  -0.02337  -0.00000   ) 
                     (  -0.69570  -0.00000   ) 
                     (   0.12430   0.00000   ) 
                     (  -0.00000  -0.00000   ) 
                     (   0.69570   0.00000   ) 
  autoval = 0.1304E+01
     Irreps are as follows:

                     mode #  15
                     (  -0.00000  -0.00000   ) 
                     (  -0.00000  -0.00000   ) 
                     (  -0.00000  -0.00000   ) 
                     (  -0.00000  -0.00000   ) 
                     (  -0.00000  -0.00000   ) 
                     (  -0.00000  -0.00000   ) 
                     (  -0.15807  -0.00000   ) 
                     (  -0.68919  -0.00000   ) 
                     (   0.00000  -0.00000   ) 
                     (  -0.00000  -0.00000   ) 
                     (   0.68919  -0.00000   ) 
                     (   0.00509  -0.00000   ) 
                     (   0.15807  -0.00000   ) 
                     (   0.00000  -0.00000   ) 
                     (  -0.00509  -0.00000   ) 
       1   0.000000000   0.000000000   0.000000000       5
        3   3   3   3   3
  autoval = -.2693E+01
     Irreps are as follows:

                     mode #   1
                     (  -0.00000  -0.00000   ) 
                     (  -0.00000  -0.00000   ) 
                     (  -1.00000  -0.00000   ) 
                     (  -0.00000  -0.00000   ) 
                     (  -0.00000  -0.00000   ) 
                     (  -0.00000  -0.00000   ) 
                     (  -0.00000  -0.00000   ) 
                     (  -0.00000  -0.00000   ) 
                     (  -0.00000  -0.00000   ) 
                     (  -0.00000  -0.00000   ) 
                     (  -0.00000  -0.00000   ) 
                     (  -0.00000  -0.00000   ) 
                     (  -0.00000  -0.00000   ) 
                     (  -0.00000  -0.00000   ) 
                     (  -0.00000  -0.00000   ) 
  autoval = -.8287E+00
     Irreps are as follows:

                     mode #   2
                     (   0.00000  -0.00000   ) 
                     (   0.00000  -0.00000   ) 
                     (   0.00000  -0.00000   ) 
                     (   0.00000  -0.00000   ) 
                     (   0.00000  -0.00000   ) 
                     (   0.00000  -0.00000   ) 
                     (   0.00000  -0.00000   ) 
                     (   0.00000  -0.00000   ) 
                     (   0.00000  -0.00000   ) 
                     (  -0.22229   0.00000   ) 
                     (  -0.01708  -0.70287   ) 
                     (   0.00000  -0.00000   ) 
                     (  -0.18234   0.16941   ) 
                     (   0.41612  -0.47028   ) 
                     (   0.00000  -0.00000   ) 
  autoval = -.8287E+00
     Irreps are as follows:

                     mode #   3
                     (  -0.00000  -0.00000   ) 
                     (  -0.00000  -0.00000   ) 
                     (  -0.00000  -0.00000   ) 
                     (  -0.00000  -0.00000   ) 
                     (  -0.00000  -0.00000   ) 
                     (  -0.00000  -0.00000   ) 
                     (  -0.00000  -0.00000   ) 
                     (  -0.00000  -0.00000   ) 
                     (  -0.00000  -0.00000   ) 
                     (  -0.62795  -0.00000   ) 
                     (   0.00605   0.24882   ) 
                     (  -0.00000  -0.00000   ) 
                     (  -0.51507   0.47856   ) 
                     (  -0.14731   0.16648   ) 
                     (  -0.00000  -0.00000   ) 
  autoval = -.5844E+00
     Irreps are as follows:

                     mode #   4
                     (  -0.00000  -0.00000   ) 
                     (  -0.00000  -0.00000   ) 
                     (  -0.00000  -0.00000   ) 
                     (  -0.00000  -0.00000   ) 
                     (  -0.00000  -0.00000   ) 
                     (  -0.00000  -0.00000   ) 
                     (  -0.00000  -0.00000   ) 
                     (  -0.00000  -0.00000   ) 
                     (  -0.00000  -0.00000   ) 
                     (  -0.00000  -0.00000   ) 
                     (  -0.00000  -0.00000   ) 
                     (  -0.70711  -0.00000   ) 
                     (  -0.00000  -0.00000   ) 
                     (  -0.00000  -0.00000   ) 
                     (  -0.70711  -0.00000   ) 
  autoval = -.4032E+00
     Irreps are as follows:

                     mode #   5
                     (  -0.00000  -0.00000   ) 
                     (  -0.00000  -0.00000   ) 
                     (  -0.00000  -0.00000   ) 
                     (  -0.00000  -0.00000   ) 
                     (  -0.00000  -0.00000   ) 
                     (  -0.00000  -0.00000   ) 
                     (  -0.70711  -0.00000   ) 
                     (  -0.00000  -0.70711   ) 
                     (  -0.00000  -0.00000   ) 
                     (  -0.00000  -0.00000   ) 
                     (  -0.00000  -0.00000   ) 
                     (  -0.00000  -0.00000   ) 
                     (  -0.00000  -0.00000   ) 
                     (  -0.00000  -0.00000   ) 
                     (  -0.00000  -0.00000   ) 
  autoval = -.4032E+00
     Irreps are as follows:

                     mode #   6
                     (  -0.00000  -0.00000   ) 
                     (  -0.00000  -0.00000   ) 
                     (  -0.00000  -0.00000   ) 
                     (  -0.00000  -0.00000   ) 
                     (  -0.00000  -0.00000   ) 
                     (  -0.00000  -0.00000   ) 
                     (  -0.70711  -0.00000   ) 
                     (  -0.00000   0.70711   ) 
                     (  -0.00000  -0.00000   ) 
                     (  -0.00000  -0.00000   ) 
                     (  -0.00000  -0.00000   ) 
                     (  -0.00000  -0.00000   ) 
                     (  -0.00000  -0.00000   ) 
                     (  -0.00000  -0.00000   ) 
                     (  -0.00000  -0.00000   ) 
  autoval = 0.2127E+00
     Irreps are as follows:

                     mode #   7
                     (  -0.00000  -0.00000   ) 
                     (  -0.00000  -0.00000   ) 
                     (  -0.00000  -0.00000   ) 
                     (  -0.00000  -0.00000   ) 
                     (  -0.00000  -0.00000   ) 
                     (  -0.00000  -0.00000   ) 
                     (  -0.00000  -0.00000   ) 
                     (  -0.00000  -0.00000   ) 
                     (  -1.00000  -0.00000   ) 
                     (  -0.00000  -0.00000   ) 
                     (  -0.00000  -0.00000   ) 
                     (  -0.00000  -0.00000   ) 
                     (  -0.00000  -0.00000   ) 
                     (  -0.00000  -0.00000   ) 
                     (  -0.00000  -0.00000   ) 
  autoval = 0.2556E+00
     Irreps are as follows:

                     mode #   8
                     (  -0.00000  -0.00000   ) 
                     (  -0.00000  -0.00000   ) 
                     (  -0.00000  -0.00000   ) 
                     (  -0.00000  -0.00000   ) 
                     (  -0.00000  -0.00000   ) 
                     (  -1.00000  -0.00000   ) 
                     (  -0.00000  -0.00000   ) 
                     (  -0.00000  -0.00000   ) 
                     (  -0.00000  -0.00000   ) 
                     (  -0.00000  -0.00000   ) 
                     (  -0.00000  -0.00000   ) 
                     (  -0.00000  -0.00000   ) 
                     (  -0.00000  -0.00000   ) 
                     (  -0.00000  -0.00000   ) 
                     (  -0.00000  -0.00000   ) 
  autoval = 0.4350E+00
     Irreps are as follows:

                     mode #   9
                     (  -0.00000  -0.00000   ) 
                     (  -0.00000  -0.00000   ) 
                     (  -0.00000  -0.00000   ) 
                     (  -0.00000  -0.00000   ) 
                     (  -1.00000  -0.00000   ) 
                     (  -0.00000  -0.00000   ) 
                     (  -0.00000  -0.00000   ) 
                     (  -0.00000  -0.00000   ) 
                     (  -0.00000  -0.00000   ) 
                     (  -0.00000  -0.00000   ) 
                     (  -0.00000  -0.00000   ) 
                     (  -0.00000  -0.00000   ) 
                     (  -0.00000  -0.00000   ) 
                     (  -0.00000  -0.00000   ) 
                     (  -0.00000  -0.00000   ) 
  autoval = 0.4350E+00
     Irreps are as follows:

                     mode #  10
                     (  -0.00000  -0.00000   ) 
                     (  -0.00000  -0.00000   ) 
                     (  -0.00000  -0.00000   ) 
                     (  -1.00000  -0.00000   ) 
                     (  -0.00000  -0.00000   ) 
                     (  -0.00000  -0.00000   ) 
                     (  -0.00000  -0.00000   ) 
                     (  -0.00000  -0.00000   ) 
                     (  -0.00000  -0.00000   ) 
                     (  -0.00000  -0.00000   ) 
                     (  -0.00000  -0.00000   ) 
                     (  -0.00000  -0.00000   ) 
                     (  -0.00000  -0.00000   ) 
                     (  -0.00000  -0.00000   ) 
                     (  -0.00000  -0.00000   ) 
  autoval = 0.7283E+00
     Irreps are as follows:

                     mode #  11
                     (  -0.00000   0.00000   ) 
                     (  -0.00000   0.00000   ) 
                     (  -0.00000   0.00000   ) 
                     (  -0.00000   0.00000   ) 
                     (  -0.00000   0.00000   ) 
                     (  -0.00000   0.00000   ) 
                     (  -0.00000   0.00000   ) 
                     (  -0.00000   0.00000   ) 
                     (  -0.00000   0.00000   ) 
                     (  -0.00000   0.00000   ) 
                     (  -0.00000   0.00000   ) 
                     (  -0.70711  -0.00000   ) 
                     (  -0.00000   0.00000   ) 
                     (  -0.00000   0.00000   ) 
                     (   0.70711   0.00000   ) 
  autoval = 0.7986E+00
     Irreps are as follows:

                     mode #  12
                     (  -0.00000   0.00000   ) 
                     (  -0.00000   0.00000   ) 
                     (  -0.00000   0.00000   ) 
                     (  -0.00000   0.00000   ) 
                     (  -0.00000   0.00000   ) 
                     (  -0.00000   0.00000   ) 
                     (  -0.00000   0.00000   ) 
                     (  -0.00000   0.00000   ) 
                     (  -0.00000   0.00000   ) 
                     (  -0.74583  -0.00000   ) 
                     (   0.00000   0.00000   ) 
                     (   0.00000  -0.00000   ) 
                     (   0.48801  -0.45341   ) 
                     (   0.00000  -0.00000   ) 
                     (   0.00000  -0.00000   ) 
  autoval = 0.7986E+00
     Irreps are as follows:

                     mode #  13
                     (  -0.00000  -0.00000   ) 
                     (  -0.00000  -0.00000   ) 
                     (  -0.00000  -0.00000   ) 
                     (  -0.00000  -0.00000   ) 
                     (  -0.00000  -0.00000   ) 
                     (  -0.00000  -0.00000   ) 
                     (  -0.00000  -0.00000   ) 
                     (  -0.00000  -0.00000   ) 
                     (  -0.00000  -0.00000   ) 
                     (  -0.00000  -0.00000   ) 
                     (  -0.66613  -0.00000   ) 
                     (  -0.00000  -0.00000   ) 
                     (  -0.00000  -0.00000   ) 
                     (   0.54639   0.50766   ) 
                     (  -0.00000  -0.00000   ) 
  autoval = 0.2348E+01
     Irreps are as follows:

                     mode #  14
                     (  -0.00000  -0.00000   ) 
                     (  -1.00000  -0.00000   ) 
                     (  -0.00000  -0.00000   ) 
                     (  -0.00000  -0.00000   ) 
                     (  -0.00000  -0.00000   ) 
                     (  -0.00000  -0.00000   ) 
                     (  -0.00000  -0.00000   ) 
                     (  -0.00000  -0.00000   ) 
                     (  -0.00000  -0.00000   ) 
                     (  -0.00000  -0.00000   ) 
                     (  -0.00000  -0.00000   ) 
                     (  -0.00000  -0.00000   ) 
                     (  -0.00000  -0.00000   ) 
                     (  -0.00000  -0.00000   ) 
                     (  -0.00000  -0.00000   ) 
  autoval = 0.2348E+01
     Irreps are as follows:

                     mode #  15
                     (  -1.00000  -0.00000   ) 
                     (  -0.00000  -0.00000   ) 
                     (  -0.00000  -0.00000   ) 
                     (  -0.00000  -0.00000   ) 
                     (  -0.00000  -0.00000   ) 
                     (  -0.00000  -0.00000   ) 
                     (  -0.00000  -0.00000   ) 
                     (  -0.00000  -0.00000   ) 
                     (  -0.00000  -0.00000   ) 
                     (  -0.00000  -0.00000   ) 
                     (  -0.00000  -0.00000   ) 
                     (  -0.00000  -0.00000   ) 
                     (  -0.00000  -0.00000   ) 
                     (  -0.00000  -0.00000   ) 
                     (  -0.00000  -0.00000   ) 
       2   0.000000000   0.000000000   0.250000000      10
        1   1   1   1   1   2   2   2   2   2
  autoval = -.2693E+01
     Irreps are as follows:

                     mode #   1
                     (  -0.00000  -0.00000   ) 
                     (  -0.00000  -0.00000   ) 
                     (  -1.00000  -0.00000   ) 
                     (  -0.00000  -0.00000   ) 
                     (  -0.00000  -0.00000   ) 
                     (  -0.00000  -0.00000   ) 
                     (  -0.00000  -0.00000   ) 
                     (  -0.00000  -0.00000   ) 
                     (  -0.00000  -0.00000   ) 
                     (  -0.00000  -0.00000   ) 
                     (  -0.00000  -0.00000   ) 
                     (  -0.00000  -0.00000   ) 
                     (  -0.00000  -0.00000   ) 
                     (  -0.00000  -0.00000   ) 
                     (  -0.00000  -0.00000   ) 
  autoval = -.6144E+00
     Irreps are as follows:

                     mode #   2
                     (  -0.00000   0.00000   ) 
                     (  -0.00000   0.00000   ) 
                     (  -0.00000   0.00000   ) 
                     (  -0.00000   0.00000   ) 
                     (  -0.00000   0.00000   ) 
                     (  -0.00000   0.00000   ) 
                     (  -0.00000   0.00000   ) 
                     (  -0.00000   0.00000   ) 
                     (  -0.00000   0.00000   ) 
                     (  -0.06042  -0.00000   ) 
                     (   0.75592   0.00000   ) 
                     (  -0.00000   0.00000   ) 
                     (  -0.07048  -0.00000   ) 
                     (   0.64804   0.00000   ) 
                     (  -0.00000   0.00000   ) 
  autoval = -.6144E+00
     Irreps are as follows:

                     mode #   3
                     (  -0.00000  -0.00000   ) 
                     (  -0.00000  -0.00000   ) 
                     (  -0.00000  -0.00000   ) 
                     (  -0.00000  -0.00000   ) 
                     (  -0.00000  -0.00000   ) 
                     (  -0.00000  -0.00000   ) 
                     (  -0.00000  -0.00000   ) 
                     (  -0.00000  -0.00000   ) 
                     (  -0.00000  -0.00000   ) 
                     (  -0.64804  -0.00000   ) 
                     (  -0.07048  -0.00000   ) 
                     (  -0.00000  -0.00000   ) 
                     (  -0.75592  -0.00000   ) 
                     (  -0.06042  -0.00000   ) 
                     (  -0.00000  -0.00000   ) 
  autoval = -.5844E+00
     Irreps are as follows:

                     mode #   4
                     (  -0.00000  -0.00000   ) 
                     (  -0.00000  -0.00000   ) 
                     (  -0.00000  -0.00000   ) 
                     (  -0.00000  -0.00000   ) 
                     (  -0.00000  -0.00000   ) 
                     (  -0.00000  -0.00000   ) 
                     (  -0.00000  -0.00000   ) 
                     (  -0.00000  -0.00000   ) 
                     (  -0.00000  -0.00000   ) 
                     (  -0.00000  -0.00000   ) 
                     (  -0.00000  -0.00000   ) 
                     (  -0.70711  -0.00000   ) 
                     (  -0.00000  -0.00000   ) 
                     (  -0.00000  -0.00000   ) 
                     (  -0.70711  -0.00000   ) 
  autoval = -.4032E+00
     Irreps are as follows:

                     mode #   5
                     (  -0.00000  -0.00000   ) 
                     (  -0.00000  -0.00000   ) 
                     (  -0.00000  -0.00000   ) 
                     (  -0.00000  -0.00000   ) 
                     (  -0.00000  -0.00000   ) 
                     (  -0.00000  -0.00000   ) 
                     (  -1.00000  -0.00000   ) 
                     (  -0.00000  -0.00000   ) 
                     (  -0.00000  -0.00000   ) 
                     (  -0.00000  -0.00000   ) 
                     (  -0.00000  -0.00000   ) 
                     (  -0.00000  -0.00000   ) 
                     (  -0.00000  -0.00000   ) 
                     (  -0.00000  -0.00000   ) 
                     (  -0.00000  -0.00000   ) 
  autoval = -.4032E+00
     Irreps are as follows:

                     mode #   6
                     (  -0.00000  -0.00000   ) 
                     (  -0.00000  -0.00000   ) 
                     (  -0.00000  -0.00000   ) 
                     (  -0.00000  -0.00000   ) 
                     (  -0.00000  -0.00000   ) 
                     (  -0.00000  -0.00000   ) 
                     (  -0.00000  -0.00000   ) 
                     (  -1.00000  -0.00000   ) 
                     (  -0.00000  -0.00000   ) 
                     (  -0.00000  -0.00000   ) 
                     (  -0.00000  -0.00000   ) 
                     (  -0.00000  -0.00000   ) 
                     (  -0.00000  -0.00000   ) 
                     (  -0.00000  -0.00000   ) 
                     (  -0.00000  -0.00000   ) 
  autoval = 0.2127E+00
     Irreps are as follows:

                     mode #   7
                     (  -0.00000  -0.00000   ) 
                     (  -0.00000  -0.00000   ) 
                     (  -0.00000  -0.00000   ) 
                     (  -0.00000  -0.00000   ) 
                     (  -0.00000  -0.00000   ) 
                     (  -0.00000  -0.00000   ) 
                     (  -0.00000  -0.00000   ) 
                     (  -0.00000  -0.00000   ) 
                     (  -1.00000  -0.00000   ) 
                     (  -0.00000  -0.00000   ) 
                     (  -0.00000  -0.00000   ) 
                     (  -0.00000  -0.00000   ) 
                     (  -0.00000  -0.00000   ) 
                     (  -0.00000  -0.00000   ) 
                     (  -0.00000  -0.00000   ) 
  autoval = 0.2556E+00
     Irreps are as follows:

                     mode #   8
                     (  -0.00000  -0.00000   ) 
                     (  -0.00000  -0.00000   ) 
                     (  -0.00000  -0.00000   ) 
                     (  -0.00000  -0.00000   ) 
                     (  -0.00000  -0.00000   ) 
                     (  -1.00000  -0.00000   ) 
                     (  -0.00000  -0.00000   ) 
                     (  -0.00000  -0.00000   ) 
                     (  -0.00000  -0.00000   ) 
                     (  -0.00000  -0.00000   ) 
                     (  -0.00000  -0.00000   ) 
                     (  -0.00000  -0.00000   ) 
                     (  -0.00000  -0.00000   ) 
                     (  -0.00000  -0.00000   ) 
                     (  -0.00000  -0.00000   ) 
  autoval = 0.4350E+00
     Irreps are as follows:

                     mode #   9
                     (  -0.00000  -0.00000   ) 
                     (  -0.00000  -0.00000   ) 
                     (  -0.00000  -0.00000   ) 
                     (  -0.00000  -0.00000   ) 
                     (  -1.00000  -0.00000   ) 
                     (  -0.00000  -0.00000   ) 
                     (  -0.00000  -0.00000   ) 
                     (  -0.00000  -0.00000   ) 
                     (  -0.00000  -0.00000   ) 
                     (  -0.00000  -0.00000   ) 
                     (  -0.00000  -0.00000   ) 
                     (  -0.00000  -0.00000   ) 
                     (  -0.00000  -0.00000   ) 
                     (  -0.00000  -0.00000   ) 
                     (  -0.00000  -0.00000   ) 
  autoval = 0.4350E+00
     Irreps are as follows:

                     mode #  10
                     (  -0.00000  -0.00000   ) 
                     (  -0.00000  -0.00000   ) 
                     (  -0.00000  -0.00000   ) 
                     (  -1.00000  -0.00000   ) 
                     (  -0.00000  -0.00000   ) 
                     (  -0.00000  -0.00000   ) 
                     (  -0.00000  -0.00000   ) 
                     (  -0.00000  -0.00000   ) 
                     (  -0.00000  -0.00000   ) 
                     (  -0.00000  -0.00000   ) 
                     (  -0.00000  -0.00000   ) 
                     (  -0.00000  -0.00000   ) 
                     (  -0.00000  -0.00000   ) 
                     (  -0.00000  -0.00000   ) 
                     (  -0.00000  -0.00000   ) 
  autoval = 0.5842E+00
     Irreps are as follows:

                     mode #  11
                     (  -0.00000   0.00000   ) 
                     (  -0.00000   0.00000   ) 
                     (  -0.00000   0.00000   ) 
                     (  -0.00000   0.00000   ) 
                     (  -0.00000   0.00000   ) 
                     (  -0.00000   0.00000   ) 
                     (  -0.00000   0.00000   ) 
                     (  -0.00000   0.00000   ) 
                     (  -0.00000   0.00000   ) 
                     (   0.00000   0.00000   ) 
                     (  -0.65085  -0.00000   ) 
                     (  -0.00000   0.00000   ) 
                     (  -0.00000   0.00000   ) 
                     (   0.75920   0.00000   ) 
                     (  -0.00000   0.00000   ) 
  autoval = 0.5842E+00
     Irreps are as follows:

                     mode #  12
                     (  -0.00000  -0.00000   ) 
                     (  -0.00000  -0.00000   ) 
                     (  -0.00000  -0.00000   ) 
                     (  -0.00000  -0.00000   ) 
                     (  -0.00000  -0.00000   ) 
                     (  -0.00000  -0.00000   ) 
                     (  -0.00000  -0.00000   ) 
                     (  -0.00000  -0.00000   ) 
                     (  -0.00000  -0.00000   ) 
                     (  -0.75920  -0.00000   ) 
                     (  -0.00000  -0.00000   ) 
                     (  -0.00000   0.00000   ) 
                     (   0.65085   0.00000   ) 
                     (  -0.00000  -0.00000   ) 
                     (  -0.00000   0.00000   ) 
  autoval = 0.7283E+00
     Irreps are as follows:

                     mode #  13
                     (  -0.00000   0.00000   ) 
                     (  -0.00000   0.00000   ) 
                     (  -0.00000   0.00000   ) 
                     (  -0.00000   0.00000   ) 
                     (  -0.00000   0.00000   ) 
                     (  -0.00000   0.00000   ) 
                     (  -0.00000   0.00000   ) 
                     (  -0.00000   0.00000   ) 
                     (  -0.00000   0.00000   ) 
                     (  -0.00000   0.00000   ) 
                     (  -0.00000   0.00000   ) 
                     (  -0.70711  -0.00000   ) 
                     (  -0.00000   0.00000   ) 
                     (  -0.00000   0.00000   ) 
                     (   0.70711   0.00000   ) 
  autoval = 0.2348E+01
     Irreps are as follows:

                     mode #  14
                     (  -1.00000  -0.00000   ) 
                     (  -0.00000  -0.00000   ) 
                     (  -0.00000  -0.00000   ) 
                     (  -0.00000  -0.00000   ) 
                     (  -0.00000  -0.00000   ) 
                     (  -0.00000  -0.00000   ) 
                     (  -0.00000  -0.00000   ) 
                     (  -0.00000  -0.00000   ) 
                     (  -0.00000  -0.00000   ) 
                     (  -0.00000  -0.00000   ) 
                     (  -0.00000  -0.00000   ) 
                     (  -0.00000  -0.00000   ) 
                     (  -0.00000  -0.00000   ) 
                     (  -0.00000  -0.00000   ) 
                     (  -0.00000  -0.00000   ) 
  autoval = 0.2348E+01
     Irreps are as follows:

                     mode #  15
                     (  -0.00000  -0.00000   ) 
                     (  -1.00000  -0.00000   ) 
                     (  -0.00000  -0.00000   ) 
                     (  -0.00000  -0.00000   ) 
                     (  -0.00000  -0.00000   ) 
                     (  -0.00000  -0.00000   ) 
                     (  -0.00000  -0.00000   ) 
                     (  -0.00000  -0.00000   ) 
                     (  -0.00000  -0.00000   ) 
                     (  -0.00000  -0.00000   ) 
                     (  -0.00000  -0.00000   ) 
                     (  -0.00000  -0.00000   ) 
                     (  -0.00000  -0.00000   ) 
                     (  -0.00000  -0.00000   ) 
                     (  -0.00000  -0.00000   ) 
       3   0.000000000   0.000000000  -0.500000000      10
        1   1   1   2   2   2   1   1   2   2
  autoval = -.3114E+01
     Irreps are as follows:

                     mode #   1
                     (   0.00000  -0.00000   ) 
                     (   0.00000  -0.00000   ) 
                     (   0.00000  -0.00000   ) 
                     (   0.00000  -0.00000   ) 
                     (   0.00000  -0.00000   ) 
                     (   0.00000  -0.00000   ) 
                     (   0.00000   0.00000   ) 
                     (  -0.25541  -0.00000   ) 
                     (  -0.48160   0.45036   ) 
                     (  -0.00000   0.00000   ) 
                     (   0.00000   0.00000   ) 
                     (  -0.00000  -0.00000   ) 
                     (   0.00000   0.00000   ) 
                     (  -0.48160   0.45036   ) 
                     (  -0.25541   0.00000   ) 
  autoval = -.2481E+01
     Irreps are as follows:

                     mode #   2
                     (  -0.00000  -0.00000   ) 
                     (  -0.00000  -0.00000   ) 
                     (  -0.00000  -0.00000   ) 
                     (  -0.00000  -0.00000   ) 
                     (  -0.00000  -0.00000   ) 
                     (  -0.00000  -0.00000   ) 
                     (   0.00000   0.00000   ) 
                     (  -0.45000  -0.00000   ) 
                     (  -0.20011   0.50740   ) 
                     (  -0.00000   0.00000   ) 
                     (   0.00000   0.00000   ) 
                     (  -0.00000  -0.00000   ) 
                     (   0.00000   0.00000   ) 
                     (   0.20011  -0.50740   ) 
                     (   0.45000  -0.00000   ) 
  autoval = -.2285E+01
     Irreps are as follows:

                     mode #   3
                     (  -0.00000  -0.00000   ) 
                     (  -0.00000  -0.00000   ) 
                     (  -0.00000  -0.00000   ) 
                     (  -0.00000  -0.00000   ) 
                     (  -0.00000  -0.00000   ) 
                     (  -0.00000  -0.00000   ) 
                     (  -0.00000  -0.00000   ) 
                     (   0.00000   0.00000   ) 
                     (   0.00000   0.00000   ) 
                     (  -1.00000  -0.00000   ) 
                     (   0.00000  -0.00000   ) 
                     (   0.00000   0.00000   ) 
                     (   0.00000   0.00000   ) 
                     (  -0.00000   0.00000   ) 
                     (  -0.00000  -0.00000   ) 
  autoval = -.1637E+01
     Irreps are as follows:

                     mode #   4
                     (   0.00000  -0.00000   ) 
                     (   0.00000  -0.00000   ) 
                     (   0.00000  -0.00000   ) 
                     (   0.00000  -0.00000   ) 
                     (   0.00000  -0.00000   ) 
                     (   0.00000  -0.00000   ) 
                     (  -0.00000  -0.00000   ) 
                     (  -0.00000   0.00000   ) 
                     (  -0.00000   0.00000   ) 
                     (  -0.00000   0.00000   ) 
                     (  -0.70711  -0.00000   ) 
                     (   0.70711  -0.00000   ) 
                     (  -0.00000   0.00000   ) 
                     (  -0.00000  -0.00000   ) 
                     (   0.00000  -0.00000   ) 
  autoval = -.1390E+01
     Irreps are as follows:

                     mode #   5
                     (  -0.00000  -0.00000   ) 
                     (  -0.70711  -0.00000   ) 
                     (  -0.70711  -0.00000   ) 
                     (  -0.00000  -0.00000   ) 
                     (  -0.00000  -0.00000   ) 
                     (  -0.00000  -0.00000   ) 
                     (  -0.00000  -0.00000   ) 
                     (  -0.00000  -0.00000   ) 
                     (  -0.00000  -0.00000   ) 
                     (  -0.00000  -0.00000   ) 
                     (  -0.00000  -0.00000   ) 
                     (  -0.00000  -0.00000   ) 
                     (  -0.00000  -0.00000   ) 
                     (  -0.00000  -0.00000   ) 
                     (  -0.00000  -0.00000   ) 
  autoval = -.1388E+01
     Irreps are as follows:

                     mode #   6
                     (  -0.00000   0.00000   ) 
                     (  -0.00000   0.00000   ) 
                     (  -0.00000   0.00000   ) 
                     (  -0.00000   0.00000   ) 
                     (  -0.00000   0.00000   ) 
                     (  -0.00000   0.00000   ) 
                     (  -0.00000  -0.00000   ) 
                     (   0.00000  -0.00000   ) 
                     (   0.00000  -0.00000   ) 
                     (  -0.00000  -0.00000   ) 
                     (  -0.70711  -0.00000   ) 
                     (  -0.70711   0.00000   ) 
                     (   0.00000   0.00000   ) 
                     (   0.00000  -0.00000   ) 
                     (  -0.00000   0.00000   ) 
  autoval = -.3745E+00
     Irreps are as follows:

                     mode #   7
                     (  -0.00000  -0.00000   ) 
                     (  -0.00000  -0.00000   ) 
                     (  -0.00000  -0.00000   ) 
                     (  -1.00000  -0.00000   ) 
                     (  -0.00000  -0.00000   ) 
                     (  -0.00000  -0.00000   ) 
                     (  -0.00000  -0.00000   ) 
                     (  -0.00000  -0.00000   ) 
                     (  -0.00000  -0.00000   ) 
                     (  -0.00000  -0.00000   ) 
                     (  -0.00000  -0.00000   ) 
                     (  -0.00000  -0.00000   ) 
                     (  -0.00000  -0.00000   ) 
                     (  -0.00000  -0.00000   ) 
                     (  -0.00000  -0.00000   ) 
  autoval = 0.1350E+00
     Irreps are as follows:

                     mode #   8
                     (  -0.00000   0.00000   ) 
                     (  -0.70711  -0.00000   ) 
                     (   0.70711   0.00000   ) 
                     (  -0.00000   0.00000   ) 
                     (  -0.00000   0.00000   ) 
                     (  -0.00000   0.00000   ) 
                     (  -0.00000   0.00000   ) 
                     (  -0.00000   0.00000   ) 
                     (  -0.00000   0.00000   ) 
                     (  -0.00000   0.00000   ) 
                     (  -0.00000   0.00000   ) 
                     (  -0.00000   0.00000   ) 
                     (  -0.00000   0.00000   ) 
                     (  -0.00000   0.00000   ) 
                     (  -0.00000   0.00000   ) 
  autoval = 0.5819E+00
     Irreps are as follows:

                     mode #   9
                     (  -0.00000  -0.00000   ) 
                     (  -0.00000  -0.00000   ) 
                     (  -0.00000  -0.00000   ) 
                     (  -0.00000  -0.00000   ) 
                     (  -0.70711  -0.00000   ) 
                     (  -0.70711  -0.00000   ) 
                     (  -0.00000  -0.00000   ) 
                     (  -0.00000  -0.00000   ) 
                     (  -0.00000  -0.00000   ) 
                     (  -0.00000  -0.00000   ) 
                     (  -0.00000  -0.00000   ) 
                     (  -0.00000  -0.00000   ) 
                     (  -0.00000  -0.00000   ) 
                     (  -0.00000  -0.00000   ) 
                     (  -0.00000  -0.00000   ) 
  autoval = 0.9183E+00
     Irreps are as follows:

                     mode #  10
                     (  -0.00000   0.00000   ) 
                     (  -0.00000   0.00000   ) 
                     (  -0.00000   0.00000   ) 
                     (  -0.00000   0.00000   ) 
                     (  -0.70711  -0.00000   ) 
                     (   0.70711   0.00000   ) 
                     (  -0.00000   0.00000   ) 
                     (  -0.00000   0.00000   ) 
                     (  -0.00000   0.00000   ) 
                     (  -0.00000   0.00000   ) 
                     (  -0.00000   0.00000   ) 
                     (  -0.00000   0.00000   ) 
                     (  -0.00000   0.00000   ) 
                     (  -0.00000   0.00000   ) 
                     (  -0.00000   0.00000   ) 
  autoval = 0.9191E+00
     Irreps are as follows:

                     mode #  11
                     (  -0.00000  -0.00000   ) 
                     (  -0.00000  -0.00000   ) 
                     (  -0.00000  -0.00000   ) 
                     (  -0.00000  -0.00000   ) 
                     (  -0.00000  -0.00000   ) 
                     (  -0.00000  -0.00000   ) 
                     (  -0.70711  -0.00000   ) 
                     (   0.00000   0.00000   ) 
                     (   0.00000   0.00000   ) 
                     (  -0.00000   0.00000   ) 
                     (   0.00000  -0.00000   ) 
                     (  -0.00000   0.00000   ) 
                     (  -0.70711  -0.00000   ) 
                     (   0.00000   0.00000   ) 
                     (   0.00000  -0.00000   ) 
  autoval = 0.1698E+01
     Irreps are as follows:

                     mode #  12
                     (   0.00000  -0.00000   ) 
                     (   0.00000  -0.00000   ) 
                     (   0.00000  -0.00000   ) 
                     (   0.00000  -0.00000   ) 
                     (   0.00000  -0.00000   ) 
                     (   0.00000  -0.00000   ) 
                     (  -0.70711  -0.00000   ) 
                     (   0.00000  -0.00000   ) 
                     (   0.00000   0.00000   ) 
                     (  -0.00000   0.00000   ) 
                     (  -0.00000   0.00000   ) 
                     (  -0.00000  -0.00000   ) 
                     (   0.70711   0.00000   ) 
                     (  -0.00000  -0.00000   ) 
                     (  -0.00000   0.00000   ) 
  autoval = 0.2209E+01
     Irreps are as follows:

                     mode #  13
                     (  -0.00000  -0.00000   ) 
                     (  -0.00000  -0.00000   ) 
                     (  -0.00000  -0.00000   ) 
                     (  -0.00000  -0.00000   ) 
                     (  -0.00000  -0.00000   ) 
                     (  -0.00000  -0.00000   ) 
                     (  -0.00000  -0.00000   ) 
                     (  -0.54544  -0.00000   ) 
                     (   0.16510  -0.41862   ) 
                     (  -0.00000   0.00000   ) 
                     (  -0.00000  -0.00000   ) 
                     (  -0.00000  -0.00000   ) 
                     (   0.00000   0.00000   ) 
                     (  -0.16510   0.41862   ) 
                     (   0.54544   0.00000   ) 
  autoval = 0.3260E+01
     Irreps are as follows:

                     mode #  14
                     (  -1.00000  -0.00000   ) 
                     (  -0.00000  -0.00000   ) 
                     (  -0.00000  -0.00000   ) 
                     (  -0.00000  -0.00000   ) 
                     (  -0.00000  -0.00000   ) 
                     (  -0.00000  -0.00000   ) 
                     (  -0.00000  -0.00000   ) 
                     (  -0.00000  -0.00000   ) 
                     (  -0.00000  -0.00000   ) 
                     (  -0.00000  -0.00000   ) 
                     (  -0.00000  -0.00000   ) 
                     (  -0.00000  -0.00000   ) 
                     (  -0.00000  -0.00000   ) 
                     (  -0.00000  -0.00000   ) 
                     (  -0.00000  -0.00000   ) 
  autoval = 0.4694E+01
     Irreps are as follows:

                     mode #  15
                     (  -0.00000  -0.00000   ) 
                     (  -0.00000  -0.00000   ) 
                     (  -0.00000  -0.00000   ) 
                     (  -0.00000  -0.00000   ) 
                     (  -0.00000  -0.00000   ) 
                     (  -0.00000  -0.00000   ) 
                     (  -0.00000  -0.00000   ) 
                     (  -0.65937  -0.00000   ) 
                     (   0.18655  -0.17445   ) 
                     (  -0.00000   0.00000   ) 
                     (  -0.00000  -0.00000   ) 
                     (  -0.00000  -0.00000   ) 
                     (   0.00000   0.00000   ) 
                     (   0.18655  -0.17445   ) 
                     (  -0.65937  -0.00000   ) 
       4   0.000000000   0.250000000   0.250000000      15
     No degeneracy
  autoval = -.2858E+01
     Irreps are as follows:

                     mode #   1
                     (  -0.00000  -0.00000   ) 
                     (  -0.00000  -0.00000   ) 
                     (  -0.00000  -0.00000   ) 
                     (  -0.00000  -0.00000   ) 
                     (  -0.00000  -0.00000   ) 
                     (  -0.00000  -0.00000   ) 
                     (  -0.00000  -0.00000   ) 
                     (  -0.00000  -0.00000   ) 
                     (  -0.00000  -0.00000   ) 
                     (  -0.00000  -0.00000   ) 
                     (  -0.00000  -0.00000   ) 
                     (  -0.00000  -0.00000   ) 
                     (  -1.00000  -0.00000   ) 
                     (  -0.00000  -0.00000   ) 
                     (  -0.00000  -0.00000   ) 
  autoval = -.2693E+01
     Irreps are as follows:

                     mode #   2
                     (  -0.00000  -0.00000   ) 
                     (  -0.00000  -0.00000   ) 
                     (  -1.00000  -0.00000   ) 
                     (  -0.00000  -0.00000   ) 
                     (  -0.00000  -0.00000   ) 
                     (  -0.00000  -0.00000   ) 
                     (  -0.00000  -0.00000   ) 
                     (  -0.00000  -0.00000   ) 
                     (  -0.00000  -0.00000   ) 
                     (  -0.00000  -0.00000   ) 
                     (  -0.00000  -0.00000   ) 
                     (  -0.00000  -0.00000   ) 
                     (  -0.00000  -0.00000   ) 
                     (  -0.00000  -0.00000   ) 
                     (  -0.00000  -0.00000   ) 
  autoval = -.2285E+01
     Irreps are as follows:

                     mode #   3
                     (  -0.00000  -0.00000   ) 
                     (  -0.00000  -0.00000   ) 
                     (  -0.00000  -0.00000   ) 
                     (  -0.00000  -0.00000   ) 
                     (  -0.00000  -0.00000   ) 
                     (  -0.00000  -0.00000   ) 
                     (  -0.00000  -0.00000   ) 
                     (  -0.00000  -0.00000   ) 
                     (  -0.00000  -0.00000   ) 
                     (  -0.00000  -0.00000   ) 
                     (  -0.00000  -0.00000   ) 
                     (  -0.00000  -0.00000   ) 
                     (  -0.00000  -0.00000   ) 
                     (  -1.00000  -0.00000   ) 
                     (  -0.00000  -0.00000   ) 
  autoval = -.2266E+01
     Irreps are as follows:

                     mode #   4
                     (  -0.00000  -0.00000   ) 
                     (  -0.00000  -0.00000   ) 
                     (  -0.00000  -0.00000   ) 
                     (  -0.00000  -0.00000   ) 
                     (  -0.00000  -0.00000   ) 
                     (  -0.00000  -0.00000   ) 
                     (  -0.00000  -0.00000   ) 
                     (  -0.00000  -0.00000   ) 
                     (  -0.00000  -0.00000   ) 
                     (  -0.00000  -0.00000   ) 
                     (  -0.00000  -0.00000   ) 
                     (  -0.00000  -0.00000   ) 
                     (  -0.00000  -0.00000   ) 
                     (  -0.00000  -0.00000   ) 
                     (  -1.00000  -0.00000   ) 
  autoval = -.1253E+01
     Irreps are as follows:

                     mode #   5
                     (  -0.00000  -0.00000   ) 
                     (  -0.00000  -0.00000   ) 
                     (  -0.00000  -0.00000   ) 
                     (  -0.00000  -0.00000   ) 
                     (  -0.00000  -0.00000   ) 
                     (  -0.00000  -0.00000   ) 
                     (  -0.00000  -0.00000   ) 
                     (  -0.00000  -0.00000   ) 
                     (  -0.00000  -0.00000   ) 
                     (  -0.00000  -0.00000   ) 
                     (  -0.00000  -0.00000   ) 
                     (  -1.00000  -0.00000   ) 
                     (  -0.00000  -0.00000   ) 
                     (  -0.00000  -0.00000   ) 
                     (  -0.00000  -0.00000   ) 
  autoval = -.7792E+00
     Irreps are as follows:

                     mode #   6
                     (  -0.00000  -0.00000   ) 
                     (  -0.00000  -0.00000   ) 
                     (  -0.00000  -0.00000   ) 
                     (  -0.00000  -0.00000   ) 
                     (  -0.00000  -0.00000   ) 
                     (  -0.00000  -0.00000   ) 
                     (  -0.00000  -0.00000   ) 
                     (  -1.00000  -0.00000   ) 
                     (  -0.00000  -0.00000   ) 
                     (  -0.00000  -0.00000   ) 
                     (  -0.00000  -0.00000   ) 
                     (  -0.00000  -0.00000   ) 
                     (  -0.00000  -0.00000   ) 
                     (  -0.00000  -0.00000   ) 
                     (  -0.00000  -0.00000   ) 
  autoval = -.3745E+00
     Irreps are as follows:

                     mode #   7
                     (  -0.00000  -0.00000   ) 
                     (  -0.00000  -0.00000   ) 
                     (  -0.00000  -0.00000   ) 
                     (  -1.00000  -0.00000   ) 
                     (  -0.00000  -0.00000   ) 
                     (  -0.00000  -0.00000   ) 
                     (  -0.00000  -0.00000   ) 
                     (  -0.00000  -0.00000   ) 
                     (  -0.00000  -0.00000   ) 
                     (  -0.00000  -0.00000   ) 
                     (  -0.00000  -0.00000   ) 
                     (  -0.00000  -0.00000   ) 
                     (  -0.00000  -0.00000   ) 
                     (  -0.00000  -0.00000   ) 
                     (  -0.00000  -0.00000   ) 
  autoval = -.8445E-01
     Irreps are as follows:

                     mode #   8
                     (  -0.00000  -0.00000   ) 
                     (  -0.00000  -0.00000   ) 
                     (  -0.00000  -0.00000   ) 
                     (  -0.00000  -0.00000   ) 
                     (  -0.00000  -0.00000   ) 
                     (  -0.00000  -0.00000   ) 
                     (  -0.00000  -0.00000   ) 
                     (  -0.00000  -0.00000   ) 
                     (  -0.00000  -0.00000   ) 
                     (  -0.00000  -0.00000   ) 
                     (  -1.00000  -0.00000   ) 
                     (  -0.00000  -0.00000   ) 
                     (  -0.00000  -0.00000   ) 
                     (  -0.00000  -0.00000   ) 
                     (  -0.00000  -0.00000   ) 
  autoval = -.2718E-01
     Irreps are as follows:

                     mode #   9
                     (  -0.00000  -0.00000   ) 
                     (  -0.00000  -0.00000   ) 
                     (  -0.00000  -0.00000   ) 
                     (  -0.00000  -0.00000   ) 
                     (  -0.00000  -0.00000   ) 
                     (  -0.00000  -0.00000   ) 
                     (  -1.00000  -0.00000   ) 
                     (  -0.00000  -0.00000   ) 
                     (  -0.00000  -0.00000   ) 
                     (  -0.00000  -0.00000   ) 
                     (  -0.00000  -0.00000   ) 
                     (  -0.00000  -0.00000   ) 
                     (  -0.00000  -0.00000   ) 
                     (  -0.00000  -0.00000   ) 
                     (  -0.00000  -0.00000   ) 
  autoval = 0.2127E+00
     Irreps are as follows:

                     mode #  10
                     (  -0.00000  -0.00000   ) 
                     (  -0.00000  -0.00000   ) 
                     (  -0.00000  -0.00000   ) 
                     (  -0.00000  -0.00000   ) 
                     (  -0.00000  -0.00000   ) 
                     (  -0.00000  -0.00000   ) 
                     (  -0.00000  -0.00000   ) 
                     (  -0.00000  -0.00000   ) 
                     (  -1.00000  -0.00000   ) 
                     (  -0.00000  -0.00000   ) 
                     (  -0.00000  -0.00000   ) 
                     (  -0.00000  -0.00000   ) 
                     (  -0.00000  -0.00000   ) 
                     (  -0.00000  -0.00000   ) 
                     (  -0.00000  -0.00000   ) 
  autoval = 0.2556E+00
     Irreps are as follows:

                     mode #  11
                     (  -0.00000  -0.00000   ) 
                     (  -0.00000  -0.00000   ) 
                     (  -0.00000  -0.00000   ) 
                     (  -0.00000  -0.00000   ) 
                     (  -0.00000  -0.00000   ) 
                     (  -1.00000  -0.00000   ) 
                     (  -0.00000  -0.00000   ) 
                     (  -0.00000  -0.00000   ) 
                     (  -0.00000  -0.00000   ) 
                     (  -0.00000  -0.00000   ) 
                     (  -0.00000  -0.00000   ) 
                     (  -0.00000  -0.00000   ) 
                     (  -0.00000  -0.00000   ) 
                     (  -0.00000  -0.00000   ) 
                     (  -0.00000  -0.00000   ) 
  autoval = 0.1245E+01
     Irreps are as follows:

                     mode #  12
                     (  -0.00000  -0.00000   ) 
                     (  -0.00000  -0.00000   ) 
                     (  -0.00000  -0.00000   ) 
                     (  -0.00000  -0.00000   ) 
                     (  -1.00000  -0.00000   ) 
                     (  -0.00000  -0.00000   ) 
                     (  -0.00000  -0.00000   ) 
                     (  -0.00000  -0.00000   ) 
                     (  -0.00000  -0.00000   ) 
                     (  -0.00000  -0.00000   ) 
                     (  -0.00000  -0.00000   ) 
                     (  -0.00000  -0.00000   ) 
                     (  -0.00000  -0.00000   ) 
                     (  -0.00000  -0.00000   ) 
                     (  -0.00000  -0.00000   ) 
  autoval = 0.1437E+01
     Irreps are as follows:

                     mode #  13
                     (  -0.00000  -0.00000   ) 
                     (  -1.00000  -0.00000   ) 
                     (  -0.00000  -0.00000   ) 
                     (  -0.00000  -0.00000   ) 
                     (  -0.00000  -0.00000   ) 
                     (  -0.00000  -0.00000   ) 
                     (  -0.00000  -0.00000   ) 
                     (  -0.00000  -0.00000   ) 
                     (  -0.00000  -0.00000   ) 
                     (  -0.00000  -0.00000   ) 
                     (  -0.00000  -0.00000   ) 
                     (  -0.00000  -0.00000   ) 
                     (  -0.00000  -0.00000   ) 
                     (  -0.00000  -0.00000   ) 
                     (  -0.00000  -0.00000   ) 
  autoval = 0.1576E+01
     Irreps are as follows:

                     mode #  14
                     (  -0.00000  -0.00000   ) 
                     (  -0.00000  -0.00000   ) 
                     (  -0.00000  -0.00000   ) 
                     (  -0.00000  -0.00000   ) 
                     (  -0.00000  -0.00000   ) 
                     (  -0.00000  -0.00000   ) 
                     (  -0.00000  -0.00000   ) 
                     (  -0.00000  -0.00000   ) 
                     (  -0.00000  -0.00000   ) 
                     (  -1.00000  -0.00000   ) 
                     (  -0.00000  -0.00000   ) 
                     (  -0.00000  -0.00000   ) 
                     (  -0.00000  -0.00000   ) 
                     (  -0.00000  -0.00000   ) 
                     (  -0.00000  -0.00000   ) 
  autoval = 0.3260E+01
     Irreps are as follows:

                     mode #  15
                     (  -1.00000  -0.00000   ) 
                     (  -0.00000  -0.00000   ) 
                     (  -0.00000  -0.00000   ) 
                     (  -0.00000  -0.00000   ) 
                     (  -0.00000  -0.00000   ) 
                     (  -0.00000  -0.00000   ) 
                     (  -0.00000  -0.00000   ) 
                     (  -0.00000  -0.00000   ) 
                     (  -0.00000  -0.00000   ) 
                     (  -0.00000  -0.00000   ) 
                     (  -0.00000  -0.00000   ) 
                     (  -0.00000  -0.00000   ) 
                     (  -0.00000  -0.00000   ) 
                     (  -0.00000  -0.00000   ) 
                     (  -0.00000  -0.00000   ) 
       5   0.000000000   0.250000000  -0.500000000      15
     No degeneracy
  autoval = -.2285E+01
     Irreps are as follows:

                     mode #   1
                     (  -0.00000  -0.00000   ) 
                     (  -0.00000  -0.00000   ) 
                     (  -0.00000  -0.00000   ) 
                     (  -0.00000  -0.00000   ) 
                     (  -0.00000  -0.00000   ) 
                     (  -0.00000  -0.00000   ) 
                     (  -0.00000  -0.00000   ) 
                     (   0.00000  -0.00000   ) 
                     (  -0.00000  -0.00000   ) 
                     (  -1.00000  -0.00000   ) 
                     (  -0.00000  -0.00000   ) 
                     (   0.00000  -0.00000   ) 
                     (  -0.00000  -0.00000   ) 
                     (   0.00000  -0.00000   ) 
                     (   0.00000  -0.00000   ) 
  autoval = -.2095E+01
     Irreps are as follows:

                     mode #   2
                     (  -0.00000  -0.00000   ) 
                     (  -0.00000  -0.00000   ) 
                     (  -0.00000  -0.00000   ) 
                     (  -0.00000  -0.00000   ) 
                     (  -0.00000  -0.00000   ) 
                     (  -0.00000  -0.00000   ) 
                     (   0.00000  -0.00000   ) 
                     (  -0.00000  -0.00000   ) 
                     (  -0.70711  -0.00000   ) 
                     (  -0.00000  -0.00000   ) 
                     (   0.00000  -0.00000   ) 
                     (   0.00000  -0.00000   ) 
                     (   0.00000  -0.00000   ) 
                     (  -0.70711  -0.00000   ) 
                     (  -0.00000  -0.00000   ) 
  autoval = -.1513E+01
     Irreps are as follows:

                     mode #   3
                     (  -0.00000  -0.00000   ) 
                     (  -0.00000  -0.00000   ) 
                     (  -0.00000  -0.00000   ) 
                     (  -0.00000  -0.00000   ) 
                     (  -0.00000  -0.00000   ) 
                     (  -0.00000  -0.00000   ) 
                     (  -0.00000  -0.00000   ) 
                     (   0.00000  -0.00000   ) 
                     (  -0.00000  -0.00000   ) 
                     (   0.00000  -0.00000   ) 
                     (  -0.01033  -0.00000   ) 
                     (   0.99995  -0.00000   ) 
                     (  -0.00000  -0.00000   ) 
                     (   0.00000  -0.00000   ) 
                     (   0.00000  -0.00000   ) 
  autoval = -.1513E+01
     Irreps are as follows:

                     mode #   4
                     (  -0.00000   0.00000   ) 
                     (  -0.00000   0.00000   ) 
                     (  -0.00000   0.00000   ) 
                     (  -0.00000   0.00000   ) 
                     (  -0.00000   0.00000   ) 
                     (  -0.00000   0.00000   ) 
                     (  -0.00000  -0.00000   ) 
                     (  -0.00000  -0.00000   ) 
                     (   0.00000   0.00000   ) 
                     (   0.00000   0.00000   ) 
                     (  -0.99995  -0.00000   ) 
                     (  -0.01033  -0.00000   ) 
                     (  -0.00000  -0.00000   ) 
                     (  -0.00000  -0.00000   ) 
                     (  -0.00000  -0.00000   ) 
  autoval = -.6276E+00
     Irreps are as follows:

                     mode #   5
                     (  -0.00000  -0.00000   ) 
                     (  -0.00000  -0.00000   ) 
                     (  -1.00000  -0.00000   ) 
                     (  -0.00000  -0.00000   ) 
                     (  -0.00000  -0.00000   ) 
                     (  -0.00000  -0.00000   ) 
                     (  -0.00000  -0.00000   ) 
                     (  -0.00000  -0.00000   ) 
                     (  -0.00000  -0.00000   ) 
                     (  -0.00000  -0.00000   ) 
                     (  -0.00000  -0.00000   ) 
                     (  -0.00000  -0.00000   ) 
                     (  -0.00000  -0.00000   ) 
                     (  -0.00000  -0.00000   ) 
                     (  -0.00000  -0.00000   ) 
  autoval = -.6276E+00
     Irreps are as follows:

                     mode #   6
                     (   0.00000   0.00000   ) 
                     (  -1.00000  -0.00000   ) 
                     (  -0.00000   0.00000   ) 
                     (  -0.00000   0.00000   ) 
                     (  -0.00000   0.00000   ) 
                     (  -0.00000   0.00000   ) 
                     (  -0.00000   0.00000   ) 
                     (  -0.00000   0.00000   ) 
                     (  -0.00000   0.00000   ) 
                     (  -0.00000   0.00000   ) 
                     (  -0.00000   0.00000   ) 
                     (  -0.00000   0.00000   ) 
                     (  -0.00000   0.00000   ) 
                     (  -0.00000   0.00000   ) 
                     (  -0.00000   0.00000   ) 
  autoval = -.5811E+00
     Irreps are as follows:

                     mode #   7
                     (  -0.00000  -0.00000   ) 
                     (  -0.00000  -0.00000   ) 
                     (  -0.00000  -0.00000   ) 
                     (  -0.00000  -0.00000   ) 
                     (  -0.00000  -0.00000   ) 
                     (  -0.00000  -0.00000   ) 
                     (  -0.00000  -0.00000   ) 
                     (  -0.00000  -0.00000   ) 
                     (  -0.70711  -0.00000   ) 
                     (  -0.00000  -0.00000   ) 
                     (  -0.00000  -0.00000   ) 
                     (  -0.00000  -0.00000   ) 
                     (  -0.00000  -0.00000   ) 
                     (   0.70711  -0.00000   ) 
                     (   0.00000  -0.00000   ) 
  autoval = -.3745E+00
     Irreps are as follows:

                     mode #   8
                     (  -0.00000  -0.00000   ) 
                     (  -0.00000  -0.00000   ) 
                     (  -0.00000  -0.00000   ) 
                     (  -1.00000  -0.00000   ) 
                     (  -0.00000  -0.00000   ) 
                     (  -0.00000  -0.00000   ) 
                     (  -0.00000  -0.00000   ) 
                     (  -0.00000  -0.00000   ) 
                     (  -0.00000  -0.00000   ) 
                     (  -0.00000  -0.00000   ) 
                     (  -0.00000  -0.00000   ) 
                     (  -0.00000  -0.00000   ) 
                     (  -0.00000  -0.00000   ) 
                     (  -0.00000  -0.00000   ) 
                     (  -0.00000  -0.00000   ) 
  autoval = 0.3100E+00
     Irreps are as follows:

                     mode #   9
                     (  -0.00000   0.00000   ) 
                     (  -0.00000   0.00000   ) 
                     (  -0.00000   0.00000   ) 
                     (  -0.00000   0.00000   ) 
                     (  -0.00000   0.00000   ) 
                     (  -0.00000   0.00000   ) 
                     (  -0.00000  -0.00000   ) 
                     (  -0.70711  -0.00000   ) 
                     (   0.00000   0.00000   ) 
                     (  -0.00000   0.00000   ) 
                     (  -0.00000   0.00000   ) 
                     (   0.00000   0.00000   ) 
                     (  -0.00000  -0.00000   ) 
                     (  -0.00000  -0.00000   ) 
                     (   0.70711   0.00000   ) 
  autoval = 0.7501E+00
     Irreps are as follows:

                     mode #  10
                     (  -0.00000  -0.00000   ) 
                     (  -0.00000  -0.00000   ) 
                     (  -0.00000  -0.00000   ) 
                     (  -0.00000  -0.00000   ) 
                     (  -0.00000  -0.00000   ) 
                     (  -1.00000  -0.00000   ) 
                     (  -0.00000  -0.00000   ) 
                     (  -0.00000  -0.00000   ) 
                     (  -0.00000  -0.00000   ) 
                     (  -0.00000  -0.00000   ) 
                     (  -0.00000  -0.00000   ) 
                     (  -0.00000  -0.00000   ) 
                     (  -0.00000  -0.00000   ) 
                     (  -0.00000  -0.00000   ) 
                     (  -0.00000  -0.00000   ) 
  autoval = 0.7501E+00
     Irreps are as follows:

                     mode #  11
                     (  -0.00000  -0.00000   ) 
                     (  -0.00000  -0.00000   ) 
                     (  -0.00000  -0.00000   ) 
                     (  -0.00000  -0.00000   ) 
                     (  -1.00000  -0.00000   ) 
                     (  -0.00000  -0.00000   ) 
                     (  -0.00000  -0.00000   ) 
                     (  -0.00000  -0.00000   ) 
                     (  -0.00000  -0.00000   ) 
                     (  -0.00000  -0.00000   ) 
                     (  -0.00000  -0.00000   ) 
                     (  -0.00000  -0.00000   ) 
                     (  -0.00000  -0.00000   ) 
                     (  -0.00000  -0.00000   ) 
                     (  -0.00000  -0.00000   ) 
  autoval = 0.1309E+01
     Irreps are as follows:

                     mode #  12
                     (  -0.00000   0.00000   ) 
                     (  -0.00000   0.00000   ) 
                     (  -0.00000   0.00000   ) 
                     (  -0.00000   0.00000   ) 
                     (  -0.00000   0.00000   ) 
                     (  -0.00000   0.00000   ) 
                     (  -0.00000  -0.00000   ) 
                     (   0.00000   0.00000   ) 
                     (   0.00000   0.00000   ) 
                     (  -0.00000  -0.00000   ) 
                     (  -0.00000  -0.00000   ) 
                     (   0.00000   0.00000   ) 
                     (  -1.00000  -0.00000   ) 
                     (   0.00000   0.00000   ) 
                     (  -0.00000  -0.00000   ) 
  autoval = 0.1309E+01
     Irreps are as follows:

                     mode #  13
                     (  -0.00000  -0.00000   ) 
                     (  -0.00000  -0.00000   ) 
                     (  -0.00000  -0.00000   ) 
                     (  -0.00000  -0.00000   ) 
                     (  -0.00000  -0.00000   ) 
                     (  -0.00000  -0.00000   ) 
                     (  -1.00000  -0.00000   ) 
                     (  -0.00000  -0.00000   ) 
                     (  -0.00000  -0.00000   ) 
                     (  -0.00000  -0.00000   ) 
                     (   0.00000  -0.00000   ) 
                     (  -0.00000  -0.00000   ) 
                     (   0.00000  -0.00000   ) 
                     (  -0.00000  -0.00000   ) 
                     (  -0.00000  -0.00000   ) 
  autoval = 0.3260E+01
     Irreps are as follows:

                     mode #  14
                     (  -1.00000  -0.00000   ) 
                     (  -0.00000  -0.00000   ) 
                     (  -0.00000  -0.00000   ) 
                     (  -0.00000  -0.00000   ) 
                     (  -0.00000  -0.00000   ) 
                     (  -0.00000  -0.00000   ) 
                     (  -0.00000  -0.00000   ) 
                     (  -0.00000  -0.00000   ) 
                     (  -0.00000  -0.00000   ) 
                     (  -0.00000  -0.00000   ) 
                     (  -0.00000  -0.00000   ) 
                     (  -0.00000  -0.00000   ) 
                     (  -0.00000  -0.00000   ) 
                     (  -0.00000  -0.00000   ) 
                     (  -0.00000  -0.00000   ) 
  autoval = 0.3676E+01
     Irreps are as follows:

                     mode #  15
                     (  -0.00000  -0.00000   ) 
                     (  -0.00000  -0.00000   ) 
                     (  -0.00000  -0.00000   ) 
                     (  -0.00000  -0.00000   ) 
                     (  -0.00000  -0.00000   ) 
                     (  -0.00000  -0.00000   ) 
                     (  -0.00000  -0.00000   ) 
                     (  -0.70711  -0.00000   ) 
                     (   0.00000  -0.00000   ) 
                     (  -0.00000  -0.00000   ) 
                     (  -0.00000  -0.00000   ) 
                     (   0.00000  -0.00000   ) 
                     (  -0.00000  -0.00000   ) 
                     (  -0.00000  -0.00000   ) 
                     (  -0.70711  -0.00000   ) 
       6   0.000000000  -0.500000000  -0.500000000      11
        1   1   1   1   2   1   1   1   2   2   2
  autoval = -.1752E+01
     Irreps are as follows:

                     mode #   1
                     (  -0.00000   0.00000   ) 
                     (  -0.00000   0.00000   ) 
                     (  -0.00000   0.00000   ) 
                     (  -0.00000   0.00000   ) 
                     (  -0.00000   0.00000   ) 
                     (  -0.00000   0.00000   ) 
                     (  -0.19594  -0.00000   ) 
                     (   0.22618   0.04061   ) 
                     (  -0.04980  -0.18324   ) 
                     (   0.06891  -0.52820   ) 
                     (   0.16995   0.06749   ) 
                     (  -0.13551   0.07032   ) 
                     (  -0.09067  -0.11093   ) 
                     (  -0.01911   0.71144   ) 
                     (   0.02599  -0.06749   ) 
  autoval = -.1752E+01
     Irreps are as follows:

                     mode #   2
                     (   0.00000  -0.00000   ) 
                     (   0.00000  -0.00000   ) 
                     (   0.00000  -0.00000   ) 
                     (   0.00000  -0.00000   ) 
                     (   0.00000  -0.00000   ) 
                     (   0.00000  -0.00000   ) 
                     (  -0.13967  -0.00000   ) 
                     (  -0.04298  -0.05698   ) 
                     (   0.55926   0.44949   ) 
                     (  -0.36664  -0.36429   ) 
                     (  -0.03114   0.15327   ) 
                     (   0.15768  -0.09864   ) 
                     (  -0.11470   0.15562   ) 
                     (  -0.19262  -0.08520   ) 
                     (   0.17081  -0.15327   ) 
  autoval = -.1435E+01
     Irreps are as follows:

                     mode #   3
                     (  -0.00000   0.00000   ) 
                     (  -0.00000   0.00000   ) 
                     (  -0.00000   0.00000   ) 
                     (  -0.00000   0.00000   ) 
                     (  -0.00000   0.00000   ) 
                     (  -0.00000   0.00000   ) 
                     (  -0.34856  -0.00000   ) 
                     (  -0.34856  -0.00000   ) 
                     (  -0.21042   0.21462   ) 
                     (  -0.21042   0.21462   ) 
                     (  -0.34856  -0.00000   ) 
                     (  -0.34856  -0.00000   ) 
                     (  -0.34856  -0.00000   ) 
                     (  -0.21042   0.21462   ) 
                     (  -0.34856  -0.00000   ) 
  autoval = -.9300E-01
     Irreps are as follows:

                     mode #   4
                     (   0.00000  -0.00000   ) 
                     (   0.00000  -0.00000   ) 
                     (   0.00000  -0.00000   ) 
                     (  -0.73338  -0.00000   ) 
                     (   0.67537  -0.03653   ) 
                     (   0.05801   0.03653   ) 
                     (   0.00000  -0.00000   ) 
                     (   0.00000  -0.00000   ) 
                     (   0.00000  -0.00000   ) 
                     (   0.00000  -0.00000   ) 
                     (   0.00000  -0.00000   ) 
                     (   0.00000  -0.00000   ) 
                     (   0.00000  -0.00000   ) 
                     (   0.00000  -0.00000   ) 
                     (   0.00000  -0.00000   ) 
  autoval = -.9300E-01
     Irreps are as follows:

                     mode #   5
                     (  -0.00000  -0.00000   ) 
                     (  -0.00000  -0.00000   ) 
                     (  -0.00000  -0.00000   ) 
                     (  -0.35892  -0.00000   ) 
                     (  -0.45126   0.07465   ) 
                     (   0.81018  -0.07465   ) 
                     (  -0.00000  -0.00000   ) 
                     (  -0.00000  -0.00000   ) 
                     (  -0.00000  -0.00000   ) 
                     (  -0.00000  -0.00000   ) 
                     (  -0.00000  -0.00000   ) 
                     (  -0.00000  -0.00000   ) 
                     (  -0.00000  -0.00000   ) 
                     (  -0.00000  -0.00000   ) 
                     (  -0.00000  -0.00000   ) 
  autoval = -.8516E-02
     Irreps are as follows:

                     mode #   6
                     (  -0.57735  -0.00000   ) 
                     (  -0.57735  -0.00000   ) 
                     (  -0.57735  -0.00000   ) 
                     (  -0.00000  -0.00000   ) 
                     (  -0.00000  -0.00000   ) 
                     (  -0.00000  -0.00000   ) 
                     (  -0.00000  -0.00000   ) 
                     (  -0.00000  -0.00000   ) 
                     (  -0.00000  -0.00000   ) 
                     (  -0.00000  -0.00000   ) 
                     (  -0.00000  -0.00000   ) 
                     (  -0.00000  -0.00000   ) 
                     (  -0.00000  -0.00000   ) 
                     (  -0.00000  -0.00000   ) 
                     (  -0.00000  -0.00000   ) 
  autoval = 0.7321E+00
     Irreps are as follows:

                     mode #   7
                     (   0.00000  -0.00000   ) 
                     (   0.00000  -0.00000   ) 
                     (   0.00000  -0.00000   ) 
                     (   0.00000  -0.00000   ) 
                     (   0.00000  -0.00000   ) 
                     (   0.00000  -0.00000   ) 
                     (  -0.21253  -0.00000   ) 
                     (  -0.21253  -0.00000   ) 
                     (   0.34510  -0.35199   ) 
                     (   0.34510  -0.35199   ) 
                     (  -0.21253   0.00000   ) 
                     (  -0.21253   0.00000   ) 
                     (  -0.21253  -0.00000   ) 
                     (   0.34510  -0.35199   ) 
                     (  -0.21253   0.00000   ) 
  autoval = 0.1006E+01
     Irreps are as follows:

                     mode #   8
                     (  -0.70711  -0.00000   ) 
                     (   0.70711  -0.00000   ) 
                     (   0.00000  -0.00000   ) 
                     (   0.00000  -0.00000   ) 
                     (   0.00000  -0.00000   ) 
                     (   0.00000  -0.00000   ) 
                     (   0.00000  -0.00000   ) 
                     (   0.00000  -0.00000   ) 
                     (   0.00000  -0.00000   ) 
                     (   0.00000  -0.00000   ) 
                     (   0.00000  -0.00000   ) 
                     (   0.00000  -0.00000   ) 
                     (   0.00000  -0.00000   ) 
                     (   0.00000  -0.00000   ) 
                     (   0.00000  -0.00000   ) 
  autoval = 0.1006E+01
     Irreps are as follows:

                     mode #   9
                     (  -0.40825  -0.00000   ) 
                     (  -0.40825  -0.00000   ) 
                     (   0.81650   0.00000   ) 
                     (  -0.00000   0.00000   ) 
                     (  -0.00000   0.00000   ) 
                     (  -0.00000   0.00000   ) 
                     (  -0.00000   0.00000   ) 
                     (  -0.00000   0.00000   ) 
                     (  -0.00000   0.00000   ) 
                     (  -0.00000   0.00000   ) 
                     (  -0.00000   0.00000   ) 
                     (  -0.00000   0.00000   ) 
                     (  -0.00000   0.00000   ) 
                     (  -0.00000   0.00000   ) 
                     (  -0.00000   0.00000   ) 
  autoval = 0.1288E+01
     Irreps are as follows:

                     mode #  10
                     (  -0.00000  -0.00000   ) 
                     (  -0.00000  -0.00000   ) 
                     (  -0.00000  -0.00000   ) 
                     (  -0.00000  -0.00000   ) 
                     (  -0.00000  -0.00000   ) 
                     (  -0.00000  -0.00000   ) 
                     (  -0.09054  -0.00000   ) 
                     (   0.05554   0.54964   ) 
                     (   0.12022   0.04438   ) 
                     (  -0.17926  -0.04807   ) 
                     (  -0.00151  -0.48378   ) 
                     (  -0.02088  -0.31349   ) 
                     (  -0.03466  -0.23615   ) 
                     (   0.05903   0.00369   ) 
                     (   0.09205   0.48378   ) 
  autoval = 0.1288E+01
     Irreps are as follows:

                     mode #  11
                     (  -0.00000  -0.00000   ) 
                     (  -0.00000  -0.00000   ) 
                     (  -0.00000  -0.00000   ) 
                     (  -0.00000  -0.00000   ) 
                     (  -0.00000  -0.00000   ) 
                     (  -0.00000  -0.00000   ) 
                     (  -0.55409   0.00000   ) 
                     (  -0.04424  -0.08981   ) 
                     (  -0.05985   0.12743   ) 
                     (  -0.00280   0.04234   ) 
                     (   0.28469  -0.01071   ) 
                     (  -0.46247   0.05122   ) 
                     (   0.50671   0.03859   ) 
                     (   0.06265  -0.16977   ) 
                     (   0.26940   0.01071   ) 
  autoval = 0.1312E+01
     Irreps are as follows:

                     mode #  12
                     (  -0.00000  -0.00000   ) 
                     (  -0.00000  -0.00000   ) 
                     (  -0.00000  -0.00000   ) 
                     (  -0.57735  -0.00000   ) 
                     (  -0.57735   0.00000   ) 
                     (  -0.57735   0.00000   ) 
                     (  -0.00000  -0.00000   ) 
                     (  -0.00000  -0.00000   ) 
                     (  -0.00000  -0.00000   ) 
                     (  -0.00000  -0.00000   ) 
                     (  -0.00000  -0.00000   ) 
                     (  -0.00000  -0.00000   ) 
                     (  -0.00000  -0.00000   ) 
                     (  -0.00000  -0.00000   ) 
                     (  -0.00000  -0.00000   ) 
  autoval = 0.1344E+01
     Irreps are as follows:

                     mode #  13
                     (  -0.00000   0.00000   ) 
                     (  -0.00000   0.00000   ) 
                     (  -0.00000   0.00000   ) 
                     (  -0.00000   0.00000   ) 
                     (  -0.00000   0.00000   ) 
                     (  -0.00000   0.00000   ) 
                     (  -0.40825  -0.00000   ) 
                     (   0.40825   0.00000   ) 
                     (   0.00000  -0.00000   ) 
                     (  -0.00000   0.00000   ) 
                     (  -0.40825  -0.00000   ) 
                     (   0.40825   0.00000   ) 
                     (   0.40825   0.00000   ) 
                     (   0.00000  -0.00000   ) 
                     (  -0.40825  -0.00000   ) 
  autoval = 0.2717E+01
     Irreps are as follows:

                     mode #  14
                     (  -0.00000  -0.00000   ) 
                     (  -0.00000  -0.00000   ) 
                     (  -0.00000  -0.00000   ) 
                     (  -0.00000  -0.00000   ) 
                     (  -0.00000  -0.00000   ) 
                     (  -0.00000  -0.00000   ) 
                     (  -0.33765  -0.00000   ) 
                     (  -0.44297   0.03616   ) 
                     (  -0.12689  -0.24831   ) 
                     (   0.03988   0.09603   ) 
                     (  -0.19626   0.04730   ) 
                     (   0.48750  -0.03784   ) 
                     (  -0.04454   0.00168   ) 
                     (   0.08701   0.15228   ) 
                     (   0.53391  -0.04730   ) 
  autoval = 0.2717E+01
     Irreps are as follows:

                     mode #  15
                     (   0.00000  -0.00000   ) 
                     (   0.00000  -0.00000   ) 
                     (   0.00000  -0.00000   ) 
                     (   0.00000  -0.00000   ) 
                     (   0.00000  -0.00000   ) 
                     (   0.00000  -0.00000   ) 
                     (  -0.42373  -0.00000   ) 
                     (   0.30854  -0.02881   ) 
                     (  -0.00763  -0.04168   ) 
                     (   0.09917   0.24271   ) 
                     (   0.50279  -0.00204   ) 
                     (   0.23143   0.03015   ) 
                     (  -0.53997  -0.00134   ) 
                     (  -0.09154  -0.20104   ) 
                     (  -0.07906   0.00204   ) 
       7   0.250000000   0.250000000   0.250000000      10
        1   1   1   1   1   2   2   2   2   2
  autoval = -.2693E+01
     Irreps are as follows:

                     mode #   1
                     (  -0.00000  -0.00000   ) 
                     (  -0.00000  -0.00000   ) 
                     (  -1.00000  -0.00000   ) 
                     (  -0.00000  -0.00000   ) 
                     (  -0.00000  -0.00000   ) 
                     (  -0.00000  -0.00000   ) 
                     (  -0.00000  -0.00000   ) 
                     (  -0.00000  -0.00000   ) 
                     (  -0.00000  -0.00000   ) 
                     (  -0.00000  -0.00000   ) 
                     (  -0.00000  -0.00000   ) 
                     (  -0.00000  -0.00000   ) 
                     (  -0.00000  -0.00000   ) 
                     (  -0.00000  -0.00000   ) 
                     (  -0.00000  -0.00000   ) 
  autoval = -.1843E+01
     Irreps are as follows:

                     mode #   2
                     (   0.00000  -0.00000   ) 
                     (   0.00000  -0.00000   ) 
                     (   0.00000  -0.00000   ) 
                     (   0.00000  -0.00000   ) 
                     (   0.00000  -0.00000   ) 
                     (   0.00000  -0.00000   ) 
                     (   0.00000  -0.00000   ) 
                     (   0.00000  -0.00000   ) 
                     (   0.00000  -0.00000   ) 
                     (  -0.28561  -0.00000   ) 
                     (  -0.38546   0.51947   ) 
                     (   0.00000  -0.00000   ) 
                     (  -0.38546   0.51947   ) 
                     (  -0.28561   0.00000   ) 
                     (   0.00000  -0.00000   ) 
  autoval = -.1640E+01
     Irreps are as follows:

                     mode #   3
                     (  -0.00000  -0.00000   ) 
                     (  -0.00000  -0.00000   ) 
                     (  -0.00000  -0.00000   ) 
                     (  -0.00000  -0.00000   ) 
                     (  -0.00000  -0.00000   ) 
                     (  -0.00000  -0.00000   ) 
                     (  -0.00000  -0.00000   ) 
                     (  -0.00000  -0.00000   ) 
                     (  -0.00000  -0.00000   ) 
                     (  -0.70247  -0.00000   ) 
                     (   0.06479   0.04833   ) 
                     (  -0.00000   0.00000   ) 
                     (  -0.06479  -0.04833   ) 
                     (   0.70247  -0.00000   ) 
                     (  -0.00000  -0.00000   ) 
  autoval = -.1373E+01
     Irreps are as follows:

                     mode #   4
                     (   0.00000  -0.00000   ) 
                     (   0.00000  -0.00000   ) 
                     (   0.00000  -0.00000   ) 
                     (   0.00000  -0.00000   ) 
                     (   0.00000  -0.00000   ) 
                     (   0.00000  -0.00000   ) 
                     (  -0.70711  -0.00000   ) 
                     (  -0.70711   0.00000   ) 
                     (   0.00000  -0.00000   ) 
                     (   0.00000  -0.00000   ) 
                     (   0.00000  -0.00000   ) 
                     (   0.00000  -0.00000   ) 
                     (   0.00000  -0.00000   ) 
                     (   0.00000  -0.00000   ) 
                     (   0.00000  -0.00000   ) 
  autoval = -.1261E+01
     Irreps are as follows:

                     mode #   5
                     (  -0.00000   0.00000   ) 
                     (  -0.00000   0.00000   ) 
                     (  -0.00000   0.00000   ) 
                     (  -0.70711  -0.00000   ) 
                     (   0.70711   0.00000   ) 
                     (  -0.00000   0.00000   ) 
                     (  -0.00000   0.00000   ) 
                     (  -0.00000   0.00000   ) 
                     (  -0.00000   0.00000   ) 
                     (  -0.00000   0.00000   ) 
                     (  -0.00000   0.00000   ) 
                     (  -0.00000   0.00000   ) 
                     (  -0.00000   0.00000   ) 
                     (  -0.00000   0.00000   ) 
                     (  -0.00000   0.00000   ) 
  autoval = -.5844E+00
     Irreps are as follows:

                     mode #   6
                     (  -0.00000   0.00000   ) 
                     (  -0.00000   0.00000   ) 
                     (  -0.00000   0.00000   ) 
                     (  -0.00000   0.00000   ) 
                     (  -0.00000   0.00000   ) 
                     (  -0.00000   0.00000   ) 
                     (  -0.00000   0.00000   ) 
                     (  -0.00000   0.00000   ) 
                     (  -0.00000   0.00000   ) 
                     (   0.00000  -0.00000   ) 
                     (  -0.00000  -0.00000   ) 
                     (  -0.70711  -0.00000   ) 
                     (  -0.00000  -0.00000   ) 
                     (  -0.00000  -0.00000   ) 
                     (  -0.70711   0.00000   ) 
  autoval = 0.2127E+00
     Irreps are as follows:

                     mode #   7
                     (  -0.00000  -0.00000   ) 
                     (  -0.00000  -0.00000   ) 
                     (  -0.00000  -0.00000   ) 
                     (  -0.00000  -0.00000   ) 
                     (  -0.00000  -0.00000   ) 
                     (  -0.00000  -0.00000   ) 
                     (  -0.00000  -0.00000   ) 
                     (  -0.00000  -0.00000   ) 
                     (  -1.00000  -0.00000   ) 
                     (  -0.00000  -0.00000   ) 
                     (  -0.00000  -0.00000   ) 
                     (  -0.00000  -0.00000   ) 
                     (  -0.00000  -0.00000   ) 
                     (  -0.00000  -0.00000   ) 
                     (  -0.00000  -0.00000   ) 
  autoval = 0.2556E+00
     Irreps are as follows:

                     mode #   8
                     (  -0.00000  -0.00000   ) 
                     (  -0.00000  -0.00000   ) 
                     (  -0.00000  -0.00000   ) 
                     (  -0.00000  -0.00000   ) 
                     (  -0.00000  -0.00000   ) 
                     (  -1.00000  -0.00000   ) 
                     (  -0.00000  -0.00000   ) 
                     (  -0.00000  -0.00000   ) 
                     (  -0.00000  -0.00000   ) 
                     (  -0.00000  -0.00000   ) 
                     (  -0.00000  -0.00000   ) 
                     (  -0.00000  -0.00000   ) 
                     (  -0.00000  -0.00000   ) 
                     (  -0.00000  -0.00000   ) 
                     (  -0.00000  -0.00000   ) 
  autoval = 0.5663E+00
     Irreps are as follows:

                     mode #   9
                     (  -0.00000   0.00000   ) 
                     (  -0.00000   0.00000   ) 
                     (  -0.00000   0.00000   ) 
                     (  -0.00000   0.00000   ) 
                     (  -0.00000   0.00000   ) 
                     (  -0.00000   0.00000   ) 
                     (  -0.70711  -0.00000   ) 
                     (   0.70711   0.00000   ) 
                     (  -0.00000   0.00000   ) 
                     (  -0.00000   0.00000   ) 
                     (  -0.00000   0.00000   ) 
                     (  -0.00000   0.00000   ) 
                     (  -0.00000   0.00000   ) 
                     (  -0.00000   0.00000   ) 
                     (  -0.00000   0.00000   ) 
  autoval = 0.7283E+00
     Irreps are as follows:

                     mode #  10
                     (   0.00000  -0.00000   ) 
                     (   0.00000  -0.00000   ) 
                     (   0.00000  -0.00000   ) 
                     (   0.00000  -0.00000   ) 
                     (   0.00000  -0.00000   ) 
                     (   0.00000  -0.00000   ) 
                     (   0.00000  -0.00000   ) 
                     (   0.00000  -0.00000   ) 
                     (   0.00000  -0.00000   ) 
                     (   0.00000  -0.00000   ) 
                     (  -0.00000  -0.00000   ) 
                     (  -0.70711  -0.00000   ) 
                     (  -0.00000  -0.00000   ) 
                     (  -0.00000  -0.00000   ) 
                     (   0.70711  -0.00000   ) 
  autoval = 0.8108E+00
     Irreps are as follows:

                     mode #  11
                     (  -0.70711  -0.00000   ) 
                     (  -0.70711  -0.00000   ) 
                     (   0.00000  -0.00000   ) 
                     (   0.00000  -0.00000   ) 
                     (   0.00000  -0.00000   ) 
                     (   0.00000  -0.00000   ) 
                     (   0.00000  -0.00000   ) 
                     (   0.00000  -0.00000   ) 
                     (   0.00000  -0.00000   ) 
                     (   0.00000  -0.00000   ) 
                     (   0.00000  -0.00000   ) 
                     (   0.00000  -0.00000   ) 
                     (   0.00000  -0.00000   ) 
                     (   0.00000  -0.00000   ) 
                     (   0.00000  -0.00000   ) 
  autoval = 0.9613E+00
     Irreps are as follows:

                     mode #  12
                     (   0.00000  -0.00000   ) 
                     (   0.00000  -0.00000   ) 
                     (   0.00000  -0.00000   ) 
                     (   0.00000  -0.00000   ) 
                     (   0.00000  -0.00000   ) 
                     (   0.00000  -0.00000   ) 
                     (   0.00000  -0.00000   ) 
                     (   0.00000  -0.00000   ) 
                     (   0.00000  -0.00000   ) 
                     (  -0.08083  -0.00000   ) 
                     (  -0.56308  -0.42001   ) 
                     (   0.00000   0.00000   ) 
                     (   0.56308   0.42001   ) 
                     (   0.08083  -0.00000   ) 
                     (   0.00000  -0.00000   ) 
  autoval = 0.2131E+01
     Irreps are as follows:

                     mode #  13
                     (  -0.00000  -0.00000   ) 
                     (  -0.00000  -0.00000   ) 
                     (  -0.00000  -0.00000   ) 
                     (  -0.70711  -0.00000   ) 
                     (  -0.70711  -0.00000   ) 
                     (  -0.00000  -0.00000   ) 
                     (  -0.00000  -0.00000   ) 
                     (  -0.00000  -0.00000   ) 
                     (  -0.00000  -0.00000   ) 
                     (  -0.00000  -0.00000   ) 
                     (  -0.00000  -0.00000   ) 
                     (  -0.00000  -0.00000   ) 
                     (  -0.00000  -0.00000   ) 
                     (  -0.00000  -0.00000   ) 
                     (  -0.00000  -0.00000   ) 
  autoval = 0.2462E+01
     Irreps are as follows:

                     mode #  14
                     (  -0.00000  -0.00000   ) 
                     (  -0.00000  -0.00000   ) 
                     (  -0.00000  -0.00000   ) 
                     (  -0.00000  -0.00000   ) 
                     (  -0.00000  -0.00000   ) 
                     (  -0.00000  -0.00000   ) 
                     (  -0.00000  -0.00000   ) 
                     (  -0.00000  -0.00000   ) 
                     (  -0.00000  -0.00000   ) 
                     (  -0.64686  -0.00000   ) 
                     (   0.17019  -0.22936   ) 
                     (  -0.00000  -0.00000   ) 
                     (   0.17019  -0.22936   ) 
                     (  -0.64686   0.00000   ) 
                     (  -0.00000  -0.00000   ) 
  autoval = 0.3886E+01
     Irreps are as follows:

                     mode #  15
                     (  -0.70711  -0.00000   ) 
                     (   0.70711   0.00000   ) 
                     (  -0.00000  -0.00000   ) 
                     (  -0.00000  -0.00000   ) 
                     (  -0.00000  -0.00000   ) 
                     (  -0.00000  -0.00000   ) 
                     (  -0.00000  -0.00000   ) 
                     (  -0.00000  -0.00000   ) 
                     (  -0.00000  -0.00000   ) 
                     (  -0.00000  -0.00000   ) 
                     (  -0.00000  -0.00000   ) 
                     (  -0.00000  -0.00000   ) 
                     (  -0.00000  -0.00000   ) 
                     (  -0.00000  -0.00000   ) 
                     (  -0.00000  -0.00000   ) 
       8   0.250000000   0.250000000  -0.500000000      15
     No degeneracy
  autoval = -.2285E+01
     Irreps are as follows:

                     mode #   1
                     (  -0.00000  -0.00000   ) 
                     (  -0.00000  -0.00000   ) 
                     (  -0.00000  -0.00000   ) 
                     (  -0.00000  -0.00000   ) 
                     (  -0.00000  -0.00000   ) 
                     (  -0.00000  -0.00000   ) 
                     (  -0.00000  -0.00000   ) 
                     (  -0.00000  -0.00000   ) 
                     (   0.00000   0.00000   ) 
                     (  -1.00000   0.00000   ) 
                     (   0.00000   0.00000   ) 
                     (   0.00000  -0.00000   ) 
                     (   0.00000   0.00000   ) 
                     (  -0.00000  -0.00000   ) 
                     (  -0.00000  -0.00000   ) 
  autoval = -.2095E+01
     Irreps are as follows:

                     mode #   2
                     (  -0.00000   0.00000   ) 
                     (  -0.00000   0.00000   ) 
                     (  -0.00000   0.00000   ) 
                     (  -0.00000   0.00000   ) 
                     (  -0.00000   0.00000   ) 
                     (  -0.00000   0.00000   ) 
                     (  -0.00000   0.00000   ) 
                     (   0.00000   0.00000   ) 
                     (  -0.70711  -0.00000   ) 
                     (   0.00000  -0.00000   ) 
                     (   0.00000   0.00000   ) 
                     (   0.00000  -0.00000   ) 
                     (  -0.00000   0.00000   ) 
                     (  -0.70711   0.00000   ) 
                     (  -0.00000   0.00000   ) 
  autoval = -.1513E+01
     Irreps are as follows:

                     mode #   3
                     (  -0.00000  -0.00000   ) 
                     (  -0.00000  -0.00000   ) 
                     (  -0.00000  -0.00000   ) 
                     (  -0.00000  -0.00000   ) 
                     (  -0.00000  -0.00000   ) 
                     (  -0.00000  -0.00000   ) 
                     (  -0.00000   0.00000   ) 
                     (  -0.00000   0.00000   ) 
                     (   0.00000  -0.00000   ) 
                     (  -0.00000  -0.00000   ) 
                     (  -0.11105  -0.00000   ) 
                     (  -0.49080  -0.86416   ) 
                     (  -0.00000  -0.00000   ) 
                     (   0.00000  -0.00000   ) 
                     (  -0.00000  -0.00000   ) 
  autoval = -.1513E+01
     Irreps are as follows:

                     mode #   4
                     (  -0.00000  -0.00000   ) 
                     (  -0.00000  -0.00000   ) 
                     (  -0.00000  -0.00000   ) 
                     (  -0.00000  -0.00000   ) 
                     (  -0.00000  -0.00000   ) 
                     (  -0.00000  -0.00000   ) 
                     (  -0.00000   0.00000   ) 
                     (   0.00000  -0.00000   ) 
                     (  -0.00000   0.00000   ) 
                     (  -0.00000   0.00000   ) 
                     (  -0.99382   0.00000   ) 
                     (   0.05484   0.09656   ) 
                     (   0.00000   0.00000   ) 
                     (  -0.00000  -0.00000   ) 
                     (  -0.00000  -0.00000   ) 
  autoval = -.6276E+00
     Irreps are as follows:

                     mode #   5
                     (  -0.00000  -0.00000   ) 
                     (  -0.00000  -0.00000   ) 
                     (  -1.00000  -0.00000   ) 
                     (  -0.00000  -0.00000   ) 
                     (  -0.00000  -0.00000   ) 
                     (  -0.00000  -0.00000   ) 
                     (  -0.00000  -0.00000   ) 
                     (  -0.00000  -0.00000   ) 
                     (  -0.00000  -0.00000   ) 
                     (  -0.00000  -0.00000   ) 
                     (  -0.00000  -0.00000   ) 
                     (  -0.00000  -0.00000   ) 
                     (  -0.00000  -0.00000   ) 
                     (  -0.00000  -0.00000   ) 
                     (  -0.00000  -0.00000   ) 
  autoval = -.6276E+00
     Irreps are as follows:

                     mode #   6
                     (  -0.00000   0.00000   ) 
                     (  -1.00000  -0.00000   ) 
                     (  -0.00000   0.00000   ) 
                     (  -0.00000   0.00000   ) 
                     (  -0.00000   0.00000   ) 
                     (  -0.00000   0.00000   ) 
                     (  -0.00000   0.00000   ) 
                     (  -0.00000   0.00000   ) 
                     (  -0.00000   0.00000   ) 
                     (  -0.00000   0.00000   ) 
                     (  -0.00000   0.00000   ) 
                     (  -0.00000   0.00000   ) 
                     (  -0.00000   0.00000   ) 
                     (  -0.00000   0.00000   ) 
                     (  -0.00000   0.00000   ) 
  autoval = -.5811E+00
     Irreps are as follows:

                     mode #   7
                     (  -0.00000  -0.00000   ) 
                     (  -0.00000  -0.00000   ) 
                     (  -0.00000  -0.00000   ) 
                     (  -0.00000  -0.00000   ) 
                     (  -0.00000  -0.00000   ) 
                     (  -0.00000  -0.00000   ) 
                     (  -0.00000  -0.00000   ) 
                     (  -0.00000   0.00000   ) 
                     (  -0.70711  -0.00000   ) 
                     (  -0.00000  -0.00000   ) 
                     (   0.00000   0.00000   ) 
                     (  -0.00000   0.00000   ) 
                     (  -0.00000   0.00000   ) 
                     (   0.70711  -0.00000   ) 
                     (  -0.00000  -0.00000   ) 
  autoval = -.3745E+00
     Irreps are as follows:

                     mode #   8
                     (  -0.00000  -0.00000   ) 
                     (  -0.00000  -0.00000   ) 
                     (  -0.00000  -0.00000   ) 
                     (  -1.00000  -0.00000   ) 
                     (  -0.00000  -0.00000   ) 
                     (  -0.00000  -0.00000   ) 
                     (  -0.00000  -0.00000   ) 
                     (  -0.00000  -0.00000   ) 
                     (  -0.00000  -0.00000   ) 
                     (  -0.00000  -0.00000   ) 
                     (  -0.00000  -0.00000   ) 
                     (  -0.00000  -0.00000   ) 
                     (  -0.00000  -0.00000   ) 
                     (  -0.00000  -0.00000   ) 
                     (  -0.00000  -0.00000   ) 
  autoval = 0.3100E+00
     Irreps are as follows:

                     mode #   9
                     (  -0.00000  -0.00000   ) 
                     (  -0.00000  -0.00000   ) 
                     (  -0.00000  -0.00000   ) 
                     (  -0.00000  -0.00000   ) 
                     (  -0.00000  -0.00000   ) 
                     (  -0.00000  -0.00000   ) 
                     (  -0.00000  -0.00000   ) 
                     (  -0.70711  -0.00000   ) 
                     (   0.00000   0.00000   ) 
                     (  -0.00000  -0.00000   ) 
                     (  -0.00000  -0.00000   ) 
                     (  -0.00000  -0.00000   ) 
                     (  -0.00000  -0.00000   ) 
                     (  -0.00000  -0.00000   ) 
                     (   0.70711  -0.00000   ) 
  autoval = 0.7501E+00
     Irreps are as follows:

                     mode #  10
                     (  -0.00000  -0.00000   ) 
                     (  -0.00000  -0.00000   ) 
                     (  -0.00000  -0.00000   ) 
                     (  -0.00000  -0.00000   ) 
                     (  -0.00000  -0.00000   ) 
                     (  -1.00000  -0.00000   ) 
                     (  -0.00000  -0.00000   ) 
                     (  -0.00000  -0.00000   ) 
                     (  -0.00000  -0.00000   ) 
                     (  -0.00000  -0.00000   ) 
                     (  -0.00000  -0.00000   ) 
                     (  -0.00000  -0.00000   ) 
                     (  -0.00000  -0.00000   ) 
                     (  -0.00000  -0.00000   ) 
                     (  -0.00000  -0.00000   ) 
  autoval = 0.7501E+00
     Irreps are as follows:

                     mode #  11
                     (  -0.00000  -0.00000   ) 
                     (  -0.00000  -0.00000   ) 
                     (  -0.00000  -0.00000   ) 
                     (  -0.00000  -0.00000   ) 
                     (  -1.00000  -0.00000   ) 
                     (  -0.00000  -0.00000   ) 
                     (  -0.00000  -0.00000   ) 
                     (  -0.00000  -0.00000   ) 
                     (  -0.00000  -0.00000   ) 
                     (  -0.00000  -0.00000   ) 
                     (  -0.00000  -0.00000   ) 
                     (  -0.00000  -0.00000   ) 
                     (  -0.00000  -0.00000   ) 
                     (  -0.00000  -0.00000   ) 
                     (  -0.00000  -0.00000   ) 
  autoval = 0.1309E+01
     Irreps are as follows:

                     mode #  12
                     (   0.00000  -0.00000   ) 
                     (   0.00000  -0.00000   ) 
                     (   0.00000  -0.00000   ) 
                     (   0.00000  -0.00000   ) 
                     (   0.00000  -0.00000   ) 
                     (   0.00000  -0.00000   ) 
                     (  -0.36702  -0.00000   ) 
                     (   0.00000  -0.00000   ) 
                     (   0.00000   0.00000   ) 
                     (  -0.00000   0.00000   ) 
                     (  -0.00000   0.00000   ) 
                     (  -0.00000   0.00000   ) 
                     (  -0.91284  -0.17896   ) 
                     (   0.00000   0.00000   ) 
                     (   0.00000  -0.00000   ) 
  autoval = 0.1309E+01
     Irreps are as follows:

                     mode #  13
                     (  -0.00000   0.00000   ) 
                     (  -0.00000   0.00000   ) 
                     (  -0.00000   0.00000   ) 
                     (  -0.00000   0.00000   ) 
                     (  -0.00000   0.00000   ) 
                     (  -0.00000   0.00000   ) 
                     (  -0.93021  -0.00000   ) 
                     (   0.00000  -0.00000   ) 
                     (  -0.00000   0.00000   ) 
                     (   0.00000  -0.00000   ) 
                     (   0.00000  -0.00000   ) 
                     (  -0.00000   0.00000   ) 
                     (   0.36016   0.07061   ) 
                     (  -0.00000   0.00000   ) 
                     (  -0.00000   0.00000   ) 
  autoval = 0.3260E+01
     Irreps are as follows:

                     mode #  14
                     (  -1.00000  -0.00000   ) 
                     (   0.00000   0.00000   ) 
                     (  -0.00000  -0.00000   ) 
                     (  -0.00000  -0.00000   ) 
                     (  -0.00000  -0.00000   ) 
                     (  -0.00000  -0.00000   ) 
                     (  -0.00000  -0.00000   ) 
                     (  -0.00000  -0.00000   ) 
                     (  -0.00000  -0.00000   ) 
                     (  -0.00000  -0.00000   ) 
                     (  -0.00000  -0.00000   ) 
                     (  -0.00000  -0.00000   ) 
                     (  -0.00000  -0.00000   ) 
                     (  -0.00000  -0.00000   ) 
                     (  -0.00000  -0.00000   ) 
  autoval = 0.3676E+01
     Irreps are as follows:

                     mode #  15
                     (  -0.00000  -0.00000   ) 
                     (  -0.00000  -0.00000   ) 
                     (  -0.00000  -0.00000   ) 
                     (  -0.00000  -0.00000   ) 
                     (  -0.00000  -0.00000   ) 
                     (  -0.00000  -0.00000   ) 
                     (  -0.00000  -0.00000   ) 
                     (  -0.70711  -0.00000   ) 
                     (   0.00000   0.00000   ) 
                     (  -0.00000  -0.00000   ) 
                     (  -0.00000  -0.00000   ) 
                     (  -0.00000  -0.00000   ) 
                     (  -0.00000  -0.00000   ) 
                     (  -0.00000  -0.00000   ) 
                     (  -0.70711   0.00000   ) 
       9   0.250000000  -0.500000000  -0.500000000      11
        1   1   1   1   1   1   1   2   2   2   2
  autoval = -.1053E+01
     Irreps are as follows:

                     mode #   1
                     (  -0.00000   0.00000   ) 
                     (  -0.00000   0.00000   ) 
                     (  -0.00000   0.00000   ) 
                     (  -0.00000   0.00000   ) 
                     (  -0.00000   0.00000   ) 
                     (  -0.00000   0.00000   ) 
                     (  -0.00000  -0.00000   ) 
                     (   0.00000   0.00000   ) 
                     (  -0.81577  -0.00000   ) 
                     (   0.41681  -0.02844   ) 
                     (   0.00000   0.00000   ) 
                     (  -0.00000  -0.00000   ) 
                     (   0.00000   0.00000   ) 
                     (   0.39896   0.02844   ) 
                     (  -0.00000   0.00000   ) 
  autoval = -.1053E+01
     Irreps are as follows:

                     mode #   2
                     (  -0.00000  -0.00000   ) 
                     (  -0.00000  -0.00000   ) 
                     (  -0.00000  -0.00000   ) 
                     (  -0.00000  -0.00000   ) 
                     (  -0.00000  -0.00000   ) 
                     (  -0.00000  -0.00000   ) 
                     (  -0.00000   0.00000   ) 
                     (   0.00000  -0.00000   ) 
                     (  -0.03442  -0.00000   ) 
                     (  -0.19434   0.67406   ) 
                     (  -0.00000  -0.00000   ) 
                     (  -0.00000   0.00000   ) 
                     (   0.00000  -0.00000   ) 
                     (   0.22876  -0.67406   ) 
                     (  -0.00000  -0.00000   ) 
  autoval = 0.1448E+00
     Irreps are as follows:

                     mode #   3
                     (  -0.00000  -0.00000   ) 
                     (  -0.00000  -0.00000   ) 
                     (  -0.00000  -0.00000   ) 
                     (  -0.00000  -0.00000   ) 
                     (  -0.00000  -0.00000   ) 
                     (  -0.00000  -0.00000   ) 
                     (   0.00000   0.00000   ) 
                     (   0.00000  -0.00000   ) 
                     (  -0.57735  -0.00000   ) 
                     (  -0.57735   0.00000   ) 
                     (  -0.00000  -0.00000   ) 
                     (   0.00000   0.00000   ) 
                     (  -0.00000  -0.00000   ) 
                     (  -0.57735   0.00000   ) 
                     (  -0.00000  -0.00000   ) 
  autoval = 0.3752E+00
     Irreps are as follows:

                     mode #   4
                     (  -0.00000  -0.00000   ) 
                     (  -0.00000  -0.00000   ) 
                     (  -0.00000  -0.00000   ) 
                     (  -0.95709  -0.00000   ) 
                     (   0.28978  -0.00000   ) 
                     (  -0.00000  -0.00000   ) 
                     (  -0.00000  -0.00000   ) 
                     (  -0.00000  -0.00000   ) 
                     (  -0.00000  -0.00000   ) 
                     (  -0.00000  -0.00000   ) 
                     (  -0.00000  -0.00000   ) 
                     (  -0.00000  -0.00000   ) 
                     (  -0.00000  -0.00000   ) 
                     (  -0.00000  -0.00000   ) 
                     (  -0.00000  -0.00000   ) 
  autoval = 0.3752E+00
     Irreps are as follows:

                     mode #   5
                     (  -0.00000  -0.00000   ) 
                     (  -0.00000  -0.00000   ) 
                     (  -0.00000  -0.00000   ) 
                     (  -0.00000  -0.00000   ) 
                     (  -0.00000  -0.00000   ) 
                     (  -1.00000  -0.00000   ) 
                     (  -0.00000  -0.00000   ) 
                     (  -0.00000  -0.00000   ) 
                     (  -0.00000  -0.00000   ) 
                     (  -0.00000  -0.00000   ) 
                     (  -0.00000  -0.00000   ) 
                     (  -0.00000  -0.00000   ) 
                     (  -0.00000  -0.00000   ) 
                     (  -0.00000  -0.00000   ) 
                     (  -0.00000  -0.00000   ) 
  autoval = 0.3752E+00
     Irreps are as follows:

                     mode #   6
                     (  -0.00000  -0.00000   ) 
                     (  -0.00000  -0.00000   ) 
                     (  -0.00000  -0.00000   ) 
                     (  -0.28978  -0.00000   ) 
                     (  -0.95709  -0.00000   ) 
                     (  -0.00000  -0.00000   ) 
                     (  -0.00000  -0.00000   ) 
                     (  -0.00000  -0.00000   ) 
                     (  -0.00000  -0.00000   ) 
                     (  -0.00000  -0.00000   ) 
                     (  -0.00000  -0.00000   ) 
                     (  -0.00000  -0.00000   ) 
                     (  -0.00000  -0.00000   ) 
                     (  -0.00000  -0.00000   ) 
                     (  -0.00000  -0.00000   ) 
  autoval = 0.4306E+00
     Irreps are as follows:

                     mode #   7
                     (  -0.00000   0.00000   ) 
                     (  -0.00000   0.00000   ) 
                     (  -0.00000   0.00000   ) 
                     (  -0.00000   0.00000   ) 
                     (  -0.00000   0.00000   ) 
                     (  -0.00000   0.00000   ) 
                     (   0.00000   0.00000   ) 
                     (  -0.70711  -0.00000   ) 
                     (  -0.00000   0.00000   ) 
                     (   0.00000  -0.00000   ) 
                     (   0.00000   0.00000   ) 
                     (  -0.00000  -0.00000   ) 
                     (  -0.00000   0.00000   ) 
                     (  -0.00000   0.00000   ) 
                     (  -0.70711   0.00000   ) 
  autoval = 0.4306E+00
     Irreps are as follows:

                     mode #   8
                     (  -0.00000   0.00000   ) 
                     (  -0.00000   0.00000   ) 
                     (  -0.00000   0.00000   ) 
                     (  -0.00000   0.00000   ) 
                     (  -0.00000   0.00000   ) 
                     (  -0.00000   0.00000   ) 
                     (  -0.30031  -0.00000   ) 
                     (  -0.00000   0.00000   ) 
                     (  -0.00000   0.00000   ) 
                     (   0.00000  -0.00000   ) 
                     (   0.64017  -0.00000   ) 
                     (  -0.30031   0.00000   ) 
                     (   0.64017  -0.00000   ) 
                     (  -0.00000   0.00000   ) 
                     (  -0.00000   0.00000   ) 
  autoval = 0.4306E+00
     Irreps are as follows:

                     mode #   9
                     (   0.00000  -0.00000   ) 
                     (   0.00000  -0.00000   ) 
                     (   0.00000  -0.00000   ) 
                     (   0.00000  -0.00000   ) 
                     (   0.00000  -0.00000   ) 
                     (   0.00000  -0.00000   ) 
                     (  -0.64017  -0.00000   ) 
                     (   0.00000  -0.00000   ) 
                     (  -0.00000   0.00000   ) 
                     (   0.00000  -0.00000   ) 
                     (  -0.30031   0.00000   ) 
                     (  -0.64017   0.00000   ) 
                     (  -0.30031   0.00000   ) 
                     (  -0.00000   0.00000   ) 
                     (   0.00000  -0.00000   ) 
  autoval = 0.6682E+00
     Irreps are as follows:

                     mode #  10
                     (  -1.00000  -0.00000   ) 
                     (  -0.00000  -0.00000   ) 
                     (  -0.00000  -0.00000   ) 
                     (  -0.00000  -0.00000   ) 
                     (  -0.00000  -0.00000   ) 
                     (  -0.00000  -0.00000   ) 
                     (  -0.00000  -0.00000   ) 
                     (  -0.00000  -0.00000   ) 
                     (  -0.00000  -0.00000   ) 
                     (  -0.00000  -0.00000   ) 
                     (  -0.00000  -0.00000   ) 
                     (  -0.00000  -0.00000   ) 
                     (  -0.00000  -0.00000   ) 
                     (  -0.00000  -0.00000   ) 
                     (  -0.00000  -0.00000   ) 
  autoval = 0.6682E+00
     Irreps are as follows:

                     mode #  11
                     (  -0.00000  -0.00000   ) 
                     (  -0.00000  -0.00000   ) 
                     (  -1.00000  -0.00000   ) 
                     (  -0.00000  -0.00000   ) 
                     (  -0.00000  -0.00000   ) 
                     (  -0.00000  -0.00000   ) 
                     (  -0.00000  -0.00000   ) 
                     (  -0.00000  -0.00000   ) 
                     (  -0.00000  -0.00000   ) 
                     (  -0.00000  -0.00000   ) 
                     (  -0.00000  -0.00000   ) 
                     (  -0.00000  -0.00000   ) 
                     (  -0.00000  -0.00000   ) 
                     (  -0.00000  -0.00000   ) 
                     (  -0.00000  -0.00000   ) 
  autoval = 0.6682E+00
     Irreps are as follows:

                     mode #  12
                     (  -0.00000  -0.00000   ) 
                     (  -1.00000  -0.00000   ) 
                     (  -0.00000  -0.00000   ) 
                     (  -0.00000  -0.00000   ) 
                     (  -0.00000  -0.00000   ) 
                     (  -0.00000  -0.00000   ) 
                     (  -0.00000  -0.00000   ) 
                     (  -0.00000  -0.00000   ) 
                     (  -0.00000  -0.00000   ) 
                     (  -0.00000  -0.00000   ) 
                     (  -0.00000  -0.00000   ) 
                     (  -0.00000  -0.00000   ) 
                     (  -0.00000  -0.00000   ) 
                     (  -0.00000  -0.00000   ) 
                     (  -0.00000  -0.00000   ) 
  autoval = 0.1939E+01
     Irreps are as follows:

                     mode #  13
                     (   0.00000  -0.00000   ) 
                     (   0.00000  -0.00000   ) 
                     (   0.00000  -0.00000   ) 
                     (   0.00000  -0.00000   ) 
                     (   0.00000  -0.00000   ) 
                     (   0.00000  -0.00000   ) 
                     (  -0.70067  -0.00000   ) 
                     (  -0.00000   0.00000   ) 
                     (   0.00000  -0.00000   ) 
                     (  -0.00000   0.00000   ) 
                     (   0.09516  -0.00000   ) 
                     (   0.70067  -0.00000   ) 
                     (  -0.09516   0.00000   ) 
                     (  -0.00000  -0.00000   ) 
                     (   0.00000  -0.00000   ) 
  autoval = 0.1939E+01
     Irreps are as follows:

                     mode #  14
                     (   0.00000  -0.00000   ) 
                     (   0.00000  -0.00000   ) 
                     (   0.00000  -0.00000   ) 
                     (   0.00000  -0.00000   ) 
                     (   0.00000  -0.00000   ) 
                     (   0.00000  -0.00000   ) 
                     (   0.00000   0.00000   ) 
                     (  -0.70711  -0.00000   ) 
                     (  -0.00000   0.00000   ) 
                     (   0.00000  -0.00000   ) 
                     (   0.00000   0.00000   ) 
                     (  -0.00000  -0.00000   ) 
                     (  -0.00000   0.00000   ) 
                     (   0.00000  -0.00000   ) 
                     (   0.70711  -0.00000   ) 
  autoval = 0.1939E+01
     Irreps are as follows:

                     mode #  15
                     (  -0.00000  -0.00000   ) 
                     (  -0.00000  -0.00000   ) 
                     (  -0.00000  -0.00000   ) 
                     (  -0.00000  -0.00000   ) 
                     (  -0.00000  -0.00000   ) 
                     (  -0.00000  -0.00000   ) 
                     (  -0.09516  -0.00000   ) 
                     (  -0.00000   0.00000   ) 
                     (  -0.00000   0.00000   ) 
                     (   0.00000  -0.00000   ) 
                     (  -0.70067   0.00000   ) 
                     (   0.09516  -0.00000   ) 
                     (   0.70067  -0.00000   ) 
                     (   0.00000   0.00000   ) 
                     (  -0.00000  -0.00000   ) 
      10  -0.500000000  -0.500000000  -0.500000000       6
        3   1   2   3   3   3

     Calculation of q =    0.0000000   0.0000000   0.0000000

     default                                                                    

     bravais-lattice index     =            0
     lattice parameter (alat)  =       8.7099  a.u.
     unit-cell volume          =     660.7562 (a.u.)^3
     number of atoms/cell      =            5
     number of atomic types    =            3
     kinetic-energy cut-off    =      80.0000  Ry
     charge density cut-off    =     640.0000  Ry
     convergence threshold     =      1.0E-14
     beta                      =       0.7000
     number of iterations used =            4
     Exchange-correlation= PBE
                           (   1   4   3   4   0   0   0)


     celldm(1)=    8.70991  celldm(2)=    0.00000  celldm(3)=    0.00000
     celldm(4)=    0.00000  celldm(5)=    0.00000  celldm(6)=    0.00000

     crystal axes: (cart. coord. in units of alat)
               a(1) = (  1.0000  0.0000  0.0000 )  
               a(2) = (  0.0000  1.0000  0.0000 )  
               a(3) = (  0.0000  0.0000  1.0000 )  

     reciprocal axes: (cart. coord. in units 2 pi/alat)
               b(1) = (  1.0000  0.0000  0.0000 )  
               b(2) = (  0.0000  1.0000  0.0000 )  
               b(3) = (  0.0000  0.0000  1.0000 )  


     Atoms inside the unit cell: 

     Cartesian axes

     site n.  atom      mass           positions (alat units)
        1  Rb     85.4678   tau(    1) = (    0.00000    0.00000    0.00000  )
        2  In    114.8180   tau(    2) = (    0.50000    0.50000    0.50000  )
        3  F      18.9980   tau(    3) = (    0.50000    0.50000    0.00000  )
        4  F      18.9980   tau(    4) = (    0.00000    0.50000    0.50000  )
        5  F      18.9980   tau(    5) = (    0.50000    0.00000    0.50000  )

     Computing dynamical matrix for 
                    q = (   0.0000000   0.0000000   0.0000000 )

     49 Sym.Ops. (with q -> -q+G )

                                    s                        frac. trans.

      isym =  1     identity                                     

 cryst.   s( 1) = (     1          0          0      )
                  (     0          1          0      )
                  (     0          0          1      )

 cart.    s( 1) = (  1.0000000  0.0000000  0.0000000 )
                  (  0.0000000  1.0000000  0.0000000 )
                  (  0.0000000  0.0000000  1.0000000 )


      isym =  2     inv. 180 deg rotation - cart. axis [0,0,1]   

 cryst.   s( 2) = (     1          0          0      )
                  (     0          1          0      )
                  (     0          0         -1      )

 cart.    s( 2) = (  1.0000000  0.0000000  0.0000000 )
                  (  0.0000000  1.0000000  0.0000000 )
                  (  0.0000000  0.0000000 -1.0000000 )


      isym =  3     inv. 180 deg rotation - cart. axis [0,1,-1]  

 cryst.   s( 3) = (     1          0          0      )
                  (     0          0          1      )
                  (     0          1          0      )

 cart.    s( 3) = (  1.0000000  0.0000000  0.0000000 )
                  (  0.0000000  0.0000000  1.0000000 )
                  (  0.0000000  1.0000000  0.0000000 )


      isym =  4     180 deg rotation - cart. axis [1,0,0]        

 cryst.   s( 4) = (     1          0          0      )
                  (     0         -1          0      )
                  (     0          0         -1      )

 cart.    s( 4) = (  1.0000000  0.0000000  0.0000000 )
                  (  0.0000000 -1.0000000  0.0000000 )
                  (  0.0000000  0.0000000 -1.0000000 )


      isym =  5      90 deg rotation - cart. axis [-1,0,0]       

 cryst.   s( 5) = (     1          0          0      )
                  (     0          0         -1      )
                  (     0          1          0      )

 cart.    s( 5) = (  1.0000000  0.0000000  0.0000000 )
                  (  0.0000000  0.0000000  1.0000000 )
                  (  0.0000000 -1.0000000  0.0000000 )


      isym =  6      90 deg rotation - cart. axis [1,0,0]        

 cryst.   s( 6) = (     1          0          0      )
                  (     0          0          1      )
                  (     0         -1          0      )

 cart.    s( 6) = (  1.0000000  0.0000000  0.0000000 )
                  (  0.0000000  0.0000000 -1.0000000 )
                  (  0.0000000  1.0000000  0.0000000 )


      isym =  7     inv. 180 deg rotation - cart. axis [0,1,1]   

 cryst.   s( 7) = (     1          0          0      )
                  (     0          0         -1      )
                  (     0         -1          0      )

 cart.    s( 7) = (  1.0000000  0.0000000  0.0000000 )
                  (  0.0000000  0.0000000 -1.0000000 )
                  (  0.0000000 -1.0000000  0.0000000 )


      isym =  8     inv. 180 deg rotation - cart. axis [0,1,0]   

 cryst.   s( 8) = (     1          0          0      )
                  (     0         -1          0      )
                  (     0          0          1      )

 cart.    s( 8) = (  1.0000000  0.0000000  0.0000000 )
                  (  0.0000000 -1.0000000  0.0000000 )
                  (  0.0000000  0.0000000  1.0000000 )


      isym =  9     inv. 180 deg rotation - cart. axis [1,0,0]   

 cryst.   s( 9) = (    -1          0          0      )
                  (     0          1          0      )
                  (     0          0          1      )

 cart.    s( 9) = ( -1.0000000  0.0000000  0.0000000 )
                  (  0.0000000  1.0000000  0.0000000 )
                  (  0.0000000  0.0000000  1.0000000 )


      isym = 10     180 deg rotation - cart. axis [1,1,0]        

 cryst.   s(10) = (     0          1          0      )
                  (     1          0          0      )
                  (     0          0         -1      )

 cart.    s(10) = (  0.0000000  1.0000000  0.0000000 )
                  (  1.0000000  0.0000000  0.0000000 )
                  (  0.0000000  0.0000000 -1.0000000 )


      isym = 11     180 deg rotation - cart. axis [0,1,-1]       

 cryst.   s(11) = (    -1          0          0      )
                  (     0          0         -1      )
                  (     0         -1          0      )

 cart.    s(11) = ( -1.0000000  0.0000000  0.0000000 )
                  (  0.0000000  0.0000000 -1.0000000 )
                  (  0.0000000 -1.0000000  0.0000000 )


      isym = 12     inv. 180 deg rotation - cart. axis [-1,0,1]  

 cryst.   s(12) = (     0          0          1      )
                  (     0          1          0      )
                  (     1          0          0      )

 cart.    s(12) = (  0.0000000  0.0000000  1.0000000 )
                  (  0.0000000  1.0000000  0.0000000 )
                  (  1.0000000  0.0000000  0.0000000 )


      isym = 13     inv. 180 deg rotation - cart. axis [1,-1,0]  

 cryst.   s(13) = (     0          1          0      )
                  (     1          0          0      )
                  (     0          0          1      )

 cart.    s(13) = (  0.0000000  1.0000000  0.0000000 )
                  (  1.0000000  0.0000000  0.0000000 )
                  (  0.0000000  0.0000000  1.0000000 )


      isym = 14     inversion                                    

 cryst.   s(14) = (    -1          0          0      )
                  (     0         -1          0      )
                  (     0          0         -1      )

 cart.    s(14) = ( -1.0000000  0.0000000  0.0000000 )
                  (  0.0000000 -1.0000000  0.0000000 )
                  (  0.0000000  0.0000000 -1.0000000 )


      isym = 15     inv.  90 deg rotation - cart. axis [-1,0,0]  

 cryst.   s(15) = (    -1          0          0      )
                  (     0          0          1      )
                  (     0         -1          0      )

 cart.    s(15) = ( -1.0000000  0.0000000  0.0000000 )
                  (  0.0000000  0.0000000 -1.0000000 )
                  (  0.0000000  1.0000000  0.0000000 )


      isym = 16     inv.  90 deg rotation - cart. axis [1,0,0]   

 cryst.   s(16) = (    -1          0          0      )
                  (     0          0         -1      )
                  (     0          1          0      )

 cart.    s(16) = ( -1.0000000  0.0000000  0.0000000 )
                  (  0.0000000  0.0000000  1.0000000 )
                  (  0.0000000 -1.0000000  0.0000000 )


      isym = 17     120 deg rotation - cart. axis [-1,-1,-1]     

 cryst.   s(17) = (     0          0          1      )
                  (     1          0          0      )
                  (     0          1          0      )

 cart.    s(17) = (  0.0000000  1.0000000  0.0000000 )
                  (  0.0000000  0.0000000  1.0000000 )
                  (  1.0000000  0.0000000  0.0000000 )


      isym = 18     120 deg rotation - cart. axis [-1,1,1]       

 cryst.   s(18) = (     0          0         -1      )
                  (    -1          0          0      )
                  (     0          1          0      )

 cart.    s(18) = (  0.0000000 -1.0000000  0.0000000 )
                  (  0.0000000  0.0000000  1.0000000 )
                  ( -1.0000000  0.0000000  0.0000000 )


      isym = 19     120 deg rotation - cart. axis [1,1,-1]       

 cryst.   s(19) = (     0          0         -1      )
                  (     1          0          0      )
                  (     0         -1          0      )

 cart.    s(19) = (  0.0000000  1.0000000  0.0000000 )
                  (  0.0000000  0.0000000 -1.0000000 )
                  ( -1.0000000  0.0000000  0.0000000 )


      isym = 20     120 deg rotation - cart. axis [1,-1,1]       

 cryst.   s(20) = (     0          0          1      )
                  (    -1          0          0      )
                  (     0         -1          0      )

 cart.    s(20) = (  0.0000000 -1.0000000  0.0000000 )
                  (  0.0000000  0.0000000 -1.0000000 )
                  (  1.0000000  0.0000000  0.0000000 )


      isym = 21     180 deg rotation - cart. axis [0,1,0]        

 cryst.   s(21) = (    -1          0          0      )
                  (     0          1          0      )
                  (     0          0         -1      )

 cart.    s(21) = ( -1.0000000  0.0000000  0.0000000 )
                  (  0.0000000  1.0000000  0.0000000 )
                  (  0.0000000  0.0000000 -1.0000000 )


      isym = 22     120 deg rotation - cart. axis [-1,1,-1]      

 cryst.   s(22) = (     0         -1          0      )
                  (     0          0         -1      )
                  (     1          0          0      )

 cart.    s(22) = (  0.0000000  0.0000000  1.0000000 )
                  ( -1.0000000  0.0000000  0.0000000 )
                  (  0.0000000 -1.0000000  0.0000000 )


      isym = 23     120 deg rotation - cart. axis [1,-1,-1]      

 cryst.   s(23) = (     0         -1          0      )
                  (     0          0          1      )
                  (    -1          0          0      )

 cart.    s(23) = (  0.0000000  0.0000000 -1.0000000 )
                  ( -1.0000000  0.0000000  0.0000000 )
                  (  0.0000000  1.0000000  0.0000000 )


      isym = 24     120 deg rotation - cart. axis [-1,-1,1]      

 cryst.   s(24) = (     0          1          0      )
                  (     0          0         -1      )
                  (    -1          0          0      )

 cart.    s(24) = (  0.0000000  0.0000000 -1.0000000 )
                  (  1.0000000  0.0000000  0.0000000 )
                  (  0.0000000 -1.0000000  0.0000000 )


      isym = 25     180 deg rotation - cart. axis [1,0,1]        

 cryst.   s(25) = (     0          0          1      )
                  (     0         -1          0      )
                  (     1          0          0      )

 cart.    s(25) = (  0.0000000  0.0000000  1.0000000 )
                  (  0.0000000 -1.0000000  0.0000000 )
                  (  1.0000000  0.0000000  0.0000000 )


      isym = 26     180 deg rotation - cart. axis [-1,0,1]       

 cryst.   s(26) = (     0          0         -1      )
                  (     0         -1          0      )
                  (    -1          0          0      )

 cart.    s(26) = (  0.0000000  0.0000000 -1.0000000 )
                  (  0.0000000 -1.0000000  0.0000000 )
                  ( -1.0000000  0.0000000  0.0000000 )


      isym = 27      90 deg rotation - cart. axis [0,1,0]        

 cryst.   s(27) = (     0          0         -1      )
                  (     0          1          0      )
                  (     1          0          0      )

 cart.    s(27) = (  0.0000000  0.0000000  1.0000000 )
                  (  0.0000000  1.0000000  0.0000000 )
                  ( -1.0000000  0.0000000  0.0000000 )


      isym = 28      90 deg rotation - cart. axis [0,-1,0]       

 cryst.   s(28) = (     0          0          1      )
                  (     0          1          0      )
                  (    -1          0          0      )

 cart.    s(28) = (  0.0000000  0.0000000 -1.0000000 )
                  (  0.0000000  1.0000000  0.0000000 )
                  (  1.0000000  0.0000000  0.0000000 )


      isym = 29      90 deg rotation - cart. axis [0,0,-1]       

 cryst.   s(29) = (     0         -1          0      )
                  (     1          0          0      )
                  (     0          0          1      )

 cart.    s(29) = (  0.0000000  1.0000000  0.0000000 )
                  ( -1.0000000  0.0000000  0.0000000 )
                  (  0.0000000  0.0000000  1.0000000 )


      isym = 30     120 deg rotation - cart. axis [1,1,1]        

 cryst.   s(30) = (     0          1          0      )
                  (     0          0          1      )
                  (     1          0          0      )

 cart.    s(30) = (  0.0000000  0.0000000  1.0000000 )
                  (  1.0000000  0.0000000  0.0000000 )
                  (  0.0000000  1.0000000  0.0000000 )


      isym = 31     180 deg rotation - cart. axis [1,-1,0]       

 cryst.   s(31) = (     0         -1          0      )
                  (    -1          0          0      )
                  (     0          0         -1      )

 cart.    s(31) = (  0.0000000 -1.0000000  0.0000000 )
                  ( -1.0000000  0.0000000  0.0000000 )
                  (  0.0000000  0.0000000 -1.0000000 )


      isym = 32     inv. 180 deg rotation - cart. axis [1,1,0]   

 cryst.   s(32) = (     0         -1          0      )
                  (    -1          0          0      )
                  (     0          0          1      )

 cart.    s(32) = (  0.0000000 -1.0000000  0.0000000 )
                  ( -1.0000000  0.0000000  0.0000000 )
                  (  0.0000000  0.0000000  1.0000000 )


      isym = 33     inv. 180 deg rotation - cart. axis [1,0,1]   

 cryst.   s(33) = (     0          0         -1      )
                  (     0          1          0      )
                  (    -1          0          0      )

 cart.    s(33) = (  0.0000000  0.0000000 -1.0000000 )
                  (  0.0000000  1.0000000  0.0000000 )
                  ( -1.0000000  0.0000000  0.0000000 )


      isym = 34     180 deg rotation - cart. axis [0,1,1]        

 cryst.   s(34) = (    -1          0          0      )
                  (     0          0          1      )
                  (     0          1          0      )

 cart.    s(34) = ( -1.0000000  0.0000000  0.0000000 )
                  (  0.0000000  0.0000000  1.0000000 )
                  (  0.0000000  1.0000000  0.0000000 )


      isym = 35     inv.  90 deg rotation - cart. axis [0,1,0]   

 cryst.   s(35) = (     0          0          1      )
                  (     0         -1          0      )
                  (    -1          0          0      )

 cart.    s(35) = (  0.0000000  0.0000000 -1.0000000 )
                  (  0.0000000 -1.0000000  0.0000000 )
                  (  1.0000000  0.0000000  0.0000000 )


      isym = 36     inv.  90 deg rotation - cart. axis [0,-1,0]  

 cryst.   s(36) = (     0          0         -1      )
                  (     0         -1          0      )
                  (     1          0          0      )

 cart.    s(36) = (  0.0000000  0.0000000  1.0000000 )
                  (  0.0000000 -1.0000000  0.0000000 )
                  ( -1.0000000  0.0000000  0.0000000 )


      isym = 37     180 deg rotation - cart. axis [0,0,1]        

 cryst.   s(37) = (    -1          0          0      )
                  (     0         -1          0      )
                  (     0          0          1      )

 cart.    s(37) = ( -1.0000000  0.0000000  0.0000000 )
                  (  0.0000000 -1.0000000  0.0000000 )
                  (  0.0000000  0.0000000  1.0000000 )


      isym = 38      90 deg rotation - cart. axis [0,0,1]        

 cryst.   s(38) = (     0          1          0      )
                  (    -1          0          0      )
                  (     0          0          1      )

 cart.    s(38) = (  0.0000000 -1.0000000  0.0000000 )
                  (  1.0000000  0.0000000  0.0000000 )
                  (  0.0000000  0.0000000  1.0000000 )


      isym = 39     inv.  90 deg rotation - cart. axis [0,0,-1]  

 cryst.   s(39) = (     0          1          0      )
                  (    -1          0          0      )
                  (     0          0         -1      )

 cart.    s(39) = (  0.0000000 -1.0000000  0.0000000 )
                  (  1.0000000  0.0000000  0.0000000 )
                  (  0.0000000  0.0000000 -1.0000000 )


      isym = 40     inv.  90 deg rotation - cart. axis [0,0,1]   

 cryst.   s(40) = (     0         -1          0      )
                  (     1          0          0      )
                  (     0          0         -1      )

 cart.    s(40) = (  0.0000000  1.0000000  0.0000000 )
                  ( -1.0000000  0.0000000  0.0000000 )
                  (  0.0000000  0.0000000 -1.0000000 )


      isym = 41     inv. 120 deg rotation - cart. axis [-1,-1,-1]

 cryst.   s(41) = (     0          0         -1      )
                  (    -1          0          0      )
                  (     0         -1          0      )

 cart.    s(41) = (  0.0000000 -1.0000000  0.0000000 )
                  (  0.0000000  0.0000000 -1.0000000 )
                  ( -1.0000000  0.0000000  0.0000000 )


      isym = 42     inv. 120 deg rotation - cart. axis [-1,1,1]  

 cryst.   s(42) = (     0          0          1      )
                  (     1          0          0      )
                  (     0         -1          0      )

 cart.    s(42) = (  0.0000000  1.0000000  0.0000000 )
                  (  0.0000000  0.0000000 -1.0000000 )
                  (  1.0000000  0.0000000  0.0000000 )


      isym = 43     inv. 120 deg rotation - cart. axis [1,1,-1]  

 cryst.   s(43) = (     0          0          1      )
                  (    -1          0          0      )
                  (     0          1          0      )

 cart.    s(43) = (  0.0000000 -1.0000000  0.0000000 )
                  (  0.0000000  0.0000000  1.0000000 )
                  (  1.0000000  0.0000000  0.0000000 )


      isym = 44     inv. 120 deg rotation - cart. axis [1,-1,1]  

 cryst.   s(44) = (     0          0         -1      )
                  (     1          0          0      )
                  (     0          1          0      )

 cart.    s(44) = (  0.0000000  1.0000000  0.0000000 )
                  (  0.0000000  0.0000000  1.0000000 )
                  ( -1.0000000  0.0000000  0.0000000 )


      isym = 45     inv. 120 deg rotation - cart. axis [1,1,1]   

 cryst.   s(45) = (     0         -1          0      )
                  (     0          0         -1      )
                  (    -1          0          0      )

 cart.    s(45) = (  0.0000000  0.0000000 -1.0000000 )
                  ( -1.0000000  0.0000000  0.0000000 )
                  (  0.0000000 -1.0000000  0.0000000 )


      isym = 46     inv. 120 deg rotation - cart. axis [-1,1,-1] 

 cryst.   s(46) = (     0          1          0      )
                  (     0          0          1      )
                  (    -1          0          0      )

 cart.    s(46) = (  0.0000000  0.0000000 -1.0000000 )
                  (  1.0000000  0.0000000  0.0000000 )
                  (  0.0000000  1.0000000  0.0000000 )


      isym = 47     inv. 120 deg rotation - cart. axis [1,-1,-1] 

 cryst.   s(47) = (     0          1          0      )
                  (     0          0         -1      )
                  (     1          0          0      )

 cart.    s(47) = (  0.0000000  0.0000000  1.0000000 )
                  (  1.0000000  0.0000000  0.0000000 )
                  (  0.0000000 -1.0000000  0.0000000 )


      isym = 48     inv. 120 deg rotation - cart. axis [-1,-1,1] 

 cryst.   s(48) = (     0         -1          0      )
                  (     0          0          1      )
                  (     1          0          0      )

 cart.    s(48) = (  0.0000000  0.0000000  1.0000000 )
                  ( -1.0000000  0.0000000  0.0000000 )
                  (  0.0000000  1.0000000  0.0000000 )


     This transformation sends q -> -q+G

      isym = 49     identity                                     

 cryst.   s(49) = (     1          0          0      )
                  (     0          1          0      )
                  (     0          0          1      )

 cart.    s(49) = (  1.0000000  0.0000000  0.0000000 )
                  (  0.0000000  1.0000000  0.0000000 )
                  (  0.0000000  0.0000000  1.0000000 )


     G cutoff = 1229.8375  (  90354 G-vectors)     FFT grid: ( 72, 72, 72)
     G cutoff =  614.9188  (  31994 G-vectors)  smooth grid: ( 50, 50, 50)

     number of k points=    35  Methfessel-Paxton smearing, width (Ry)=  0.0100
                       cart. coord. in units 2pi/alat
        k(    1) = (   0.0000000   0.0000000   0.0000000), wk =   0.0039062
        k(    2) = (   0.0000000   0.0000000   0.1250000), wk =   0.0234375
        k(    3) = (   0.0000000   0.0000000   0.2500000), wk =   0.0234375
        k(    4) = (   0.0000000   0.0000000   0.3750000), wk =   0.0234375
        k(    5) = (   0.0000000   0.0000000  -0.5000000), wk =   0.0117188
        k(    6) = (   0.0000000   0.1250000   0.1250000), wk =   0.0468750
        k(    7) = (   0.0000000   0.1250000   0.2500000), wk =   0.0937500
        k(    8) = (   0.0000000   0.1250000   0.3750000), wk =   0.0937500
        k(    9) = (   0.0000000   0.1250000  -0.5000000), wk =   0.0468750
        k(   10) = (   0.0000000   0.2500000   0.2500000), wk =   0.0468750
        k(   11) = (   0.0000000   0.2500000   0.3750000), wk =   0.0937500
        k(   12) = (   0.0000000   0.2500000  -0.5000000), wk =   0.0468750
        k(   13) = (   0.0000000   0.3750000   0.3750000), wk =   0.0468750
        k(   14) = (   0.0000000   0.3750000  -0.5000000), wk =   0.0468750
        k(   15) = (   0.0000000  -0.5000000  -0.5000000), wk =   0.0117188
        k(   16) = (   0.1250000   0.1250000   0.1250000), wk =   0.0312500
        k(   17) = (   0.1250000   0.1250000   0.2500000), wk =   0.0937500
        k(   18) = (   0.1250000   0.1250000   0.3750000), wk =   0.0937500
        k(   19) = (   0.1250000   0.1250000  -0.5000000), wk =   0.0468750
        k(   20) = (   0.1250000   0.2500000   0.2500000), wk =   0.0937500
        k(   21) = (   0.1250000   0.2500000   0.3750000), wk =   0.1875000
        k(   22) = (   0.1250000   0.2500000  -0.5000000), wk =   0.0937500
        k(   23) = (   0.1250000   0.3750000   0.3750000), wk =   0.0937500
        k(   24) = (   0.1250000   0.3750000  -0.5000000), wk =   0.0937500
        k(   25) = (   0.1250000  -0.5000000  -0.5000000), wk =   0.0234375
        k(   26) = (   0.2500000   0.2500000   0.2500000), wk =   0.0312500
        k(   27) = (   0.2500000   0.2500000   0.3750000), wk =   0.0937500
        k(   28) = (   0.2500000   0.2500000  -0.5000000), wk =   0.0468750
        k(   29) = (   0.2500000   0.3750000   0.3750000), wk =   0.0937500
        k(   30) = (   0.2500000   0.3750000  -0.5000000), wk =   0.0937500
        k(   31) = (   0.2500000  -0.5000000  -0.5000000), wk =   0.0234375
        k(   32) = (   0.3750000   0.3750000   0.3750000), wk =   0.0312500
        k(   33) = (   0.3750000   0.3750000  -0.5000000), wk =   0.0468750
        k(   34) = (   0.3750000  -0.5000000  -0.5000000), wk =   0.0234375
        k(   35) = (  -0.5000000  -0.5000000  -0.5000000), wk =   0.0039062

                       cryst. coord.
        k(    1) = (   0.0000000   0.0000000   0.0000000), wk =   0.0039062
        k(    2) = (   0.0000000   0.0000000   0.1250000), wk =   0.0234375
        k(    3) = (   0.0000000   0.0000000   0.2500000), wk =   0.0234375
        k(    4) = (   0.0000000   0.0000000   0.3750000), wk =   0.0234375
        k(    5) = (   0.0000000   0.0000000  -0.5000000), wk =   0.0117188
        k(    6) = (   0.0000000   0.1250000   0.1250000), wk =   0.0468750
        k(    7) = (   0.0000000   0.1250000   0.2500000), wk =   0.0937500
        k(    8) = (   0.0000000   0.1250000   0.3750000), wk =   0.0937500
        k(    9) = (   0.0000000   0.1250000  -0.5000000), wk =   0.0468750
        k(   10) = (   0.0000000   0.2500000   0.2500000), wk =   0.0468750
        k(   11) = (   0.0000000   0.2500000   0.3750000), wk =   0.0937500
        k(   12) = (   0.0000000   0.2500000  -0.5000000), wk =   0.0468750
        k(   13) = (   0.0000000   0.3750000   0.3750000), wk =   0.0468750
        k(   14) = (   0.0000000   0.3750000  -0.5000000), wk =   0.0468750
        k(   15) = (   0.0000000  -0.5000000  -0.5000000), wk =   0.0117188
        k(   16) = (   0.1250000   0.1250000   0.1250000), wk =   0.0312500
        k(   17) = (   0.1250000   0.1250000   0.2500000), wk =   0.0937500
        k(   18) = (   0.1250000   0.1250000   0.3750000), wk =   0.0937500
        k(   19) = (   0.1250000   0.1250000  -0.5000000), wk =   0.0468750
        k(   20) = (   0.1250000   0.2500000   0.2500000), wk =   0.0937500
        k(   21) = (   0.1250000   0.2500000   0.3750000), wk =   0.1875000
        k(   22) = (   0.1250000   0.2500000  -0.5000000), wk =   0.0937500
        k(   23) = (   0.1250000   0.3750000   0.3750000), wk =   0.0937500
        k(   24) = (   0.1250000   0.3750000  -0.5000000), wk =   0.0937500
        k(   25) = (   0.1250000  -0.5000000  -0.5000000), wk =   0.0234375
        k(   26) = (   0.2500000   0.2500000   0.2500000), wk =   0.0312500
        k(   27) = (   0.2500000   0.2500000   0.3750000), wk =   0.0937500
        k(   28) = (   0.2500000   0.2500000  -0.5000000), wk =   0.0468750
        k(   29) = (   0.2500000   0.3750000   0.3750000), wk =   0.0937500
        k(   30) = (   0.2500000   0.3750000  -0.5000000), wk =   0.0937500
        k(   31) = (   0.2500000  -0.5000000  -0.5000000), wk =   0.0234375
        k(   32) = (   0.3750000   0.3750000   0.3750000), wk =   0.0312500
        k(   33) = (   0.3750000   0.3750000  -0.5000000), wk =   0.0468750
        k(   34) = (   0.3750000  -0.5000000  -0.5000000), wk =   0.0234375
        k(   35) = (  -0.5000000  -0.5000000  -0.5000000), wk =   0.0039062

     PseudoPot. # 1 for Rb read from file:
     /home/administrator/Downloads/BURAI/BURAI1.3/pseudopot/Rb.pbe-spn-kjpaw_psl.1.0.0.UPF
     MD5 check sum: 2771e311bc20ea25cdd5c0a9866b789c
     Pseudo is Projector augmented-wave + core cor, Zval =  9.0
     Generated using "atomic" code by A. Dal Corso  v.5.1.2
     Shape of augmentation charge: PSQ
     Using radial grid of 1219 points,  6 beta functions with: 
                l(1) =   0
                l(2) =   0
                l(3) =   1
                l(4) =   1
                l(5) =   2
                l(6) =   2
     Q(r) pseudized with 0 coefficients 


     PseudoPot. # 2 for In read from file:
     /home/administrator/Downloads/BURAI/BURAI1.3/pseudopot/In.pbe-dn-kjpaw_psl.1.0.0.UPF
     MD5 check sum: fd1a0e78b31ae68673c860ae14814025
     Pseudo is Projector augmented-wave + core cor, Zval = 13.0
     Generated using "atomic" code by A. Dal Corso  v.5.1.2
     Shape of augmentation charge: PSQ
     Using radial grid of 1241 points,  6 beta functions with: 
                l(1) =   0
                l(2) =   0
                l(3) =   1
                l(4) =   1
                l(5) =   2
                l(6) =   2
     Q(r) pseudized with 0 coefficients 


     PseudoPot. # 3 for F  read from file:
     /home/administrator/Downloads/BURAI/BURAI1.3/pseudopot/F.pbe-n-kjpaw_psl.1.0.0.UPF
     MD5 check sum: de2194216b7114fcf395f1df79715f8b
     Pseudo is Projector augmented-wave + core cor, Zval =  7.0
     Generated using "atomic" code by A. Dal Corso  v.5.1.2
     Shape of augmentation charge: PSQ
     Using radial grid of 1105 points,  4 beta functions with: 
                l(1) =   0
                l(2) =   0
                l(3) =   1
                l(4) =   1
     Q(r) pseudized with 0 coefficients 


     point group O_h (m-3m) 
     there are 10 classes
     the character table:

       E     8C3   3C2   6C4   6C2'  i     8S6   3s_h  6S4   6s_d 
A_1g   1.00  1.00  1.00  1.00  1.00  1.00  1.00  1.00  1.00  1.00
A_2g   1.00  1.00  1.00 -1.00 -1.00  1.00  1.00  1.00 -1.00 -1.00
E_g    2.00 -1.00  2.00  0.00  0.00  2.00 -1.00  2.00  0.00  0.00
T_1g   3.00  0.00 -1.00  1.00 -1.00  3.00  0.00 -1.00  1.00 -1.00
T_2g   3.00  0.00 -1.00 -1.00  1.00  3.00  0.00 -1.00 -1.00  1.00
A_1u   1.00  1.00  1.00  1.00  1.00 -1.00 -1.00 -1.00 -1.00 -1.00
A_2u   1.00  1.00  1.00 -1.00 -1.00 -1.00 -1.00 -1.00  1.00  1.00
E_u    2.00 -1.00  2.00  0.00  0.00 -2.00  1.00 -2.00  0.00  0.00
T_1u   3.00  0.00 -1.00  1.00 -1.00 -3.00  0.00  1.00 -1.00  1.00
T_2u   3.00  0.00 -1.00 -1.00  1.00 -3.00  0.00  1.00  1.00 -1.00

     the symmetry operations in each class and the name of the first element:

     E        1
                                                                 
     8C3     17   19   30   18   24   22   23   20
                                                                 
     3C2      4   21   37
                                                                 
     6C4      5    6   28   38   27   29
                                                                 
     6C2'    10   25   31   26   34   11
                                                                 
     i       14
                                                                 
     8S6     41   43   45   42   48   46   47   44
                                                                 
     3s_h     2    8    9
                                                                 
     6S4     15   16   36   40   35   39
                                                                 
     6s_d     3    7   33   13   12   32
                                                                 


     Atomic displacements:
     There are    5 irreducible representations

     Representation     1      3 modes -  To be done
     Irreps are as follows:

     mode #   1              mode #   2              mode #   3
     (  -0.00000   0.00000 ) (  -0.00000   0.00000 ) (  -0.00000  -0.00000 ) 
     (  -0.00000   0.00000 ) (  -0.00000   0.00000 ) (  -0.00000  -0.00000 ) 
     (  -0.00000   0.00000 ) (  -0.00000   0.00000 ) (  -0.00000  -0.00000 ) 
     (  -0.00000   0.00000 ) (  -0.00000   0.00000 ) (  -0.00000  -0.00000 ) 
     (  -0.00000   0.00000 ) (  -0.00000   0.00000 ) (  -0.00000  -0.00000 ) 
     (  -0.00000   0.00000 ) (  -0.00000   0.00000 ) (  -0.00000  -0.00000 ) 
     (  -0.18380  -0.00000 ) (  -0.00154  -0.00000 ) (  -0.00045  -0.00000 ) 
     (   0.00161   0.00000 ) (  -0.17652  -0.00000 ) (  -0.05122  -0.00000 ) 
     (   0.00000   0.00000 ) (  -0.26911  -0.00000 ) (   0.92737  -0.00000 ) 
     (  -0.96559  -0.00000 ) (  -0.00811  -0.00000 ) (  -0.00235  -0.00000 ) 
     (   0.00161   0.00000 ) (  -0.17652  -0.00000 ) (  -0.05122  -0.00000 ) 
     (  -0.00000  -0.00000 ) (  -0.05123  -0.00000 ) (   0.17653  -0.00000 ) 
     (  -0.18380  -0.00000 ) (  -0.00154  -0.00000 ) (  -0.00045  -0.00000 ) 
     (   0.00844   0.00000 ) (  -0.92733  -0.00000 ) (  -0.26910  -0.00000 ) 
     (  -0.00000   0.00000 ) (  -0.05123  -0.00000 ) (   0.17653  -0.00000 ) 

     Representation     2      3 modes -  To be done
     Irreps are as follows:

     mode #   4              mode #   5              mode #   6
     (  -0.00000  -0.00000 ) (  -0.00000  -0.00000 ) (  -0.00000  -0.00000 ) 
     (  -0.00000  -0.00000 ) (  -0.00000  -0.00000 ) (  -0.00000  -0.00000 ) 
     (  -0.00000  -0.00000 ) (  -0.00000  -0.00000 ) (  -0.00000  -0.00000 ) 
     (  -1.00000  -0.00000 ) (  -0.00000  -0.00000 ) (  -0.00000  -0.00000 ) 
     (  -0.00000  -0.00000 ) (  -1.00000  -0.00000 ) (  -0.00000  -0.00000 ) 
     (  -0.00000  -0.00000 ) (  -0.00000  -0.00000 ) (  -1.00000  -0.00000 ) 
     (  -0.00000  -0.00000 ) (  -0.00000  -0.00000 ) (  -0.00000  -0.00000 ) 
     (  -0.00000  -0.00000 ) (  -0.00000  -0.00000 ) (  -0.00000  -0.00000 ) 
     (  -0.00000  -0.00000 ) (  -0.00000  -0.00000 ) (  -0.00000  -0.00000 ) 
     (  -0.00000  -0.00000 ) (  -0.00000  -0.00000 ) (  -0.00000  -0.00000 ) 
     (  -0.00000  -0.00000 ) (  -0.00000  -0.00000 ) (  -0.00000  -0.00000 ) 
     (  -0.00000  -0.00000 ) (  -0.00000  -0.00000 ) (  -0.00000  -0.00000 ) 
     (  -0.00000  -0.00000 ) (  -0.00000  -0.00000 ) (  -0.00000  -0.00000 ) 
     (  -0.00000  -0.00000 ) (  -0.00000  -0.00000 ) (  -0.00000  -0.00000 ) 
     (  -0.00000  -0.00000 ) (  -0.00000  -0.00000 ) (  -0.00000  -0.00000 ) 

     Representation     3      3 modes -  To be done
     Irreps are as follows:

     mode #   7              mode #   8              mode #   9
     (  -1.00000  -0.00000 ) (  -0.00000  -0.00000 ) (  -0.00000  -0.00000 ) 
     (  -0.00000  -0.00000 ) (  -1.00000  -0.00000 ) (  -0.00000  -0.00000 ) 
     (  -0.00000  -0.00000 ) (  -0.00000  -0.00000 ) (  -1.00000  -0.00000 ) 
     (  -0.00000  -0.00000 ) (  -0.00000  -0.00000 ) (  -0.00000  -0.00000 ) 
     (  -0.00000  -0.00000 ) (  -0.00000  -0.00000 ) (  -0.00000  -0.00000 ) 
     (  -0.00000  -0.00000 ) (  -0.00000  -0.00000 ) (  -0.00000  -0.00000 ) 
     (  -0.00000  -0.00000 ) (  -0.00000  -0.00000 ) (  -0.00000  -0.00000 ) 
     (  -0.00000  -0.00000 ) (  -0.00000  -0.00000 ) (  -0.00000  -0.00000 ) 
     (  -0.00000  -0.00000 ) (  -0.00000  -0.00000 ) (  -0.00000  -0.00000 ) 
     (  -0.00000  -0.00000 ) (  -0.00000  -0.00000 ) (  -0.00000  -0.00000 ) 
     (  -0.00000  -0.00000 ) (  -0.00000  -0.00000 ) (  -0.00000  -0.00000 ) 
     (  -0.00000  -0.00000 ) (  -0.00000  -0.00000 ) (  -0.00000  -0.00000 ) 
     (  -0.00000  -0.00000 ) (  -0.00000  -0.00000 ) (  -0.00000  -0.00000 ) 
     (  -0.00000  -0.00000 ) (  -0.00000  -0.00000 ) (  -0.00000  -0.00000 ) 
     (  -0.00000  -0.00000 ) (  -0.00000  -0.00000 ) (  -0.00000  -0.00000 ) 

     Representation     4      3 modes -  To be done
     Irreps are as follows:

     mode #  10              mode #  11              mode #  12
     (  -0.00000  -0.00000 ) (  -0.00000  -0.00000 ) (  -0.00000  -0.00000 ) 
     (  -0.00000  -0.00000 ) (  -0.00000  -0.00000 ) (  -0.00000  -0.00000 ) 
     (  -0.00000  -0.00000 ) (  -0.00000  -0.00000 ) (  -0.00000  -0.00000 ) 
     (  -0.00000  -0.00000 ) (  -0.00000  -0.00000 ) (  -0.00000  -0.00000 ) 
     (  -0.00000  -0.00000 ) (  -0.00000  -0.00000 ) (  -0.00000  -0.00000 ) 
     (  -0.00000  -0.00000 ) (  -0.00000  -0.00000 ) (  -0.00000  -0.00000 ) 
     (  -0.63575  -0.00000 ) (  -0.10588  -0.00000 ) (  -0.22544  -0.00000 ) 
     (   0.22343  -0.00000 ) (   0.03070  -0.00000 ) (  -0.64448  -0.00000 ) 
     (   0.04191  -0.00000 ) (  -0.25653  -0.00000 ) (   0.00231  -0.00000 ) 
     (   0.24203  -0.00000 ) (   0.04031  -0.00000 ) (   0.08583  -0.00000 ) 
     (   0.22343  -0.00000 ) (   0.03070  -0.00000 ) (  -0.64448  -0.00000 ) 
     (  -0.11007  -0.00000 ) (   0.67384  -0.00000 ) (  -0.00606  -0.00000 ) 
     (  -0.63575  -0.00000 ) (  -0.10588  -0.00000 ) (  -0.22544  -0.00000 ) 
     (  -0.08506  -0.00000 ) (  -0.01169  -0.00000 ) (   0.24536  -0.00000 ) 
     (  -0.11007  -0.00000 ) (   0.67384  -0.00000 ) (  -0.00606  -0.00000 ) 

     Representation     5      3 modes -  To be done
     Irreps are as follows:

     mode #  13              mode #  14              mode #  15
     (  -0.00000   0.00000 ) (  -0.00000   0.00000 ) (  -0.00000  -0.00000 ) 
     (  -0.00000   0.00000 ) (  -0.00000   0.00000 ) (  -0.00000  -0.00000 ) 
     (  -0.00000   0.00000 ) (  -0.00000   0.00000 ) (  -0.00000  -0.00000 ) 
     (  -0.00000   0.00000 ) (  -0.00000   0.00000 ) (  -0.00000  -0.00000 ) 
     (  -0.00000   0.00000 ) (  -0.00000   0.00000 ) (  -0.00000  -0.00000 ) 
     (  -0.00000   0.00000 ) (  -0.00000   0.00000 ) (  -0.00000  -0.00000 ) 
     (  -0.67791  -0.00000 ) (  -0.12430  -0.00000 ) (  -0.15807  -0.00000 ) 
     (   0.15642   0.00000 ) (   0.02337   0.00000 ) (  -0.68919  -0.00000 ) 
     (  -0.00000  -0.00000 ) (  -0.00000  -0.00000 ) (   0.00000  -0.00000 ) 
     (  -0.00000  -0.00000 ) (   0.00000   0.00000 ) (  -0.00000  -0.00000 ) 
     (  -0.15642  -0.00000 ) (  -0.02337  -0.00000 ) (   0.68919  -0.00000 ) 
     (   0.12638   0.00000 ) (  -0.69570  -0.00000 ) (   0.00509  -0.00000 ) 
     (   0.67791   0.00000 ) (   0.12430   0.00000 ) (   0.15807  -0.00000 ) 
     (  -0.00000  -0.00000 ) (  -0.00000  -0.00000 ) (   0.00000  -0.00000 ) 
     (  -0.12638  -0.00000 ) (   0.69570   0.00000 ) (  -0.00509  -0.00000 ) 



     Alpha used in Ewald sum =   2.8000
     PHONON       :   1m54.85s CPU   2m 1.38s WALL



     Representation #   1 modes #   1   2   3

     Self-consistent Calculation

     Pert. #  1: Fermi energy shift (Ry) =    -1.5402E-25     4.7020E-37
     Pert. #  2: Fermi energy shift (Ry) =     1.9387E-26     3.1347E-37
     Pert. #  3: Fermi energy shift (Ry) =    -4.3082E-26    -2.8212E-37

      iter #   1 total cpu time :   245.1 secs   av.it.:   6.0
      thresh= 1.000E-02 alpha_mix =  0.700 |ddv_scf|^2 =  9.556E-08

     Pert. #  1: Fermi energy shift (Ry) =     1.4217E-25    -1.3469E-39
     Pert. #  2: Fermi energy shift (Ry) =     4.3082E-26     3.6734E-40
     Pert. #  3: Fermi energy shift (Ry) =     2.3695E-26    -2.4489E-40

      iter #   2 total cpu time :   465.7 secs   av.it.:  13.9
      thresh= 3.091E-05 alpha_mix =  0.700 |ddv_scf|^2 =  1.311E-08

     Pert. #  1: Fermi energy shift (Ry) =     8.6165E-26    -1.2245E-40
     Pert. #  2: Fermi energy shift (Ry) =     0.0000E+00    -3.6734E-40
     Pert. #  3: Fermi energy shift (Ry) =     9.6935E-27    -3.0612E-40

      iter #   3 total cpu time :   682.3 secs   av.it.:  13.7
      thresh= 1.145E-05 alpha_mix =  0.700 |ddv_scf|^2 =  1.461E-10

     Pert. #  1: Fermi energy shift (Ry) =     3.4466E-26    -3.0612E-41
     Pert. #  2: Fermi energy shift (Ry) =    -1.2925E-26     0.0000E+00
     Pert. #  3: Fermi energy shift (Ry) =     5.3853E-26     6.1224E-41

      iter #   4 total cpu time :   894.8 secs   av.it.:  13.4
      thresh= 1.209E-06 alpha_mix =  0.700 |ddv_scf|^2 =  2.345E-12

     Pert. #  1: Fermi energy shift (Ry) =    -7.3240E-26     3.8265E-42
     Pert. #  2: Fermi energy shift (Ry) =     5.1699E-26     3.8265E-42
     Pert. #  3: Fermi energy shift (Ry) =     2.2618E-26     0.0000E+00

      iter #   5 total cpu time :  1100.0 secs   av.it.:  13.0
      thresh= 1.531E-07 alpha_mix =  0.700 |ddv_scf|^2 =  1.643E-13

     Pert. #  1: Fermi energy shift (Ry) =     1.8310E-26     0.0000E+00
     Pert. #  2: Fermi energy shift (Ry) =    -6.4623E-26     2.6785E-41
     Pert. #  3: Fermi energy shift (Ry) =    -9.6935E-27    -2.1046E-41

      iter #   6 total cpu time :  1301.0 secs   av.it.:  12.7
      thresh= 4.054E-08 alpha_mix =  0.700 |ddv_scf|^2 =  9.970E-16

     End of self-consistent calculation

     Convergence has been achieved 


     Representation #   2 modes #   4   5   6

     Self-consistent Calculation

     Pert. #  1: Fermi energy shift (Ry) =     0.0000E+00     0.0000E+00
     Pert. #  2: Fermi energy shift (Ry) =     6.8932E-26     0.0000E+00
     Pert. #  3: Fermi energy shift (Ry) =     0.0000E+00     0.0000E+00

      iter #   1 total cpu time :  1431.0 secs   av.it.:   6.3
      thresh= 1.000E-02 alpha_mix =  0.700 |ddv_scf|^2 =  2.848E-07

     Pert. #  1: Fermi energy shift (Ry) =    -6.8932E-26     0.0000E+00
     Pert. #  2: Fermi energy shift (Ry) =    -2.0680E-25     0.0000E+00
     Pert. #  3: Fermi energy shift (Ry) =    -1.3786E-25     0.0000E+00

      iter #   2 total cpu time :  1647.0 secs   av.it.:  13.4
      thresh= 5.336E-05 alpha_mix =  0.700 |ddv_scf|^2 =  6.435E-08

     Pert. #  1: Fermi energy shift (Ry) =     6.8932E-26     0.0000E+00
     Pert. #  2: Fermi energy shift (Ry) =     0.0000E+00     0.0000E+00
     Pert. #  3: Fermi energy shift (Ry) =     0.0000E+00     0.0000E+00

      iter #   3 total cpu time :  1852.5 secs   av.it.:  13.2
      thresh= 2.537E-05 alpha_mix =  0.700 |ddv_scf|^2 =  1.091E-10

     Pert. #  1: Fermi energy shift (Ry) =    -6.8932E-26     0.0000E+00
     Pert. #  2: Fermi energy shift (Ry) =    -6.8932E-26     0.0000E+00
     Pert. #  3: Fermi energy shift (Ry) =     0.0000E+00     0.0000E+00

      iter #   4 total cpu time :  2061.5 secs   av.it.:  13.1
      thresh= 1.045E-06 alpha_mix =  0.700 |ddv_scf|^2 =  1.156E-11

     Pert. #  1: Fermi energy shift (Ry) =     1.3786E-25     0.0000E+00
     Pert. #  2: Fermi energy shift (Ry) =     0.0000E+00     0.0000E+00
     Pert. #  3: Fermi energy shift (Ry) =     0.0000E+00     0.0000E+00

      iter #   5 total cpu time :  2269.6 secs   av.it.:  13.1
      thresh= 3.400E-07 alpha_mix =  0.700 |ddv_scf|^2 =  2.371E-13

     Pert. #  1: Fermi energy shift (Ry) =     0.0000E+00     0.0000E+00
     Pert. #  2: Fermi energy shift (Ry) =    -1.3786E-25     0.0000E+00
     Pert. #  3: Fermi energy shift (Ry) =     0.0000E+00     0.0000E+00

      iter #   6 total cpu time :  2481.3 secs   av.it.:  13.3
      thresh= 4.870E-08 alpha_mix =  0.700 |ddv_scf|^2 =  3.530E-15

     End of self-consistent calculation

     Convergence has been achieved 


     Representation #   3 modes #   7   8   9

     Self-consistent Calculation

     Pert. #  1: Fermi energy shift (Ry) =    -4.3082E-27     0.0000E+00
     Pert. #  2: Fermi energy shift (Ry) =     8.6165E-27     0.0000E+00
     Pert. #  3: Fermi energy shift (Ry) =     0.0000E+00     0.0000E+00

      iter #   1 total cpu time :  2594.1 secs   av.it.:   4.9
      thresh= 1.000E-02 alpha_mix =  0.700 |ddv_scf|^2 =  6.138E-08

     Pert. #  1: Fermi energy shift (Ry) =     1.2925E-26     0.0000E+00
     Pert. #  2: Fermi energy shift (Ry) =     1.0771E-26     0.0000E+00
     Pert. #  3: Fermi energy shift (Ry) =     8.6165E-27     0.0000E+00

      iter #   2 total cpu time :  2796.7 secs   av.it.:  12.8
      thresh= 2.478E-05 alpha_mix =  0.700 |ddv_scf|^2 =  8.797E-09

     Pert. #  1: Fermi energy shift (Ry) =    -1.7233E-26     0.0000E+00
     Pert. #  2: Fermi energy shift (Ry) =    -1.2925E-26     0.0000E+00
     Pert. #  3: Fermi energy shift (Ry) =     0.0000E+00     0.0000E+00

      iter #   3 total cpu time :  3008.8 secs   av.it.:  13.0
      thresh= 9.379E-06 alpha_mix =  0.700 |ddv_scf|^2 =  1.072E-10

     Pert. #  1: Fermi energy shift (Ry) =    -2.1541E-26     0.0000E+00
     Pert. #  2: Fermi energy shift (Ry) =     6.4623E-27     0.0000E+00
     Pert. #  3: Fermi energy shift (Ry) =     4.3082E-27     0.0000E+00

      iter #   4 total cpu time :  3214.5 secs   av.it.:  13.2
      thresh= 1.035E-06 alpha_mix =  0.700 |ddv_scf|^2 =  9.327E-12

     Pert. #  1: Fermi energy shift (Ry) =     2.1541E-27     0.0000E+00
     Pert. #  2: Fermi energy shift (Ry) =    -1.9387E-26     0.0000E+00
     Pert. #  3: Fermi energy shift (Ry) =    -4.3082E-27     0.0000E+00

      iter #   5 total cpu time :  3419.3 secs   av.it.:  12.9
      thresh= 3.054E-07 alpha_mix =  0.700 |ddv_scf|^2 =  5.693E-13

     Pert. #  1: Fermi energy shift (Ry) =     1.0771E-26     0.0000E+00
     Pert. #  2: Fermi energy shift (Ry) =    -1.0771E-26     0.0000E+00
     Pert. #  3: Fermi energy shift (Ry) =     0.0000E+00     0.0000E+00

      iter #   6 total cpu time :  3617.3 secs   av.it.:  12.4
      thresh= 7.545E-08 alpha_mix =  0.700 |ddv_scf|^2 =  4.949E-16

     End of self-consistent calculation

     Convergence has been achieved 


     Representation #   4 modes #  10  11  12

     Self-consistent Calculation

     Pert. #  1: Fermi energy shift (Ry) =    -6.8932E-26     3.1347E-37
     Pert. #  2: Fermi energy shift (Ry) =     4.3082E-26    -4.8587E-37
     Pert. #  3: Fermi energy shift (Ry) =    -2.5849E-26    -1.2539E-36

      iter #   1 total cpu time :  3745.1 secs   av.it.:   6.4
      thresh= 1.000E-02 alpha_mix =  0.700 |ddv_scf|^2 =  1.764E-07

     Pert. #  1: Fermi energy shift (Ry) =    -6.8932E-26     6.1224E-39
     Pert. #  2: Fermi energy shift (Ry) =    -6.8932E-26     2.4489E-40
     Pert. #  3: Fermi energy shift (Ry) =     4.5236E-26    -7.9591E-39

      iter #   2 total cpu time :  3968.8 secs   av.it.:  14.2
      thresh= 4.201E-05 alpha_mix =  0.700 |ddv_scf|^2 =  2.399E-08

     Pert. #  1: Fermi energy shift (Ry) =     1.7233E-26    -4.8979E-40
     Pert. #  2: Fermi energy shift (Ry) =     1.0771E-26     0.0000E+00
     Pert. #  3: Fermi energy shift (Ry) =     3.2312E-26    -9.1835E-40

      iter #   3 total cpu time :  4185.9 secs   av.it.:  14.1
      thresh= 1.549E-05 alpha_mix =  0.700 |ddv_scf|^2 =  2.017E-10

     Pert. #  1: Fermi energy shift (Ry) =     1.7233E-26    -2.2959E-41
     Pert. #  2: Fermi energy shift (Ry) =    -2.1541E-27     7.6530E-42
     Pert. #  3: Fermi energy shift (Ry) =    -4.6313E-26    -7.6530E-42

      iter #   4 total cpu time :  4403.5 secs   av.it.:  13.9
      thresh= 1.420E-06 alpha_mix =  0.700 |ddv_scf|^2 =  3.352E-12

     Pert. #  1: Fermi energy shift (Ry) =    -8.6165E-27    -3.5395E-41
     Pert. #  2: Fermi energy shift (Ry) =    -4.0928E-26    -4.7831E-43
     Pert. #  3: Fermi energy shift (Ry) =     9.6935E-27     5.5006E-42

      iter #   5 total cpu time :  4612.8 secs   av.it.:  13.2
      thresh= 1.831E-07 alpha_mix =  0.700 |ddv_scf|^2 =  2.110E-13
